duration_s,pitch_frames,pitch_voiced_ratio,pitch_raw_voiced_ratio,pitch_f0_hz_mean,pitch_f0_hz_std,pitch_f0_hz_min,pitch_f0_hz_max,pitch_f0_hz_median,pitch_f0_hz_p10,pitch_f0_hz_p90,pitch_voicing_prob_mean,pitch_voicing_prob_min,pitch_voicing_prob_max
3.8113125,120.0,0.7916666666666666,0.8166666666666667,129.0376717485814,80.13346193493582,50.0,233.75544971224912,62.99605249474366,50.0,220.63576443274928,0.1251355367210694,0.01,0.7571601330199091
5.18,162.0,0.5679012345679012,0.5802469135802469,277.54576689924426,72.77788918264285,161.5148333600084,400.0,275.5866527425866,205.8604473286984,392.90181421366026,0.1100376988667687,0.010000000417925,0.9459302094659092
4.0099375,126.0,0.8015873015873016,0.8888888888888888,205.05090767657853,23.85452081404444,156.91681957935012,266.96797083400685,207.05298476827548,174.11011265922482,224.49240966187452,0.1061329067630378,0.01,0.7571601330199091
3.1299375,98.0,0.6938775510204082,0.6938775510204082,222.59761756063705,48.54550867006723,143.893358001082,317.4802103936399,210.0655158775463,171.81290275516236,310.2289523667469,0.1586949540919814,0.01,1.0
7.6899375,241.0,0.7800829875518672,0.7925311203319502,255.26555201231892,53.04442735406732,135.81724438273213,386.3745315699383,247.65527207548809,204.67477839935492,334.4212833154038,0.1572406616918472,0.01,0.9459302094659092
3.5914375,113.0,0.6194690265486725,0.6194690265486725,220.4432216760613,26.88372440845776,186.60659830736148,279.5939868358039,218.10154653305156,188.7748625363387,259.09365444248806,0.130898425833311,0.01,0.8266685594724994
2.62,82.0,0.8292682926829268,1.0,176.8449690428421,25.66978834376617,135.81724438273213,220.63576443274928,174.11011265922482,138.99182198423372,210.6722071909672,0.1571990848723644,0.0100000028711003,0.8911444948731204
3.4829375,109.0,0.8440366972477065,0.944954128440367,106.18993775318668,53.808777261316514,50.0,182.34449771164336,74.0548776143282,50.0,165.29006363084235,0.1047365337577456,0.01,0.6860828109301791
3.4199375,107.0,0.719626168224299,0.7289719626168224,316.1735438428948,86.04159108621369,205.8604473286984,400.0,390.8639873736984,216.8453740602837,400.0,0.1660703919700773,0.01,0.7571601330199093
3.1299375,98.0,0.8061224489795918,0.8367346938775511,257.18928101660174,55.65983740273399,187.68759933422865,400.0,244.81070866093103,195.2068725956236,333.1780389264166,0.1269180563712146,0.01,0.7571601330199091
2.0,63.0,0.6984126984126984,0.6984126984126984,242.93610216287956,83.59182112415147,174.11011265922482,381.93664156416656,194.3063882307212,175.42305801259283,373.21319661472296,0.1381099417680179,0.01,0.8911444948731202
3.2899375,103.0,0.7766990291262136,0.9223300970873788,122.45540286949,20.58728750927685,94.38743126816934,175.11872228117704,125.99210498948732,97.7159968434246,138.1912879967776,0.1761051310169591,0.0100000000006138,0.8911444948731203
4.81,151.0,0.6026490066225165,0.6026490066225165,212.44568073486343,41.609331142769456,124.5449622358823,297.93549262454053,204.67477839935492,164.33806291715806,276.38257599355524,0.1075922118574989,0.01,0.6159498854580682
5.6899375,178.0,0.904494382022472,0.949438202247191,119.54872097750123,8.751492620178968,104.72941228206268,138.99182198423372,118.23577860271482,109.05077326652577,132.71517423385683,0.1669114863494502,0.01,0.8266685594724997
2.725,86.0,0.7674418604651163,0.7674418604651163,211.4550809375149,10.75158928364075,188.7748625363387,227.10088581417543,216.22090533442736,188.7748625363387,220.63576443274928,0.1457703615824059,0.01,0.6860828109301791
3.1099375,98.0,0.3979591836734694,0.3979591836734694,334.87921467603144,77.85896065415254,233.75544971224912,400.0,400.0,233.75544971224912,400.0,0.1476281430136587,0.01,0.8266685594724996
4.8,151.0,0.7748344370860927,0.7748344370860927,218.2120612397096,43.711105127835616,164.33806291715806,332.4951584571151,208.25243050696125,170.7247759579807,290.1245631202204,0.1708749026576735,0.01,0.8911444948731202
4.79,150.0,0.7266666666666667,0.8666666666666667,106.9749006222414,25.63851020460385,50.0,138.1912879967776,114.20823393107716,50.58097201509612,124.5449622358823,0.1164092103949268,0.01,0.9459302094659092
1.62,51.0,0.7843137254901961,0.8823529411764706,140.61567744063524,56.20799411018725,50.0,189.86842419010387,183.40080864093423,50.0,187.68759933422865,0.1048099830101979,0.01,0.6159498854580681
8.785125,275.0,0.6618181818181819,0.8,124.70547185734448,40.3550160395584,62.27248111794115,292.81713918912504,126.7219698287062,81.65866592888723,148.71182864049948,0.1017459785298507,0.01,0.7571601330199093
6.62,207.0,0.7246376811594203,0.7342995169082126,256.95843787926145,28.12501534234278,225.79288096122625,328.6761258343161,250.53288772482563,229.73967099940705,317.6641248085419,0.1362314606108777,0.01,0.7571601330199091
3.2399375,102.0,0.7450980392156863,0.8921568627450981,152.45430771023155,77.20947531045269,50.58097201509612,251.98420997897463,155.56376069302408,50.58097201509612,243.40070273411817,0.1489682575156372,0.01,0.8266685594724995
6.7599375,212.0,0.660377358490566,0.7547169811320755,242.008260423628,45.647784699959416,135.81724438273213,350.237444562354,238.57807622318364,193.1872657849691,310.40866617060715,0.1115886484418233,0.01,0.8266685594724995
3.1099375,98.0,0.6938775510204082,0.6938775510204082,256.1096171345612,30.80988745279048,214.35469250725865,328.6761258343161,254.91212546385245,216.8453740602837,322.28869448449365,0.1124055891012953,0.0100000000039966,0.6159498854580682
10.4799375,328.0,0.8262195121951219,0.948170731707317,163.76407010541382,93.5135555340128,50.0,390.8639873736984,188.7748625363387,50.0,263.9015821545788,0.1176734103235722,0.01,0.8911444948731201
3.8299375,120.0,0.8416666666666667,0.925,170.9354907770039,41.59887650629905,120.30250360821168,277.98364396846745,158.74010519681997,126.7219698287062,240.60500721642333,0.1298814802313145,0.01,0.9848789761259924
3.1299375,98.0,0.8061224489795918,0.8469387755102041,167.29149410295668,61.84958268578185,50.0,236.47155720542963,190.9683207820833,50.58097201509612,218.10154653305156,0.1719105858007172,0.01,0.6860828109301791
9.21175,288.0,0.8923611111111112,0.9375,113.1049092808656,60.85479525983807,50.0,218.10154653305156,74.48387315613512,50.0,186.60659830736148,0.1176490215832372,0.01,0.8266685594724994
3.2899375,103.0,0.7087378640776699,0.8155339805825242,126.01399076226278,64.51963637190957,50.0,218.10154653305156,175.11872228117704,50.0,186.60659830736148,0.1097773093224601,0.01,0.7571601330199093
7.9461875,249.0,0.7710843373493976,0.8755020080321285,242.46934072194983,84.04588807531947,50.0,348.2202253184496,261.6260174203013,63.36098491435311,326.78309064822,0.1234853922754196,0.01,0.9848789761259924
7.8074375,244.0,0.7172131147540983,0.7827868852459017,307.1955955269907,40.3753936962919,205.8604473286984,388.6127764614424,321.1691527453505,243.40070273411817,346.2146244024572,0.267537421920947,0.01,0.9459302094659092
11.41275,357.0,0.865546218487395,0.9243697478991596,243.79109687140445,35.084030771525384,148.1097552286564,388.6127764614424,233.75544971224912,214.35469250725865,289.4538474880756,0.2393634415926181,0.01,1.0
2.97,93.0,0.7741935483870968,0.8064516129032258,202.42411765942884,69.37624147258416,50.58097201509612,294.5134116201051,217.4734602966676,52.09326747816943,269.91444036587944,0.1129006869167316,0.01,0.686082810930179
5.0599375,159.0,0.7044025157232704,0.779874213836478,208.8367645810851,72.80692111785943,52.063107626740326,319.31935454265994,214.35469250725865,83.60532082885095,299.66141537533633,0.1188262406612322,0.01,0.6860828109301791
2.66625,84.0,0.5357142857142857,0.6428571428571429,256.54517259924523,121.65375634346658,50.0,356.35948725613576,323.02966672001685,50.0,344.22057489773204,0.1793969736037518,0.01,0.9459302094659092
7.97,250.0,0.568,0.624,339.7023458428714,54.23427129664052,201.15858821357068,400.0,355.33324744854,256.3888163841458,400.0,0.1714451644872052,0.01,0.8911444948731203
1.46,46.0,0.5652173913043478,0.5652173913043478,292.1561032954775,27.999687348328727,257.8740616879158,340.26686438034227,281.2136583244699,262.38162088748976,339.28696791646087,0.1175116736726638,0.01,0.6860828109301791
2.2599375,71.0,0.8309859154929577,0.9577464788732394,242.5664885620349,58.179766486381176,145.56531828421873,368.92647743437567,229.73967099940705,193.8600283866171,343.0333330989241,0.1112484261591541,0.0100000000000018,0.6159498854580682
10.15,318.0,0.7672955974842768,0.8805031446540881,154.80834135655104,40.23892237928555,102.3373891996775,251.98420997897463,143.893358001082,113.55044290708771,220.63576443274928,0.2037976338564869,0.01,0.9848789761259924
2.075,65.0,0.6,0.7538461538461538,250.7292654209884,85.03697347455966,50.0,296.2195104573129,282.842712474619,52.36470614103133,293.15639367532106,0.1068739720591744,0.01,0.3721358982975089
1.73,55.0,0.6363636363636364,0.6363636363636364,300.91884924324125,62.464520166919485,211.89261887185907,400.0,317.4802103936399,212.3836114533942,361.75319884047934,0.1201701059766996,0.01,0.4849868077159113
9.5018125,297.0,0.7878787878787878,0.9124579124579124,223.02671952995536,54.65520271980585,50.0,296.2195104573129,238.5303236740125,197.249309225388,262.38162088748976,0.2092335845526176,0.01,0.9459302094659092
3.74,117.0,0.7777777777777778,0.8376068376068376,256.413993971075,33.67481178627397,179.21192838239048,312.0260904053494,249.08992447176465,215.59643660857105,296.2195104573129,0.1049927867668038,0.01,0.7571601330199091
3.7585,118.0,0.6864406779661016,0.6864406779661016,321.3466164785585,62.594337465123736,213.12010032569688,400.0,313.83363915870024,213.12010032569688,390.8639873736984,0.1025688877341666,0.01,0.8911444948731202
3.86,121.0,0.8181818181818182,0.8512396694214877,299.9183278846194,50.97297727681202,192.07458901020084,400.0,299.66141537533633,244.52870747556847,373.6455970254698,0.1131908584368656,0.0100000000000069,0.6860828109301791
5.2,163.0,0.6871165644171779,0.8282208588957055,251.8697796369344,47.970588003068606,183.40080864093423,366.80161728186846,243.40070273411817,200.0,321.1691527453505,0.122554272708817,0.01,0.7571601330199091
11.55,361.0,0.8698060941828255,0.9390581717451524,179.00169955328778,22.20640951053213,141.4213562373095,241.9988178438585,176.1331747192297,151.57165665103983,207.05298476827548,0.121994428327159,0.01,0.7571601330199093
8.2823125,259.0,0.7953667953667953,0.8803088803088803,257.4448568895201,112.50610567882636,50.0,400.0,268.51450055605267,63.36098491435311,389.7383819175704,0.1196465230649508,0.01,0.7571601330199093
1.9499375,61.0,0.6229508196721312,0.6229508196721312,170.40456712113826,76.69202792991746,51.76324619206888,233.75544971224912,216.87793237922307,51.973149196338895,232.40911739156792,0.1226682594353129,0.01,0.7571601330199093
4.7780625,150.0,0.76,0.8066666666666666,248.43029476615163,86.58205788322411,50.0,312.0260904053494,279.5939868358039,63.72803136596311,308.44216508158814,0.1657680090733228,0.01,0.7571601330199093
4.136125,130.0,0.8307692307692308,0.8384615384615385,315.06716320340627,30.45340710051732,271.6344887654643,386.3745315699383,308.44216508158814,277.98364396846745,356.35948725613576,0.28938735324124,0.01,0.9459302094659092
6.2883125,197.0,0.6548223350253807,0.6548223350253807,211.9709028403523,19.687413902592336,174.11011265922482,251.98420997897463,213.12010032569688,181.29427068562208,235.10958125672173,0.1654543623315024,0.01,0.9848789761259924
6.05,190.0,0.7684210526315789,0.7736842105263158,197.58368059257324,32.42301621453163,131.9507910772894,254.91212546385245,199.4240423817548,161.98265631562776,244.81070866093103,0.2188118469341521,0.01,0.8911444948731201
4.0599375,127.0,0.7480314960629921,0.8976377952755905,223.44920744269845,72.80028832165125,50.0,328.6761258343161,227.10088581417543,51.46511183217461,296.5666602227664,0.1044896861163796,0.01,0.8266685594724994
7.28,228.0,0.7807017543859649,0.8903508771929824,196.21494814316608,79.08864382708643,101.16194403019225,400.0,161.04970486634184,124.1158059654651,303.6701407068015,0.104803299108649,0.01,0.7571601330199093
3.02975,95.0,0.9157894736842104,0.936842105263158,95.45186365123678,61.94772194987106,50.58097201509612,197.7028040705792,50.58097201509612,50.58097201509612,182.7670220833597,0.1317784941159734,0.01,0.8266685594724996
2.704,85.0,0.7058823529411765,0.7647058823529411,235.99915422814823,44.94389720326821,156.0130452026747,312.0260904053494,236.47550212863297,177.05147091034786,308.44216508158814,0.2504426860644326,0.01,1.0
2.56,81.0,0.8518518518518519,0.9012345679012346,137.51419252776307,95.3099518126674,50.0,297.93549262454053,63.72803136596311,50.0,282.842712474619,0.1658267217770835,0.01,0.8266685594724994
1.8999375,60.0,0.8666666666666667,0.9,223.3606898464496,64.68635613165442,157.8258294677283,400.0,198.8480847635095,185.63930088017185,334.7906956375294,0.1845275054611609,0.01,0.7571601330199091
5.8999375,185.0,0.7891891891891892,0.8486486486486486,183.47631190451156,46.79162471208001,50.0,250.53288772482563,183.93202367906105,166.72911044312974,227.10088581417543,0.1689070267066046,0.01,0.8911444948731203
2.27,71.0,0.5211267605633803,0.676056338028169,253.7497404569424,131.09843446071054,50.87398460513432,354.3070076409443,328.6761258343161,50.87398460513432,352.26634943845943,0.1249901475000653,0.01,0.8266685594724996
3.4499375,108.0,0.7592592592592593,0.7592592592592593,330.18970723763687,61.820697015767685,215.59643660857105,400.0,353.2866785397018,227.10088581417543,400.0,0.1672777929390086,0.01,0.9848789761259924
4.3945,138.0,0.5144927536231884,0.6231884057971014,189.49953345486588,49.94571531432214,63.72803136596311,233.75544971224912,204.67477839935492,63.72803136596311,229.73967099940705,0.1239736423614283,0.01,0.8911444948731202
3.8634375,121.0,0.7768595041322314,0.8925619834710744,270.62853262072645,80.30069578161192,50.28964705339267,366.80161728186846,287.7915169875636,120.85870239800433,335.7773812656612,0.1295025085788632,0.01,0.8911444948731201
6.56,206.0,0.8592233009708737,0.8883495145631068,191.2142918609367,29.715727366667835,130.43520697655643,254.91212546385245,181.29427068562208,158.74010519681997,236.2023179542508,0.1301095479641098,0.01,0.9459302094659092
2.6299375,83.0,0.6626506024096386,0.6626506024096386,206.23316205989263,32.62079756736501,156.91681957935012,308.44216508158814,202.3238880603845,157.8258294677283,258.77037123328745,0.1069755756909491,0.01,0.6159498854580682
8.5005625,266.0,0.8533834586466166,0.9022556390977444,259.1993729962488,32.37767603607605,198.8480847635095,336.3585661014858,251.98420997897463,225.2726924414856,316.3830795187299,0.2590115258331525,0.01,0.9459302094659092
5.2399375,164.0,0.8414634146341463,0.9695121951219512,224.0249517579723,73.11024055370405,161.5148333600084,377.54972507267735,182.8726531762888,168.1792830507429,357.60169659259464,0.3184819947506328,0.010000000417925,0.9459302094659092
4.34,136.0,0.6323529411764706,0.7058823529411765,197.8064808318015,32.13681793706013,50.58097201509612,221.91389441356895,207.6527076376184,168.66640938851629,219.3649959389252,0.1953788352152636,0.01,0.9848789761259924
4.4499375,140.0,0.6785714285714286,0.7857142857142857,265.03603677355846,88.23418270336848,145.56531828421873,400.0,214.35469250725865,172.50909734981104,386.3745315699383,0.1223017177350619,0.0100000000039966,0.8911444948731202
4.54,142.0,0.4788732394366197,0.6408450704225352,274.08661527681767,48.01104584211714,216.8453740602837,352.26634943845943,260.1191624416574,220.63576443274928,346.2146244024572,0.1231322705766055,0.01,0.7571601330199093
14.46,452.0,0.7920353982300885,0.8584070796460177,210.4383577605562,40.81613126700543,149.83070768766817,340.26686438034227,203.49593842053727,175.11872228117704,272.1065575410888,0.1521421684844756,0.01,0.8911444948731202
1.5065,48.0,0.6458333333333334,0.6458333333333334,251.8645464528364,7.73240129077766,233.75544971224912,284.4812036394563,251.98420997897463,246.2288826689832,254.91212546385245,0.1562445046976631,0.0100002063390313,0.7571601330199093
2.6799375,84.0,0.8571428571428571,0.9642857142857144,141.84210683780273,53.49208016784485,50.58097201509612,205.8604473286984,152.4497023255762,63.36098491435311,204.5568944014732,0.1113919345729435,0.01,0.6159498854580682
2.9559375,93.0,0.5591397849462365,0.6021505376344086,361.8877906025619,57.40505184673154,223.1994285260446,400.0,400.0,263.9015821545788,400.0,0.1870335244956865,0.01,0.9848789761259924
6.6499375,208.0,0.7884615384615384,0.8365384615384616,178.94931089775582,52.92933925405185,50.0,319.31935454265994,186.60659830736148,82.21059397136978,228.41646786215435,0.2084491672483027,0.01,0.8911444948731202
2.6999375,85.0,0.788235294117647,0.8588235294117647,183.40607961064904,59.984671865355445,50.0,229.73967099940705,208.25243050696125,50.0,225.53580012279488,0.1657855056680094,0.01,0.8266685594724995
3.5310625,111.0,0.6486486486486487,0.6486486486486487,215.41524923833984,32.95618966374992,148.1097552286564,338.3070714525794,216.8453740602837,169.6491934195832,232.27525958985655,0.108412705821897,0.0100000000000001,0.8266685594724994
1.0299375,33.0,0.7575757575757576,0.7575757575757576,181.92760964682216,10.709954608331769,168.1792830507429,221.91389441356895,183.40080864093423,168.56898412096163,187.68759933422865,0.1242946125557798,0.01,0.4849868077159113
3.4211875,107.0,0.8504672897196262,0.9252336448598132,146.04675277685277,78.78987614748247,50.58097201509612,229.73967099940705,198.8480847635095,50.87398460513432,228.41646786215435,0.1463704116230967,0.01,0.8266685594724995
10.46,327.0,0.599388379204893,0.6452599388379205,190.0917360070529,42.8690077566763,122.40535433046551,276.38257599355524,184.46323871718783,133.0995798254301,252.71407481819352,0.1267954531851541,0.01,0.9459302094659092
7.2899375,228.0,0.8157894736842105,0.9078947368421052,214.90654044795943,19.38616661058768,174.11011265922482,281.2136583244699,210.6722071909672,194.3063882307212,234.43251548448544,0.1284842006781086,0.01,0.7571601330199091
12.75,399.0,0.7794486215538847,0.8546365914786967,215.0853332153139,49.461049588722965,141.4213562373095,390.8639873736984,211.89261887185907,160.5845763726753,249.08992447176465,0.1048193196039849,0.01,0.8911444948731203
7.31,229.0,0.8122270742358079,0.8253275109170306,238.8432579389349,49.41490020729006,165.29006363084235,350.237444562354,237.8414230005442,181.81938419863272,297.93549262454053,0.1273900876793235,0.01,0.8911444948731202
1.6080625,51.0,0.6666666666666666,0.803921568627451,118.3850189648776,86.5195329362759,50.0,241.9988178438585,50.58097201509612,50.0,228.02179324776068,0.139884234011234,0.01,0.8911444948731203
4.33,136.0,0.6544117647058824,0.7352941176470589,214.92434908248853,96.2362633928398,50.0,315.65165893545657,259.3679109302019,50.58097201509612,300.3941845729818,0.1121767484023983,0.01,0.6159498854580682
3.86,121.0,0.5454545454545454,0.6528925619834711,239.3209123720138,76.13248940255522,187.68759933422865,400.0,196.5673988787142,187.68759933422865,348.2202253184496,0.1987732495013795,0.0100000000039966,0.8266685594724995
1.9499375,61.0,0.6721311475409836,0.7868852459016393,116.03912965474474,25.15262357706365,50.58097201509612,135.81724438273213,123.11444133449164,50.87398460513432,131.19081044374488,0.1186249101990787,0.01,0.7571601330199091
8.6025,269.0,0.6728624535315985,0.6877323420074349,298.4502267673053,66.53737193340582,184.46323871718783,400.0,271.6344887654643,220.63576443274928,390.8639873736984,0.1380687682561193,0.01,0.8911444948731203
8.7428125,274.0,0.8321167883211679,0.8576642335766423,261.47851549238726,26.0939440810024,205.8604473286984,315.65165893545657,256.3888163841458,231.07053937445465,298.45326944977927,0.2176505376050933,0.01,0.9459302094659092
13.0,407.0,0.8034398034398035,0.8230958230958231,255.16832939088667,53.71088979236509,189.86842419010387,400.0,247.65527207548809,198.8480847635095,334.4212833154038,0.1316055887580456,0.01,0.8911444948731201
4.5,141.0,0.6028368794326241,0.624113475177305,194.8168830348356,38.17535568042611,153.3328344669601,289.4538474880756,185.5318233882619,158.191539759365,241.72811137946323,0.1003554456040733,0.01,0.8266685594724995
8.3899375,263.0,0.8098859315589354,0.9011406844106464,205.8027376185945,32.406145442293486,135.81724438273213,321.1691527453505,198.8480847635095,174.11011265922482,234.83875494782723,0.2280353262662773,0.01,0.9848789761259924
2.07,65.0,0.6307692307692307,0.6307692307692307,351.0010872100497,73.59469231587401,181.29427068562208,400.0,388.6127764614424,186.60659830736148,400.0,0.2134115786754292,0.0100000278502622,1.0
3.73,117.0,0.8034188034188035,0.8461538461538461,266.28831303548304,32.03946532972688,198.8480847635095,340.26686438034227,272.42127005817173,219.13948474076096,300.8765600190416,0.2287883191460087,0.0100000008140149,0.9459302094659092
6.5899375,206.0,0.7281553398058253,0.7281553398058253,187.55695471716223,20.131662354882565,163.39154532410998,239.21922434748075,180.25009252216609,165.29006363084235,218.3549683230213,0.1191686396721727,0.01,0.7571601330199093
4.2,132.0,0.5151515151515151,0.5151515151515151,343.45225160571687,32.74288873549352,271.6344887654643,400.0,352.26634943845943,301.3973362949152,381.93664156416656,0.1325862827948352,0.01,0.9459302094659092
5.5024375,172.0,0.686046511627907,0.7616279069767442,324.09536495822493,81.97239809878933,169.1535357262897,400.0,358.423856764781,176.5430693586836,400.0,0.1408550844075002,0.01,0.6860828109301791
1.8570625,59.0,0.847457627118644,0.8983050847457628,115.016529151413,72.98507906607863,50.58097201509612,216.8453740602837,64.46851542197895,50.58097201509612,215.59643660857105,0.1824077511157664,0.01,0.8266685594724996
6.4768125,203.0,0.6748768472906403,0.7684729064039408,146.97819543780025,44.43903700352467,112.89644048061314,299.66141537533633,126.7219698287062,117.28396431946636,173.1073122012286,0.1138069601328983,0.01,0.9459302094659094
2.49,78.0,0.6794871794871795,0.6794871794871795,184.88855596676905,20.157126899854795,160.5845763726753,265.4303484677136,179.21192838239048,167.2106416577019,214.35469250725865,0.1329778439363902,0.01,0.8266685594724996
6.1899375,194.0,0.7938144329896907,0.8814432989690721,230.6390731256446,31.138776981801307,78.00652260133735,342.23801027304086,225.1426453115504,203.49593842053727,271.6344887654643,0.1095918384601224,0.01,0.8266685594724996
4.218625,132.0,0.7196969696969697,0.7424242424242424,248.8417685272377,41.44099897988438,200.0,364.6889954232867,243.40070273411817,207.5327630637498,325.2073723139594,0.3151343591028284,0.01,0.9848789761259924
5.0486875,158.0,0.7658227848101266,0.8291139240506329,313.2306589392508,51.28674951077994,210.6722071909672,400.0,296.2195104573129,253.44393965741244,400.0,0.1013956751904569,0.0100000000000069,0.8266685594724994
14.4199375,451.0,0.6851441241685144,0.811529933481153,186.42395750177096,56.21234075316075,50.0,279.5939868358039,193.1872657849691,63.65462207564112,236.47155720542963,0.1361861817427741,0.01,0.9459302094659092
2.27,71.0,0.5070422535211268,0.5070422535211268,259.1078042699265,38.68302776161156,211.89261887185907,334.4212833154038,248.37259827362635,214.9755645579148,330.5856421457156,0.1189934993315154,0.01,0.6159498854580681
5.713625,179.0,0.7430167597765364,0.8156424581005587,224.5496852446794,54.25105071376845,50.0,334.4212833154038,213.12010032569688,190.9683207820833,279.5939868358039,0.1754630303883795,0.01,0.8266685594724996
8.0099375,251.0,0.7290836653386454,0.7928286852589641,139.0619100090438,27.9746031050283,105.33610359548358,253.44393965741244,132.71517423385683,112.89644048061314,189.86842419010387,0.1341502058052504,0.01,0.8266685594724996
11.74425,368.0,0.7961956521739131,0.8994565217391305,156.5658063284752,80.49491221557842,50.58097201509612,315.65165893545657,185.5318233882619,50.58097201509612,233.4861832481129,0.1196941104041793,0.01,0.8266685594724996
1.99,63.0,0.8253968253968254,0.9206349206349206,185.59208919607607,28.81173738310609,144.7269237440378,229.73967099940705,184.46323871718783,148.96774631227024,225.79288096122625,0.1747747148082992,0.0100000000000238,0.7571601330199091
8.2099375,257.0,0.8638132295719845,0.8793774319066148,190.99128825593056,28.8679957064707,149.83070768766817,276.38257599355524,181.29427068562208,164.33806291715806,241.859436781115,0.2483870434458366,0.01,0.9848789761259926
4.4699375,140.0,0.6357142857142857,0.7428571428571429,256.272841429931,82.83861358010432,50.28964705339267,400.0,214.35469250725865,197.7028040705792,400.0,0.1893712464954129,0.01,0.9848789761259924
4.36,137.0,0.8321167883211679,0.8394160583941606,250.6156492462516,57.98560269263048,192.07458901020084,352.26634943845943,221.27482942315916,194.6440698675596,348.2202253184496,0.2544505442541947,0.01,0.9848789761259924
5.34,167.0,0.7604790419161677,0.9041916167664672,209.45450774616347,55.06511264616431,112.2462048309373,334.4212833154038,208.25243050696125,144.3934974468555,273.20805135087915,0.1257444547488387,0.01,0.8911444948731202
3.66975,115.0,0.8434782608695652,0.9478260869565216,142.9795975715125,65.110585674678,50.0,224.49240966187452,153.3328344669601,50.58097201509612,220.63576443274928,0.1385040995285115,0.01,0.8266685594724995
7.6899375,241.0,0.7966804979253111,0.8174273858921162,288.98651680807103,62.720385796008685,181.29427068562208,400.0,277.98364396846745,216.8453740602837,368.92647743437567,0.1648415091640555,0.01,0.9459302094659092
5.72025,179.0,0.776536312849162,0.888268156424581,295.5439242266812,30.564034993442583,247.65527207548809,371.0636467765238,296.2195104573129,257.8740616879158,338.3070714525794,0.1300936947793227,0.01,0.9848789761259924
3.4,107.0,0.8411214953271028,0.897196261682243,306.64665525882805,83.40855201503467,113.55044290708771,400.0,326.78309064822,216.5963059049812,400.0,0.2749142606912295,0.0100000000002219,0.8911444948731203
4.99,156.0,0.7628205128205128,0.7628205128205128,323.98791563157056,66.54369950646189,145.56531828421873,400.0,336.3585661014858,262.0793795006144,400.0,0.2134111894983343,0.01,0.9459302094659092
4.549875,143.0,0.7832167832167832,0.7832167832167832,244.3098450379602,37.586460306502495,204.67477839935492,348.2202253184496,229.73967099940705,215.7213303537423,304.8994046511524,0.151329303965996,0.01,0.7571601330199091
2.28,72.0,0.7222222222222222,0.7222222222222222,263.7537776228273,35.19411983763538,189.86842419010387,312.0260904053494,276.38257599355524,194.5321613785541,292.81713918912504,0.1697002105290972,0.01,0.8266685594724995
2.357875,74.0,0.7972972972972973,0.7972972972972973,298.6453732115381,70.66784674131283,149.83070768766817,368.92647743437567,321.1691527453505,153.3328344669601,362.58854137124416,0.1607539405619879,0.0100000000000069,0.7571601330199094
2.9499375,93.0,0.7634408602150538,0.8817204301075269,144.08217734650594,58.74427412840741,50.0,207.05298476827548,171.11900513652043,50.0,190.9683207820833,0.1434479201313845,0.01,0.6159498854580682
6.2885,197.0,0.8578680203045685,0.9187817258883249,122.77444864563982,15.418954341510922,86.05514372443301,170.1334321901711,126.7219698287062,102.3373891996775,135.034994616819,0.1074956585181569,0.01,0.7571601330199091
3.3499375,105.0,0.6857142857142857,0.7619047619047619,274.1980056668792,98.15198698571288,50.0,400.0,294.5134116201051,64.46851542197895,382.84062489601394,0.2691330735450504,0.01,0.8266685594724996
1.9455625,61.0,0.8360655737704918,0.8688524590163934,120.43975992809604,81.29167315499238,50.58097201509612,265.4303484677136,64.46851542197895,62.99605249474366,244.81070866093103,0.1102612512116917,0.01,0.6860828109301791
1.2,38.0,0.5,0.5,211.7628276142244,5.156593941766748,202.3238880603845,218.10154653305156,213.12010032569688,203.49593842053727,216.8453740602837,0.3962054815815235,0.0100000000000018,0.9848789761259924
11.0205625,345.0,0.8405797101449275,0.944927536231884,137.5999546213412,36.16836761792442,101.74796921026864,282.842712474619,131.9507910772894,107.17734625362932,180.3545103385117,0.110088431439802,0.01,0.8266685594724997
6.117875,192.0,0.828125,0.8541666666666666,319.3609100934537,50.63400291088944,236.47155720542963,400.0,313.83363915870024,254.91212546385245,386.3745315699383,0.2008552766017349,0.0100000000217015,0.9459302094659092
4.7699375,150.0,0.7133333333333334,0.7466666666666667,260.760805915806,45.85189797897744,182.34449771164336,360.5001850443321,241.9988178438585,212.62910774416176,335.9755985702741,0.1045339383972382,0.0100000000217015,0.8911444948731203
3.6499375,115.0,0.6,0.6086956521739131,368.2574026164054,17.98192046289527,332.4951584571151,400.0,373.21319661472296,342.23801027304086,393.12823941810046,0.1374069866449739,0.01,0.9459302094659092
4.0599375,127.0,0.8267716535433071,0.937007874015748,98.89769221052374,70.08335137314674,50.0,216.8453740602837,50.87398460513432,50.0,210.6722071909672,0.1139583444793306,0.01,0.7571601330199091
9.81,307.0,0.6938110749185668,0.7785016286644951,244.30988178945384,37.515695261186224,169.1535357262897,340.26686438034227,236.47155720542963,203.03119991404728,295.87829068987133,0.1050088731434754,0.01,0.7571601330199091
2.6299375,83.0,0.6746987951807228,0.6746987951807228,260.33315793861715,47.4486458789487,178.17974362806785,371.0636467765238,265.4303484677136,188.7748625363387,326.33136998966006,0.1136430220126826,0.01,0.6159498854580681
4.5,141.0,0.6170212765957447,0.6170212765957447,225.18084154244212,58.06188410648021,122.40535433046551,324.9009585424942,246.2288826689832,124.5449622358823,296.905903324204,0.1279567305098419,0.01,0.8266685594724996
6.2049375,194.0,0.6288659793814433,0.6288659793814433,329.3773149304823,42.2697192605079,254.91212546385245,400.0,326.78309064822,264.99049688828273,400.0,0.1208422026707322,0.01,0.9848789761259922
6.8899375,216.0,0.7731481481481481,0.8657407407407407,147.4557956586758,85.41713236437738,50.0,312.0260904053494,178.17974362806785,50.0,260.87041395311286,0.1106157603419849,0.01,0.8911444948731202
4.5099375,141.0,0.8156028368794326,0.8865248226950354,110.994543427644,18.5935623056426,82.64503181542116,163.39154532410998,111.59971426302234,88.7819998717552,123.54235815644309,0.1252719588856347,0.01,0.8266685594724996
7.8399375,245.0,0.7755102040816326,0.8734693877551021,223.9586384721212,41.7233677651787,162.4504792712471,312.0260904053494,205.8604473286984,182.23947500904123,287.786716002164,0.1034557151194128,0.01,0.8911444948731202
5.2,163.0,0.6932515337423313,0.7423312883435583,200.5379300799393,36.24041029133687,162.4504792712471,306.66566893392013,184.46323871718783,169.1535357262897,236.47155720542963,0.1557767199384658,0.01,0.8266685594724997
4.3265,136.0,0.6176470588235294,0.7573529411764706,126.33683130451216,66.10633927857293,50.0,204.67477839935492,167.2106416577019,50.58097201509612,201.15858821357068,0.1004581578790126,0.01,0.6860828109301791
1.4,44.0,0.8409090909090909,0.8636363636363636,228.1471943020888,54.09742574594436,195.4319936868492,362.58854137124416,203.49593842053727,198.8480847635095,349.54288018155734,0.1843124287510637,0.0100000000000004,0.686082810930179
7.1735625,225.0,0.8222222222222222,0.84,233.87476808754292,30.85131712277058,194.3063882307212,299.66141537533633,223.1994285260446,200.46343528542823,282.842712474619,0.1981330186269131,0.01,0.9459302094659092
3.027,95.0,0.7473684210526316,0.8210526315789474,194.67850374247632,94.71678487653,50.0,281.2136583244699,247.65527207548809,50.0,277.98364396846745,0.2303949721572147,0.01,0.9848789761259924
1.854,58.0,0.8103448275862069,0.896551724137931,116.88115180001022,71.75140858426501,50.0,208.25243050696125,50.87398460513432,50.58097201509612,203.49593842053727,0.1395216639283355,0.01,0.7571601330199091
4.4799375,140.0,0.8142857142857143,0.8857142857142857,207.28012975712616,43.1261178495969,106.5600501628484,268.51450055605267,197.7028040705792,157.25617665370328,263.9015821545788,0.1839594414902415,0.0100000000000004,0.8266685594724995
2.4199375,76.0,0.5789473684210527,0.7236842105263158,219.90879246313924,66.01777523551947,50.58097201509612,282.842712474619,228.43171016784044,97.01422274340048,271.6344887654643,0.1410717709702603,0.01,0.8266685594724995
4.18,131.0,0.732824427480916,0.7557251908396947,172.9673680441111,91.07531523635193,50.0,306.66566893392013,181.81938419863272,50.0,278.7888154021357,0.1152175202090415,0.01,0.8911444948731201
5.2530625,165.0,0.8424242424242424,0.9636363636363636,197.1807879758289,38.8567637122241,91.17224885582168,256.3888163841458,210.6722071909672,109.55615302887524,228.6811084896049,0.1654278337323343,0.01,0.8266685594724994
4.1,129.0,0.8372093023255814,0.9224806201550388,204.40018606499967,19.50854344165653,146.40856959456255,239.21922434748075,204.67477839935492,190.9683207820833,228.41646786215435,0.1093209610239513,0.0100000000217015,0.6159498854580682
4.5,141.0,0.7943262411347518,0.8014184397163121,259.295571643067,52.389455226817134,196.56411970905023,362.58854137124416,244.81070866093103,201.27511819825207,348.2202253184496,0.1689922341758597,0.01,0.7571601330199093
6.15,193.0,0.7461139896373057,0.8756476683937824,294.9822068086563,64.18844067282053,50.0,354.3070076409443,310.2289523667469,253.44393965741244,348.2202253184496,0.247574424306813,0.01,0.9459302094659092
3.4609375,109.0,0.8440366972477065,0.963302752293578,151.9434501005319,30.665344706549465,52.063107626740326,185.5318233882619,163.39154532410998,128.52958525841134,177.0514709103479,0.1111808820509775,0.01,0.4849868077159113
2.18,69.0,0.6521739130434783,0.782608695652174,182.75490653924197,31.26274340800341,134.25725027802636,246.2288826689832,174.11011265922482,146.26829787571646,216.34579907959863,0.1073657875006551,0.010000000001606,0.7571601330199093
5.6795625,178.0,0.8651685393258427,0.9550561797752808,134.88667818394555,23.62492938786864,97.7159968434246,195.4319936868492,134.25725027802636,101.9247952070913,155.11447618337343,0.113762534621443,0.01,0.6860828109301792
7.5450625,236.0,0.8177966101694916,0.9491525423728814,167.29524432681984,43.424982104654326,63.36098491435311,244.81070866093103,167.2106416577019,121.7003513670591,216.8453740602837,0.1093928041558067,0.0100000000039966,0.7571601330199093
5.20025,163.0,0.5521472392638037,0.6871165644171779,230.94775083331945,113.11748469620326,50.0,400.0,225.79288096122625,52.30456014613509,369.5713495577839,0.1081907414540623,0.01,0.8266685594724995
5.17,162.0,0.8333333333333334,0.9753086419753086,200.0071551078116,43.64719828158598,101.16194403019225,256.3888163841458,216.8453740602837,120.30250360821168,239.21922434748075,0.1447060852679883,0.0100000008140149,0.7571601330199091
1.8399375,58.0,0.8793103448275862,0.9482758620689656,233.9557291208498,69.43574027376987,121.7003513670591,306.66566893392013,254.91212546385245,121.7003513670591,304.8994046511524,0.1527365865867044,0.0100000000039966,0.7571601330199093
3.0,94.0,0.648936170212766,0.8085106382978723,202.0561904456264,77.29226495544901,50.0,306.66566893392013,228.41646786215435,72.78265914210937,286.12918648705164,0.1385427076740033,0.01,0.6860828109301791
6.8501875,215.0,0.7906976744186046,0.8976744186046511,127.4340917853544,71.56099048160883,50.0,227.10088581417543,159.65967727133,50.58097201509612,219.3649959389252,0.1329581192433886,0.01,0.8911444948731203
3.85,121.0,0.8925619834710744,0.9917355371900828,135.66269198004483,26.320224859120835,105.94630943592954,202.3238880603845,130.43520697655643,111.406884146151,186.93089861542165,0.1090489468010709,0.0100000000000238,0.5485250542599847
2.8999375,91.0,0.8241758241758241,0.945054945054945,244.463603458478,84.0290471925938,125.99210498948732,379.7368483802076,214.35469250725865,154.57843999782585,368.0765333733728,0.102333345145451,0.010000000047726,0.9459302094659092
5.0799375,159.0,0.6729559748427673,0.6981132075471698,294.6317017329532,31.745258486427627,228.41646786215435,340.26686438034227,301.3973362949152,249.9557024236012,332.4951584571151,0.1012227844451958,0.01,0.7571601330199091
4.2599375,134.0,0.7761194029850746,0.9029850746268656,124.19808738727691,47.99198704072096,50.0,233.75544971224912,132.33298265557312,50.37704454190371,173.1073122012286,0.1322053843440962,0.01,0.8911444948731202
5.1099375,160.0,0.75,0.75625,305.9798452523306,46.20705686313112,215.59643660857105,400.0,295.36646103870896,239.21922434748075,367.227820231334,0.1502709600257858,0.01,0.8911444948731202
15.0399375,470.0,0.8021276595744681,0.8340425531914893,203.83339484606608,24.57560504936667,50.87398460513432,260.87041395311286,195.4319936868492,178.17974362806785,237.8414230005442,0.1875936094313589,0.01,0.9848789761259924
2.0399375,64.0,0.828125,0.859375,215.88322472729547,17.636524892078228,172.11028744886602,249.08992447176465,220.63576443274928,191.86105536303648,233.75544971224912,0.2597282080626003,0.0100000000000018,0.8266685594724995
14.7,460.0,0.7717391304347826,0.7804347826086957,164.37159951314413,26.070271360858545,50.0,218.10154653305156,168.1792830507429,133.48398541700342,190.9683207820833,0.1658050669882886,0.01,0.9459302094659092
9.99,313.0,0.7955271565495208,0.8306709265175719,246.5736704963932,55.2786385138857,171.11900513652043,400.0,227.10088581417543,188.7748625363387,330.5801272616847,0.2463946279414117,0.01,0.8911444948731203
7.62,239.0,0.7405857740585774,0.799163179916318,252.3029955452596,67.72519100419233,50.0,377.54972507267735,249.08992447176465,195.66102711771865,345.0181946996221,0.1214343367685753,0.01,0.8911444948731202
1.3625,43.0,0.6046511627906976,0.6744186046511628,152.8774431995642,74.96493342377892,50.58097201509612,257.8740616879158,203.4993332298697,50.58097201509612,207.05298476827548,0.117249955139195,0.01,0.5485250542599844
1.61,51.0,0.6274509803921569,0.6274509803921569,305.2889349361013,16.263111875422858,277.98364396846745,328.6761258343161,308.44216508158814,279.5939868358039,322.8436153225502,0.1134444411368902,0.01,0.6860828109301792
4.3,135.0,0.7555555555555555,0.8592592592592593,307.64783314079773,50.97350311469916,240.60500721642333,400.0,293.66527540461504,250.82399291808431,390.8639873736984,0.1033522215777863,0.0100000470079773,0.7571601330199091
10.8399375,339.0,0.7669616519174042,0.8082595870206489,249.69402660397117,52.51181799458898,175.11872228117704,400.0,243.40070273411817,182.34449771164336,298.6318838272017,0.1078551752125522,0.01,0.7571601330199091
2.7799375,87.0,0.7126436781609196,0.8275862068965517,177.506156241541,59.30686514122939,50.0,228.41646786215435,200.5792941067853,50.88174212626798,228.41646786215435,0.1749157044429368,0.01,0.8266685594724994
4.3799375,137.0,0.781021897810219,0.9343065693430656,126.00448992411346,28.91400724380137,50.0,168.1792830507429,127.45606273192622,92.75126909500342,155.47390379109396,0.1001884721338434,0.01,0.5485250542599844
3.92,123.0,0.6422764227642277,0.6829268292682927,195.1156569261538,28.5991226159517,161.5148333600084,251.98420997897463,189.86842419010387,164.33806291715806,238.6729019692071,0.1460764874862579,0.01,0.757160133019909
10.56,331.0,0.7583081570996979,0.8761329305135952,158.05456536386674,82.68639369064869,50.0,251.98420997897463,201.15858821357068,50.0,239.21922434748075,0.1625369942919336,0.01,0.9459302094659092
7.1161875,223.0,0.8161434977578476,0.8385650224215246,232.0009711023002,32.31728773139956,180.25009252216609,336.3585661014858,231.07053937445465,197.7028040705792,279.27284575157904,0.112733567796892,0.01,0.9459302094659092
3.79,119.0,0.7983193277310925,0.9327731092436976,261.50061430347824,78.57695502354038,183.40080864093423,400.0,218.10154653305156,198.8480847635095,400.0,0.1676279148769302,0.0100000000039966,0.8911444948731203
1.9485625,61.0,0.6229508196721312,0.6229508196721312,198.27020020170156,23.14966713660819,177.1535038204721,235.10958125672173,187.6907304218501,178.17974362806785,235.10958125672173,0.2180473723756925,0.01,0.8266685594724996
5.7674375,181.0,0.6906077348066298,0.7458563535911602,271.8189896635627,54.583799994125,161.5148333600084,390.8639873736984,287.786716002164,167.02026075743169,340.26686438034227,0.1112510329509786,0.01,0.7571601330199093
7.9499375,249.0,0.8232931726907631,0.8634538152610441,232.54519079106333,42.78906598886537,165.29006363084235,346.2146244024572,224.49240966187452,188.12250461507267,279.5939868358039,0.1716549956906962,0.01,0.7571601330199094
9.6499375,302.0,0.6158940397350994,0.7152317880794702,187.73326004931576,37.22558522239888,86.05514372443301,259.3679109302019,194.3063882307212,139.94627750578297,235.10958125672173,0.1236642472741199,0.01,0.9459302094659092
1.62,51.0,0.6078431372549019,0.6078431372549019,155.40112130863173,78.2108498766722,50.0,219.3649959389252,210.6722071909672,50.0,218.10154653305156,0.236123682841895,0.01,0.8911444948731202
6.15,193.0,0.844559585492228,0.9637305699481864,133.3793758195925,20.050153506020035,57.76763484361365,176.1331747192297,129.68395546510095,107.30152066376056,163.39154532410998,0.1041028478704648,0.01,0.6860828109301792
1.7699375,56.0,0.6964285714285714,0.7142857142857143,119.3556015171824,80.01450865021403,50.0,247.65527207548809,63.72803136596311,50.0,213.3670187620092,0.2091202666354525,0.01,0.9848789761259924
4.337625,136.0,0.7941176470588235,0.8970588235294118,170.50118878160075,104.61905806486875,50.0,279.5939868358039,235.7905692310757,50.0,275.26828344219905,0.1278391631581559,0.01,0.8911444948731203
1.8999375,60.0,0.8333333333333334,0.9833333333333332,213.77461136316876,48.030087883487234,163.39154532410998,291.13063656843747,187.6907304218501,163.39154532410998,287.786716002164,0.1225373525707118,0.0100028158258111,0.4849868077159113
4.27,134.0,0.7686567164179104,0.7835820895522388,206.84930528137517,27.571199966855687,127.45606273192622,256.3888163841458,209.4588245641254,155.11447618337343,239.21922434748075,0.1016557151279036,0.01,0.8911444948731203
9.2899375,291.0,0.7319587628865979,0.7319587628865979,273.7504769149355,68.20099245406078,122.40535433046551,393.12823941810046,279.5939868358039,189.86842419010387,366.3790929101521,0.1244353622585333,0.01,0.8266685594724996
3.14,99.0,0.7474747474747475,0.7676767676767676,287.0741863867213,18.54733347904135,256.3888163841458,336.3585661014858,281.2136583244699,265.8916351776016,313.291374532695,0.1701022172828494,0.0100000008140149,0.8911444948731202
2.5199375,79.0,0.4810126582278481,0.4810126582278481,248.16956123037528,22.762545114656497,202.3238880603845,268.51450055605267,263.1416015210343,206.69522353640235,265.8916351776016,0.1918507384489988,0.01,0.9459302094659092
4.3416875,136.0,0.7867647058823529,0.8014705882352942,286.0250615965042,71.59376209752057,123.11444133449164,400.0,310.2289523667469,222.1739628887265,374.0779974362167,0.2445676624802828,0.0100000002088927,0.9459302094659092
5.8,182.0,0.6923076923076923,0.7142857142857143,226.2575981766157,31.13082901136076,186.60659830736148,317.4802103936399,223.8459190939596,195.4319936868492,260.1191624416574,0.1115983219778841,0.01,0.7571601330199091
5.33,167.0,0.7844311377245509,0.7964071856287425,222.04972096149575,40.44633276329833,176.1331747192297,368.92647743437567,218.10154653305156,185.5318233882619,246.2288826689832,0.150303691404615,0.01,0.8911444948731201
6.3,197.0,0.8781725888324873,0.964467005076142,230.4586169707241,69.07263593223941,122.40535433046551,342.23801027304086,229.73967099940705,134.25725027802636,321.1691527453505,0.1618042274901127,0.01,0.7571601330199091
8.05,252.0,0.7261904761904762,0.7896825396825397,300.428410644303,60.32687192923411,162.4504792712471,400.0,299.66141537533633,226.5822389688624,392.67538900922005,0.1455147966387601,0.01,0.9459302094659092
3.81,120.0,0.6333333333333333,0.7,257.20440578325776,87.13800900843893,104.72941228206268,400.0,216.8453740602837,179.21192838239048,384.1491780204017,0.1036527360823423,0.0100000002088927,0.9459302094659092
5.0399375,158.0,0.6392405063291139,0.6772151898734177,219.24504688498203,79.15631227892656,56.77522145354386,371.0636467765238,249.08992447176465,60.15125180410583,303.14331330207966,0.1395399356158164,0.01,0.9459302094659092
3.3971875,107.0,0.8598130841121495,0.9345794392523364,263.530344092988,65.14772076723172,168.1792830507429,400.0,235.7905692310757,207.05298476827548,338.3070714525794,0.1596659006423787,0.0100000001014293,0.9459302094659092
2.05,65.0,0.6615384615384615,0.6615384615384615,222.7704565963893,35.201288274479346,165.29006363084235,291.13063656843747,214.35469250725865,178.17974362806785,291.13063656843747,0.2060967798289261,0.01,0.9459302094659092
1.3246875,42.0,0.7380952380952381,0.7380952380952381,190.9949420894194,82.46980947620567,127.45606273192622,330.5801272616847,161.5148333600084,128.1944081920729,328.6761258343161,0.1510116056603028,0.0100000000217015,0.8911444948731203
2.6976875,85.0,0.8,0.9411764705882352,157.19629425377985,58.56678106653866,50.0,214.35469250725865,178.69583600522918,59.614884821587474,211.03833069523475,0.2154281462766179,0.01,0.8911444948731202
3.1759375,100.0,0.76,0.88,108.113927828473,30.87602390771047,50.87398460513432,131.19081044374488,123.82763603774404,50.87398460513432,128.1944081920729,0.1170684624104568,0.01,0.7571601330199091
3.317625,104.0,0.6730769230769231,0.7115384615384616,277.55552378093404,46.77780930705977,216.8453740602837,360.5001850443321,259.3679109302019,224.3631115482916,352.26634943845943,0.1840526903918866,0.01,0.9459302094659092
5.6499375,177.0,0.8135593220338984,0.903954802259887,147.4365718646149,31.36453122996971,52.063107626740326,204.67477839935492,139.39440770106785,117.55479062836088,202.3238880603845,0.1595285863841819,0.01,0.9459302094659092
2.36,74.0,0.9054054054054054,0.918918918918919,133.3181721399172,80.60637166790174,50.0,251.98420997897463,63.72803136596311,50.58097201509612,246.2288826689832,0.1269002289665125,0.01,0.9848789761259924
2.9166875,92.0,0.8152173913043478,0.8478260869565217,170.39936673075607,91.62666071386556,50.0,304.8994046511524,180.25009252216609,50.0,288.9251638617749,0.1376426631887479,0.01,0.9459302094659092
2.33,73.0,0.684931506849315,0.7808219178082192,222.91518086207924,52.8751705347773,62.99605249474366,282.842712474619,227.10088581417543,171.05074203998026,281.3765637394848,0.1185895053519306,0.01,0.7571601330199091
3.67,115.0,0.7304347826086957,0.8608695652173913,243.82970336368197,41.73845283657671,72.78265914210937,310.2289523667469,237.1564901029869,210.1889628564455,297.608132519473,0.1080071686090348,0.01,0.6860828109301791
3.34,105.0,0.7904761904761904,0.9142857142857144,222.32716395717463,25.136578124240103,141.4213562373095,273.20805135087915,225.79288096122625,200.0,257.0253831592591,0.2132091066110836,0.01,0.9848789761259924
2.055375,65.0,0.676923076923077,0.676923076923077,233.3168049022049,23.269396571117007,193.1872657849691,286.12918648705164,225.79288096122625,206.8401305411062,263.4455937744521,0.1227856425599041,0.01,0.6159498854580681
4.741625,149.0,0.8859060402684564,0.9194630872483222,223.3006335375695,52.98534580845919,97.1531941153606,340.26686438034227,223.8459190939596,184.46323871718783,299.66141537533633,0.1185970130620182,0.0100000000000001,0.6159498854580682
3.0599375,96.0,0.8645833333333334,0.8958333333333334,231.91761777574763,32.31120237105929,166.24757922855756,291.13063656843747,241.9988178438585,192.07458901020084,282.1029549877715,0.1694222846296097,0.0100000000039966,0.7571601330199093
2.3499375,74.0,0.5405405405405406,0.5405405405405406,278.0335841154826,85.3947800107175,172.11028744886602,400.0,214.35469250725865,198.8480847635095,390.8639873736984,0.1087295795767988,0.0100000000039966,0.6159498854580681
2.72,86.0,0.7674418604651163,0.8255813953488372,98.37942088356044,18.47893025628136,50.58097201509612,116.87772485612456,106.5600501628484,55.15894110818732,110.95694720678448,0.1000098274205916,0.01,0.8266685594724996
2.1899375,69.0,0.7391304347826086,0.8260869565217391,163.7456144581479,63.620705517207625,51.76324619206888,239.21922434748075,177.1535038204721,62.63322193120639,227.10088581417543,0.1637509495688947,0.01,0.9459302094659092
1.2403125,39.0,0.9743589743589745,0.9743589743589745,244.2343102679543,37.465042071083474,196.56411970905023,321.1691527453505,225.796647738025,213.12010032569688,300.18219165121,0.2261758436958275,0.01,0.8266685594724995
2.8253125,89.0,0.8539325842696629,0.8651685393258427,141.7447466119246,95.12807468576628,50.0,259.3679109302019,57.47026645784147,50.0,246.94207737223564,0.1071409362250597,0.01,0.5485250542599844
8.09,253.0,0.7430830039525692,0.7786561264822134,214.25779190934904,33.90037257417234,161.5148333600084,292.81713918912504,216.8453740602837,166.9217229289586,265.285457675021,0.1173757933031631,0.01,0.9848789761259924
4.82375,151.0,0.7748344370860927,0.9072847682119204,195.32285323619172,73.91556264091737,50.0,324.9009585424942,210.6722071909672,50.87398460513432,272.89698505592577,0.1187798094534174,0.01,0.8911444948731202
6.4799375,203.0,0.6699507389162561,0.7241379310344828,256.94126569257526,47.11984605653799,186.60659830736148,362.58854137124416,260.87041395311286,201.7412381369776,316.5659346645482,0.110744993651645,0.01,0.6860828109301791
3.7099375,116.0,0.7327586206896551,0.75,220.8604057707903,64.5211135110727,143.06459324352582,400.0,197.7028040705792,164.71886320263178,270.3864934816997,0.1108985657984306,0.01,0.6860828109301792
8.8999375,279.0,0.6738351254480287,0.7096774193548387,243.58689793338272,47.105733365134114,177.1535038204721,352.26634943845943,231.07053937445465,190.9683207820833,324.9009585424942,0.140335444005536,0.01,0.9459302094659092
4.6299375,145.0,0.7448275862068966,0.7793103448275862,211.61867069146797,60.68428750924042,50.0,312.0260904053494,207.05298476827548,182.02942960383697,297.25208193271993,0.145983394894413,0.01,0.757160133019909
2.92,92.0,0.7608695652173914,0.8043478260869565,259.47802063824656,84.81729505589406,50.0,362.58854137124416,278.7888154021357,153.29416754065656,354.3070076409443,0.1210565337999633,0.01,0.8266685594724996
3.99,125.0,0.776,0.872,182.4629548180185,65.09151724257649,50.0,257.8740616879158,205.8604473286984,50.0,230.55206060219228,0.1120917624322447,0.01,0.6860828109301791
6.3075,198.0,0.8131313131313131,0.9494949494949496,210.0866338037451,52.49320728522852,125.2664438624128,354.3070076409443,208.25243050696125,132.71517423385683,274.79072949161787,0.234486827017837,0.0100000000006138,0.9848789761259924
4.61,145.0,0.7586206896551724,0.7586206896551724,244.9223111995322,37.04942891024943,149.83070768766817,303.14331330207966,239.21922434748075,209.4588245641254,292.81713918912504,0.1624679544351742,0.01,0.8266685594724996
3.1775,100.0,0.66,0.8,166.10609682561358,49.45741513087461,50.28964705339267,236.47155720542963,182.34449771164336,77.35104767035442,233.75544971224912,0.106886461305994,0.01,0.8266685594724995
4.650875,146.0,0.8904109589041096,0.910958904109589,271.5679854325903,27.63609552097861,215.59643660857105,326.78309064822,271.6344887654643,237.8414230005442,308.620843810104,0.3299774615954166,0.0100000015465542,0.8911444948731202
10.25,321.0,0.8629283489096573,0.912772585669782,258.15560385088577,52.32581238511669,175.11872228117704,400.0,236.47155720542963,205.8604473286984,341.0553227374217,0.1878450116315214,0.01,0.9459302094659092
5.7180625,179.0,0.7094972067039106,0.8100558659217877,186.1398348514663,99.1208284751978,50.0,312.0260904053494,246.2288826689832,50.0,294.9296338136773,0.1130962835068968,0.01,0.8266685594724996
3.1541875,99.0,0.6060606060606061,0.6060606060606061,135.07942926303696,16.874229426525403,113.55044290708771,164.33806291715806,124.5449622358823,117.48708405113724,162.4504792712471,0.1390051593680038,0.01,0.6159498854580683
10.5259375,329.0,0.7933130699088146,0.9118541033434652,142.70860124759696,92.54013410945826,50.58097201509612,301.3973362949152,66.74199270850171,50.58097201509612,247.65527207548809,0.112589999001366,0.01,0.9459302094659092
2.5415625,80.0,0.75,0.825,207.19186831228265,25.50650340707244,154.22108254079407,247.65527207548809,211.2824130314131,173.1073122012286,233.8908628666964,0.1007758666890378,0.01,0.7571601330199091
3.68,116.0,0.6810344827586207,0.8103448275862069,211.23248766077,21.83494301779751,178.17974362806785,253.44393965741244,209.4588245641254,186.3916433235416,253.44393965741244,0.1013601430952248,0.01,0.9459302094659092
7.803125,244.0,0.8360655737704918,0.9467213114754098,116.57470314731226,12.048511948578913,92.23161935859392,149.83070768766817,114.86983549970348,102.9302236643492,134.02527081971948,0.1260571124278492,0.01,0.7571601330199093
1.91,60.0,0.6833333333333333,0.7333333333333333,213.32189453341093,80.00800222301233,50.0,274.79072949161787,247.65527207548809,50.0,263.9015821545788,0.1678735066454711,0.01,0.7571601330199091
2.4699375,78.0,0.5897435897435898,0.6410256410256411,241.54144594854785,115.55295593781456,50.28964705339267,348.2202253184496,287.786716002164,50.58097201509612,342.23801027304086,0.1108558765658748,0.01,0.5485250542599844
3.6999375,116.0,0.7672413793103449,0.7672413793103449,174.5740282020122,15.506331249436167,143.06459324352582,250.53288772482563,172.11028744886602,157.28355881085733,192.2971243651545,0.2090578310238585,0.01,0.9459302094659092
12.0311875,376.0,0.8218085106382979,0.8803191489361702,333.5224150755798,47.90205846078415,214.35469250725865,400.0,344.22057489773204,256.09347820008713,400.0,0.1401865153680768,0.01,0.9848789761259924
5.4925,172.0,0.6569767441860465,0.7616279069767442,127.15589890212172,41.06994124020871,50.0,179.21192838239048,146.40856959456255,50.58097201509612,157.64402749005268,0.105510539646838,0.01,0.9848789761259924
4.6,144.0,0.7291666666666666,0.8541666666666666,180.00662531807652,41.620912999528855,50.0,224.49240966187452,185.5318233882619,167.98779928513702,216.8453740602837,0.1077787728418835,0.01,0.686082810930179
3.74425,118.0,0.652542372881356,0.7627118644067796,109.72378948492133,13.272080517628057,81.22523963562355,138.1912879967776,114.20823393107716,91.70040432046711,125.2664438624128,0.112297219963582,0.0100000000000069,0.7571601330199093
5.1081875,160.0,0.65625,0.76875,167.09370713344728,77.1496835501952,50.0,249.08992447176465,207.05298476827548,50.0,237.8414230005442,0.1940348182660996,0.01,0.9459302094659092
3.99,125.0,0.688,0.832,192.11379825671267,77.20628111054427,50.0,291.13063656843747,227.10088581417543,50.58097201509612,257.1314390360308,0.1231212166546291,0.01,0.7571601330199091
17.276125,540.0,0.7333333333333333,0.7851851851851852,227.22873385476183,60.42200735328065,50.58097201509612,334.4212833154038,235.10958125672173,159.65967727133,297.93549262454053,0.1454416504314518,0.01,0.8266685594724997
6.8299375,214.0,0.7616822429906542,0.7850467289719626,243.35093729796012,56.03362979742477,175.11872228117704,393.12823941810046,223.1994285260446,188.99357486709167,330.5801272616847,0.1072274663362454,0.01,0.8266685594724995
2.1099375,66.0,0.7121212121212122,0.7575757575757576,111.66417170294156,68.24849993266864,50.0,201.15858821357068,50.58097201509612,50.0,192.5196597201081,0.1803719169071,0.01,0.8266685594724995
19.07,596.0,0.7818791946308725,0.8489932885906041,199.0926483349885,35.204198061420506,142.24060181972814,299.66141537533633,194.3063882307212,161.04970486634184,247.65527207548809,0.1196875113945797,0.01,0.8911444948731202
4.93,155.0,0.8580645161290322,0.9612903225806452,125.46611106299947,11.44684103318638,103.52649238413775,148.1097552286564,124.5449622358823,112.37625196087248,142.89979495876628,0.2161096526136364,0.01,0.8911444948731203
2.9499375,93.0,0.5268817204301075,0.6451612903225806,200.1462992621901,48.621178877057154,50.0,286.12918648705164,214.35469250725865,181.29427068562208,233.4955785133632,0.1182291777369234,0.01,0.9848789761259924
4.4508125,140.0,0.8,0.8857142857142857,170.82193372771297,114.81490285095684,50.28964705339267,400.0,192.07458901020084,50.31877954956302,400.0,0.1169587734195843,0.01,0.9459302094659092
3.7099375,116.0,0.7241379310344828,0.7586206896551724,136.38603799247463,57.11981908547077,97.7159968434246,328.6761258343161,116.87772485612456,98.8514020352896,247.65527207548809,0.1194200045545561,0.01,0.8266685594724995
8.1199375,254.0,0.7874015748031497,0.8661417322834646,245.5666813042974,46.359819901317024,174.11011265922482,384.1491780204017,235.10958125672173,197.7028040705792,315.65165893545657,0.1212304551424,0.01,0.8266685594724995
2.227,70.0,0.3714285714285714,0.3714285714285714,271.6402080372047,25.373599197657324,227.10088581417543,297.93549262454053,279.5939868358039,227.10088581417543,291.13063656843747,0.1023211058001163,0.01,0.8266685594724996
4.1561875,130.0,0.7846153846153846,0.8923076923076924,282.974088666762,47.48124105294538,189.86842419010387,375.3751986684572,275.5866527425866,214.4788669173899,358.21741981391654,0.1595789598249848,0.0100000001014293,0.7571601330199093
3.888125,122.0,0.8032786885245902,0.8032786885245902,278.7318167539604,45.03714719949112,218.10154653305156,384.1491780204017,266.1991596508602,237.43046326200985,346.6343072599502,0.1494700766757065,0.0100000000000754,0.8266685594724995
3.4,107.0,0.7757009345794392,0.8130841121495327,234.71707601376565,45.05700135460727,168.1792830507429,297.93549262454053,237.8414230005442,170.92876828398187,294.5134116201051,0.178343232105973,0.01,0.6860828109301793
2.6299375,83.0,0.5421686746987951,0.5783132530120482,290.70065918708985,62.34628205868728,177.1535038204721,381.93664156416656,281.2136583244699,177.1535038204721,379.7368483802076,0.100153429033393,0.0100000000000004,0.7571601330199091
5.0235,157.0,0.5987261146496815,0.5987261146496815,328.6626253123048,42.760572611702266,236.47155720542963,400.0,336.3585661014858,279.5939868358039,397.2591962121096,0.1595159506574618,0.01,0.8911444948731204
5.18,162.0,0.808641975308642,0.8580246913580247,234.8200174326768,28.299285878164213,179.21192838239048,294.5134116201051,229.73967099940705,205.8604473286984,289.4538474880756,0.244379497234748,0.01,0.9459302094659092
10.2899375,322.0,0.8043478260869565,0.937888198757764,113.66965657976078,34.96843774494404,50.0,254.91212546385245,108.42268703014184,90.125046261083,148.1097552286564,0.1395844135609792,0.01,0.8911444948731203
2.61,82.0,0.7439024390243902,0.8780487804878049,193.01348837827172,54.55864595781141,62.99605249474366,306.66566893392013,193.1872657849691,174.11011265922482,227.10088581417543,0.1706945348467309,0.01,0.8266685594724996
6.4099375,201.0,0.5970149253731343,0.7412935323383084,178.1947030255612,50.49811233144676,50.0,263.9015821545788,192.07458901020084,70.71067811865476,208.49440817536183,0.1183130850380002,0.01,0.8911444948731201
5.376375,169.0,0.8224852071005917,0.9230769230769232,174.9279163146456,41.41907188673114,50.0,209.4588245641254,186.60659830736148,150.66327758055886,197.93186020916528,0.3079549996861384,0.01,0.9459302094659092
16.92,529.0,0.776937618147448,0.8204158790170132,231.3017597161135,44.51522827504916,144.7269237440378,368.92647743437567,224.49240966187452,184.46323871718783,291.13063656843747,0.2094542085352864,0.01,0.9848789761259924
5.6,176.0,0.7727272727272727,0.7840909090909091,190.81433088787884,19.03537288399049,148.1097552286564,228.41646786215435,194.8691909587852,162.4504792712471,213.7373964164777,0.2382250740489301,0.01,0.9459302094659092
4.9205625,154.0,0.8506493506493507,0.9285714285714286,171.556044267539,79.68200167410215,50.0,291.13063656843747,198.8480847635095,50.28964705339267,251.98420997897463,0.2059690397392658,0.01,0.8911444948731201
3.25,102.0,0.7058823529411765,0.7058823529411765,324.10133806731915,60.7679196963842,211.89261887185907,400.0,343.2292925853865,227.49785117020332,400.0,0.1037103892000618,0.01,0.6159498854580683
2.07,65.0,0.5384615384615384,0.6,133.73317193297476,90.39489877659832,50.0,243.40070273411817,53.588673126814655,50.58097201509612,241.44129359288445,0.1141519825867725,0.01,0.9459302094659092
3.46,109.0,0.7798165137614679,0.8440366972477065,230.44489055288105,62.66653422706379,182.34449771164336,400.0,211.89261887185907,183.82578067143567,379.888312789613,0.1651063888668651,0.01,0.9459302094659092
1.75475,55.0,0.6,0.6181818181818182,287.901267091986,49.91337130263129,232.40911739156792,375.3751986684572,268.51450055605267,243.40070273411817,368.92647743437567,0.1361542370705898,0.0100000000000004,0.8911444948731202
7.11625,223.0,0.7623318385650224,0.8609865470852018,102.58367227185472,8.551763436245414,84.57676786314485,120.30250360821168,102.3373891996775,90.125046261083,115.5352696872273,0.1067774828201844,0.01,0.8911444948731202
2.3,72.0,0.8055555555555556,0.875,239.0294288824492,17.62837845069062,205.8604473286984,268.51450055605267,235.11350345883935,216.47069282476988,268.51450055605267,0.1671023625893122,0.0100000002088927,0.686082810930179
2.8055625,88.0,0.75,0.8295454545454546,164.03703237090744,146.2259378143469,50.0,400.0,53.59224911651785,50.0,400.0,0.1148938798928458,0.01,0.7571601330199093
3.0175625,95.0,0.6,0.6947368421052632,203.80406793118792,64.7833609689452,52.063107626740326,265.4303484677136,219.3649959389252,52.063107626740326,262.38162088748976,0.1286283238513547,0.01,0.6860828109301791
1.788625,56.0,0.7678571428571429,0.7678571428571429,215.84608757865203,46.10902275563785,137.3953647458089,266.96797083400685,228.41646786215435,139.33170199763848,262.38162088748976,0.1416016066082414,0.01,0.7571601330199093
3.9619375,124.0,0.8387096774193549,0.9516129032258064,256.880836139906,54.43932115030098,125.99210498948732,344.22057489773204,266.96797083400685,127.45606273192622,295.70768080615056,0.3474619072747184,0.0100000092874866,0.8911444948731203
12.155,380.0,0.7131578947368421,0.8026315789473685,173.8821529996096,24.244557544971045,53.280025081424206,219.3649959389252,170.1334321901711,149.83070768766817,209.4588245641254,0.110232638698545,0.01,0.8911444948731202
2.751375,86.0,0.6046511627906976,0.6046511627906976,205.0645449482571,93.0801857733588,52.66805179774179,306.66566893392013,246.2288826689832,52.97315471796477,277.98364396846745,0.127360419562099,0.01,0.8911444948731201
3.93,123.0,0.7723577235772358,0.8211382113821138,195.41436328673257,23.786967980471527,145.56531828421873,240.60500721642333,190.9683207820833,162.08597099046838,225.79288096122625,0.1278001775826731,0.01,0.7571601330199091
8.79,275.0,0.56,0.6836363636363636,158.05642366873656,37.25239535925465,50.28964705339267,240.60500721642333,164.33806291715806,120.99940892192926,217.28268247216232,0.125656022398862,0.01,0.8911444948731203
3.67,115.0,0.7217391304347827,0.7391304347826086,309.18936553136353,100.99964018360822,148.96774631227024,400.0,366.80161728186846,151.57165665103983,400.0,0.4276773898150698,0.01,1.0
3.7099375,116.0,0.8103448275862069,0.9310344827586208,204.42398493129727,66.28901578386848,50.0,319.31935454265994,218.75516551107,85.55950256826023,273.20805135087915,0.1243722409341928,0.01,0.6860828109301792
4.6775,147.0,0.8503401360544217,0.8707482993197279,228.99157445382352,20.497318851964344,187.68759933422865,281.2136583244699,227.10088581417543,207.05298476827548,257.2799635664078,0.1475661499287874,0.01,0.8266685594724995
2.7859375,88.0,0.7954545454545454,0.8295454545454546,260.5471747808105,32.653428075945584,214.35469250725865,312.0260904053494,260.87041395311286,219.3649959389252,308.44216508158814,0.2725425499290672,0.0100000000217015,0.9848789761259924
1.3486875,43.0,0.8372093023255814,1.0,230.5745466995268,27.82864994764173,192.07458901020084,274.79072949161787,221.9175964793969,197.13346188981475,271.6390202922586,0.2214741483567641,0.0100000781022803,0.7571601330199091
5.2891875,166.0,0.7891566265060241,0.8975903614457831,241.0154056507092,62.694567587061975,157.8258294677283,358.423856764781,218.10154653305156,180.25009252216609,346.2146244024572,0.2078882174152377,0.01,0.9459302094659092
2.93,92.0,0.8152173913043478,0.8695652173913043,236.75133505937765,31.078315782553148,178.17974362806785,303.14331330207966,236.47155720542963,209.4588245641254,297.93549262454053,0.3567811090234741,0.0100000008140149,0.8266685594724995
11.4399375,358.0,0.8128491620111732,0.8994413407821229,180.0710057683135,35.1927468353625,119.60961217374036,301.3973362949152,174.11011265922482,141.4213562373095,243.40070273411817,0.1005760337362209,0.01,0.8911444948731203
1.865,59.0,0.847457627118644,0.9322033898305084,183.1728010768881,64.08535023319955,52.36470614103133,229.73967099940705,211.2824130314131,52.66805179774179,225.92368144652116,0.17027816742382,0.01,0.9459302094659092
5.43,170.0,0.788235294117647,0.888235294117647,193.715272825027,61.15634288368091,129.68395546510095,326.78309064822,168.1792830507429,135.26966954659295,322.47151252761694,0.1425206279451975,0.01,0.9848789761259924
2.8299375,89.0,0.550561797752809,0.550561797752809,280.0598045211398,68.13684386775064,216.8453740602837,400.0,228.41646786215435,219.3649959389252,384.1749611349534,0.1284198127073745,0.01,0.8266685594724996
3.8999375,122.0,0.5983606557377049,0.5983606557377049,291.12111873665094,56.86868710389339,174.11011265922482,400.0,284.4812036394563,234.02627602114364,360.93223462518415,0.1323660470396861,0.01,0.9459302094659092
4.9399375,155.0,0.7548387096774194,0.8580645161290322,139.05866557833372,65.20716298880964,50.0,232.40911739156792,179.21192838239048,50.0,202.3238880603845,0.1472147326131147,0.01,0.9459302094659092
3.665625,115.0,0.6086956521739131,0.6521739130434783,224.4914570450961,41.19729791888458,135.81724438273213,323.02966672001685,233.75544971224912,141.33990352980206,260.87041395311286,0.1451724040501919,0.0100000028711003,0.7571601330199091
2.79,88.0,0.6818181818181818,0.6818181818181818,238.61691513704343,40.14519164888223,174.11011265922482,342.23801027304086,237.16440280210125,195.3194331412364,299.66141537533633,0.134040785976657,0.01,0.7571601330199091
3.23,101.0,0.7920792079207921,0.8316831683168316,256.25588907290904,61.39857911206163,148.1097552286564,373.21319661472296,250.53288772482563,148.96774631227024,349.0341515122183,0.1023587647995172,0.0100000000002219,0.8911444948731203
4.23,133.0,0.5939849624060151,0.6090225563909775,173.80029810786343,25.743756310757064,143.06459324352582,221.91389441356895,171.11900513652043,146.40856959456255,205.8742641576774,0.1017513705600135,0.01,0.9848789761259924
12.1899375,381.0,0.7900262467191601,0.916010498687664,204.07966763232855,68.23374269766225,50.58097201509612,319.31935454265994,205.8604473286984,74.48387315613512,279.5939868358039,0.1271768870602607,0.01,0.8911444948731202
5.25,165.0,0.7515151515151515,0.7575757575757576,243.56038360743548,37.4479439047958,190.9683207820833,338.3070714525794,244.81070866093103,201.15858821357068,289.4538474880756,0.1326001973170829,0.01,0.8911444948731201
3.37,106.0,0.8018867924528302,0.8584905660377359,244.07125049782812,31.725941350120586,202.3238880603845,326.78309064822,236.47155720542963,215.59643660857105,310.59252027584495,0.2190975814565854,0.010000000001606,0.9848789761259924
7.4,232.0,0.7370689655172413,0.7413793103448276,236.1272313585476,42.25530274130322,155.11447618337343,336.3585661014858,224.49240966187452,192.07458901020084,296.2195104573129,0.1273339812833194,0.01,0.9459302094659092
2.1299375,67.0,0.8805970149253731,0.8805970149253731,205.6017160742401,139.6899013666705,50.0,400.0,209.4588245641254,50.0,381.93664156416656,0.1294351950349426,0.01,0.8911444948731204
2.34,74.0,0.7297297297297297,0.8108108108108109,156.23988961083072,54.65343576926637,50.58097201509612,240.60500721642333,174.61441747020092,63.83878318498511,201.97429810634037,0.1068998616698039,0.01,0.6159498854580681
6.54,205.0,0.8146341463414634,0.8195121951219512,166.75269034697402,53.71230179288087,105.94630943592954,348.2202253184496,144.7269237440378,114.20823393107716,240.60500721642333,0.1466713548008308,0.01,0.9459302094659092
1.18,37.0,0.7837837837837838,0.7837837837837838,282.40075241169063,29.67609908608206,220.63576443274928,346.2146244024572,271.6344887654643,259.0691410817447,315.3007418760303,0.1252979435827898,0.0100000000000001,0.7571601330199091
1.932,61.0,0.8032786885245902,0.9508196721311476,178.31560029546057,41.50998661677115,50.0,211.89261887185907,188.7748625363387,150.69866814745757,210.9162895271456,0.1197538593641487,0.01,0.686082810930179
7.33,230.0,0.6695652173913044,0.7086956521739131,202.67982235074768,41.792037647714274,50.0,299.66141537533633,207.05298476827548,186.60659830736148,232.40911739156792,0.1006414443200092,0.01,0.8266685594724996
12.34125,386.0,0.7124352331606217,0.7746113989637305,264.70978784581183,97.8681607997626,50.0,388.6127764614424,294.5134116201051,50.0,342.23801027304086,0.1384514332469782,0.01,0.9459302094659092
5.2599375,165.0,0.8606060606060606,0.9393939393939394,242.14193789623127,25.117631708920392,209.4588245641254,334.4212833154038,233.75544971224912,220.63576443274928,280.4130976271109,0.1975726946335536,0.01,0.9848789761259924
1.4123125,45.0,0.7777777777777778,0.7777777777777778,245.6370057866772,29.46214272222976,187.68759933422865,274.79072949161787,254.91212546385245,196.56411970905023,273.20805135087915,0.1021060039476353,0.01,0.3721358982975088
4.31,135.0,0.5703703703703704,0.7037037037037037,226.30019894858492,120.1515668667396,50.0,393.12823941810046,287.786716002164,50.0,375.3751986684572,0.1154194895986663,0.01,0.8911444948731203
7.8399375,245.0,0.710204081632653,0.7306122448979592,148.38296438223736,27.88595303032129,104.72941228206268,216.8453740602837,151.57165665103983,117.08084458779544,195.8868002655516,0.1015824760232766,0.01,0.8911444948731202
4.2586875,134.0,0.582089552238806,0.664179104477612,160.10159660594297,45.56195992983108,50.0,253.44393965741244,168.1792830507429,50.87398460513432,208.0383432277979,0.1418219606775837,0.01,0.8911444948731204
1.36,43.0,0.1627906976744186,0.1627906976744186,342.8044573086669,0.8956314032144317,342.23801027304086,344.22057489773204,342.23801027304086,342.23801027304086,344.22057489773204,0.1202033777136449,0.01,0.9459302094659092
1.25,40.0,0.75,0.825,172.5013034506706,98.97108610065544,95.48416039104166,346.2146244024572,128.1944081920729,95.98198109369454,330.42997569113027,0.1477054199105662,0.0100000002088927,0.8266685594724995
1.3799375,44.0,0.8636363636363636,0.9545454545454546,274.4695951336568,78.50085281726886,168.1792830507429,400.0,245.5443711578116,168.1792830507429,400.0,0.1288143984483822,0.0100008027809272,0.5485250542599847
2.0199375,64.0,0.796875,0.875,180.00319629921282,64.25136905759415,50.0,233.75544971224912,208.25243050696125,52.66805179774179,225.79288096122625,0.1349800515201447,0.01,0.5485250542599844
2.42375,76.0,0.5921052631578947,0.5921052631578947,312.15509427412,31.84573080602995,256.3888163841458,400.0,312.0260904053494,257.8740616879158,361.8037734254988,0.1013073407545434,0.0100000000217015,0.8911444948731203
3.8999375,122.0,0.7131147540983607,0.7704918032786885,132.5696629107551,17.53871092803161,117.55479062836088,184.46323871718783,127.45606273192622,120.02534703442316,152.2286177549178,0.1274560494073023,0.01,0.9459302094659092
13.0399375,408.0,0.7671568627450981,0.8602941176470589,193.61247587465985,26.88393887157544,143.893358001082,259.3679109302019,190.9683207820833,156.1938000780098,228.41646786215435,0.1192427173216866,0.01,0.8911444948731202
5.73,180.0,0.7888888888888889,0.7888888888888889,205.59178059120717,33.120140829439606,158.74010519681997,276.38257599355524,198.27544441704435,172.20998992410227,266.8142085973776,0.1647125713043341,0.0100000000002219,0.8911444948731202
1.3,41.0,0.8292682926829268,0.926829268292683,156.74156485340956,30.54672651584573,120.30250360821168,194.3063882307212,175.62594850020338,121.7003513670591,189.5403556939743,0.1166706262110708,0.0100000470079773,0.6159498854580681
3.18,100.0,0.74,0.8,262.98255938038693,79.27703542258398,170.1334321901711,400.0,271.6344887654643,178.17974362806785,379.7368483802076,0.1375805616239946,0.01,0.8266685594724996
3.6084375,113.0,0.7345132743362832,0.8407079646017699,133.88439463369434,34.34715500616933,108.42268703014184,247.65527207548809,130.43520697655643,110.95694720678448,154.93579745485758,0.2054374796005269,0.01,0.8911444948731204
2.4199375,76.0,0.4078947368421052,0.4078947368421052,390.5466424885975,23.326192924885696,306.66566893392013,400.0,400.0,352.26634943845943,400.0,0.1323548735558848,0.01,0.7571601330199091
2.1599375,68.0,0.5147058823529411,0.5147058823529411,362.08403835122766,29.851520568907823,306.66566893392013,393.12823941810046,366.80161728186846,312.0260904053494,390.8639873736984,0.2121581864990951,0.01,0.8266685594724996
12.31,385.0,0.7792207792207793,0.903896103896104,171.60228003019031,51.392015858834064,50.0,235.10958125672173,180.25009252216609,50.0,221.91389441356895,0.1745688939026657,0.01,0.8911444948731203
11.31,354.0,0.8248587570621468,0.9293785310734464,112.43219642038548,15.258860531034763,83.60532082885095,161.5148333600084,108.42268703014184,96.59363289248456,132.71517423385683,0.1570218262389444,0.01,0.8911444948731203
4.67,146.0,0.8424657534246576,0.8698630136986302,266.3331592266227,54.29287679851533,207.05298476827548,364.6889954232867,250.53288772482563,209.4588245641254,354.3070076409443,0.1276544757907614,0.01,0.9459302094659092
3.07,96.0,0.8333333333333334,0.96875,196.357216998916,19.809553271695727,158.74010519681997,240.60500721642333,201.15858821357068,169.05611045873502,221.28227657089195,0.2345817247797637,0.01,0.8911444948731202
5.5799375,175.0,0.84,0.9371428571428572,172.79986807790948,85.34013594015421,50.58097201509612,312.0260904053494,210.6722071909672,50.58097201509612,269.1366960270868,0.1215560829073485,0.01,0.8911444948731203
2.6299375,83.0,0.7590361445783133,0.8554216867469879,223.3354349810519,42.48069743367238,52.97315471796477,273.20805135087915,223.1994285260446,214.35469250725865,267.89767013838485,0.2467608786163718,0.0100000000000004,0.7571601330199091
1.8199375,57.0,0.7017543859649122,0.7017543859649122,176.19605928735055,58.38015734120358,109.05077326652577,249.08992447176465,214.9755645579148,110.8295022830523,244.81070866093103,0.1029128596750672,0.01,0.5485250542599847
6.6575,209.0,0.7607655502392344,0.84688995215311,176.1640154513201,33.78752339956777,53.89910915214276,227.10088581417543,174.11011265922482,145.56531828421873,219.3649959389252,0.1340354687293082,0.01,0.7571601330199091
2.86,90.0,0.7444444444444445,0.7444444444444445,116.58615093170792,3.4171069016972777,107.17734625362932,122.40535433046551,117.55479062836088,111.59971426302234,121.7003513670591,0.1782829402593333,0.01,0.8266685594724997
5.921375,186.0,0.6182795698924731,0.7043010752688172,303.9420492412852,46.56435518261432,215.59643660857105,400.0,301.3973362949152,251.1134166264852,400.0,0.146369748902076,0.0100000000000018,0.8911444948731202
10.6999375,335.0,0.8507462686567164,0.9044776119402984,207.56475968559025,28.93014117961832,156.91681957935012,281.2136583244699,208.25243050696125,174.5135565080057,250.53288772482563,0.2255655017128895,0.01,0.9848789761259924
1.753375,55.0,0.6181818181818182,0.8,190.84224098809423,51.16085122326727,50.28964705339267,256.3888163841458,213.1236556895589,94.5273166388393,218.10154653305156,0.1487530278400261,0.01,0.7571601330199091
6.87,215.0,0.6046511627906976,0.7116279069767442,241.1207355485648,68.19659108490816,171.11900513652043,400.0,210.6722071909672,183.40080864093423,348.2202253184496,0.1082172633377559,0.01,0.9459302094659092
3.074125,97.0,0.7010309278350515,0.7731958762886598,259.43176212020967,101.87790896977955,50.28964705339267,400.0,291.9738878787813,51.6738058841006,373.21319661472296,0.152392695944049,0.01,0.8911444948731202
4.159125,130.0,0.6692307692307692,0.7230769230769231,248.6868354945665,35.10944748099848,202.3238880603845,375.3751986684572,243.40070273411817,206.57596979244465,299.66141537533633,0.1121916907008826,0.01,0.8266685594724994
1.0199375,32.0,0.40625,0.46875,343.5204229814515,29.851850556204997,310.2289523667469,400.0,352.26634943845943,310.2289523667469,383.40792944340274,0.1432711858561166,0.0100000000002219,0.8911444948731203
1.8525625,58.0,0.6724137931034483,0.7931034482758621,295.3249535813406,39.25464674891213,225.79288096122625,338.3070714525794,312.0260904053494,228.41646786215435,334.8087398726202,0.2082980437489406,0.0100000000217015,0.8911444948731202
2.4415625,77.0,0.7402597402597403,0.7402597402597403,247.57957132584843,28.58189064562404,194.3063882307212,296.2195104573129,250.53288772482563,204.6952261463936,276.38257599355524,0.1158660663747186,0.01,0.686082810930179
1.7799375,56.0,0.625,0.625,173.43436599832097,6.851889042333174,164.33806291715806,204.67477839935492,172.11028744886602,168.1792830507429,180.25009252216609,0.1365640240840985,0.01,0.4849868077159113
1.61,51.0,0.9803921568627452,0.9803921568627452,203.6912472236689,30.637698591699905,149.83070768766817,240.60500721642333,218.10154653305156,167.92986411159575,236.6085437849411,0.1683378407117525,0.0100002063390313,0.7571601330199093
2.3499375,74.0,0.5405405405405406,0.6756756756756757,183.00759077346737,61.66160303977814,50.87398460513432,229.73967099940705,211.2824130314131,51.43547010894102,223.1994285260446,0.1785640156831123,0.01,0.8911444948731201
6.5375,205.0,0.6878048780487804,0.7024390243902439,252.4890265606313,77.63134042618647,76.66641723348003,368.92647743437567,244.81070866093103,107.79821830428553,356.35948725613576,0.1457060007223456,0.01,0.757160133019909
4.4499375,140.0,0.3571428571428571,0.4785714285714286,331.42836225243605,62.46688676333259,227.10088581417543,400.0,345.2291177957452,228.41646786215435,400.0,0.1154198624067089,0.0100000000039966,0.8266685594724997
1.99,63.0,0.7142857142857143,0.7777777777777778,102.45303525546396,63.64367701854608,50.0,219.3649959389252,50.58097201509612,50.58097201509612,184.67941748933083,0.1670905165670129,0.01,0.8911444948731205
6.36,199.0,0.7688442211055276,0.8743718592964824,188.7990964694882,47.90286495722077,50.58097201509612,266.96797083400685,198.8480847635095,159.51017941989417,224.49240966187452,0.219625223796145,0.01,0.8911444948731202
4.3199375,135.0,0.5777777777777777,0.7037037037037037,208.26271018549477,47.34999018757071,135.81724438273213,273.20805135087915,181.29427068562208,165.6868016584435,271.6344887654643,0.1674319066328903,0.01,0.9848789761259924
6.8486875,215.0,0.8558139534883721,0.9674418604651164,210.7141553812735,39.87785101129026,125.2664438624128,315.65165893545657,205.8604473286984,175.42305801259283,275.90502204297405,0.1269898145435819,0.01,0.6860828109301791
5.465875,171.0,0.783625730994152,0.8947368421052632,145.04171465819763,71.11802287321736,50.0,237.8414230005442,177.1535038204721,50.58097201509612,220.25453388460207,0.1075306066055941,0.01,0.8266685594724995
5.44225,171.0,0.8304093567251462,0.9473684210526316,246.8058937626425,61.988042419449165,169.1535357262897,400.0,212.506359598778,190.9683207820833,338.3070714525794,0.1380450907479232,0.0100000000002219,0.7571601330199091
1.62,51.0,0.6666666666666666,0.6666666666666666,243.1822465761988,32.40476880036066,201.15858821357068,306.66566893392013,232.40911739156792,204.2052910929856,279.5939868358039,0.1743250781766906,0.01,0.7571601330199093
2.4699375,78.0,0.5897435897435898,0.5897435897435898,270.2213332886693,40.85160753614331,192.07458901020084,388.6127764614424,272.47580740123715,214.71238693728,313.83363915870024,0.1227746262485702,0.01,0.6860828109301791
8.6010625,269.0,0.7657992565055762,0.8066914498141264,230.7382034227716,19.95318003743823,183.40080864093423,271.6344887654643,232.40911739156792,202.327263317054,257.8740616879158,0.1197627689899731,0.01,0.9459302094659092
1.8799375,59.0,0.6440677966101694,0.711864406779661,177.01530953058835,87.81642250617158,50.58097201509612,259.3679109302019,207.0564389178298,50.58097201509612,257.8740616879158,0.1265575760703102,0.01,0.6159498854580682
3.5825,112.0,0.9196428571428572,0.9821428571428572,276.1140874940381,56.08271416606272,160.5845763726753,371.0636467765238,274.79072949161787,206.0989548166138,350.237444562354,0.1601992288525859,0.0100000052162294,0.6860828109301793
4.7099375,148.0,0.8175675675675675,0.8918918918918919,181.26687395799212,42.50695617512624,88.06658735961484,232.40911739156792,193.1872657849691,112.2462048309373,225.79288096122625,0.186894790654988,0.01,0.9459302094659092
6.25,196.0,0.4846938775510204,0.5510204081632653,268.46726987072344,64.45233525035394,170.1334321901711,400.0,262.38162088748976,184.89067258561747,388.6127764614424,0.1108783137025104,0.0100000000006138,0.8266685594724995
1.68,53.0,0.5283018867924528,0.5283018867924528,235.2935977274379,13.032635860006506,197.7028040705792,249.08992447176465,239.912115781952,215.2239133781773,248.08566779437103,0.1038756018687285,0.0100000000000004,0.5485250542599847
3.0599375,96.0,0.6979166666666666,0.6979166666666666,307.4024147359218,57.53029063749297,216.8453740602837,400.0,292.81713918912504,218.10154653305156,385.5075798879793,0.117130377417549,0.01,0.6860828109301791
5.31,166.0,0.608433734939759,0.608433734939759,324.5960139494276,46.352103032451495,225.79288096122625,400.0,324.9009585424942,277.98364396846745,400.0,0.1199518965732231,0.01,0.7571601330199091
5.15125,161.0,0.7267080745341615,0.7577639751552795,243.08588307403852,34.4288156473788,184.46323871718783,319.31935454265994,237.8414230005442,208.25243050696125,303.14331330207966,0.1271456878007779,0.01,0.7571601330199091
4.1199375,129.0,0.689922480620155,0.7364341085271318,168.28266964319627,77.45108734880986,102.3373891996775,386.3745315699383,159.65967727133,103.52649238413775,313.1169144030075,0.1136120675650746,0.0100000000000018,0.7571601330199091
3.4253125,108.0,0.6574074074074074,0.7870370370370371,359.2360645157666,29.50674909533616,294.5134116201051,400.0,366.80161728186846,308.44216508158814,393.12823941810046,0.1077672700862001,0.01,0.8911444948731204
2.2099375,70.0,0.6571428571428571,0.6571428571428571,246.49675545531215,31.45574282421001,190.9683207820833,296.2195104573129,242.0149665042059,208.2559046662004,289.4538474880756,0.1136360282273499,0.01,0.5485250542599845
2.5705625,81.0,0.419753086419753,0.419753086419753,246.30989244588596,19.547046950327157,228.41646786215435,282.842712474619,233.0822835519085,228.41646786215435,279.110883975603,0.1810091613651857,0.01,0.8911444948731202
2.838,89.0,0.8089887640449438,0.9213483146067416,143.23198401603133,62.55400381647705,50.0,214.35469250725865,177.1535038204721,50.05809720150961,204.32315938077653,0.1241035177663272,0.01,0.7571601330199093
2.5299375,80.0,0.8625,0.95,176.8720421194228,15.883243660169711,148.96774631227024,210.6722071909672,178.17974362806785,158.01497939413068,204.67477839935492,0.1818806917299017,0.0100000008140149,0.8266685594724996
6.0099375,188.0,0.7553191489361702,0.8457446808510638,175.7066482238345,83.0867410341974,50.0,400.0,178.17974362806785,50.58097201509612,238.27126901267343,0.1466681579239651,0.01,0.9848789761259924
10.75,336.0,0.8363095238095238,0.8660714285714286,194.2404684472345,29.137218917413687,150.69866814745757,317.4802103936399,186.60659830736148,162.4504792712471,237.8414230005442,0.1110999158275556,0.01,0.6860828109301792
3.62,114.0,0.6140350877192983,0.7543859649122807,265.3297224754584,94.07792832338218,50.0,371.0636467765238,287.786716002164,50.0,358.63148959273616,0.1165570118028373,0.01,0.7571601330199093
3.099,97.0,0.5876288659793815,0.5876288659793815,357.89582336073624,80.09732576980096,104.12621525348064,400.0,375.3751986684572,349.43055686479227,400.0,0.2471268448475065,0.01,1.0
2.7099375,85.0,0.8235294117647058,0.8823529411764706,244.43964055475908,24.375332307255647,180.25009252216609,279.5939868358039,246.94207737223564,214.23123328910245,276.54268279104645,0.2803213237855176,0.0100000000000001,0.8911444948731202
1.25,40.0,0.65,0.65,202.62042676608655,20.099183302508724,167.2106416577019,243.40070273411817,213.7373964164777,174.61441747020092,221.28221223248488,0.1379755996381046,0.01,0.6860828109301791
5.6999375,179.0,0.7486033519553073,0.8659217877094972,178.23698947171144,65.7697063768195,50.0,274.79072949161787,200.0,53.15781024061973,231.07053937445465,0.1030294671392622,0.01,0.7571601330199093
5.2199375,164.0,0.8414634146341463,0.8963414634146342,226.929757216307,31.020023946093485,176.1331747192297,310.2289523667469,226.44688338770084,184.46323871718783,269.4504970188761,0.1062787540815546,0.01,0.686082810930179
2.68,84.0,0.5833333333333334,0.6190476190476191,359.1722244280703,38.35155401692192,266.96797083400685,400.0,358.423856764781,303.14331330207966,400.0,0.1046445107000547,0.0100000052162294,0.7571601330199093
8.34875,261.0,0.7471264367816092,0.8352490421455939,136.87654877597583,33.22928085575461,75.7858283255199,273.20805135087915,131.19081044374488,103.16873115226464,172.70850230028356,0.1303647869682215,0.01,0.8911444948731203
10.97,343.0,0.7784256559766763,0.8717201166180758,207.5402438506476,33.71817672151038,63.72803136596311,281.2136583244699,211.89261887185907,167.2106416577019,255.5028018319698,0.1253626491291418,0.01,0.9848789761259924
7.1299375,223.0,0.8161434977578476,0.9147982062780268,194.6909638468244,36.963571754729,151.57165665103983,310.2289523667469,183.40080864093423,156.0130452026747,241.9988178438585,0.1962891772586475,0.01,0.9459302094659092
3.6,113.0,0.7964601769911505,0.8761061946902655,211.91144915675557,18.531284277719283,132.71517423385683,243.40070273411817,214.35469250725865,196.56411970905023,226.3206468025491,0.1800142640908293,0.01,0.6860828109301791
3.92,123.0,0.8048780487804879,0.959349593495935,169.17286103350656,38.57036269472847,128.1944081920729,281.2136583244699,155.11447618337343,132.71517423385683,228.27406827632333,0.1025518160601005,0.0100000015465542,0.6860828109301791
10.0799375,315.0,0.7841269841269841,0.8825396825396825,178.782024983355,85.10769747317016,50.0,358.423856764781,209.4588245641254,50.0,261.4748967268636,0.1426721085400327,0.01,0.8266685594724996
4.8899375,153.0,0.8366013071895425,0.9477124183006536,178.74452489945384,26.354041743722583,116.20455869578394,231.07053937445465,178.17974362806785,146.1555942014594,215.97111784408483,0.1022785780671682,0.0100000000000001,0.8266685594724996
11.6399375,364.0,0.8461538461538461,0.9175824175824177,172.61679369357716,26.787131065913368,111.59971426302234,224.49240966187452,179.21192838239048,134.8016713151812,209.4588245641254,0.1112469449298965,0.0100000000095059,0.9848789761259924
9.87,309.0,0.7831715210355987,0.906148867313916,189.56481398998372,99.96293832661844,50.0,400.0,216.22090533442736,50.87398460513432,304.8994046511524,0.123537157477858,0.01,0.7571601330199091
5.8870625,184.0,0.7989130434782609,0.9510869565217392,155.88968860411245,74.00225133109412,50.58097201509612,249.08992447176465,181.29427068562208,50.87398460513432,243.9647051048433,0.2050259560740339,0.01,0.9848789761259924
9.5099375,298.0,0.8187919463087249,0.8657718120805369,282.6790887985945,60.49848504800427,50.0,400.0,285.3147142383915,205.030479078158,343.6258055103247,0.1437664366363533,0.01,0.9459302094659092
2.778375,87.0,0.7241379310344828,0.8620689655172413,206.5062089680884,24.78390572118613,185.5318233882619,299.66141537533633,194.3063882307212,186.60659830736148,234.83875494782723,0.1056823414862078,0.01,0.6860828109301792
8.834,277.0,0.7509025270758123,0.8194945848375451,118.14195633009302,31.27079078817772,50.0,171.11900513652043,119.60961217374036,63.36098491435311,159.65967727133,0.1160606948442868,0.01,0.8911444948731202
12.0,376.0,0.726063829787234,0.8218085106382979,145.11662035763126,77.94352939040728,50.0,279.5939868358039,184.46323871718783,50.58097201509612,217.850312038498,0.139405378492381,0.01,0.8911444948731203
5.0299375,158.0,0.7468354430379747,0.810126582278481,233.0832662247089,51.44848866447754,50.0,273.20805135087915,249.08992447176465,211.89261887185907,263.9015821545788,0.1781358968976163,0.01,0.8911444948731201
3.07,96.0,0.8020833333333334,0.875,318.5453770235542,41.25669885001645,247.65527207548809,400.0,319.31935454265994,253.44393965741244,365.5340441667194,0.1140119066609933,0.0100000278502622,0.9459302094659092
4.4321875,139.0,0.6546762589928058,0.7841726618705036,266.37234744545776,78.69377558308783,50.0,400.0,250.53288772482563,228.41646786215435,388.6127764614424,0.1634377900014669,0.01,0.9848789761259924
2.2223125,70.0,0.6571428571428571,0.6571428571428571,264.7145065800676,66.9453015667489,173.1073122012286,360.5001850443321,274.79072949161787,174.11011265922482,354.3070076409443,0.1845311094929133,0.01,0.8266685594724996
6.43675,202.0,0.7821782178217822,0.7970297029702971,245.78919452512477,38.96785756335715,183.40080864093423,364.6889954232867,245.51979566495712,200.81101174949947,270.5393390931859,0.1374209699301666,0.01,0.8911444948731202
11.1126875,348.0,0.8649425287356322,0.9339080459770116,218.0824961132718,16.626292175950958,172.11028744886602,276.38257599355524,220.63576443274928,194.3063882307212,236.47155720542963,0.1612067905104068,0.0100000000000004,0.8911444948731203
3.54,111.0,0.7927927927927928,0.8288288288288288,226.3108353815908,31.805811960931223,169.1535357262897,308.44216508158814,213.12010032569688,192.64693052240645,271.6344887654643,0.1513894326152771,0.01,0.6159498854580682
9.5,297.0,0.8585858585858586,0.8888888888888888,218.23067744553808,40.8131899733981,168.1792830507429,360.5001850443321,211.89261887185907,180.25009252216609,241.9988178438585,0.2276017289008616,0.0100000000000004,0.8911444948731203
4.1924375,132.0,0.6666666666666666,0.75,153.87995200258436,50.0804775742652,50.0,202.3238880603845,176.6433392698509,50.58097201509612,194.9837076742199,0.1071410560098026,0.01,0.686082810930179
2.0025,63.0,0.5555555555555556,0.5714285714285714,238.7321276506883,50.49331438878179,172.11028744886602,306.66566893392013,201.15858821357068,188.55992927657877,304.8994046511524,0.1098479164776805,0.01,0.6860828109301791
6.0649375,190.0,0.7368421052631579,0.7789473684210526,309.5248337657993,56.66002750853448,241.9988178438585,400.0,293.6750735128752,246.2288826689832,388.6127764614424,0.1193221685911344,0.01,0.9459302094659092
4.67,146.0,0.7876712328767124,0.7945205479452054,320.61606700056586,33.98282435211994,244.81070866093103,390.8639873736984,332.4951584571151,263.9015821545788,350.237444562354,0.1884860035359198,0.01,0.7571601330199094
6.5899375,206.0,0.6553398058252428,0.6553398058252428,291.7072615332032,52.35594028976259,181.29427068562208,400.0,291.13063656843747,235.6543716362049,361.75319884047934,0.1780256170209789,0.01,0.9459302094659092
3.570625,112.0,0.8482142857142857,0.9464285714285714,200.74974494913576,16.139380623085554,163.39154532410998,216.8453740602837,207.05298476827548,172.11028744886602,215.59643660857105,0.4597906894881906,0.0100090254933429,0.9459302094659092
9.6366875,302.0,0.7880794701986755,0.9006622516556292,262.1458587658133,39.450714427043565,189.86842419010387,364.6889954232867,250.53288772482563,221.91389441356895,319.8742940034671,0.121700970975859,0.01,0.8266685594724996
10.93,342.0,0.7426900584795322,0.7953216374269005,239.7529259011584,45.51433592604194,178.17974362806785,400.0,228.41646786215435,194.6440698675596,290.6275998443289,0.1307654842592536,0.01,0.7571601330199093
6.719375,210.0,0.6095238095238096,0.6095238095238096,287.6949439496422,37.43502540043031,215.59643660857105,366.80161728186846,283.6619580570376,244.3877068828872,340.26686438034227,0.1603972746585769,0.01,0.9459302094659092
7.2199375,226.0,0.7787610619469026,0.7787610619469026,226.57974750274303,33.02103704336985,172.11028744886602,308.44216508158814,216.8453740602837,187.68759933422865,268.51450055605267,0.123608918324975,0.01,0.8266685594724995
8.114625,254.0,0.8858267716535433,0.9488188976377953,259.07033521648464,41.33152432066449,204.67477839935492,400.0,249.08992447176465,221.91389441356895,320.42923346427426,0.1681534536849289,0.0100000000095059,0.8266685594724995
4.0520625,127.0,0.6771653543307087,0.7480314960629921,172.90189189766977,85.82672856124404,50.0,268.51450055605267,220.00038018583723,50.144823526696335,260.87041395311286,0.1311017451351591,0.01,0.7571601330199091
7.8423125,246.0,0.7479674796747967,0.8536585365853658,152.526308168387,79.88118028698248,50.0,271.6344887654643,194.8691909587852,50.0,239.21922434748075,0.1244663418234034,0.01,0.8266685594724995
7.46,234.0,0.6794871794871795,0.6794871794871795,287.35701594638823,74.0447606677064,171.11900513652043,400.0,301.3973362949152,177.1535038204721,371.0636467765238,0.1071835103413441,0.0100000000000018,0.8911444948731204
1.73,55.0,0.7090909090909091,0.7090909090909091,219.26719767361405,17.55338497515054,187.68759933422865,241.9988178438585,224.49240966187452,187.68759933422865,235.10958125672173,0.3627326361320411,0.01,0.9848789761259924
4.7050625,148.0,0.6486486486486487,0.7702702702702703,296.08734210876884,46.25428904886062,215.59643660857105,400.0,290.2922420282565,249.81140609829515,376.46246187056727,0.1126811536719512,0.01,0.8266685594724995
3.93,123.0,0.6829268292682927,0.7317073170731707,310.0449562326447,76.71776984588385,121.7003513670591,379.7368483802076,351.2518970004068,152.7158810899528,368.2890193886235,0.1245065487371967,0.01,0.8911444948731203
4.9995,157.0,0.7770700636942676,0.8280254777070064,245.07578864239093,36.99930656826224,176.1331747192297,319.31935454265994,243.40070273411817,202.3238880603845,313.65288428336515,0.1502958976438113,0.01,0.8911444948731202
4.81725,151.0,0.8079470198675497,0.9072847682119204,139.4252773244057,75.24284917753651,50.0,250.53288772482563,184.46323871718783,50.58097201509612,217.97592928577475,0.1117774551909223,0.01,0.6860828109301791
2.2599375,71.0,0.7887323943661971,0.8450704225352113,197.1826240261069,92.37588227559974,50.28964705339267,296.2195104573129,234.43251548448544,59.80480608687019,283.6619580570376,0.1405265226592704,0.01,0.7571601330199091
1.74,55.0,0.5818181818181818,0.5818181818181818,227.22244967103217,30.04580717599904,178.17974362806785,257.8740616879158,243.46567373615443,181.3992933882242,256.3888163841458,0.1319846692553246,0.01,0.6860828109301791
7.6181875,239.0,0.8535564853556485,0.9581589958158996,234.57139049250569,38.85241079240146,168.1792830507429,317.4802103936399,224.49240966187452,186.93089861542165,300.8765600190416,0.112815751438444,0.01,0.9848789761259924
2.302125,72.0,0.7638888888888888,0.7638888888888888,255.47943239104737,45.07673044400262,161.5148333600084,313.83363915870024,281.2136583244699,187.22165751643703,305.959163220813,0.1820095068847689,0.01,0.6860828109301791
9.3899375,294.0,0.7653061224489796,0.8367346938775511,180.8259339480971,37.47200960202149,124.5449622358823,317.4802103936399,180.25009252216609,131.9507910772894,214.35469250725865,0.1903412029647781,0.01,0.8911444948731203
6.66,209.0,0.7894736842105263,0.8373205741626795,173.1021589321141,34.45761625668211,100.0,223.1994285260446,183.40080864093423,120.86164271175063,215.84910143907365,0.1219943487870752,0.01,0.9848789761259926
5.0299375,158.0,0.8417721518987342,0.8417721518987342,190.80716645531177,32.98349307784873,146.40856959456255,289.4538474880756,182.34449771164336,162.4504792712471,252.52931677513104,0.1002792293110483,0.0100000001014293,0.7571601330199094
3.46,109.0,0.944954128440367,0.963302752293578,240.1902232477766,80.47937202688902,180.25009252216609,400.0,190.9683207820833,184.46323871718783,379.7368483802076,0.2640012145889603,0.0100000000000238,0.9459302094659092
4.3053125,135.0,0.7185185185185186,0.8666666666666667,194.11347590813693,91.26962170301672,50.0,282.842712474619,240.60500721642333,50.0,271.6344887654643,0.1610044045273218,0.01,0.8911444948731202
1.56,49.0,0.5306122448979592,0.6938775510204082,121.60858400008487,70.68487594882428,50.28964705339267,207.05298476827548,119.71299246920664,50.28964705339267,197.70610223627983,0.1415975953226632,0.01,0.7571601330199093
2.3799375,75.0,0.5333333333333333,0.5333333333333333,340.43071662208774,58.26621726362747,246.2288826689832,400.0,377.57491908944473,257.57786806550945,400.0,0.1047232910820469,0.0100000002088927,0.7571601330199093
4.43,139.0,0.6474820143884892,0.7482014388489209,258.21296676837585,101.99318626292204,50.0,346.2146244024572,303.14331330207966,50.0,340.26686438034227,0.1800089791900412,0.01,0.7571601330199093
2.8999375,91.0,0.7912087912087912,0.8241758241758241,187.73824053183435,16.955669513338147,158.74010519681997,225.79288096122625,183.40080864093423,168.1792830507429,210.6722071909672,0.1721517088047957,0.01,0.8266685594724995
1.6015625,51.0,0.9607843137254902,0.9607843137254902,291.5646844961089,40.7014822267816,243.40070273411817,366.80161728186846,286.12918648705164,247.65527207548809,359.25679368607365,0.1963684105829101,0.0100000001014293,0.8911444948731202
1.86,59.0,0.8813559322033898,0.8983050847457628,240.01500323081476,33.16221384568322,197.7028040705792,294.5134116201051,231.07053937445465,197.81733213987224,292.81713918912504,0.272972311711589,0.0100000015465542,0.7571601330199091
24.1261875,754.0,0.8355437665782494,0.93368700265252,133.75072761186553,72.29074392464756,50.0,270.06998923363795,173.1073122012286,50.58097201509612,216.8453740602837,0.1091846479017465,0.01,0.9459302094659092
6.1914375,194.0,0.7164948453608248,0.8092783505154639,256.80137805393485,26.26096571159796,185.5318233882619,317.4802103936399,254.91212546385245,234.83875494782723,296.2195104573129,0.192450282539156,0.0100000000000754,0.8911444948731202
1.37,43.0,0.2325581395348837,0.2325581395348837,253.7375768187005,0.5872743225760019,253.44393965741244,254.91212546385245,253.44393965741244,253.44393965741244,254.91212546385245,0.1303434818026869,0.0100000000095059,0.7571601330199093
4.3096875,135.0,0.7925925925925926,0.8666666666666667,234.58618295036575,31.960978237954546,176.1331747192297,299.66141537533633,231.07053937445465,193.64652452494283,268.2087781938593,0.175519548990154,0.01,0.8266685594724995
1.8399375,58.0,0.8103448275862069,0.896551724137931,219.5344258015211,37.88439520607157,165.29006363084235,276.38257599355524,231.07053937445465,169.55565974499302,266.0453974142309,0.1132212068788505,0.01,0.6159498854580682
5.1099375,160.0,0.7125,0.84375,167.8721474508653,83.6566657684262,50.28964705339267,271.6344887654643,207.05298476827548,50.58097201509612,259.3679109302019,0.150555033544719,0.01,0.9848789761259924
9.536625,299.0,0.7993311036789298,0.802675585284281,247.04416317873583,28.00853635351917,207.05298476827548,326.78309064822,237.8414230005442,220.63576443274928,291.467937092575,0.2014805790214669,0.01,0.9848789761259924
4.875,153.0,0.7647058823529411,0.803921568627451,196.80278435204883,23.98152976395381,154.22108254079407,254.91212546385245,193.1872657849691,172.11028744886602,239.21922434748075,0.2022877623844867,0.01,0.9848789761259924
2.25,71.0,0.7605633802816901,0.8028169014084507,282.1359291960237,78.38942852942247,196.56411970905023,400.0,256.3888163841458,200.3475764640712,394.72239752424105,0.1347395043937079,0.0100000008140149,0.6860828109301791
5.6999375,179.0,0.7597765363128491,0.8547486033519553,261.7576643824,43.53849538065818,178.17974362806785,358.423856764781,262.38162088748976,204.67477839935492,319.31935454265994,0.1250717425767346,0.01,0.7571601330199091
1.74,55.0,0.7818181818181819,0.9090909090909092,192.7036957455439,97.01370627588922,64.09720409603644,352.26634943845943,166.24757922855756,64.84197773255048,350.237444562354,0.1077783463146363,0.01,0.6159498854580681
2.7699375,87.0,0.7471264367816092,0.7471264367816092,257.5102572879693,71.80125325656249,165.29006363084235,393.12823941810046,225.79288096122625,184.68312450750517,371.9457661138217,0.115570854686988,0.01,0.686082810930179
9.79,306.0,0.7516339869281046,0.8071895424836601,170.92044655796064,41.42913738937997,57.76763484361365,276.38257599355524,171.61464629269324,122.40535433046551,228.41646786215435,0.1033096666512914,0.01,0.7571601330199091
10.1535,318.0,0.8081761006289309,0.89937106918239,283.09921473443865,57.47502177472964,172.11028744886602,400.0,274.79072949161787,209.4797502545948,378.4245743956895,0.1165907360390477,0.01,0.9459302094659092
2.8399375,89.0,0.8539325842696629,0.8764044943820225,273.96211196899685,54.962575273238485,196.56411970905023,393.12823941810046,260.87041395311286,207.05298476827548,369.0249550585047,0.1502741423397784,0.0100000000002219,0.9459302094659092
2.394625,75.0,0.6933333333333334,0.7866666666666666,169.3178416029373,97.35113244983177,50.0,254.91212546385245,244.1057056975246,50.0,251.98420997897463,0.1527293357829084,0.01,0.8266685594724996
4.4303125,139.0,0.6546762589928058,0.7769784172661871,198.38107956403337,119.98456050125247,50.0,400.0,184.46323871718783,50.28964705339267,340.26686438034227,0.1704370151549655,0.01,0.8266685594724995
1.07,34.0,0.8235294117647058,0.8235294117647058,171.07009085364763,22.387544638582188,145.56531828421873,210.6722071909672,180.25009252216609,145.56531828421873,202.213445269306,0.1076399740359523,0.01,0.6860828109301791
2.62,82.0,0.8536585365853658,0.902439024390244,201.4009578034105,55.99738027184403,85.06671609508557,292.81713918912504,204.15345466381743,98.79446781721316,259.6692819259307,0.1435728414765372,0.01,0.686082810930179
3.46,109.0,0.7889908256880734,0.8532110091743119,126.6050538887912,30.36511504928044,63.36098491435311,175.11872228117704,119.96006021110068,105.64120651570656,174.11011265922482,0.1537016944164592,0.01,0.7571601330199091
4.7210625,148.0,0.7972972972972973,0.8108108108108109,261.32913140561607,31.78752922000818,209.4588245641254,336.3585661014858,250.54960586645024,222.81376829230192,306.66566893392013,0.2421593814069236,0.01,0.9848789761259924
0.99,31.0,0.6129032258064516,0.6129032258064516,228.92843585945187,31.21803877876903,157.8258294677283,253.44393965741244,243.40070273411817,161.32878196254177,251.98420997897463,0.1236485668257751,0.01,0.4260623290432808
4.5,141.0,0.7304964539007093,0.8368794326241135,189.11975642209936,56.84396555555219,50.0,233.75544971224912,209.4588245641254,50.0,225.79288096122625,0.2578042514594537,0.01,0.8911444948731202
4.2599375,134.0,0.746268656716418,0.8283582089552238,308.4391468266149,60.868238869719946,208.25243050696125,388.6127764614424,314.74264904707843,236.47155720542963,382.1578952097901,0.101856373105402,0.0100000000000004,0.7571601330199093
8.1199375,254.0,0.6771653543307087,0.7519685039370079,262.6328598921568,54.00076965024175,165.29006363084235,375.3751986684572,257.8740616879158,197.7028040705792,350.0357226379636,0.1156384158256183,0.010000000001606,0.9459302094659092
3.5274375,111.0,0.7837837837837838,0.7837837837837838,235.28543402356047,38.33431395464855,153.3328344669601,319.31935454265994,249.08992447176465,168.76383465607097,268.51450055605267,0.1257931177943068,0.01,0.8911444948731201
2.3899375,75.0,0.84,0.9333333333333332,224.0395400510096,49.859968880707534,126.7219698287062,294.5134116201051,240.60500721642333,158.00868461354665,275.74767106502003,0.1196680765887583,0.01,0.7571601330199091
5.2586875,165.0,0.8242424242424242,0.8303030303030303,131.10235932716725,36.9093978807044,83.12378961427878,232.40911739156792,119.956057890976,103.8263538188092,221.91389441356895,0.1220299188500835,0.01,0.9459302094659092
3.1316875,98.0,0.8061224489795918,0.8163265306122449,319.2453145811224,65.41196515824548,208.25243050696125,400.0,342.23801027304086,212.63052169875093,382.3791488554136,0.1111981804059774,0.0100000028711003,0.8911444948731203
5.1,160.0,0.75625,0.7625,261.84607276213427,52.37593841884584,202.3238880603845,368.92647743437567,235.10958125672173,210.6722071909672,352.26634943845943,0.2172771380308478,0.01,0.9459302094659092
4.8150625,151.0,0.543046357615894,0.5496688741721855,257.13710957595345,19.44372649052065,223.1994285260446,289.4538474880756,263.9015821545788,226.05523965131903,279.43295254907025,0.1847687310979675,0.01,0.9459302094659092
3.46,109.0,0.6605504587155964,0.6605504587155964,204.3785699398104,30.349977743851465,156.0130452026747,281.2136583244699,190.4183724860936,162.73443770720664,246.087065268178,0.1050144414329144,0.01,0.6860828109301792
4.5655625,143.0,0.4545454545454545,0.6013986013986014,345.49225662185484,57.276264674611646,227.10088581417543,400.0,375.3751986684572,241.1625314673974,400.0,0.1012499856220034,0.01,0.8266685594724996
11.68,366.0,0.8087431693989071,0.918032786885246,97.68119164479737,27.46816433850993,50.0,143.893358001082,105.94630943592954,51.91490898660297,127.82523546199955,0.1109703553008621,0.01,0.8266685594724996
4.33,136.0,0.8308823529411765,0.9117647058823528,174.61145805197478,37.7811330955012,56.77522145354386,240.60500721642333,169.1535357262897,155.11447618337343,223.1994285260446,0.2157826680124191,0.0100000000095059,0.9459302094659092
6.5899375,206.0,0.6310679611650486,0.6504854368932039,223.6630300146526,71.14572441397807,50.0,388.6127764614424,219.3649959389252,180.1462761081885,330.77163038122774,0.100204819113888,0.01,0.8266685594724995
3.4199375,107.0,0.8504672897196262,0.8785046728971962,246.9655782334748,56.97087681071942,50.0,306.66566893392013,257.8740616879158,223.1994285260446,287.786716002164,0.1595217916873183,0.01,0.8266685594724996
2.7799375,87.0,0.8505747126436781,0.8505747126436781,297.7316879495096,46.02505043346963,228.41646786215435,377.54972507267735,304.8994046511524,230.1389315119213,343.6258055103247,0.1959207809279266,0.0100000000000018,0.7571601330199093
2.6,82.0,0.5,0.5,308.6995347017254,60.91596929397331,195.4319936868492,371.0636467765238,342.23801027304086,196.56411970905023,364.6889954232867,0.1349900656834868,0.01,0.7571601330199093
5.8985,185.0,0.8108108108108109,0.8918918918918919,237.2633620285172,109.15053436983348,50.0,371.0636467765238,292.81713918912504,52.36470614103133,323.40500911283715,0.1103305514094734,0.01,0.8266685594724995
2.9599375,93.0,0.7849462365591398,0.7849462365591398,242.86517615672088,38.36135000447317,182.34449771164336,332.4951584571151,235.10958125672173,208.49370931839408,328.29751879709687,0.1110648445362692,0.01,0.5485250542599845
5.7699375,181.0,0.7569060773480663,0.8176795580110497,226.47246889108743,52.48530881697382,156.91681957935012,342.23801027304086,208.25243050696125,168.1792830507429,301.3973362949152,0.1476813287387016,0.0100000000000018,0.8266685594724995
4.6113125,145.0,0.7586206896551724,0.8413793103448276,186.66120717408776,83.35670810786027,50.0,315.65165893545657,210.6722071909672,50.58097201509612,281.2136583244699,0.1743107554461957,0.01,0.9848789761259924
1.3325,42.0,0.7142857142857143,0.7857142857142857,166.55959954863962,74.93449473202605,50.87398460513432,231.07053937445465,212.506359598778,63.36098491435311,225.92368144652116,0.120193403387483,0.01,0.5485250542599844
8.496,266.0,0.8082706766917294,0.9060150375939848,263.6874457641096,43.37427297386013,177.1535038204721,362.58854137124416,259.3679109302019,215.59643660857105,320.42923346427426,0.1999476069395834,0.01,0.9848789761259924
5.1299375,161.0,0.8881987577639752,0.9627329192546584,154.72802721867933,50.49100152418696,50.0,223.1994285260446,169.1535357262897,63.36098491435311,207.05298476827548,0.1074813042924573,0.01,0.686082810930179
3.8299375,120.0,0.6833333333333333,0.75,222.58173847491932,72.7675096928805,67.12862513901318,323.02966672001685,213.7373964164777,69.1356706977616,317.29735524782154,0.1561195798618121,0.0100000000000004,0.7571601330199091
3.479,109.0,0.7064220183486238,0.7064220183486238,373.0783462401428,20.971300270889948,313.83363915870024,400.0,373.21319661472296,355.5882011539791,400.0,0.1927331479226415,0.01,0.9459302094659092
3.9220625,123.0,0.7642276422764228,0.8861788617886179,182.1420558202407,91.1736789587779,50.0,279.5939868358039,224.49240966187452,50.58097201509612,263.9015821545788,0.1584260358597108,0.01,0.8911444948731202
8.4,263.0,0.6958174904942965,0.8022813688212928,182.8274052422927,55.2203022326069,50.0,243.40070273411817,196.56411970905023,50.87398460513432,230.80436569944516,0.170266745956467,0.01,0.9459302094659092
5.3408125,167.0,0.5988023952095808,0.5988023952095808,270.3758629015593,59.43652345442752,135.81724438273213,352.26634943845943,274.79072949161787,210.4736373917311,334.615011594012,0.1085577879077247,0.0100000000000001,0.7571601330199091
2.8799375,90.0,0.8111111111111111,0.8111111111111111,167.3039017849202,20.645675813656904,128.9370308439579,194.3063882307212,170.1334321901711,136.60402567543954,191.85333536457733,0.1506074366789778,0.0100000000000001,0.7571601330199094
2.56,81.0,0.654320987654321,0.8024691358024691,259.20444193450066,88.82853621915895,50.58097201509612,393.12823941810046,277.98364396846745,145.06325291414277,385.0469949319922,0.1029111785709645,0.01,0.8266685594724996
1.4799375,47.0,0.6595744680851063,0.7446808510638298,148.27468062959522,65.54533084944028,50.87398460513432,224.49240966187452,170.1334321901711,50.87398460513432,211.89261887185907,0.133239815408214,0.01,0.6860828109301791
4.3199375,135.0,0.8444444444444444,0.8518518518518519,220.49779729822367,41.658175009321845,173.1073122012286,340.26686438034227,206.45671604848687,185.85425586399177,264.51573019364645,0.1662191753432156,0.01,0.6159498854580682
2.5799375,81.0,0.9382716049382716,0.9629629629629628,243.3141339990679,39.58504541613541,161.5148333600084,284.4812036394563,265.4303484677136,168.66640938851629,282.842712474619,0.2980986680681172,0.0100000781022803,0.9459302094659092
3.87,121.0,0.6528925619834711,0.6528925619834711,309.61759719507523,39.2186359761839,247.65527207548809,400.0,306.66566893392013,267.2879246223401,360.9178563097145,0.1404759240368777,0.01,0.7571601330199093
2.6399375,83.0,0.8795180722891566,0.8795180722891566,162.14159865892745,39.46767541073885,98.2820598545251,235.10958125672173,151.57165665103983,127.45606273192622,229.47503037195648,0.1201482018907309,0.01,0.6159498854580682
6.109125,191.0,0.743455497382199,0.8219895287958116,241.5787333159778,44.03462632379914,184.46323871718783,379.7368483802076,238.5303236740125,196.67798814520316,291.13063656843747,0.1523207684922063,0.0100000001014293,0.8266685594724996
1.8799375,59.0,0.7796610169491526,0.7796610169491526,260.3889461329468,53.48692728690152,165.29006363084235,400.0,257.8740616879158,204.0853584099461,302.2703247984974,0.1700675755136104,0.01,0.9459302094659092
3.9955625,125.0,0.904,0.952,252.74991643371635,38.20902955568418,180.25009252216609,338.3070714525794,239.21922434748075,209.4588245641254,301.0501521109994,0.1770980739281755,0.01,0.7571601330199093
2.1299375,67.0,0.7313432835820896,0.7313432835820896,247.8809247466789,68.25984629695151,164.33806291715806,390.8639873736984,229.73967099940705,165.29006363084235,377.1299945388461,0.1499257918568075,0.01,0.8911444948731202
3.67,115.0,0.7217391304347827,0.7217391304347827,251.8110198227244,14.021800946981806,223.1994285260446,284.4812036394563,249.08992447176465,235.10958125672173,271.6344887654643,0.3144150718533576,0.01,0.8911444948731202
10.05,315.0,0.7777777777777778,0.8412698412698413,242.5411388058521,21.674076039519715,211.89261887185907,323.02966672001685,233.75544971224912,220.63576443274928,273.20805135087915,0.1317079667824136,0.01,0.7571601330199091
3.5799375,112.0,0.6517857142857143,0.7053571428571429,364.0222582219122,36.84782094443014,271.6344887654643,400.0,366.80161728186846,306.66566893392013,400.0,0.1119463165009912,0.010000000417925,0.6159498854580682
2.75,86.0,0.5348837209302325,0.6744186046511628,130.85068750487298,57.31386928521277,50.0,190.9683207820833,156.0156478813618,50.58097201509612,190.9683207820833,0.1158613301503042,0.01,0.9459302094659092
6.27025,196.0,0.7551020408163265,0.7653061224489796,248.8284040233089,46.81925280641811,186.60659830736148,388.6127764614424,233.0822835519085,210.6722071909672,329.2473262625267,0.1186380183498952,0.0100000000000004,0.9848789761259924
1.79,56.0,0.8571428571428571,0.9107142857142856,91.7860594814908,44.345416894594834,50.0,148.96774631227024,50.58097201509612,50.0,144.39494608602303,0.1162630214881285,0.01,0.615949885458068
1.56,49.0,0.6122448979591837,0.6122448979591837,232.01972498603988,23.725613894532778,194.3063882307212,260.87041395311286,241.30191253014087,200.69914136311863,257.8740616879158,0.2079621438550986,0.0100000000095059,0.8911444948731202
9.54875,299.0,0.7023411371237458,0.745819397993311,139.80274077495224,30.68106273685165,89.08987181403393,232.40911739156792,129.3104931545294,109.88072493833016,186.60659830736148,0.1093399457608058,0.01,0.9459302094659092
1.2099375,38.0,0.8421052631578947,0.9210526315789472,169.50853717797725,32.67308109730457,118.9207115002721,209.4588245641254,180.77218160389407,124.5449622358823,201.976307730697,0.1085663761339395,0.0100000162264228,0.5485250542599845
2.5699375,81.0,0.6172839506172839,0.7037037037037037,231.40770751920357,23.892025739053405,179.21192838239048,257.8740616879158,235.10958125672173,180.25009252216609,254.91212546385245,0.1110094107015308,0.0100000000217015,0.6860828109301791
5.1563125,162.0,0.6604938271604939,0.6604938271604939,281.58418685050066,36.135582897798784,228.41646786215435,400.0,281.2136583244699,234.5679286389327,306.66566893392013,0.1256569064404907,0.010000000001606,0.7571601330199091
2.1470625,68.0,0.7794117647058824,0.9411764705882352,172.06876198968595,45.45399792102213,122.40535433046551,323.02966672001685,169.1535357262897,139.15285627096736,178.17974362806785,0.1368865326546251,0.01,0.8266685594724996
1.1899375,38.0,0.8157894736842105,0.8947368421052632,163.53855958337846,67.30140124177045,50.0,211.89261887185907,207.05298476827548,50.58097201509612,210.6722071909672,0.1677740588015802,0.01,0.6159498854580681
1.7465,55.0,0.7454545454545455,0.7454545454545455,231.30040189029663,30.726933937232623,182.34449771164336,281.2136583244699,239.21922434748075,186.60659830736148,281.2136583244699,0.1547380451649917,0.01,0.8266685594724995
2.9825,94.0,0.7127659574468085,0.7127659574468085,239.92051760864635,49.69797666239327,180.25009252216609,348.2202253184496,233.75544971224912,184.46323871718783,304.8994046511524,0.12107468825981,0.01,0.8911444948731203
2.92025,92.0,0.8369565217391305,0.9347826086956522,124.96059831553384,77.75182169045958,50.28964705339267,249.08992447176465,65.21760348827821,50.75677956911904,217.452723707606,0.1135344646457281,0.01,0.8266685594724994
1.5799375,50.0,0.64,0.68,164.47648414402877,47.83500641245795,50.0,197.7028040705792,181.3063685116624,55.63529357556601,194.194475986146,0.1158877424927987,0.01,0.4849868077159113
5.91,185.0,0.7513513513513513,0.772972972972973,223.61496994106733,47.84364544840104,148.96774631227024,366.80161728186846,218.10154653305156,185.3181064540471,284.81080020897537,0.141707235043124,0.0100000000000018,0.8266685594724996
7.2599375,227.0,0.7973568281938326,0.8810572687224669,255.99355334649937,39.69704119222241,164.33806291715806,362.58854137124416,250.53288772482563,215.59643660857105,292.81713918912504,0.1808534721563184,0.01,0.9459302094659092
3.1599375,99.0,0.6767676767676768,0.6767676767676768,291.6931518786556,21.43402007250374,259.3679109302019,334.4212833154038,292.81713918912504,260.87041395311286,317.11873717833794,0.326570033004332,0.01,0.8911444948731203
5.0299375,158.0,0.8734177215189873,0.9367088607594936,206.82520693028405,21.54543089909996,161.5148333600084,246.2288826689832,210.6722071909672,182.02942960383697,231.4721127795886,0.2477462656105735,0.01,0.8911444948731203
5.5331875,173.0,0.7398843930635838,0.7514450867052023,301.92395029268846,102.85668479184147,50.28964705339267,400.0,321.1691527453505,50.87398460513432,382.6004025010371,0.1214383707099096,0.01,0.8911444948731202
5.3,166.0,0.7349397590361446,0.7650602409638554,233.85398614694503,34.77479093160548,176.1331747192297,332.4951584571151,236.47155720542963,194.3063882307212,265.27747183640014,0.1284824144924428,0.01,0.8911444948731203
5.0099375,157.0,0.7261146496815286,0.802547770700637,163.6230319713619,34.765143718075166,113.55044290708771,225.79288096122625,166.24757922855756,120.30250360821168,216.8453740602837,0.1705419235393964,0.010000000047726,0.9848789761259924
5.64725,177.0,0.7627118644067796,0.8361581920903954,272.0901723704004,74.21319406230694,128.1944081920729,400.0,251.98420997897463,181.29427068562208,389.963503008796,0.134749586885451,0.01,0.9459302094659092
1.4375,45.0,0.6222222222222222,0.6222222222222222,100.97114011126584,62.60426501338893,50.0,185.5318233882619,50.87398460513432,50.0,179.52337762432316,0.1076563484251993,0.01,0.6860828109301791
2.72,86.0,0.8023255813953488,0.8255813953488372,265.3833607734273,46.83243765218656,183.40080864093423,377.54972507267735,251.98420997897463,231.9028417021742,358.025388889566,0.1167466857865343,0.01,0.5485250542599844
3.734625,117.0,0.6495726495726496,0.8034188034188035,180.97991639302828,30.01830835162126,59.80480608687019,224.49240966187452,184.46323871718783,158.74010519681997,212.5134498491129,0.2030561292418416,0.01,0.8911444948731202
3.294875,103.0,0.7475728155339806,0.8349514563106796,118.39093902747248,10.809266354933802,97.1531941153606,138.99182198423372,118.23577860271482,105.70222709975116,137.71373404619638,0.1103116778253028,0.01,0.8266685594724997
2.28,72.0,0.7638888888888888,0.7638888888888888,226.7167622264479,85.57530785100504,120.99940892192926,377.54972507267735,192.07458901020084,127.17007533127556,359.6696537325117,0.1739055149409846,0.0100000028711003,0.9848789761259924
5.7799375,181.0,0.712707182320442,0.7569060773480663,314.94383101852475,62.05996857926005,198.8480847635095,400.0,310.2289523667469,225.79288096122625,400.0,0.1255957724957934,0.01,0.8911444948731202
9.55475,299.0,0.6555183946488294,0.7625418060200669,190.3782699731415,58.77613114978224,50.0,257.8740616879158,209.4588245641254,62.63322193120639,241.30191253014087,0.1356021255828287,0.01,0.8911444948731202
1.9499375,61.0,0.6721311475409836,0.7540983606557377,105.44603561049789,63.29763748660943,50.0,201.15858821357068,50.87398460513432,50.58097201509612,183.40080864093423,0.1895854070050624,0.01,0.9459302094659094
5.7025625,179.0,0.7150837988826816,0.8268156424581006,119.66320373828486,65.17291859987108,50.0,204.67477839935492,163.8976090151886,50.58097201509612,194.6440698675596,0.1044451476129258,0.01,0.7571601330199093
4.2,132.0,0.8636363636363636,0.8863636363636364,218.13033002282648,24.479695121699702,158.74010519681997,263.9015821545788,215.59643660857105,177.46137576275083,249.08992447176465,0.2695111883145648,0.0100000000006138,0.9459302094659092
3.0399375,95.0,0.5578947368421052,0.5578947368421052,245.6400584280153,25.50060558048252,207.05298476827548,286.12918648705164,227.10088581417543,219.61914963769,279.2719182623366,0.1206566027530826,0.0100000000000754,0.8266685594724994
6.74,211.0,0.7109004739336493,0.7109004739336493,318.7106310967432,35.104188059727385,246.2288826689832,381.93664156416656,318.3997824681499,273.20805135087915,368.92647743437567,0.2584217807834336,0.01,0.9459302094659092
2.3915,75.0,0.56,0.6266666666666667,295.5351592473618,47.83338918979646,192.07458901020084,366.80161728186846,287.786716002164,237.8414230005442,348.2202253184496,0.138469386776186,0.01,0.8266685594724996
4.49,141.0,0.6950354609929078,0.6950354609929078,244.99272843641552,64.04330295044986,123.11444133449164,358.423856764781,243.40070273411817,160.3071066422717,321.6263342522576,0.1121540387140424,0.01,0.8911444948731203
1.49,47.0,0.6595744680851063,0.6595744680851063,291.2213709569929,31.797065860682597,241.9988178438585,340.26686438034227,306.66566893392013,244.81070866093103,319.31935454265994,0.1223939633056531,0.01,0.7571601330199093
3.1299375,98.0,0.5816326530612245,0.5816326530612245,338.9843988876804,40.91374942743743,286.12918648705164,400.0,321.1691527453505,293.8349026477131,400.0,0.1113664437673864,0.01,0.6159498854580683
5.37,168.0,0.7976190476190477,0.9166666666666666,156.26986574351875,48.05323818833797,50.28964705339267,204.67477839935492,169.1535357262897,62.99605249474366,198.8480847635095,0.174279449507643,0.01,0.8266685594724996
7.8174375,245.0,0.7346938775510204,0.7346938775510204,311.51021668244323,25.20018232260969,270.06998923363795,364.6889954232867,308.44216508158814,281.2136583244699,350.237444562354,0.2097416359960608,0.01,0.9848789761259924
2.8429375,89.0,0.7640449438202247,0.8764044943820225,146.2267185691256,74.43580075925306,50.0,236.47155720542963,188.2312309352837,50.0,230.0181624171828,0.1641539141996781,0.01,0.7571601330199091
3.9599375,124.0,0.5806451612903226,0.6370967741935484,126.38326683193176,53.88006564117592,50.0,243.40070273411817,121.00142748763538,50.05809720150961,170.1334321901711,0.1273765703218469,0.01,0.9459302094659092
8.18,256.0,0.72265625,0.75,223.5651783891915,60.80406699086901,54.21134351507092,377.54972507267735,215.59643660857105,174.5135565080057,297.93549262454053,0.116069063882219,0.01,0.6159498854580682
6.2599375,196.0,0.7602040816326531,0.8520408163265306,217.62298269805777,45.1086973017708,169.1535357262897,375.3751986684572,204.67477839935492,184.46323871718783,239.4963809212693,0.121122272990236,0.0100000001014293,0.6860828109301792
2.3499375,74.0,0.8513513513513513,0.8918918918918919,181.0837949700494,40.26774101203142,122.40535433046551,286.12918648705164,193.1872657849691,128.9370308439579,225.5327867013559,0.1121846380964341,0.01,0.6860828109301791
6.72,211.0,0.8104265402843602,0.914691943127962,191.1718286052033,47.85974515375971,100.0,292.81713918912504,201.15858821357068,106.5600501628484,240.60500721642333,0.1415447171680764,0.01,0.8266685594724995
2.2399375,70.0,0.7285714285714285,0.8857142857142857,186.33319125514248,46.85886366232898,102.9302236643492,240.60500721642333,180.25009252216609,113.55044290708771,240.60500721642333,0.1221372832491659,0.010000000001606,0.8911444948731202
17.710375,554.0,0.776173285198556,0.8826714801444043,264.95157970702206,43.99757224150926,135.81724438273213,400.0,260.87041395311286,210.6722071909672,317.4802103936399,0.1234713048278499,0.01,0.8266685594724996
4.248875,133.0,0.8721804511278195,0.8872180451127819,234.99402352797367,41.71809335856904,175.11872228117704,326.78309064822,232.40911739156792,184.46323871718783,301.402364338708,0.1623197520877236,0.01,0.8266685594724995
2.5899375,81.0,0.7037037037037037,0.7654320987654321,239.22082045614303,32.28903249147127,146.40856959456255,271.6344887654643,254.91212546385245,190.52836214529157,268.51450055605267,0.1854501590689502,0.0100000000000018,0.8266685594724994
8.6399375,270.0,0.8074074074074075,0.8851851851851852,184.7560808171484,35.1694375165475,131.19081044374488,342.23801027304086,187.1470988207951,152.4497023255762,209.4588245641254,0.1156550227884815,0.01,0.9459302094659092
8.2374375,258.0,0.7713178294573644,0.8798449612403101,122.07580315921518,16.18335644433551,96.03729450510042,153.3328344669601,119.60961217374036,102.57656773751782,147.25670581005258,0.1152470627949969,0.01,0.8911444948731204
7.381125,231.0,0.8528138528138528,0.9177489177489178,234.5491760780262,45.03300428886359,188.7748625363387,373.21319661472296,218.10154653305156,202.3238880603845,320.0592738237362,0.2009559754723575,0.01,0.8911444948731205
4.65075,146.0,0.541095890410959,0.6917808219178082,347.7315958646688,92.68231468608816,50.58097201509612,400.0,388.6127764614424,211.89261887185907,400.0,0.2180618176702475,0.01,0.9848789761259924
2.09,66.0,0.3939393939393939,0.4090909090909091,343.615495353521,78.55331017807276,209.4588245641254,400.0,400.0,210.0655158775463,400.0,0.145152157125161,0.0100000000002219,0.8911444948731202
5.85,183.0,0.8469945355191257,0.9562841530054644,189.9749121737059,56.54109543991232,50.0,256.3888163841458,204.67477839935492,64.24572862641344,235.9267668259465,0.174284969857363,0.01,0.8266685594724995
2.4449375,77.0,0.8051948051948052,0.922077922077922,126.44473975152634,54.49646938706933,50.0,180.25009252216609,160.12212682200266,50.05809720150961,174.11011265922482,0.1464221088677227,0.01,0.6159498854580683
5.1299375,161.0,0.7080745341614907,0.8012422360248447,232.8103988777437,50.55759545772614,170.1334321901711,400.0,214.35469250725865,192.07458901020084,306.66566893392013,0.1139651976879165,0.01,0.7571601330199093
1.1899375,38.0,0.868421052631579,0.8947368421052632,171.59916525875576,13.991501978173378,152.4497023255762,198.8480847635095,173.1073122012286,153.3328344669601,193.2000830918447,0.2485491633468122,0.01,0.8911444948731203
3.34,105.0,0.8476190476190476,0.9428571428571428,255.9564504129617,56.33588408423172,158.74010519681997,364.6889954232867,256.3888163841458,193.66691461095164,358.423856764781,0.1866126437489103,0.0100000015465542,0.8911444948731202
3.0599375,96.0,0.5,0.53125,151.18982473929745,52.42929799566525,50.0,202.3238880603845,169.64348395823043,51.23427233444821,197.7028040705792,0.1107170641254249,0.01,0.6860828109301792
9.3,291.0,0.6941580756013745,0.8213058419243986,172.07394362061638,36.29906582214591,51.16869459983875,246.2288826689832,169.1535357262897,153.3328344669601,204.67477839935492,0.1171087563457626,0.01,0.8266685594724997
4.3774375,137.0,0.8321167883211679,0.9343065693430656,209.77597327575648,119.9569617524316,50.0,350.237444562354,270.8522389995511,50.58097201509612,336.3585661014858,0.1355875823739663,0.01,0.8266685594724995
1.73,55.0,0.8181818181818182,0.8727272727272727,136.21497539951503,78.76486481983429,50.0,227.10088581417543,190.9683207820833,50.87398460513432,218.8596161765757,0.1517184460011519,0.01,0.6860828109301791
2.5269375,79.0,0.8354430379746836,0.8987341772151899,258.84207479438766,78.6150696793334,174.11011265922482,381.93664156416656,218.10154653305156,182.34449771164336,371.0636467765238,0.1052268067838222,0.01,0.6860828109301791
1.36,43.0,0.7441860465116279,0.7441860465116279,320.14252751299057,88.93442494642143,177.1535038204721,400.0,319.31935454265994,177.1535038204721,400.0,0.1097560421864618,0.01,0.4849868077159113
2.014875,63.0,0.7777777777777778,0.8888888888888888,95.33911337617072,68.55070694354933,50.0,225.79288096122625,63.72803136596311,50.28964705339267,214.35469250725865,0.126791059878997,0.01,0.8266685594724996
3.3884375,106.0,0.2924528301886792,0.2924528301886792,240.98735285257905,96.78602052169974,149.83070768766817,390.8639873736984,179.21192838239048,174.11011265922482,381.93664156416656,0.1003271575303766,0.01,0.7571601330199091
5.9599375,187.0,0.6096256684491979,0.7433155080213903,199.7305189443499,92.08112007118142,50.0,400.0,183.40080864093423,76.01170527911617,379.08071138794855,0.1119308116114308,0.01,0.8911444948731203
2.0355625,64.0,0.796875,0.9375,204.2148368924697,50.2810940944117,51.76324619206888,273.20805135087915,208.25243050696125,177.1535038204721,270.06998923363795,0.16456578338395,0.01,0.6159498854580682
1.9715,62.0,0.7258064516129032,0.7258064516129032,268.0749999676735,28.47596158728321,231.07053937445465,328.6761258343161,260.87041395311286,239.21922434748075,316.021581899664,0.2832594374101878,0.01,0.7571601330199093
1.4799375,47.0,0.574468085106383,0.6382978723404256,262.47249321259613,81.93744242127762,156.0130452026747,375.3751986684572,232.40911739156792,157.46222551237705,373.21319661472296,0.1057489884136695,0.0100000092874866,0.6159498854580682
4.274625,134.0,0.5373134328358209,0.5373134328358209,304.4565207243538,48.31345881650577,247.65527207548809,400.0,286.9579512446078,259.518161232493,390.4150417933224,0.1004681898804142,0.0100000000000754,0.6860828109301792
6.0338125,189.0,0.8306878306878307,0.9417989417989416,140.31794001548212,50.33889694930998,93.30329915368074,277.98364396846745,113.55044290708771,105.0934270701152,228.9457491170554,0.100713316607488,0.01,0.8266685594724996
3.8199375,120.0,0.75,0.75,254.3310421345873,55.46155422112496,156.0130452026747,348.2202253184496,237.1564901029869,200.92753786856457,340.26686438034227,0.1340279213097783,0.01,0.7571601330199091
7.1099375,223.0,0.8026905829596412,0.8834080717488789,185.479532879014,16.33217389094002,160.5845763726753,277.98364396846745,182.34449771164336,167.01802917187302,202.3238880603845,0.1995010027030569,0.01,0.9459302094659092
4.0699375,128.0,0.796875,0.796875,287.28136445691314,60.60647901215911,128.1944081920729,400.0,273.9993904212485,223.5895742548577,376.901117243062,0.2185773271060894,0.01,0.9848789761259924
1.07,34.0,0.6176470588235294,0.6176470588235294,360.3293589329349,47.28168159874223,259.3679109302019,400.0,386.3745315699383,268.51450055605267,400.0,0.1820457752509158,0.0100000002088927,0.8911444948731202
7.4424375,233.0,0.7081545064377682,0.8412017167381974,180.15116505616,56.13357502488447,50.0,289.4538474880756,200.0,63.36098491435311,235.10958125672173,0.1184544254530608,0.01,0.9459302094659094
2.97,93.0,0.6451612903225806,0.6451612903225806,215.13098155575133,22.50331401488513,188.7748625363387,262.38162088748976,208.2559046662004,190.85833112288535,250.53288772482563,0.1330655209962005,0.01,0.6159498854580682
3.99,125.0,0.736,0.736,208.01785080489705,18.28904288035022,174.11011265922482,259.3679109302019,207.05298476827548,189.86842419010387,226.9700853288805,0.1236459811134799,0.01,0.6159498854580681
7.3133125,229.0,0.74235807860262,0.7510917030567685,241.3395594391378,46.96572804634309,110.31788221637464,354.3070076409443,249.08992447176465,211.8224458644052,274.79072949161787,0.1520917809966323,0.01,0.9459302094659092
8.9499375,280.0,0.5892857142857143,0.6178571428571429,174.74630224034476,20.398062334500917,132.71517423385683,260.87041395311286,169.1535357262897,149.83070768766817,203.49593842053727,0.13878980250866,0.01,0.9848789761259924
3.9599375,124.0,0.7580645161290323,0.9032258064516128,189.96454288981795,60.20210000907571,50.58097201509612,241.9988178438585,214.35469250725865,50.87398460513432,239.21922434748075,0.1558659836965131,0.01,0.8911444948731202
5.5799375,175.0,0.8057142857142857,0.8457142857142858,329.5921926074478,65.33957124701676,122.40535433046551,400.0,338.3070714525794,257.8740616879158,400.0,0.1298220289018806,0.01,0.7571601330199093
4.2599375,134.0,0.5895522388059702,0.6268656716417911,285.9085632441136,113.17049613374768,50.0,400.0,317.4802103936399,50.0,400.0,0.1642163482134315,0.01,0.8266685594724996
10.9599375,343.0,0.6793002915451894,0.7725947521865889,214.155416954544,52.86718683902967,50.58097201509612,303.14331330207966,213.12010032569688,176.1331747192297,279.5939868358039,0.143956493998102,0.01,0.8266685594724996
10.5899375,331.0,0.6555891238670695,0.7009063444108762,277.4749781480929,99.59667504850366,50.0,400.0,299.66141537533633,50.87398460513432,377.54972507267735,0.1237746349055399,0.01,0.8911444948731204
4.28,134.0,0.8134328358208955,0.8731343283582089,243.86280972876028,24.856536647093115,201.15858821357068,350.237444562354,246.2288826689832,209.4588245641254,264.2073354172058,0.1164595915479197,0.01,0.8266685594724996
7.384375,231.0,0.6666666666666666,0.7272727272727273,159.69824781288028,93.3815833624016,50.0,296.2195104573129,198.8480847635095,50.28964705339267,280.7277568778701,0.1026206041142321,0.01,0.8911444948731203
1.6399375,52.0,0.75,0.75,292.36885913290104,47.278660575251926,197.7028040705792,375.3751986684572,294.5134116201051,235.10958125672173,361.3817247347695,0.111750346310604,0.01,0.5485250542599845
3.1199375,98.0,0.673469387755102,0.6836734693877551,200.44983192453265,23.38452374167351,164.33806291715806,250.53288772482563,197.70610223627983,166.72911044312974,243.40070273411817,0.1468052703223821,0.01,0.7571601330199093
4.971625,156.0,0.7692307692307693,0.8782051282051282,196.54804018154337,70.53661885250507,50.0,292.81713918912504,207.6527076376184,67.47861009146987,284.4812036394563,0.1368423965176605,0.01,0.8266685594724995
9.91,310.0,0.6870967741935484,0.7258064516129032,224.2754872256865,28.765778321302985,171.11900513652043,281.2136583244699,216.8453740602837,187.68759933422865,263.9015821545788,0.15676643348203,0.01,0.8911444948731202
4.36,137.0,0.7372262773722628,0.7518248175182481,213.00908699458876,38.648537391883856,156.0130452026747,332.4951584571151,214.35469250725865,164.33806291715806,239.21922434748075,0.1010376250907928,0.01,0.8911444948731202
1.2328125,39.0,0.6410256410256411,0.6410256410256411,269.6631971906479,35.594688615245666,232.40911739156792,342.23801027304086,262.38162088748976,235.10958125672173,317.4802103936399,0.1275440502509951,0.01,0.686082810930179
4.55,143.0,0.7832167832167832,0.8181818181818182,292.2197520419381,36.25747350725653,227.10088581417543,360.5001850443321,289.4538474880756,244.95252606173625,350.237444562354,0.1596535397298651,0.01,0.8266685594724996
2.1599375,68.0,0.5882352941176471,0.5882352941176471,324.27560407451745,89.9899556759541,189.86842419010387,400.0,381.93664156416656,196.56411970905023,400.0,0.1867961405807974,0.01,0.7571601330199093
4.668375,146.0,0.6506849315068494,0.7534246575342466,147.55738844346277,76.03947441977859,50.0,253.44393965741244,189.86842419010387,50.0,228.6841569253144,0.1026543991494681,0.01,0.686082810930179
3.9430625,124.0,0.8306451612903226,0.9193548387096774,99.81233027176802,41.91200911619983,50.0,201.15858821357068,113.55044290708771,50.0,162.80354283553748,0.1068671808590654,0.01,0.7571601330199093
2.0399375,64.0,0.5625,0.5625,242.74562888556156,42.47880062122282,192.07458901020084,310.2289523667469,223.8459190939596,195.9980566979497,299.6664144597279,0.1067667727932402,0.01,0.8266685594724995
2.0375625,64.0,0.71875,0.765625,171.14449277295708,85.62994345043408,50.87398460513432,247.65527207548809,235.7905692310757,57.49896403611886,241.9988178438585,0.1186714963833392,0.01,0.6860828109301791
3.1599375,99.0,0.7373737373737373,0.7373737373737373,229.130534146955,38.64195240159373,183.40080864093423,292.81713918912504,223.1994285260446,185.5318233882619,284.4812036394563,0.118626623039924,0.01,0.7571601330199091
2.28225,72.0,0.6805555555555556,0.8333333333333334,155.47002718418696,76.91665798775038,50.0,240.60500721642333,201.15858821357068,50.58097201509612,236.47155720542963,0.100521463607733,0.01,0.6159498854580681
6.8699375,215.0,0.772093023255814,0.8604651162790697,129.4722523456686,53.1658689861632,50.0,384.1491780204017,123.11444133449164,109.05077326652577,143.06459324352582,0.1414835286652375,0.01,0.7571601330199091
4.377125,137.0,0.8759124087591241,0.8905109489051095,225.03843923305277,30.421925623749026,173.1073122012286,310.2289523667469,222.5566614698068,187.68759933422865,265.58411070434295,0.1641613175994073,0.01,0.8911444948731202
1.25,40.0,0.6,0.6,280.31578929533305,47.7819503915023,220.63576443274928,364.6889954232867,281.2136583244699,234.5702819602033,364.6889954232867,0.1533270203971302,0.01,0.8266685594724996
2.0046875,63.0,0.7142857142857143,0.7936507936507936,102.5947282401606,69.32189769026976,50.58097201509612,208.25243050696125,50.87398460513432,50.58097201509612,198.38997248633737,0.1987480204909395,0.01,0.9459302094659092
1.54,49.0,0.4897959183673469,0.4897959183673469,264.4574150848403,49.69766705045996,196.56411970905023,323.02966672001685,279.5939868358039,196.56411970905023,321.1691527453505,0.1776508455889202,0.01,0.9459302094659092
1.86,59.0,0.5932203389830508,0.6610169491525424,168.60829163607588,97.08312650792314,50.0,286.12918648705164,236.47155720542963,50.58097201509612,267.8958886672343,0.1217471370740337,0.01,0.5485250542599845
3.1299375,98.0,0.6224489795918368,0.6224489795918368,250.20084314781656,21.087625406408563,209.4588245641254,291.13063656843747,247.65527207548809,223.1994285260446,276.38257599355524,0.2442021481038632,0.01,0.8911444948731204
2.18,69.0,0.8405797101449275,0.8695652173913043,240.9722700575385,50.52809553500696,159.65967727133,291.13063656843747,268.51450055605267,162.4504792712471,286.62644534158534,0.3041076955716496,0.01,0.8911444948731204
5.3799375,169.0,0.8047337278106509,0.8165680473372781,270.5274715101074,51.43321195956117,163.39154532410998,379.7368483802076,254.91212546385245,227.10088581417543,356.35948725613576,0.1433509551388812,0.01,0.8911444948731203
1.2099375,38.0,0.5,0.5789473684210527,243.31030041619127,22.474317013964537,216.8453740602837,281.2136583244699,246.2288826689832,219.1123060577505,281.2136583244699,0.1236308876907416,0.0100002063390313,0.686082810930179
11.55025,361.0,0.7146814404432132,0.7617728531855956,239.19109951369384,61.569071251015856,135.81724438273213,342.23801027304086,214.35469250725865,168.1792830507429,328.6761258343161,0.115194046074171,0.01,0.9459302094659092
4.0828125,128.0,0.796875,0.796875,133.09708094307558,44.724292802089,100.57929410678534,286.12918648705164,123.11444133449164,104.18653495633886,130.43520697655643,0.1290967401352575,0.0100000028711003,0.6860828109301791
3.67,115.0,0.6782608695652174,0.808695652173913,246.6528109889516,41.92329356609126,179.21192838239048,308.44216508158814,272.42127005817173,188.12438326764556,293.17209338526834,0.1280738122349424,0.01,0.6159498854580681
5.510375,173.0,0.815028901734104,0.9248554913294798,251.7523631450438,46.37833895805289,151.57165665103983,366.80161728186846,260.87041395311286,179.21192838239048,287.786716002164,0.2345123519522498,0.01,0.8911444948731202
4.1299375,130.0,0.5230769230769231,0.6461538461538462,125.4291325298383,25.61149564359652,50.0,157.8258294677283,123.82763603774404,112.05225766056282,156.91681957935012,0.1160583613955505,0.01,0.8911444948731203
5.5799375,175.0,0.8171428571428572,0.9257142857142856,112.1745694944682,68.92987067296461,50.0,208.25243050696125,54.841248984731294,50.0,200.0,0.2044739889318525,0.01,0.9848789761259924
9.15,286.0,0.8356643356643356,0.9265734265734266,232.68658192983068,42.18766974888435,178.17974362806785,346.2146244024572,227.10088581417543,187.4713991288552,287.786716002164,0.1691551053056629,0.01,0.9848789761259924
6.93,217.0,0.7741935483870968,0.8894009216589862,204.6054304492492,62.60629593737421,50.58097201509612,276.38257599355524,225.79288096122625,64.09720409603644,249.08992447176465,0.156781967745272,0.01,0.9459302094659092
8.0199375,251.0,0.6733067729083665,0.6733067729083665,229.1140034473175,24.08519580114024,171.11900513652043,289.4538474880756,224.49240966187452,207.05298476827548,263.9015821545788,0.1186146783836577,0.01,0.7571601330199091
2.31,73.0,0.8356164383561644,0.9041095890410958,191.63868549992003,40.00874019935399,105.94630943592954,235.10958125672173,197.7028040705792,110.31788221637464,232.40911739156792,0.120630886689723,0.0100000000095059,0.6860828109301791
6.065125,190.0,0.5210526315789473,0.5736842105263158,240.7434626326246,83.93468286130148,50.0,299.66141537533633,271.6344887654643,51.76324619206888,296.2195104573129,0.1383854953694309,0.01,0.9459302094659092
3.05,96.0,0.90625,0.9895833333333334,209.4934892878184,48.32044354308609,98.2820598545251,262.38162088748976,225.79288096122625,117.55479062836088,247.3732993900958,0.1952233941176005,0.0100000000000001,0.6860828109301791
3.72,117.0,0.6923076923076923,0.6923076923076923,263.50492457052786,39.66500342442664,197.7028040705792,340.26686438034227,254.91212546385245,211.89261887185907,315.65165893545657,0.1144513649776749,0.01,0.8266685594724996
4.91,154.0,0.6753246753246753,0.6753246753246753,166.22649227219503,24.58285382459206,114.20823393107716,221.91389441356895,161.5148333600084,127.67756636997022,201.6267216422692,0.1221055238626952,0.0100000000000018,0.7571601330199091
1.8995,60.0,0.6166666666666667,0.7666666666666667,144.3848623394817,95.7458612456202,50.0,262.38162088748976,63.36098491435311,50.0,259.3679109302019,0.1045031245509137,0.01,0.8266685594724996
1.7831875,56.0,0.8392857142857143,0.8392857142857143,245.02595511356003,13.508230901872691,229.73967099940705,273.20805135087915,237.8414230005442,231.07053937445465,265.4303484677136,0.2620804478317499,0.01,0.8266685594724994
1.79,56.0,0.6071428571428571,0.6071428571428571,260.5877003119042,31.39367388656069,216.8453740602837,306.66566893392013,252.73937042795524,221.0192034269952,300.8765600190415,0.1001855102364084,0.01,0.6159498854580681
2.1099375,66.0,0.3333333333333333,0.3333333333333333,313.8540395185381,48.26972115387373,243.40070273411817,358.423856764781,339.2982881872633,243.54170332679945,356.1542392946166,0.1657278133114298,0.01,0.8266685594724996
4.0775625,128.0,0.6875,0.7734375,163.8340031875947,105.9934529135358,50.0,368.92647743437567,189.32164336322128,50.58097201509612,332.4951584571151,0.1309260189362179,0.01,0.8911444948731202
6.99,219.0,0.8127853881278538,0.821917808219178,238.81798907299725,33.24477484236347,183.40080864093423,315.65165893545657,231.07053937445465,194.75857531628515,289.4538474880756,0.1605429648334433,0.01,0.8911444948731203
6.0399375,189.0,0.7619047619047619,0.7619047619047619,251.65587089760004,76.22468268475956,177.1535038204721,400.0,205.8604473286984,180.25009252216609,362.58854137124416,0.1193180546531296,0.01,0.8911444948731202
6.0299375,189.0,0.8465608465608465,0.9417989417989416,156.15443124086886,51.27044366544083,110.31788221637464,377.54972507267735,148.13199321583815,112.89644048061314,179.31574479636802,0.3187470675168268,0.01,0.9459302094659092
4.0399375,127.0,0.7559055118110236,0.7559055118110236,218.2546044852282,40.74921632555375,170.1334321901711,315.65165893545657,216.22090533442736,172.6087998250473,271.65261502383527,0.1883338653057093,0.01,0.8266685594724995
7.2624375,227.0,0.6475770925110133,0.6784140969162996,235.4946016986471,45.7071191864306,163.39154532410998,400.0,228.41646786215435,188.7748625363387,271.6344887654643,0.1237006966096354,0.01,0.945930209465909
14.855,465.0,0.6903225806451613,0.810752688172043,159.8417383894254,63.15926472169566,50.0,265.4303484677136,184.46323871718783,50.87398460513432,215.59643660857105,0.105500558736178,0.01,0.8911444948731203
4.7905625,150.0,0.7266666666666667,0.7933333333333333,158.72705060760302,81.09654609274351,50.0,273.20805135087915,204.67477839935492,51.76324619206888,237.8414230005442,0.1127220983428362,0.01,0.7571601330199091
12.805,401.0,0.7406483790523691,0.7531172069825436,250.03709851632493,48.74248995320383,182.34449771164336,373.21319661472296,237.8414230005442,199.5392339054038,321.1691527453505,0.1027638526964444,0.01,0.8911444948731203
2.2199375,70.0,0.7,0.7,216.84489776526863,18.550159151031764,187.68759933422865,244.81070866093103,223.1994285260446,187.68759933422865,238.39413984372004,0.2497233229048357,0.01,0.7571601330199091
3.59475,113.0,0.8495575221238938,0.8584070796460177,199.3932641290274,20.20598608741992,165.29006363084235,237.8414230005442,202.3238880603845,169.1535357262897,221.91389441356895,0.1477629998624069,0.0100000000000754,0.9459302094659092
2.8899375,91.0,0.6813186813186813,0.6813186813186813,199.9714624862081,30.315872667883767,154.22108254079407,249.08992447176465,214.98273719299027,163.67714871455473,241.9988178438585,0.1025533291504017,0.01,0.5485250542599847
3.1599375,99.0,0.7272727272727273,0.8787878787878788,160.64507141235185,64.5686598645663,50.0,224.49240966187452,189.86842419010387,50.0,221.03451500478172,0.1457053187916283,0.01,0.7571601330199091
4.95675,155.0,0.8,0.9096774193548388,285.6128568868742,58.06126497989683,171.11900513652043,400.0,271.6344887654643,222.1828993912924,381.93664156416656,0.1869757952440843,0.01,0.8911444948731203
2.2899375,72.0,0.8611111111111112,0.9583333333333334,218.56703812932005,25.645593258652845,166.24757922855756,268.51450055605267,210.67572171799225,194.3063882307212,251.98420997897463,0.1044862922238531,0.0100000000095059,0.6159498854580682
4.6958125,147.0,0.5986394557823129,0.7210884353741497,285.5642683197282,120.66676683949932,50.0,395.4056081411584,334.4212833154038,50.0,384.1491780204017,0.1102884424483562,0.01,0.8266685594724997
14.254,446.0,0.7825112107623319,0.8834080717488789,223.9453647483198,56.17996520434512,50.0,346.2146244024572,225.79288096122625,182.34449771164336,283.1704107075864,0.1012939334400861,0.01,0.8911444948731202
2.1599375,68.0,0.7647058823529411,0.8676470588235294,268.5794249464599,58.048525641316445,167.2106416577019,381.93664156416656,250.53288772482563,212.13882623539905,362.1720729105978,0.1500247983346307,0.0100000781022803,0.7571601330199093
1.8028125,57.0,0.543859649122807,0.543859649122807,277.3249586860423,42.38656871238285,200.0,340.26686438034227,286.12918648705164,211.89261887185907,332.4951584571151,0.1979626278126435,0.01,0.9848789761259924
8.360625,262.0,0.6908396946564885,0.7480916030534351,248.201264338411,37.00623677316982,185.5318233882619,328.6761258343161,251.98420997897463,200.0,296.2195104573129,0.1066403388030936,0.01,0.6860828109301791
8.72,273.0,0.706959706959707,0.8351648351648352,195.6094995735334,81.8048413363874,50.58097201509612,296.2195104573129,229.73967099940705,63.72803136596311,270.06998923363795,0.1694697908547203,0.01,0.9459302094659092
3.1199375,98.0,0.5816326530612245,0.5816326530612245,265.3943868947716,54.21176305005884,211.89261887185907,356.35948725613576,225.79288096122625,214.35469250725865,353.0826127194534,0.2106620920656133,0.0100000781022803,0.9459302094659092
1.7699375,56.0,0.7857142857142857,0.7857142857142857,164.71591274142085,87.97217203087533,50.58097201509612,294.5134116201051,201.15858821357068,50.87398460513432,255.0674344625945,0.1044077016491232,0.01,0.6860828109301791
3.9614375,124.0,0.7903225806451613,0.7903225806451613,225.74817253603933,49.40936286812593,118.23577860271482,301.3973362949152,225.79288096122625,128.9370308439579,294.5134116201051,0.1145067814872402,0.01,0.8911444948731201
2.23,70.0,0.8285714285714286,0.8428571428571429,241.15169943345484,46.07835480786763,177.1535038204721,308.44216508158814,245.51979566495712,187.68759933422865,306.66566893392013,0.141934726130443,0.01,0.8911444948731202
3.47475,109.0,0.7889908256880734,0.8899082568807339,289.1549083004798,37.214307213700806,232.40911739156792,400.0,279.5939868358039,263.1416015210343,358.423856764781,0.1682491497844339,0.01,0.686082810930179
2.9125625,92.0,0.532608695652174,0.6521739130434783,233.58642444729043,22.593943921032675,209.4588245641254,277.98364396846745,221.91389441356895,211.89261887185907,275.10909879200534,0.1274186394429806,0.01,0.6159498854580682
1.7926875,57.0,0.543859649122807,0.5964912280701754,172.96048321482849,90.17525063300248,50.58097201509612,270.06998923363795,240.60500721642333,50.58097201509612,249.08992447176465,0.1374185322607761,0.01,0.8266685594724995
3.2600625,102.0,0.8725490196078431,0.8725490196078431,214.59947531792272,40.5435727664734,107.17734625362932,253.44393965741244,221.91389441356895,110.82913420870253,244.81070866093103,0.1121766988530251,0.01,0.6860828109301792
26.75,836.0,0.8133971291866029,0.8995215311004785,227.51275733568352,41.10947242200844,137.3953647458089,348.2202253184496,216.8453740602837,183.40080864093423,294.5134116201051,0.1739872188492567,0.01,1.0
3.4321875,108.0,0.7129629629629629,0.8148148148148148,107.6279690485264,20.61361186535587,50.28964705339267,133.48398541700342,108.42268703014184,65.9753955386447,127.0156069899942,0.310541321416111,0.01,0.9848789761259924
3.73,117.0,0.7435897435897436,0.8034188034188035,288.5287509943736,73.7202432368341,149.83070768766817,400.0,299.66141537533633,207.05298476827548,372.7882675332972,0.1026101928012824,0.0100000028711003,0.5485250542599845
1.1,35.0,0.4857142857142857,0.4857142857142857,204.42450622512555,3.393545935626708,201.15858821357068,213.12010032569688,203.49593842053727,201.15858821357068,209.7085058529204,0.1249850746161098,0.01,0.6159498854580681
5.3366875,167.0,0.7065868263473054,0.8083832335329342,191.5740339693102,87.52297411705823,50.0,319.31935454265994,215.59643660857105,50.0,268.23846277488485,0.1019917585416227,0.01,0.6860828109301791
6.284875,197.0,0.6649746192893401,0.6954314720812182,113.94961426141862,27.69480486916517,50.0,160.5845763726753,110.31788221637464,92.23161935859392,154.22108254079407,0.1242598406818636,0.01,0.8266685594724996
6.5199375,204.0,0.6862745098039216,0.7254901960784313,291.74855977786706,47.44991117167662,211.89261887185907,400.0,282.8474309819631,244.66970806824972,364.6889954232867,0.1343938028149349,0.01,0.8911444948731203
3.8399375,120.0,0.8,0.85,254.57800781635143,69.10962087730462,172.11028744886602,400.0,228.42027840679123,178.20649648339958,387.5065826970501,0.1498094461788398,0.01,0.8266685594724995
18.25,571.0,0.7075306479859895,0.8143607705779334,148.53902607978802,84.36605773506045,50.0,303.14331330207966,187.68759933422865,50.0,246.2288826689832,0.1487731110725539,0.01,0.9459302094659092
1.3724375,43.0,0.5813953488372093,0.6511627906976745,158.31942768511777,68.9426353408415,50.58097201509612,236.47155720542963,186.60659830736148,50.58097201509612,225.5898009752143,0.151632556154888,0.01,0.6159498854580681
2.68,84.0,0.7976190476190477,0.8928571428571429,223.97196113719917,55.049053012316215,142.24060181972814,317.4802103936399,210.6722071909672,153.16131218489238,310.9478075821879,0.1201687439625859,0.01,0.6159498854580682
3.0399375,95.0,0.8105263157894737,0.8526315789473684,232.17571952217105,50.16688152198712,164.33806291715806,336.3585661014858,221.91389441356895,176.15077105733215,302.095727097781,0.1632350900232395,0.01,0.7571601330199091
5.6499375,177.0,0.8248587570621468,0.9096045197740112,140.8730592903974,24.91190817959701,50.58097201509612,207.05298476827548,137.3953647458089,127.08901628031622,163.39154532410998,0.1664994291787092,0.01,0.8911444948731203
1.9599375,62.0,0.7096774193548387,0.7096774193548387,349.33695023418386,44.1111085725821,274.79072949161787,400.0,372.1756711772729,284.4812036394563,400.0,0.1628777821906764,0.0100000000000018,0.8266685594724996
3.6499375,115.0,0.6521739130434783,0.7652173913043478,271.49991941975594,57.63070362324408,165.29006363084235,362.58854137124416,257.8740616879158,189.23886529840453,358.022914082977,0.1170013529178625,0.01,0.8911444948731203
2.4699375,78.0,0.7564102564102564,0.7564102564102564,163.20388916781116,70.30315073927686,50.58097201509612,312.0260904053494,162.4504792712471,96.37173839219597,308.44216508158814,0.1549791331334419,0.01,0.8911444948731204
2.3899375,75.0,0.56,0.56,299.42903507863593,67.65602867636089,227.10088581417543,400.0,266.1991596508602,228.41646786215435,388.6127764614424,0.1835645968325463,0.01,0.8266685594724996
1.0199375,32.0,0.75,0.8125,250.8782766287464,23.59471818742512,236.47155720542963,330.5801272616847,244.1057056975246,237.8414230005442,252.5706240776364,0.1931268211112906,0.0100000781022803,0.6860828109301791
2.7799375,87.0,0.3448275862068966,0.3448275862068966,188.19927136678007,14.804159295793667,175.11872228117704,228.41646786215435,182.34753966327816,176.1331747192297,213.12010032569688,0.123513307326103,0.0100000000002219,0.8266685594724996
5.667375,178.0,0.7303370786516854,0.8370786516853933,111.21083924254556,8.546573523074736,93.30329915368074,126.7219698287062,111.59971426302234,101.10367903785156,125.99210498948732,0.1518066668155722,0.01,0.8911444948731201
4.75,149.0,0.6912751677852349,0.825503355704698,212.9247182955397,48.24859408352768,50.87398460513432,286.12918648705164,227.10088581417543,129.98532646082973,279.2719182623366,0.1434867028279822,0.01,0.8266685594724995
3.05,96.0,0.8333333333333334,0.8333333333333334,276.66035291620665,38.5918094748389,189.86842419010387,364.6889954232867,277.98364396846745,227.10088581417543,326.97239416682964,0.2271411845317096,0.01,0.8911444948731202
2.67,84.0,0.8333333333333334,0.9285714285714286,146.9059683379221,62.28057702244266,50.0,207.05298476827548,177.1535038204721,50.0,203.49593842053727,0.1354516032360832,0.01,0.757160133019909
6.5299375,205.0,0.6780487804878049,0.7414634146341463,134.65796252206744,57.78811562920625,50.0,360.5001850443321,122.40535433046551,102.3373891996775,160.5845763726753,0.1018858549690683,0.01,0.8911444948731203
1.0,32.0,0.84375,0.84375,220.56129360371585,10.729867655970583,208.25243050696125,249.08992447176465,216.8453740602837,209.4588245641254,231.34598248454387,0.1914867931882756,0.01,0.5485250542599844
6.6549375,208.0,0.7307692307692307,0.7451923076923077,229.9582720673357,27.444345264854448,183.40080864093423,332.4951584571151,225.79288096122625,200.4674778399355,274.79072949161787,0.1004469212460918,0.01,0.6159498854580681
1.5625,49.0,0.6938775510204082,0.6938775510204082,208.69743688242949,31.28590601579268,180.25009252216609,270.06998923363795,186.60971136124527,182.34449771164336,246.2288826689832,0.1316355534845454,0.01,0.8266685594724995
2.5899375,81.0,0.8395061728395061,0.8395061728395061,268.52784674520353,53.08293145359576,168.1792830507429,381.93664156416656,245.6426813289783,227.10088581417543,344.22057489773204,0.1128679687732691,0.01,0.5485250542599844
5.1,160.0,0.68125,0.81875,263.3392885720937,36.56128409644501,56.77522145354386,321.1691527453505,251.98420997897463,231.07053937445465,312.0260904053494,0.1122308033162015,0.01,0.7571601330199091
5.73025,180.0,0.8444444444444444,0.8833333333333333,222.7046374298196,19.80791857688524,164.33806291715806,257.8740616879158,225.79288096122625,192.18585668767767,243.26051424509225,0.1904370381179811,0.01,0.8911444948731202
1.8299375,58.0,0.7413793103448276,0.7586206896551724,253.68807447671531,41.71762604217029,182.34449771164336,296.2195104573129,284.4812036394563,188.12376430540368,294.5134116201051,0.1317015376123827,0.0100000000006138,0.8911444948731203
3.5799375,112.0,0.8125,0.8839285714285714,143.81165605845788,40.74469161615002,94.38743126816934,220.63576443274928,131.19081044374488,97.7159968434246,218.10154653305156,0.1480706441639663,0.0100000000217015,0.7571601330199091
5.3,166.0,0.4698795180722891,0.4698795180722891,208.88900812199395,23.949475377168103,166.24757922855756,246.2288826689832,200.0,173.1073122012286,244.81070866093103,0.1317221616214592,0.01,0.8911444948731201
4.83475,152.0,0.8486842105263158,0.9671052631578948,130.8633625246458,63.65366117704685,50.0,215.59643660857105,179.21192838239048,50.58097201509612,184.67695565140264,0.2075696496271456,0.01,0.8911444948731201
2.81,88.0,0.8863636363636364,0.9318181818181818,281.76847111791994,41.35784980555044,214.35469250725865,352.26634943845943,277.98364396846745,232.00754398643397,348.2202253184496,0.2737256640830492,0.0100000028711003,0.7571601330199093
9.2899375,291.0,0.7594501718213058,0.8797250859106529,188.25952457961148,44.48729977626349,50.0,274.79072949161787,176.1331747192297,158.74010519681997,256.3888163841458,0.157849570289611,0.01,0.8911444948731203
6.55,205.0,0.7073170731707317,0.7853658536585366,207.45497402940575,61.65086891718568,157.8258294677283,400.0,183.40080864093423,168.1792830507429,348.62831649839524,0.1456210125664274,0.0100000002088927,0.7571601330199091
7.0099375,220.0,0.6272727272727273,0.7181818181818181,188.3546199923092,32.375911677859385,50.87398460513432,281.2136583244699,182.34449771164336,153.0678948245449,223.1994285260446,0.1187147365682835,0.01,0.8911444948731203
3.62,114.0,0.6403508771929824,0.7719298245614035,153.4237904116096,71.45484149700569,50.0,244.81070866093103,173.1073122012286,50.0,236.47155720542963,0.1650993793774904,0.01,0.9459302094659094
4.5799375,144.0,0.75,0.75,144.56116379352278,28.97460161035888,77.11054127039704,187.68759933422865,152.4497023255762,92.33496483507012,183.40080864093423,0.2157830836753827,0.01,0.9459302094659092
1.62,51.0,0.6274509803921569,0.7647058823529411,205.3108722284769,61.5330040417625,50.0,260.87041395311286,213.12010032569688,66.20656480446596,256.0943287114725,0.2996803067477488,0.01,0.9848789761259924
2.05125,65.0,0.4769230769230769,0.4769230769230769,245.93225442261024,41.35638022386095,216.8453740602837,332.4951584571151,229.73967099940705,216.8453740602837,330.5801272616847,0.1003575201211531,0.01,0.8266685594724994
2.46,77.0,0.8441558441558441,0.8441558441558441,212.9551596779539,32.87650383182042,159.65967727133,259.3679109302019,223.1994285260446,168.1792830507429,254.91212546385245,0.1597381549228619,0.01,0.9459302094659092
2.5299375,80.0,0.45,0.45,365.49983630083545,18.408265384773173,340.26686438034227,400.0,365.7453063525776,342.23801027304086,393.12823941810046,0.2271498830929235,0.01,0.7571601330199094
2.4058125,76.0,0.8289473684210527,0.9210526315789472,107.9859457909782,75.70641001957271,50.0,221.91389441356895,50.87398460513432,50.0,214.10777407094628,0.1314448961052176,0.01,0.8266685594724995
2.86,90.0,0.8555555555555555,0.9222222222222224,215.9930589433488,16.05728758430772,156.91681957935012,243.40070273411817,219.3649959389252,196.56411970905023,235.6543716362049,0.1875778503915135,0.01,0.8266685594724995
2.9399375,92.0,0.717391304347826,0.717391304347826,265.86853516344587,15.69232669404567,237.8414230005442,308.44216508158814,266.96797083400685,241.9988178438585,288.62028174511977,0.3258664452055882,0.01,0.9848789761259924
2.18,69.0,0.7101449275362319,0.7101449275362319,175.29808635863225,68.34747143852186,89.60596419119524,268.51450055605267,160.5845763726753,103.52649238413775,268.51450055605267,0.1264281929620555,0.01,0.9459302094659092
8.63025,270.0,0.825925925925926,0.9,233.04607097607592,30.34626601092279,195.4319936868492,346.2146244024572,221.91389441356895,207.05298476827548,269.75889149812093,0.2721465449818294,0.01,0.9459302094659092
2.62,82.0,0.7560975609756098,0.7560975609756098,227.0354005283689,41.116237165577786,163.39154532410998,289.4538474880756,209.4588245641254,175.22016752498232,286.12918648705164,0.1371994972688066,0.01,0.6860828109301791
3.92,123.0,0.8861788617886179,0.951219512195122,187.6479643947968,96.74643667741924,50.0,379.7368483802076,196.56411970905023,50.0,345.02050498187555,0.1863961605053175,0.01,0.8911444948731202
3.7848125,119.0,0.6470588235294118,0.7563025210084033,193.81172721664709,28.9739351642521,52.063107626740326,224.49240966187452,200.0,187.68759933422865,207.5327630637498,0.1429955324739142,0.01,0.8266685594724995
8.0825,253.0,0.525691699604743,0.5770750988142292,310.7738164325319,68.7330586799526,173.1073122012286,400.0,292.81713918912504,203.46540364213115,400.0,0.1003329181629419,0.01,0.8266685594724995
3.303875,104.0,0.7596153846153846,0.8365384615384616,164.3770367058909,82.9035888492138,50.58097201509612,368.92647743437567,168.1792830507429,50.87398460513432,261.5083265908892,0.1294892112014745,0.01,0.7571601330199091
2.9444375,93.0,0.5913978494623656,0.5913978494623656,316.9508633835038,70.40113638637766,215.59643660857105,400.0,310.2289523667469,218.10154653305156,400.0,0.1121366918226757,0.01,0.8266685594724996
1.8199375,57.0,0.7017543859649122,0.8771929824561403,347.1562402516664,54.67943740910836,151.57165665103983,400.0,350.237444562354,294.5134116201051,400.0,0.1614280893948739,0.0100000000006138,0.7571601330199091
5.3274375,167.0,0.6766467065868264,0.7604790419161677,218.88897236290168,43.698257708926434,155.11447618337343,289.4538474880756,209.4588245641254,163.39154532410998,281.2136583244699,0.1383811519348555,0.010000000417925,0.9459302094659092
2.79,88.0,0.7613636363636364,0.8522727272727273,260.9869521225155,38.63730183707039,176.1331747192297,301.3973362949152,281.2136583244699,206.10170222070727,297.93549262454053,0.186505628751004,0.0100000000000001,0.8911444948731202
5.199375,163.0,0.7361963190184049,0.8834355828220859,227.4506374972969,56.89379279051352,50.0,340.26686438034227,235.10958125672173,172.90848149475778,272.10929748827346,0.1443743506207782,0.01,0.9459302094659092
5.8224375,182.0,0.7087912087912088,0.7472527472527473,253.3970032078504,39.026586349295165,185.5318233882619,390.8639873736984,237.8414230005442,229.73967099940705,303.14331330207966,0.1574163472689346,0.01,1.0
3.8299375,120.0,0.7666666666666667,0.775,218.4000837425487,13.76285007838336,195.4319936868492,250.53288772482563,215.59643660857105,203.49593842053727,241.859436781115,0.3400205657511665,0.01,0.9848789761259924
6.46,202.0,0.7920792079207921,0.8514851485148515,249.03920721311545,60.43512950465924,126.7219698287062,400.0,232.40911739156792,183.29517754800517,363.0098489623066,0.1322795096411006,0.01,0.7571601330199091
4.6505625,146.0,0.6712328767123288,0.8013698630136986,227.10876335118823,32.3168096449494,165.29006363084235,287.786716002164,214.35826846713397,190.31028330835997,276.8628963860289,0.1192988073715098,0.01,0.6860828109301789
2.9499375,93.0,0.7634408602150538,0.8064516129032258,116.3689863349671,76.69757154963857,50.0,220.63576443274928,63.72803136596311,50.0,218.10154653305156,0.1782977544582299,0.01,0.8266685594724996
3.5921875,113.0,0.8141592920353983,0.9292035398230089,129.79098703699222,72.79068680775285,50.0,225.79288096122625,181.81938419863272,50.0,219.11303375106104,0.1772915279303265,0.01,0.8266685594724995
2.72,86.0,0.7906976744186046,0.9418604651162792,210.3406254707742,29.478240829770144,146.40856959456255,246.2288826689832,215.59643660857105,158.74010519681997,243.40070273411817,0.1050768899708727,0.01,0.8266685594724995
5.1599375,162.0,0.8148148148148148,0.9074074074074074,238.88439441684108,53.10174893628871,168.1792830507429,400.0,237.1564901029869,175.11872228117704,303.14331330207966,0.1219118059286525,0.01,0.8266685594724996
3.5799375,112.0,0.7589285714285714,0.8839285714285714,180.32839916995923,80.45373116843635,50.0,308.44216508158814,193.1872657849691,50.0,285.15749293108644,0.1517918486091795,0.01,0.8266685594724995
2.7699375,87.0,0.8505747126436781,0.896551724137931,172.86093846403404,11.86328010226866,157.8258294677283,205.8604473286984,170.1334321901711,160.5845763726753,196.22448190238995,0.1270143460766922,0.01,0.6860828109301792
2.09,66.0,0.803030303030303,0.803030303030303,160.93821491427747,15.612899918914822,133.48398541700342,185.5318233882619,158.74010519681997,143.893358001082,182.34449771164336,0.1087183178116708,0.01,0.6860828109301791
2.73,86.0,0.7558139534883721,0.8604651162790697,194.52906138704373,14.682968253161537,167.2106416577019,219.3649959389252,193.1872657849691,177.1535038204721,218.10154653305156,0.201129599138256,0.01,0.8266685594724996
3.83775,120.0,0.825,0.8916666666666667,172.3088304887069,71.08730216742725,50.28964705339267,263.9015821545788,213.12010032569688,52.063107626740326,244.81070866093103,0.1732764716200825,0.01,0.8911444948731202
7.28,228.0,0.7850877192982456,0.8070175438596491,151.9394373794936,40.98930195149136,104.12621525348064,292.81713918912504,141.4213562373095,121.56016287803313,191.43530016619903,0.1048564699137172,0.01,0.7571601330199093
3.9499375,124.0,0.5564516129032258,0.6129032258064516,164.03870794070733,52.02168419822895,51.16869459983875,250.53288772482563,170.1334321901711,55.735580425887385,228.41646786215435,0.1586017387745324,0.01,0.9459302094659092
6.4699375,203.0,0.8423645320197044,0.896551724137931,147.92762796028583,23.677459858868765,107.17734625362932,214.35469250725865,146.40856959456255,121.7003513670591,183.40080864093423,0.1404638042742812,0.01,0.8911444948731202
3.15,99.0,0.7272727272727273,0.8383838383838383,188.8224516124528,61.64700415820312,136.60402567543954,384.1491780204017,173.1073122012286,143.06459324352582,247.0863881106815,0.1348317267291187,0.0100000000000001,0.8266685594724994
5.49,172.0,0.8197674418604651,0.9244186046511628,206.3080832553927,41.07661474116634,50.0,277.98364396846745,205.8604473286984,172.11028744886602,253.44393965741244,0.2076041298623529,0.01,0.8266685594724995
7.7799375,244.0,0.7991803278688525,0.8811475409836066,210.653892606011,48.93650046797848,50.0,273.20805135087915,214.35469250725865,178.5926175297969,259.3679109302019,0.2083237937119846,0.01,0.9459302094659092
7.72,242.0,0.8760330578512396,0.950413223140496,262.3840688605713,34.33734131005404,188.7748625363387,362.58854137124416,257.8740616879158,227.23244401897333,314.93070955006976,0.1355887675108563,0.01,0.9459302094659092
3.3199375,104.0,0.8365384615384616,0.9326923076923076,191.0998346471116,16.608809599214208,143.893358001082,227.10088581417543,186.60659830736148,178.38855855762313,221.1470164250772,0.1862013128094369,0.01,0.7571601330199091
9.351375,293.0,0.7474402730375427,0.7918088737201365,305.7489502914108,65.89038296249258,165.29006363084235,400.0,292.81713918912504,221.40411471864024,400.0,0.108157307588557,0.0100000000002219,0.9459302094659092
1.5965625,50.0,0.56,0.72,208.9258750853988,93.14006988659976,110.95694720678448,326.78309064822,204.54887511370603,116.20455869578394,326.78309064822,0.1043566698188511,0.01,0.7571601330199093
9.80825,307.0,0.6579804560260586,0.749185667752443,185.64419145335063,55.92865469671188,50.0,313.83363915870024,183.40080864093423,61.67435814958751,261.6346713451261,0.1200814933497875,0.01,0.8911444948731203
2.2099375,70.0,0.7714285714285715,0.8714285714285714,254.08873585412223,16.92545783682214,228.41646786215435,289.4538474880756,251.98420997897463,229.73967099940705,272.2666327157068,0.1305400103841501,0.0100000162264228,0.6860828109301792
5.3121875,167.0,0.7604790419161677,0.8083832335329342,238.1139153321111,37.34408644584805,158.74010519681997,319.31935454265994,236.47155720542963,196.11126930016985,287.4590508874613,0.1460847616170278,0.01,0.8266685594724995
2.55,80.0,0.8125,0.925,147.9283115507135,73.35904205971482,50.0,231.07053937445465,184.46323871718783,50.28964705339267,224.49240966187452,0.1748415162812678,0.01,0.7571601330199091
5.1,160.0,0.75625,0.7625,285.1279777164787,51.28464802462239,170.1334321901711,386.3745315699383,289.4538474880756,216.8453740602837,356.35948725613576,0.2298816196759517,0.01,0.8266685594724996
4.5099375,141.0,0.8226950354609929,0.9148936170212766,123.23160815460965,52.42097154572807,50.0,197.7028040705792,153.3328344669601,50.28964705339267,176.64923295462245,0.1221865581393211,0.01,0.7571601330199093
6.8799375,215.0,0.7255813953488373,0.8511627906976744,210.2945980985456,33.60074225772775,158.74010519681997,310.2289523667469,202.3238880603845,171.11900513652043,257.8740616879158,0.1659544682537101,0.01,0.8266685594724995
3.7273125,117.0,0.8461538461538461,0.8632478632478633,244.24564909207504,41.175015235881865,180.25009252216609,308.44216508158814,249.08992447176465,187.4713991288552,301.7465316963481,0.2995442823075676,0.01,1.0
2.5799375,81.0,0.7530864197530864,0.8271604938271605,222.431300704339,77.15177531812434,50.0,321.1691527453505,253.44393965741244,51.16869459983875,301.3973362949152,0.1829848923263293,0.01,0.9848789761259924
3.37,106.0,0.839622641509434,0.9433962264150944,264.5893684494632,56.67448226950137,176.1331747192297,400.0,263.9015821545788,200.92687057085652,346.2146244024572,0.1957861594152524,0.0100000001014293,0.9459302094659092
3.17,100.0,0.82,0.93,191.9343056395893,78.94039136339357,50.0,294.5134116201051,208.25243050696125,50.0,261.9308649675324,0.1074422466446822,0.01,0.6159498854580681
1.5299375,48.0,0.5416666666666666,0.5416666666666666,203.35777786875107,15.410895519896682,175.11872228117704,228.41646786215435,201.7412381369776,184.46631601459808,223.8459190939596,0.1201411910928839,0.01,0.757160133019909
3.86,121.0,0.5371900826446281,0.628099173553719,164.4990115168691,41.92746078387072,90.125046261083,210.6722071909672,181.29427068562208,97.1531941153606,207.2956372356561,0.1645709107161387,0.01,0.9459302094659092
2.09,66.0,0.9242424242424242,0.9696969696969696,97.05196020322552,39.246894606345485,50.87398460513432,163.39154532410998,75.34933407372878,73.20428479728128,162.4504792712471,0.1007964229094303,0.0100000000000001,0.8266685594724997
3.1299375,98.0,0.7653061224489796,0.8673469387755102,234.9600442425424,38.314360762542655,176.1331747192297,336.3585661014858,243.40070273411817,180.66776378754847,266.96797083400685,0.238917274086956,0.0100000000000001,0.9459302094659092
2.3155625,73.0,0.6575342465753424,0.6575342465753424,221.9681783553256,32.04634510723354,179.21192838239048,271.6344887654643,231.7398283830113,183.08391536214697,263.9015821545788,0.110439945087914,0.01,0.7571601330199091
2.388125,75.0,0.76,0.9333333333333332,247.48419299489512,74.1872458614863,55.79985713151117,323.02966672001685,279.5939868358039,162.07622090675162,317.4802103936399,0.1933246298733694,0.01,0.8911444948731202
5.2875,166.0,0.6807228915662651,0.8012048192771084,260.2965435092433,106.41835112940478,50.58097201509612,400.0,291.13063656843747,54.02436464836679,398.6256478836201,0.1397895098241705,0.01,0.7571601330199093
3.9636875,124.0,0.8225806451612904,0.9516129032258064,222.46065437384937,25.50887361386988,117.55479062836088,274.79072949161787,214.35469250725865,202.3238880603845,266.8142085973776,0.2159481496108035,0.0100000781022803,0.8266685594724996
2.79,88.0,0.8068181818181818,0.8068181818181818,298.97634981886307,79.58638820158139,183.40080864093423,393.12823941810046,299.66141537533633,218.10154653305156,388.6127764614424,0.3270009253826826,0.01,0.8911444948731204
3.8,119.0,0.8487394957983193,0.9411764705882352,228.65772456066227,55.966638860141394,154.22108254079407,356.35948725613576,201.15858821357068,186.60659830736148,313.83363915870024,0.1136533890073734,0.01,0.8911444948731204
1.4799375,47.0,0.8085106382978723,0.9148936170212766,214.21751891724583,46.61777149936804,153.3328344669601,281.2136583244699,208.283698635607,153.95460811864388,278.4667468286684,0.1943453126526667,0.0100000781022803,0.8911444948731202
2.34,74.0,0.6216216216216216,0.6216216216216216,244.03074580306296,24.454396280252645,192.07458901020084,281.2136583244699,239.912115781952,221.91389441356895,277.98364396846745,0.1257868392608159,0.01,0.5485250542599845
4.36,137.0,0.8102189781021898,0.8248175182481752,121.47948160093888,7.149027908363052,108.42268703014184,137.3953647458089,120.99940892192926,112.89644048061314,128.1944081920729,0.1873109780723693,0.01,0.7571601330199093
1.6419375,52.0,0.6730769230769231,0.6730769230769231,170.5728221717171,45.02399876369979,131.19081044374488,231.07053937445465,138.1912879967776,131.9507910772894,227.10088581417543,0.1137906941993307,0.01,0.7571601330199094
5.15125,161.0,0.7453416149068323,0.8385093167701864,234.46420208390768,66.07658958696746,50.28964705339267,377.54972507267735,214.9755645579148,197.7028040705792,356.5659242070003,0.1512522847024422,0.01,0.8911444948731202
5.7536875,180.0,0.8444444444444444,0.9111111111111112,133.79900913966335,77.35160837913934,50.0,244.81070866093103,176.1331747192297,50.0,218.10154653305156,0.1292296049553874,0.01,0.8911444948731202
2.8799375,90.0,0.5111111111111111,0.5555555555555556,227.0861928654333,111.00708023958808,122.40535433046551,400.0,150.26468791756287,126.7219698287062,389.7383819175704,0.1131047812212497,0.0100000000039966,0.8266685594724995
5.352,168.0,0.5892857142857143,0.6547619047619048,160.02875283560732,63.3571057359173,50.58097201509612,259.3679109302019,175.11872228117704,50.87398460513432,225.79288096122625,0.1114566568576938,0.01,0.7571601330199093
4.33,136.0,0.9264705882352942,0.9558823529411764,242.3002996422491,49.25705753634637,174.11011265922482,400.0,240.60500721642333,189.871591659211,299.66141537533633,0.1586471479715542,0.0100000470079773,0.9459302094659092
3.61,113.0,0.8584070796460177,0.9469026548672568,105.2624341854402,69.89534734326422,50.0,218.10154653305156,63.36098491435311,50.0,209.7085058529204,0.1357212093302325,0.01,0.8911444948731202
2.31,73.0,0.410958904109589,0.410958904109589,308.29407569529934,54.12188476351164,236.47155720542963,400.0,298.80842337611404,239.21922434748075,362.7985867764484,0.1355602105509432,0.01,0.9459302094659092
1.970625,62.0,0.3548387096774194,0.4032258064516129,342.6431441381,71.21033106390657,246.2288826689832,400.0,391.9961133958994,249.08992447176465,400.0,0.120167303708668,0.01,0.8266685594724995
4.135,130.0,0.5461538461538461,0.5923076923076923,192.11257374833548,73.9416537783341,50.0,254.91212546385245,225.79288096122625,50.0,253.44393965741244,0.11375638979616,0.01,0.8266685594724995
5.1545625,162.0,0.7839506172839507,0.8395061728395061,231.05615941546412,80.06163448036853,50.28964705339267,375.3751986684572,260.87041395311286,55.47847360339225,294.8644805632913,0.1293715545354091,0.01,0.8266685594724996
2.7699375,87.0,0.8850574712643678,0.942528735632184,222.5165836706401,43.048320911008894,150.69866814745757,310.2289523667469,224.49240966187452,174.71527843239616,308.44216508158814,0.1600813719346125,0.0100000781022803,0.6159498854580682
1.8,57.0,0.631578947368421,0.631578947368421,284.1834858968796,47.2676854431489,183.40080864093423,368.92647743437567,279.5986511464687,217.32560901716496,350.26081602170075,0.1144588798797475,0.01,0.8266685594724995
2.36,74.0,0.9054054054054054,0.945945945945946,127.17323162194836,63.49538048751181,50.28964705339267,225.79288096122625,161.5148333600084,50.58097201509612,211.41717174137867,0.1516885932467175,0.01,0.6159498854580681
3.07,96.0,0.8645833333333334,0.9166666666666666,198.026306360486,32.01319023238576,143.06459324352582,296.2195104573129,197.7028040705792,146.9204049381041,221.65826841740505,0.1140105290000442,0.01,0.8911444948731201
4.2599375,134.0,0.7835820895522388,0.7985074626865671,302.7284090117641,72.62383000379512,134.25725027802636,400.0,308.44216508158814,145.56531828421873,375.3751986684572,0.1618207093755811,0.01,0.7571601330199093
1.7599375,55.0,0.6,0.6181818181818182,286.1938603440404,11.07072438707688,268.51450055605267,301.3973362949152,286.12918648705164,271.6344887654643,299.3162308251772,0.1078776814481864,0.010000000417925,0.7571601330199091
2.9993125,94.0,0.7021276595744681,0.8297872340425532,159.886623711468,70.47367768270729,50.58097201509612,254.91212546385245,194.3063882307212,52.063107626740326,232.40911739156792,0.1238700144559543,0.01,0.8266685594724995
9.92,311.0,0.7588424437299035,0.8713826366559485,152.23139609091385,79.46922869138962,50.58097201509612,297.93549262454053,178.69583600522918,50.58097201509612,248.37259827362635,0.1016119741373117,0.01,0.757160133019909
3.02275,95.0,0.7894736842105263,0.7894736842105263,231.52645899865985,46.20512556352295,171.11900513652043,321.1691527453505,241.9988178438585,177.97687364523946,307.731566622521,0.1494732913033723,0.01,0.8911444948731203
16.507375,516.0,0.8449612403100775,0.9554263565891472,130.3206139872735,64.49820903695866,50.0,232.40911739156792,164.33806291715806,50.58097201509612,205.26761286402663,0.1154849033223911,0.01,0.9459302094659092
5.6499375,177.0,0.8305084745762712,0.9265536723163842,169.92487094110564,57.66760762448524,50.0,289.4538474880756,182.34449771164336,50.0,217.34784304939083,0.3315713947076835,0.01,0.9848789761259924
2.7599375,87.0,0.735632183908046,0.8850574712643678,261.0788416047833,85.45865696680559,50.0,386.3745315699383,260.8747659088458,180.25009252216609,377.54972507267735,0.117388491227269,0.01,0.7571601330199091
2.4499375,77.0,0.5584415584415584,0.6623376623376623,150.90491633950285,37.82693006579579,50.87398460513432,197.7028040705792,155.11447618337343,72.9860628446288,183.40080864093423,0.1647012896664973,0.01,0.8911444948731202
2.078,65.0,0.6923076923076923,0.6923076923076923,195.49263319269247,20.03403081878237,157.8258294677283,249.08992447176465,196.56411970905023,167.801920413203,217.90538419688505,0.102452371950445,0.01,0.4849868077159112
3.322125,104.0,0.8461538461538461,0.9519230769230768,152.17742874769348,57.470607933380535,56.77522145354386,218.10154653305156,178.69583600522918,62.63322193120639,204.67477839935492,0.1391643551568173,0.01,0.6159498854580681
5.85,183.0,0.7814207650273224,0.8688524590163934,227.3389940949279,47.73379691567551,50.58097201509612,313.83363915870024,228.41646786215435,194.3063882307212,276.38257599355524,0.2904518710120989,0.01,0.9459302094659092
3.56,112.0,0.7410714285714286,0.7767857142857143,237.48520716230456,112.41337603433884,50.0,377.54972507267735,279.5939868358039,50.58097201509612,364.2689046128782,0.1815916942645925,0.01,0.9848789761259924
8.6499375,271.0,0.8081180811808119,0.940959409594096,121.98791731457816,36.11121054681422,51.46511183217461,265.4303484677136,111.59971426302234,98.8514020352896,153.51048408172687,0.162202248335809,0.01,0.9848789761259924
6.2053125,194.0,0.7835051546391752,0.9020618556701032,146.8639154465022,62.656636735898765,50.0,253.44393965741244,152.01067948830803,50.0,230.67357401842676,0.1557515776308779,0.01,1.0
1.61,51.0,0.6078431372549019,0.6078431372549019,199.94891877274284,27.46469423661173,171.11900513652043,237.8414230005442,178.17974362806785,176.1331747192297,233.75544971224912,0.2429092508804724,0.01,0.9459302094659092
3.81,120.0,0.625,0.625,185.6966051406974,57.22760370685836,123.11444133449164,296.2195104573129,196.56411970905023,123.82763603774404,285.15749293108644,0.1121983585151116,0.01,0.8266685594724996
3.2321875,102.0,0.6764705882352942,0.7058823529411765,255.6377782738364,27.301086532870983,189.86842419010387,301.3973362949152,256.3888163841458,223.97670661221343,296.2195104573129,0.1625489281964897,0.01,0.6860828109301791
4.353625,137.0,0.7883211678832117,0.9051094890510948,174.99284575901427,56.70410288663731,50.0,237.8414230005442,193.1872657849691,63.36098491435311,224.49240966187452,0.2065120789595294,0.01,0.9459302094659092
4.18,131.0,0.6641221374045801,0.7862595419847328,230.4376461182326,59.33463783146999,148.96774631227024,350.237444562354,235.10958125672173,152.09848405576165,321.201362495472,0.1106368408057947,0.01,0.8266685594724995
9.4399375,295.0,0.7864406779661017,0.8305084745762712,263.970902768362,50.34802924074352,170.1334321901711,390.8639873736984,263.9015821545788,208.25243050696125,332.4951584571151,0.1178369592800442,0.01,0.8266685594724995
10.7799375,337.0,0.5222551928783383,0.6142433234421365,287.8089715537177,84.38580857629111,50.28964705339267,400.0,284.4812036394563,217.4734602966676,400.0,0.1011667683853016,0.01,0.9459302094659092
3.0,94.0,0.6914893617021277,0.8297872340425532,259.969449112628,67.00392857719676,50.58097201509612,388.6127764614424,236.47155720542963,198.8480847635095,376.73257591225024,0.1561847193317959,0.01,0.8266685594724994
3.31,104.0,0.7980769230769231,0.8365384615384616,129.73766417249723,78.20895395855874,50.0,271.6344887654643,63.72803136596311,50.58097201509612,210.6722071909672,0.194155149571241,0.01,0.945930209465909
1.66,52.0,0.5961538461538461,0.5961538461538461,182.09237919600469,24.37784717500416,153.3328344669601,211.89261887185907,167.2106416577019,156.0130452026747,211.89261887185907,0.1118061852080709,0.01,0.7571601330199091
4.6041875,144.0,0.8125,0.8125,213.2490871377765,35.841327471227565,178.17974362806785,346.2146244024572,203.49593842053727,180.25009252216609,247.0995802864889,0.1111316101690835,0.01,0.4260623290432809
2.0,63.0,0.5714285714285714,0.7301587301587301,183.90488078494917,73.25135773279534,50.0,291.13063656843747,210.67572171799225,50.28964705339267,237.1564901029869,0.1151185720583562,0.01,0.6860828109301791
9.8199375,307.0,0.758957654723127,0.8892508143322475,231.39115501157664,67.86637041660066,50.58097201509612,319.31935454265994,250.53288772482563,150.1788974803425,294.5134116201051,0.1596088155831685,0.01,0.8266685594724996
4.1599375,130.0,0.7923076923076923,0.8307692307692308,309.7245387143989,75.46442272698782,165.29006363084235,400.0,328.6761258343161,180.4759073835648,400.0,0.1416627292770097,0.01,0.9459302094659092
2.1299375,67.0,0.7611940298507462,0.9104477611940298,147.68808892379965,65.2593195369597,74.0548776143282,246.2288826689832,156.91681957935012,75.34933407372878,236.47155720542963,0.1072967471728079,0.0100000000217015,0.8911444948731202
5.981375,187.0,0.7807486631016043,0.9144385026737968,170.8840713247568,65.4665851693047,50.58097201509612,282.842712474619,190.97150660015237,52.66805179774179,231.07053937445465,0.1266290844347002,0.01,0.8911444948731202
6.0199375,189.0,0.783068783068783,0.9047619047619048,268.4561170033265,60.82834369430241,193.1872657849691,400.0,251.98420997897463,202.3238880603845,376.0275565897233,0.1263038486436054,0.010000000001606,0.6860828109301791
9.36,293.0,0.6552901023890785,0.658703071672355,177.56463908510895,34.72769345915384,116.87772485612456,274.79072949161787,172.11028744886602,139.87797699233525,224.49240966187452,0.1230524314224686,0.01,0.9848789761259924
1.37,43.0,0.4883720930232558,0.4883720930232558,256.4598690708912,8.499167441534949,243.40070273411817,266.96797083400685,257.8740616879158,244.81070866093103,266.96797083400685,0.2652921464463733,0.010000000001606,0.9459302094659092
8.371125,262.0,0.8358778625954199,0.9122137404580152,225.49421985710515,26.38622634648893,194.3063882307212,292.81713918912504,218.10154653305156,201.15858821357068,272.26573691069507,0.173148986791789,0.0100000000000018,0.9459302094659092
3.74,117.0,0.5811965811965812,0.5811965811965812,282.26168515342385,45.97102428474242,231.07053937445465,368.92647743437567,263.9015821545788,237.02187047739747,360.5001850443321,0.1335579573961955,0.01,0.8911444948731202
15.2899375,478.0,0.7510460251046025,0.8786610878661087,192.7336105874124,73.79821534428038,50.0,358.423856764781,211.89261887185907,56.12310241546865,262.38162088748976,0.1606506453191142,0.01,0.9459302094659092
3.33,105.0,0.7333333333333333,0.7714285714285715,186.05995377913496,63.71659990465992,50.0,247.65527207548809,214.35469250725865,50.52439076308059,233.75544971224912,0.1006609879393759,0.01,0.9848789761259924
2.014625,63.0,0.6984126984126984,0.746031746031746,114.45585561033369,81.84907961157327,50.0,237.8414230005442,56.77522145354386,50.0,225.0148452306717,0.1406047755364848,0.01,0.8266685594724995
1.446625,46.0,0.7608695652173914,0.7608695652173914,184.0954236225273,16.469272827050528,169.1535357262897,221.91389441356895,175.11872228117704,170.1334321901711,212.140943071805,0.3275547358713787,0.01,0.8911444948731203
4.8399375,152.0,0.8157894736842105,0.8223684210526315,284.9049530237256,63.669508587260914,175.11872228117704,400.0,271.6344887654643,200.3475764640712,362.58854137124416,0.1921768283462407,0.01,0.8266685594724996
3.3,104.0,0.6153846153846154,0.6153846153846154,231.8661512069248,27.55819842786447,177.1535038204721,271.6344887654643,241.9988178438585,179.52337762432316,256.3888163841458,0.1479724842738261,0.01,0.8266685594724996
3.3,104.0,0.8557692307692307,0.971153846153846,152.9690608777063,37.220345796465686,63.72803136596311,192.07458901020084,155.11447618337343,64.09720409603644,188.99357486709172,0.2535891585916206,0.01,0.9459302094659092
13.49,422.0,0.6800947867298578,0.8033175355450237,288.67449370398293,54.11060567497798,50.0,400.0,276.38257599355524,230.5381920244356,374.0779974362167,0.1498475152604988,0.01,0.8911444948731203
1.8633125,59.0,0.5423728813559322,0.5423728813559322,239.8855884858686,30.59634981785706,203.49593842053727,287.786716002164,225.88705666524652,204.7933452922893,284.15444910795765,0.1066526740423167,0.0100000000000238,0.6860828109301791
1.85,58.0,0.4482758620689655,0.5517241379310345,182.77085349355133,16.737832594456645,155.11447618337343,223.1994285260446,185.5318233882619,155.11447618337343,194.30962973590917,0.2009354011413061,0.0100000000000004,0.9459302094659092
4.91,154.0,0.7987012987012987,0.8181818181818182,165.8944090205399,26.91231208004767,118.23577860271482,223.1994285260446,170.1334321901711,125.2664438624128,195.2068725956236,0.126076492156779,0.01,0.6860828109301791
5.6499375,177.0,0.6892655367231638,0.6892655367231638,290.9050686860313,67.0438623269945,178.17974362806785,381.93664156416656,299.66141537533633,196.56411970905023,373.21319661472296,0.1382835901117166,0.01,0.8911444948731204
7.9499375,249.0,0.7269076305220884,0.7911646586345381,277.737885919035,60.16645717527875,194.3063882307212,400.0,249.08992447176465,210.6722071909672,381.93664156416656,0.2079040926364374,0.01,0.9848789761259924
4.31,135.0,0.6370370370370371,0.6370370370370371,356.0891470399418,35.70256707242638,286.12918648705164,400.0,366.80161728186846,300.52937583512573,400.0,0.1580582546891533,0.01,0.8911444948731203
2.23,70.0,0.2285714285714285,0.2285714285714285,233.77935521562125,14.27806463841516,214.35469250725865,247.65527207548809,244.81070866093103,214.35469250725865,246.2288826689832,0.1044210766766063,0.01,0.8911444948731203
2.4699375,78.0,0.6153846153846154,0.6666666666666666,282.5250832471758,30.9569074013446,219.3649959389252,384.1491780204017,281.2136583244699,257.8740616879158,295.54003592143573,0.1055677048094145,0.010000000001606,0.9459302094659092
4.9399375,155.0,0.6258064516129033,0.7225806451612903,167.89603308116835,74.36655813092143,50.0,270.06998923363795,208.25243050696125,50.0,227.37159697649852,0.1820566486699739,0.01,0.8911444948731201
1.5699375,50.0,0.52,0.52,194.01488246143788,73.48385411993128,109.6824979694626,294.5134116201051,149.83070768766817,130.45479121296486,294.5134116201051,0.1763528726883775,0.01,0.8911444948731203
2.8819375,91.0,0.7362637362637363,0.8461538461538461,84.65048140304114,50.67474123532903,50.0,178.17974362806785,50.87398460513432,50.0,173.91187623320798,0.1013028962974844,0.01,0.7571601330199093
6.4,201.0,0.7761194029850746,0.7761194029850746,221.10325193043863,47.95816846754443,125.99210498948732,324.9009585424942,218.10154653305156,176.13611305082458,302.2703247984974,0.154224330004032,0.01,0.9459302094659092
1.8899375,60.0,0.7333333333333333,0.7333333333333333,153.82323539302976,67.39335363571976,50.58097201509612,249.08992447176465,172.11315866887452,50.66887579210758,218.10154653305156,0.1137472813011446,0.01,0.4849868077159112
3.93,123.0,0.7967479674796748,0.934959349593496,203.62431377775056,63.62230220264761,107.79821830428553,354.3070076409443,183.40080864093423,140.60682916223496,313.94444275157764,0.158967496740503,0.0100000002088927,0.8266685594724995
5.28,166.0,0.8433734939759037,0.8975903614457831,212.6221917374986,35.259894989894136,89.60596419119524,273.20805135087915,218.10154653305156,174.11011265922482,249.08992447176465,0.1744332230482849,0.01,0.7571601330199093
5.0799375,159.0,0.6415094339622641,0.6855345911949685,192.25624444145225,52.039288113965526,98.2820598545251,259.3679109302019,216.8453740602837,116.271875311818,249.08992447176465,0.1491194630363354,0.01,0.9459302094659092
2.9591875,93.0,0.6559139784946236,0.6666666666666666,277.7276948476058,65.38811801878077,147.25670581005258,362.58854137124416,319.31935454265994,208.25243050696125,348.2202253184496,0.1346494033715928,0.01,0.9459302094659092
6.2630625,196.0,0.7551020408163265,0.8622448979591837,225.20496619693645,47.969372791488006,50.87398460513432,282.842712474619,233.75544971224912,193.1872657849691,276.38257599355524,0.2020152902157908,0.01,0.8911444948731203
7.0,219.0,0.7214611872146118,0.730593607305936,243.89030583100785,39.98349035974559,178.17974362806785,324.9009585424942,247.65527207548809,183.40080864093423,294.5134116201051,0.1117268968343661,0.01,0.8911444948731202
9.34,292.0,0.797945205479452,0.8424657534246576,263.54000350204205,47.76030135884424,180.25009252216609,400.0,263.9015821545788,213.12010032569688,315.65165893545657,0.1782373582972864,0.01,0.9459302094659092
5.4831875,172.0,0.5523255813953488,0.5872093023255814,144.0282376164013,54.98097705658196,50.0,202.3238880603845,169.1535357262897,50.58097201509612,187.68759933422865,0.124371175075224,0.01,0.8911444948731202
5.2599375,165.0,0.7636363636363637,0.793939393939394,213.8740664774945,22.075482631460773,153.3328344669601,273.20805135087915,211.89261887185907,188.2312309352837,235.11350345883935,0.1179740665991796,0.010000000001606,0.7571601330199091
1.2599375,40.0,0.75,0.85,155.1227054922344,76.59114229213695,50.28964705339267,227.10088581417543,171.62037219569987,50.58097201509612,225.79288096122625,0.1599975670477378,0.01,0.7571601330199091
2.4399375,77.0,0.7402597402597403,0.7662337662337663,253.62967770027055,39.05122670443273,214.35469250725865,368.92647743437567,241.9988178438585,221.91389441356895,277.6671403304547,0.1093167877049392,0.01,0.5485250542599845
8.6699375,271.0,0.7416974169741697,0.8634686346863468,215.44486003237805,98.5910897028997,50.0,360.5001850443321,243.40070273411817,50.0,324.9009585424942,0.1174306502799589,0.01,0.8266685594724997
2.42175,76.0,0.5263157894736842,0.5526315789473685,134.61683292151716,11.134949067806463,114.86983549970348,146.40856959456255,139.79699341790194,117.48708405113724,145.56531828421873,0.107677693806561,0.010000000417925,0.6860828109301792
2.411125,76.0,0.5,0.5263157894736842,352.016604213725,35.38852295466388,274.79072949161787,400.0,364.6950793265563,312.7522331211142,400.0,0.1276422811093908,0.01,0.9459302094659092
12.1753125,381.0,0.6797900262467191,0.7217847769028871,244.37823932524523,35.44180587706435,51.16869459983875,344.22057489773204,235.10958125672173,214.35469250725865,303.49453157189424,0.1517091277582989,0.01,0.8911444948731202
8.7599375,274.0,0.5401459854014599,0.6605839416058394,173.4061234715697,73.8133586962998,52.063107626740326,308.44216508158814,175.11872228117704,57.43491774985176,267.8985763538962,0.109408495395632,0.01,0.8911444948731204
2.2,69.0,0.8405797101449275,0.855072463768116,179.83048186966025,21.8169964831326,136.60402567543954,263.9015821545788,177.66662372426998,153.05717166314457,208.25243050696125,0.3008320664360377,0.01,0.8911444948731204
2.49,78.0,0.2435897435897435,0.2692307692307692,250.71682335716363,14.569001742582476,236.47155720542963,273.20805135087915,243.40070273411817,237.5674498415213,271.6344887654643,0.1426867984213478,0.010000000417925,0.8911444948731202
2.098,66.0,0.6666666666666666,0.696969696969697,251.09285245539,141.38433082608807,52.66805179774179,400.0,293.72406568875016,55.57488866182793,400.0,0.2136496964437502,0.01,0.9848789761259924
2.7099375,85.0,0.8705882352941177,0.976470588235294,182.43341381460496,47.97966910428821,116.20455869578394,270.06998923363795,173.1073122012286,120.30250360821168,257.4284880967848,0.1259919713787824,0.0100000781022803,0.8266685594724996
2.6899375,85.0,0.788235294117647,0.8,278.4835269941935,69.36118540655232,189.86842419010387,400.0,262.38162088748976,192.7421950750618,400.0,0.2980688154683972,0.01,0.9459302094659092
15.7199375,492.0,0.6747967479674797,0.7052845528455285,317.5629470720848,53.09470429465591,215.59643660857105,400.0,328.6761258343161,233.75544971224912,381.93664156416656,0.1354652382274534,0.01,0.9459302094659092
3.0399375,95.0,0.7052631578947368,0.7684210526315789,214.11963136999807,74.23808547864127,156.0130452026747,356.35948725613576,177.1535038204721,161.5148333600084,351.0490065127962,0.1262381807591691,0.01,0.6159498854580681
1.8999375,60.0,0.85,0.8833333333333333,324.04564911680296,40.7011382634525,257.8740616879158,400.0,312.0260904053494,257.8740616879158,388.6127764614424,0.1094293682807386,0.0100000000000004,0.4849868077159112
1.6299375,51.0,0.8431372549019608,0.9607843137254902,194.5212275533057,56.63313655446419,153.3328344669601,346.2146244024572,173.1073122012286,165.29006363084235,317.43647713404323,0.1243599164448373,0.0100028158258111,0.4260623290432809
2.32625,73.0,0.6438356164383562,0.726027397260274,162.85705048208945,55.069958110382,50.58097201509612,215.59643660857105,172.11028744886602,58.5864126616316,213.12010032569688,0.1043887397948543,0.01,0.7571601330199091
4.05,127.0,0.6220472440944882,0.6692913385826772,217.4966776565407,42.87043596085359,134.25725027802636,306.66566893392013,219.3649959389252,168.1792830507429,291.1501765153686,0.1356147726198186,0.01,0.8266685594724996
6.3199375,198.0,0.803030303030303,0.8585858585858586,251.47600625160388,47.33322865771426,179.21192838239048,400.0,239.21922434748075,203.49593842053727,321.1691527453505,0.1046237904195234,0.0100000000000004,0.7571601330199091
4.09,128.0,0.7109375,0.8203125,125.6345166045829,87.31464281437727,50.0,286.12918648705164,61.557220667245815,50.0,239.21922434748075,0.1102101633913711,0.01,0.9459302094659092
2.0599375,65.0,0.7076923076923077,0.7230769230769231,289.6806583613297,53.834659235377245,225.79288096122625,368.92647743437567,271.6344887654643,232.40911739156792,360.5001850443321,0.1065125295558244,0.01,0.9459302094659092
2.6575,84.0,0.6904761904761905,0.7976190476190477,314.00007020773273,55.33650919333475,213.12010032569688,400.0,323.9653126312556,221.91389441356895,400.0,0.1021090693873023,0.0100000000006138,0.7571601330199093
4.6759375,147.0,0.7755102040816326,0.8299319727891157,223.79431078443065,140.86185822386406,50.0,400.0,305.81314433083105,50.0,366.80161728186846,0.1265185884655303,0.01,0.8911444948731202
2.82,89.0,0.5955056179775281,0.6853932584269663,181.2343220330015,44.90819042969427,50.0,233.75544971224912,189.86842419010387,172.51025249093777,212.63052169875093,0.1161400424447104,0.01,0.615949885458068
10.619,332.0,0.6295180722891566,0.7228915662650602,137.42142062933036,55.164125227939934,50.0,205.8604473286984,168.1792830507429,50.58097201509612,182.34449771164336,0.1015187890555582,0.01,0.6860828109301791
1.4499375,46.0,0.9782608695652174,0.9782608695652174,219.50492936558177,72.57755634631701,121.7003513670591,346.2146244024572,205.8604473286984,133.3754956733466,342.23801027304086,0.1747874941411955,0.0100000162264228,0.8266685594724995
1.3799375,44.0,0.9090909090909092,0.9545454545454546,215.5117589762011,58.02281425618226,130.43520697655643,273.20805135087915,260.1191624416574,130.43520697655643,270.2264391868206,0.2311074360186338,0.0100000000002219,0.9848789761259924
2.2,69.0,0.7101449275362319,0.7101449275362319,260.7298788648539,75.58947846766661,202.3238880603845,400.0,213.12010032569688,203.49593842053727,383.72211072607297,0.1663047469538375,0.01,0.8266685594724996
1.36,43.0,0.4418604651162791,0.5348837209302325,323.37829126063866,9.890066362941251,299.66141537533633,336.3585661014858,319.31935454265994,315.65165893545657,334.8087398726202,0.1071916449271497,0.01,0.6159498854580682
2.0099375,63.0,0.8412698412698413,0.873015873015873,204.46263260313003,39.44635335021697,131.19081044374488,277.98364396846745,196.56411970905023,132.71517423385683,266.96797083400685,0.1102709767423572,0.01,0.6159498854580682
6.8,213.0,0.8356807511737089,0.9061032863849764,202.3233805810177,57.82877049432841,145.56531828421873,400.0,182.34449771164336,164.05410763924365,274.79072949161787,0.1712772512673283,0.01,0.9459302094659092
2.55,80.0,0.6125,0.6125,294.0602675170477,38.43182600533117,236.47155720542963,375.3751986684572,287.786716002164,249.08992447176465,360.5001850443321,0.2091331769302467,0.01,0.9459302094659092
3.0099375,95.0,0.8526315789473684,0.9157894736842104,212.31301766128271,18.289772617919223,187.68759933422865,259.3679109302019,210.6722071909672,190.9683207820833,239.21922434748075,0.1450390192446194,0.01,0.7571601330199093
2.87,90.0,0.7666666666666667,0.7666666666666667,195.7332832866248,29.90455460086608,170.1334321901711,279.5939868358039,184.46323871718783,176.1331747192297,262.38162088748976,0.1238189160270415,0.01,0.8266685594724996
19.5699375,612.0,0.738562091503268,0.7875816993464052,243.9435616606312,48.17102136173416,128.9370308439579,400.0,240.60500721642333,194.3063882307212,299.4888231002568,0.105032313457179,0.0100000000000238,0.8266685594724995
2.3,72.0,0.7638888888888888,0.7638888888888888,236.67163316766815,58.9548956662884,189.86842419010387,395.4056081411584,210.6722071909672,194.3063882307212,337.07391897787755,0.1985387802545543,0.0100000000000754,0.8266685594724994
2.1449375,68.0,0.8529411764705882,0.9705882352941176,231.64571377913308,41.86043650199683,173.1073122012286,315.65165893545657,230.40510518693085,176.8474050900994,312.0260904053494,0.1208362836099389,0.0100000000217015,0.757160133019909
8.229,258.0,0.7790697674418605,0.7790697674418605,210.7330142620304,111.10459879031198,50.0,356.35948725613576,262.38162088748976,59.80480608687019,321.1691527453505,0.1347559000712436,0.01,0.8911444948731203
3.2399375,102.0,0.8823529411764706,0.9607843137254902,236.73733814252063,33.21514203555108,174.11011265922482,289.4538474880756,232.40911739156792,191.85397252819115,282.842712474619,0.2020923228516813,0.0100000000000753,0.8266685594724995
4.31675,135.0,0.7777777777777778,0.8666666666666667,256.48355742686016,72.92835711915697,62.63322193120639,400.0,246.2288826689832,181.7143614960306,360.5001850443321,0.1042708337546321,0.01,0.7571601330199091
1.7599375,55.0,0.7454545454545455,0.7636363636363637,224.20056838133044,8.172006722169641,211.89261887185907,233.75544971224912,229.73967099940705,213.12010032569688,232.40911739156792,0.1668290380849046,0.01,0.8266685594724995
2.3799375,75.0,0.88,0.92,188.2785489582532,45.83222255561722,50.0,236.47155720542963,196.56411970905023,169.64348395823043,222.56408704731192,0.2233198072115332,0.01,0.8266685594724995
9.0088125,282.0,0.4822695035460992,0.5638297872340425,302.16023372791324,73.73757610589986,52.97315471796477,400.0,304.02135897661606,197.13346188981475,400.0,0.105656712004821,0.01,0.8911444948731203
6.23,195.0,0.7076923076923077,0.7743589743589744,142.9757190900068,51.68815402168518,50.58097201509612,198.8480847635095,169.15635762045702,55.15894110818732,180.5633459712029,0.229318998024866,0.01,0.9848789761259924
1.62,51.0,0.6862745098039216,0.6862745098039216,256.98619959325606,14.799331736977946,233.75544971224912,286.12918648705164,259.3679109302019,236.47155720542963,271.6344887654643,0.2290615449851253,0.01,0.6159498854580683
4.7699375,150.0,0.78,0.78,240.0962175043575,58.61222187452764,178.17974362806785,373.21319661472296,214.35469250725865,184.46323871718783,338.3070714525794,0.180040224996979,0.01,0.8266685594724996
1.09,35.0,0.5142857142857142,0.5142857142857142,224.882904714828,8.87583126054498,214.35469250725865,240.60500721642333,223.8533876873976,215.59643660857105,235.5181740413341,0.2248064858112816,0.0100000000000238,0.686082810930179
4.9174375,154.0,0.8571428571428571,0.974025974025974,122.72200128965228,58.91694721360486,50.0,216.8453740602837,160.12212682200266,54.841248984731294,196.56411970905023,0.11647091075556,0.01,0.7571601330199093
3.6813125,116.0,0.7413793103448276,0.75,243.0677542107886,39.65336749282749,170.1334321901711,310.2289523667469,256.3888163841458,179.21192838239048,277.18310998101134,0.1840349587492048,0.01,0.8266685594724996
1.0099375,32.0,0.78125,0.78125,282.04072672569123,69.44154611944286,216.8453740602837,400.0,251.98420997897463,216.8453740602837,400.0,0.1420140427462629,0.010000000001606,0.7571601330199091
2.99,94.0,0.7446808510638298,0.7446808510638298,229.48502190188864,31.92716219376908,189.86842419010387,328.6761258343161,225.1426453115504,194.3063882307212,273.20805135087915,0.1157340024275583,0.01,0.6159498854580681
1.2199375,39.0,0.7692307692307693,0.7692307692307693,178.9084039397964,50.82021877463987,120.30250360821168,259.3679109302019,214.35826846713397,120.99940892192926,224.62245679180973,0.1465484735159821,0.01,0.757160133019909
7.5051875,235.0,0.774468085106383,0.8468085106382979,292.4697302648576,59.980827548552,127.45606273192622,400.0,287.786716002164,222.17174593839957,358.423856764781,0.1013822614430313,0.0100000000000754,0.8911444948731202
5.5799375,175.0,0.52,0.5885714285714285,157.35457488746897,62.07548695521548,61.20267716523277,268.51450055605267,166.24757922855756,69.89849670895097,221.91389441356895,0.1004566418714187,0.01,0.8911444948731203
8.8710625,278.0,0.7086330935251799,0.7697841726618705,166.5942280715407,73.51520944804582,50.0,284.4812036394563,184.46323871718783,50.28964705339267,250.53288772482563,0.108559330517742,0.01,0.7571601330199093
3.4925,110.0,0.7636363636363637,0.8818181818181818,173.92534682041307,62.79610203529878,50.0,227.10088581417543,200.5792941067853,50.87398460513432,225.79288096122625,0.1726735141046236,0.01,0.6159498854580683
2.5299375,80.0,0.8625,0.8625,248.28413139903373,45.500688333505735,195.4319936868492,323.02966672001685,218.10154653305156,200.0,317.4802103936399,0.1067474116949343,0.01,0.6860828109301791
10.2099375,320.0,0.66875,0.765625,341.289627791549,54.70260097685284,198.8480847635095,400.0,358.423856764781,234.1616891755909,400.0,0.1034790596843597,0.0100000000000004,0.6159498854580681
4.4326875,139.0,0.8561151079136691,0.9424460431654677,287.57443726514384,41.16226504419514,229.73967099940705,386.3745315699383,294.5134116201051,236.47155720542963,343.0333330989241,0.1356743884423771,0.01,0.6159498854580681
1.46,46.0,0.782608695652174,0.9347826086956522,169.78329910562866,64.83675773351062,50.87398460513432,263.9015821545788,134.25725027802636,122.05692512821044,262.38162088748976,0.1052288350629231,0.01,0.6159498854580683
2.0099375,63.0,0.9047619047619048,0.9365079365079364,207.278733792951,37.21073761109377,144.7269237440378,253.44393965741244,221.91389441356895,149.14232670406346,251.98420997897463,0.1102595658080342,0.0100003286045016,0.5485250542599847
2.6399375,83.0,0.6024096385542169,0.6987951807228916,213.98036257721444,62.67231437829689,124.5449622358823,303.14331330207966,222.5789384500757,128.1944081920729,299.66141537533633,0.1100490844088914,0.01,0.8911444948731203
5.213,163.0,0.7239263803680982,0.8343558282208589,183.1275426288316,78.43584952122247,52.063107626740326,251.98420997897463,232.40911739156792,59.46035575013605,239.21922434748075,0.1095664213584685,0.01,0.6860828109301792
3.92,123.0,0.6504065040650406,0.7073170731707317,285.5262528865872,60.71922511963451,209.4588245641254,400.0,263.9015821545788,213.12010032569688,384.1491780204017,0.1274326138427981,0.0100000000000001,0.9459302094659092
5.987,188.0,0.6914893617021277,0.7606382978723404,205.44116276988044,28.13639100362729,143.893358001082,384.1491780204017,204.67477839935492,186.49912081545156,225.9236814465212,0.1078340604853287,0.01,0.8911444948731203
2.25,71.0,0.8028169014084507,0.9014084507042254,163.20652416658223,92.09610647042086,50.0,265.4303484677136,207.05298476827548,50.0,253.44393965741244,0.1631346191986709,0.01,0.8266685594724995
4.789375,150.0,0.7933333333333333,0.9,171.61491047934757,55.134772229167744,50.28964705339267,263.9015821545788,185.5318233882619,50.87398460513432,222.4295974632301,0.1632387603717271,0.01,0.8266685594724996
9.6899375,303.0,0.7491749174917491,0.7986798679867987,253.0315024880718,59.34500189846209,183.40080864093423,375.3751986684572,227.10088581417543,188.7748625363387,338.3070714525794,0.1985552546302248,0.01,0.9459302094659092
4.22625,133.0,0.5939849624060151,0.5939849624060151,275.2892362079731,26.44905528355157,228.41646786215435,315.65165893545657,271.6344887654643,241.44289914458292,312.3876001560196,0.1161656938984836,0.01,0.6860828109301791
5.87,184.0,0.7934782608695652,0.842391304347826,144.24813057422216,34.108334783069374,100.57929410678534,291.13063656843747,136.60402567543954,118.23577860271482,174.11011265922482,0.1522986433579149,0.01,0.8911444948731203
13.542625,424.0,0.7240566037735849,0.7712264150943396,191.92032958246017,48.5861928292861,62.27248111794115,294.5134116201051,198.8480847635095,156.55530982867995,235.10958125672173,0.1674594362715416,0.01,0.8911444948731202
3.81,120.0,0.675,0.8,159.18187986223106,23.89244122272553,92.76591169413096,194.3063882307212,163.39154532410998,125.99210498948732,193.1872657849691,0.106392198899254,0.01,0.7571601330199091
2.0599375,65.0,0.8769230769230769,0.9846153846153848,227.11715685071164,41.5030171978923,140.60682916223496,268.51450055605267,244.81070866093103,148.1097552286564,266.0453974142309,0.3813096905507018,0.0100377655029296,0.9459302094659092
1.8,57.0,0.7368421052631579,0.8070175438596491,301.47899538536456,90.9033178216502,171.11900513652043,400.0,361.54436320778814,172.11028744886602,383.92792437477823,0.1718556280973287,0.01,0.6860828109301791
6.21825,195.0,0.7794871794871795,0.8769230769230769,228.4863110781526,34.20874951717231,178.17974362806785,299.66141537533633,215.59643660857105,187.79632565443967,274.79072949161787,0.1508293866096866,0.01,0.6860828109301791
7.5699375,237.0,0.7763713080168776,0.8818565400843882,274.79250154297534,47.11120184213314,182.34449771164336,379.7368483802076,270.06998923363795,207.05298476827548,340.26686438034227,0.1241514026149063,0.01,0.8266685594724996
3.87475,122.0,0.8524590163934426,0.9918032786885246,335.5162596886312,38.68222296090808,228.41646786215435,400.0,344.22057489773204,277.98364396846745,392.4489638047799,0.2292817282959663,0.010000000001606,0.8911444948731202
2.23,70.0,0.7428571428571429,0.8142857142857143,119.63298337711272,29.72620117049431,50.0,152.4497023255762,134.25725027802636,63.85508770668978,145.48147883020064,0.1167875876077458,0.01,0.6860828109301792
7.6299375,239.0,0.7866108786610879,0.7907949790794979,294.074176700349,50.10435990038927,105.33610359548358,388.6127764614424,296.2195104573129,254.91212546385245,348.2202253184496,0.1543432975849865,0.01,0.9848789761259924
5.43,170.0,0.7529411764705882,0.9,176.85541468648285,48.92828299567654,50.58097201509612,263.9015821545788,184.46323871718783,72.8270030582592,231.07053937445465,0.1345513348696087,0.01,0.7571601330199091
2.5199375,79.0,0.8734177215189873,0.9240506329113924,163.87826133138648,36.25266561534836,107.79821830428553,236.47155720542963,155.11447618337343,128.82923644733825,221.40709347857435,0.1742846249854554,0.010000000047726,0.7571601330199091
4.3,135.0,0.8518518518518519,0.9555555555555556,202.62728134346384,65.81980365034468,113.55044290708771,390.8639873736984,196.56411970905023,127.45606273192622,316.19790044632856,0.1328253885419142,0.0100000000217015,0.8266685594724996
2.93,92.0,0.7717391304347826,0.8260869565217391,255.65174725310723,86.21057565155452,140.60682916223496,388.6127764614424,209.4588245641254,149.83070768766817,364.6889954232867,0.1212151294948918,0.0100000000039966,0.9459302094659092
3.3899375,106.0,0.5660377358490566,0.6792452830188679,311.4808099906768,36.32914669316615,235.10958125672173,354.3070076409443,317.4802103936399,237.8414230005442,348.2202253184496,0.1385708009550519,0.010000000047726,0.8266685594724995
3.9723125,125.0,0.76,0.864,133.13513565004206,53.04466216185869,76.66641723348003,239.21922434748075,120.30250360821168,86.05514372443301,225.79288096122625,0.1006248870506041,0.010000000001606,0.6860828109301791
6.588,206.0,0.7475728155339806,0.7524271844660194,227.5018037729101,32.77498439725132,172.11028744886602,282.842712474619,221.9175964793969,180.25009252216609,271.1651389059164,0.1706903022349728,0.01,0.7571601330199091
1.5394375,49.0,0.3877551020408163,0.4693877551020408,148.49562931353856,43.85683235117676,50.58097201509612,172.11028744886602,170.1334321901711,50.58097201509612,170.330546779441,0.1983624122565501,0.01,0.9459302094659092
2.67,84.0,0.9285714285714286,1.0,275.42038127557265,60.776619254412246,173.1073122012286,400.0,271.6344887654643,193.9706514969956,359.49212626385554,0.1097181853899631,0.0100000002088927,0.4260623290432809
6.604125,207.0,0.7101449275362319,0.8067632850241546,106.62583863087376,68.88994915381183,50.0,225.79288096122625,56.12310241546865,50.0,209.94417761486213,0.1077769325519479,0.01,0.8266685594724995
3.1201875,98.0,0.5816326530612245,0.6122448979591837,280.28166902871885,43.40976522972695,209.4588245641254,400.0,281.2136583244699,232.14913822711227,320.8034794136027,0.1428291478156533,0.0100000000002219,0.9459302094659092
3.4699375,109.0,0.5963302752293578,0.6788990825688074,223.24117965387245,29.98886097667916,130.43520697655643,274.79072949161787,231.07053937445465,178.67879695083963,256.3888163841458,0.1130961815538946,0.01,0.686082810930179
5.85,183.0,0.6338797814207651,0.7103825136612022,208.778121348668,18.212914362735667,151.57165665103983,250.53288772482563,209.4588245641254,186.0692108478117,229.73967099940705,0.1305975901652143,0.01,0.8266685594724995
1.1899375,38.0,0.7894736842105263,0.7894736842105263,272.4769881128025,92.24413977611246,178.17974362806785,368.92647743437567,269.35199248388955,178.17974362806785,364.9002576091449,0.2108913750967373,0.01,0.6159498854580682
3.66,115.0,0.5739130434782609,0.6173913043478261,268.0608742266959,17.3426701389752,249.08992447176465,292.81713918912504,254.91212546385245,251.2585488519001,291.13063656843747,0.1891222623827042,0.01,0.8911444948731202
2.65925,84.0,0.6666666666666666,0.6666666666666666,258.2302338294042,75.25758570947276,173.1073122012286,384.1491780204017,223.1994285260446,182.34753966327816,381.93664156416656,0.101450677844976,0.01,0.7571601330199094
4.335,136.0,0.7058823529411765,0.7426470588235294,282.3173934417864,58.44059446772239,146.40856959456255,400.0,271.6344887654643,231.7398283830113,351.2518970004068,0.1224929451922882,0.01,0.8266685594724997
2.67975,84.0,0.8452380952380952,0.9166666666666666,169.3958052725831,9.942884407602085,154.22108254079407,196.56411970905023,168.1792830507429,156.91681957935012,186.60659830736148,0.1264896932389498,0.01,0.6159498854580681
4.9695625,156.0,0.782051282051282,0.8974358974358975,218.9327752313546,38.59149020529076,50.58097201509612,266.96797083400685,220.63944517624708,189.86842419010387,253.44393965741244,0.151968285010184,0.01,0.8911444948731202
4.14,130.0,0.8076923076923077,0.8769230769230769,251.43061158938067,48.71835832378309,123.11444133449164,326.78309064822,268.51450055605267,173.1073122012286,298.284653408127,0.189737479690241,0.01,0.9459302094659092
1.5199375,48.0,0.7916666666666666,0.8958333333333334,179.9872373907124,81.41355031609515,50.0,281.2136583244699,184.46323871718783,50.0,273.53923532636526,0.1408636055416444,0.01,0.9848789761259924
1.33,42.0,0.9523809523809524,0.9761904761904762,163.27024340657914,40.14503326162198,116.20455869578394,216.8453740602837,171.16468196943947,116.87772485612456,216.8453740602837,0.1202855974669618,0.010000000417925,0.6159498854580681
8.0825,253.0,0.6996047430830039,0.8102766798418972,175.77214139910825,46.4246244960763,50.87398460513432,237.8414230005442,186.60659830736148,101.8672111318834,223.1994285260446,0.1296217436936896,0.01,0.8266685594724995
3.8799375,122.0,0.4344262295081967,0.5,159.85731850963663,104.31418613350884,50.0,287.786716002164,235.10958125672173,50.0,279.9290725578996,0.1174786453738076,0.01,0.7571601330199093
2.583125,81.0,0.7283950617283951,0.7283950617283951,139.8122278055016,68.00370596511715,50.0,251.98420997897463,122.40535433046551,50.0,232.40911739156792,0.1051825594872811,0.01,0.686082810930179
5.09,160.0,0.6875,0.7125,254.52253216599595,56.34541742250709,183.40080864093423,400.0,238.5303236740125,196.45090710683013,319.31935454265994,0.1181463996971236,0.01,0.8266685594724994
2.0654375,65.0,0.7692307692307693,0.7692307692307693,166.81580658958512,69.09657794168614,50.58097201509612,218.10154653305156,205.8604473286984,50.87398460513432,215.59643660857105,0.1776603213628448,0.01,0.7571601330199091
2.5899375,81.0,0.8148148148148148,0.8765432098765432,148.0729458459959,78.01860455288201,50.0,227.10088581417543,182.34449771164336,50.0,225.79288096122625,0.1357731235934312,0.01,0.6860828109301791
2.14,67.0,0.6716417910447762,0.6716417910447762,207.10230531158325,34.52051849255073,159.65967727133,260.87041395311286,200.0,165.30664041476314,254.91212546385245,0.1491226477225971,0.01,0.7571601330199091
1.9399375,61.0,0.7049180327868853,0.7049180327868853,285.7632207171413,96.02580684433448,146.40856959456255,400.0,310.2289523667469,147.42731569377335,385.929460860031,0.1233750878791897,0.01,0.8266685594724995
1.19725,38.0,0.8421052631578947,0.868421052631579,207.3792258062647,13.952587847396504,185.5318233882619,229.73967099940705,211.2824130314131,187.68759933422865,222.94306211671508,0.1124862560385026,0.01,0.6159498854580681
2.1975,69.0,0.4057971014492754,0.4492753623188406,361.82480432006486,26.396528665846684,326.78309064822,400.0,364.6889954232867,330.0089268334741,400.0,0.1006209863652732,0.0100000002088927,0.6159498854580681
1.93,61.0,0.6229508196721312,0.6229508196721312,298.28910710588843,26.797270993111287,227.10088581417543,315.65165893545657,312.0260904053494,250.6199899896237,315.65165893545657,0.2867426237973304,0.01,0.8911444948731203
6.68,209.0,0.5502392344497608,0.5741626794258373,138.4300853240794,71.0089509633741,94.38743126816934,348.2202253184496,110.95694720678448,96.59363289248456,186.1766883397217,0.1017051888202815,0.01,0.8911444948731201
2.866375,90.0,0.7555555555555555,0.8777777777777778,153.86975515689343,52.34488445949314,50.0,214.35469250725865,171.11900513652043,50.58097201509612,205.8604473286984,0.1067568722605758,0.01,0.8911444948731204
2.7699375,87.0,0.6666666666666666,0.6781609195402298,112.4574668966029,2.1744803695487303,107.17734625362932,116.87772485612456,112.2462048309373,109.6824979694626,115.5352696872273,0.1486544041848997,0.01,0.7571601330199091
5.553625,174.0,0.8275862068965517,0.9080459770114944,227.78966937880645,29.03977765542824,165.29006363084235,284.4812036394563,235.10958125672173,188.01377829486168,262.38162088748976,0.1792473599468616,0.01,0.9459302094659092
2.98,94.0,0.648936170212766,0.648936170212766,256.61972504051846,45.14146293650787,203.49593842053727,348.2202253184496,247.65527207548809,208.25243050696125,342.23801027304086,0.1047011061648177,0.01,0.6860828109301792
2.7099375,85.0,0.8352941176470589,0.8352941176470589,215.05065793154444,75.08314543268185,135.81724438273213,400.0,215.59643660857105,139.79699341790194,379.7368483802076,0.124481512158094,0.010000000417925,0.757160133019909
5.73,180.0,0.8666666666666667,0.9166666666666666,237.90349774012088,37.84630598525023,120.99940892192926,310.2289523667469,246.2288826689832,204.68843641433,276.38257599355524,0.2021217718563729,0.01,0.8911444948731203
3.5364375,111.0,0.7747747747747747,0.8738738738738738,162.628129996328,40.93321677942734,83.12378961427878,214.35469250725865,167.2106416577019,94.93421209505192,209.4588245641254,0.1314900457001499,0.01,0.9459302094659092
2.86,90.0,0.7777777777777778,0.9222222222222224,165.93338162205976,69.09167732123424,50.0,231.07053937445465,202.3238880603845,50.0,223.4587737695628,0.2414060219533034,0.01,0.9459302094659092
1.6399375,52.0,0.6346153846153846,0.6730769230769231,166.83253761668357,93.96213343853616,50.0,251.98420997897463,235.10958125672173,50.58097201509612,250.53288772482563,0.1984026937874457,0.01,0.7571601330199091
3.17,100.0,0.86,0.97,211.8452675320323,19.28960651462296,167.2106416577019,266.96797083400685,215.59643660857105,183.93202367906105,232.40911739156792,0.14400396357316,0.01,0.6159498854580681
5.3199375,167.0,0.8023952095808383,0.8263473053892215,272.0076009071183,44.31054958975326,177.1535038204721,360.5001850443321,266.96797083400685,219.7462264870724,340.26686438034227,0.170375678680011,0.01,0.9459302094659092
2.9599375,93.0,0.6021505376344086,0.7204301075268817,236.8073569171557,14.272902559340146,207.05298476827548,266.96797083400685,237.1564901029869,218.10518499960443,256.3888163841458,0.1063142206898804,0.01,0.6860828109301791
2.9599375,93.0,0.7419354838709677,0.8064516129032258,223.205660246948,36.3004094326426,168.1792830507429,277.98364396846745,205.8604473286984,175.11872228117704,271.6344887654643,0.1131897728410041,0.0100000000039966,0.8911444948731203
3.0299375,95.0,0.7473684210526316,0.7473684210526316,196.09958636715257,25.330386650961657,143.06459324352582,289.4538474880756,200.0,171.11900513652043,223.1994285260446,0.1679041250680216,0.01,0.6159498854580682
3.3499375,105.0,0.7714285714285715,0.7714285714285715,214.6410290053108,19.10253229509019,176.1331747192297,246.2288826689832,221.91389441356895,192.07458901020084,236.47155720542963,0.1089427782167288,0.01,0.8266685594724995
2.07,65.0,0.9230769230769232,0.9230769230769232,241.7249476861049,51.262705752136014,194.3063882307212,393.12823941810046,224.49240966187452,203.378733384522,314.072997210526,0.1721197089937818,0.0100000015465542,0.8911444948731202
4.93,155.0,0.6451612903225806,0.7548387096774194,212.47348808138747,30.45011396554992,133.48398541700342,254.91212546385245,216.8453740602837,174.11011265922482,252.1301829468184,0.1399558559112127,0.0100000052162294,0.8911444948731203
7.2851875,228.0,0.7763157894736842,0.7894736842105263,280.61543918990725,54.7139642480428,211.89261887185907,400.0,263.9015821545788,223.1994285260446,356.35948725613576,0.139693256348238,0.01,0.8911444948731201
3.9764375,125.0,0.728,0.872,218.8467969069436,100.56703893978934,50.58097201509612,368.92647743437567,215.59643660857105,64.09720409603644,362.58854137124416,0.1090408830237355,0.01,0.6860828109301792
2.66,84.0,0.8571428571428571,0.9761904761904762,194.38295410283968,27.84872259136892,146.40856959456255,348.2202253184496,192.07458901020084,171.218133367755,238.7448185158852,0.1774544284231279,0.01,0.8911444948731204
2.0,63.0,0.4603174603174603,0.4603174603174603,225.0777702705012,24.405838206441903,185.5318233882619,260.87041395311286,221.91389441356895,188.34120969054325,253.73757681870043,0.1377931065518758,0.01,0.8266685594724995
1.7099375,54.0,0.8518518518518519,0.8888888888888888,223.94623037222564,74.47439749629726,148.1097552286564,332.4951584571151,191.80935521447725,152.4497023255762,330.5801272616847,0.1483579081635955,0.010000000001606,0.7571601330199091
2.18,69.0,0.9565217391304348,0.9710144927536232,303.52479495088403,45.245833535976615,231.07053937445465,393.12823941810046,292.83667897269424,249.08992447176465,366.8077364288312,0.2006697224043216,0.0100187645097691,0.8266685594724995
4.4799375,140.0,0.6928571428571428,0.8142857142857143,201.28728418312204,27.88820873279443,50.0,240.60500721642333,204.67477839935492,180.25009252216609,225.5358001227949,0.1780113215135089,0.01,0.7571601330199091
2.3363125,74.0,0.4189189189189189,0.4189189189189189,167.43890789561434,14.168031103739068,149.83070768766817,190.9683207820833,174.11011265922482,149.83070768766817,184.46323871718783,0.1100242205157339,0.01,0.8911444948731204
3.2929375,103.0,0.7669902912621359,0.8932038834951457,318.3901674545114,94.45288871928696,50.0,400.0,319.31935454265994,219.3649959389252,400.0,0.1108414759920207,0.01,0.8266685594724997
3.8399375,120.0,0.8,0.925,211.1365223513,54.628433826753536,65.21760348827821,323.02966672001685,208.2559046662004,176.13611305082458,284.4812036394563,0.1446243601518386,0.01,0.7571601330199091
1.85,58.0,0.6206896551724138,0.6206896551724138,233.63320976838796,43.12880487122776,188.7748625363387,297.93549262454053,218.75516551107,190.4183724860936,295.36646103870896,0.2297304941497463,0.01,0.8266685594724996
2.8,88.0,0.8863636363636364,0.9090909090909092,176.91976178140226,27.88992503884807,137.3953647458089,257.8740616879158,162.4504792712471,158.46582247809246,215.97111784408483,0.1137237913768424,0.0100000092874866,0.6860828109301792
1.61,51.0,0.5686274509803921,0.5686274509803921,366.79880863111833,12.417323725415647,328.6761258343161,379.7368483802076,368.92647743437567,354.3070076409443,377.9871497341834,0.1734300586234643,0.01,0.9848789761259924
10.33,323.0,0.7678018575851393,0.8668730650154799,180.52623054793045,68.05663650117657,50.0,348.2202253184496,195.4319936868492,50.40668041056729,245.2361608633467,0.1457899066714162,0.01,0.8266685594724995
6.6899375,210.0,0.7142857142857143,0.7761904761904762,272.88556945765896,47.43503964649202,178.17974362806785,366.80161728186846,282.02818539954444,208.8625359497666,319.31935454265994,0.1015091450233993,0.0100000000000754,0.6860828109301791
1.2,38.0,0.7368421052631579,0.7631578947368421,272.42549190500193,39.838950071437786,197.7028040705792,308.44216508158814,288.62028174511977,197.7028040705792,303.6701407068015,0.1365397734039714,0.010000000001606,0.6860828109301791
10.198,319.0,0.799373040752351,0.8808777429467085,174.8763922525281,31.71775156722784,125.2664438624128,225.79288096122625,163.39154532410998,139.79699341790194,216.3457990795986,0.3151191576624219,0.01,0.9848789761259924
16.6299375,520.0,0.6826923076923077,0.801923076923077,150.83732995125516,39.32761324651609,50.0,227.10088581417543,155.11447618337343,108.42268703014184,192.07458901020084,0.1026885005596752,0.01,0.8911444948731202
5.2155625,163.0,0.7730061349693251,0.8711656441717791,167.9558458912891,54.62847757586038,50.0,218.10154653305156,186.60659830736148,50.58097201509612,210.6722071909672,0.1362364420339953,0.01,0.8911444948731202
6.4834375,203.0,0.8078817733990148,0.8916256157635468,243.83878549175077,41.27169499943773,181.29427068562208,400.0,235.7905692310757,204.67477839935492,271.6344887654643,0.1199461165092869,0.01,0.6860828109301791
2.5899375,81.0,0.5432098765432098,0.691358024691358,153.30387112050977,32.98514892131024,50.0,172.11028744886602,162.4504792712471,149.2266347248896,171.11900513652043,0.1250961581627652,0.01,0.4849868077159113
11.46,359.0,0.7493036211699164,0.841225626740947,201.16764858813377,55.02288125276262,50.0,326.78309064822,192.07458901020084,170.3373324407567,268.82559829156975,0.2080900480994148,0.01,0.9459302094659092
5.1,160.0,0.7625,0.90625,184.06786839693228,63.75992223759632,50.58097201509612,247.65527207548809,209.46231884896423,56.80811100474334,237.8414230005442,0.1280895402082887,0.01,0.8266685594724995
2.27,71.0,0.7323943661971831,0.7323943661971831,179.68227046254833,23.53249926002205,145.56531828421873,223.1994285260446,176.1331747192297,148.96774631227024,220.50868758336688,0.1060628041201232,0.0100000000039966,0.8266685594724996
3.93,123.0,0.6260162601626016,0.6341463414634146,204.01318245625035,74.77302002364407,114.86983549970348,334.4212833154038,219.3649959389252,118.9207115002721,305.6059103642595,0.1038949825947344,0.01,0.6159498854580682
5.1899375,163.0,0.7975460122699386,0.9263803680981596,162.6533581648112,67.11401131404573,50.0,244.81070866093103,194.3063882307212,50.87398460513432,223.1994285260446,0.1987079288573165,0.01,0.8266685594724996
2.46,77.0,0.8441558441558441,0.9090909090909092,252.61446989051797,46.13427254153296,165.29006363084235,338.3070714525794,236.47155720542963,219.8733033364548,314.2014315234137,0.2348986123227083,0.0100000000000238,0.8911444948731201
5.4099375,170.0,0.7294117647058823,0.7294117647058823,181.57449761806825,24.40131685795945,141.4213562373095,257.8740616879158,178.69583600522918,144.7269237440378,197.7028040705792,0.1539054291006103,0.01,0.7571601330199093
1.9838125,62.0,0.5806451612903226,0.6774193548387096,128.9817733465213,56.18251325436448,50.0,177.1535038204721,164.8140632740002,50.0,175.11872228117704,0.1251669214655174,0.01,0.8266685594724997
1.31,41.0,0.8048780487804879,0.8048780487804879,182.52597788136623,14.105999788938169,164.33806291715806,218.10154653305156,183.40080864093423,165.29006363084235,204.43901040359145,0.1001020260094182,0.01,0.7571601330199091
15.0099375,470.0,0.8,0.9319148936170212,192.3446540555069,61.701981403577086,50.0,312.0260904053494,208.25243050696125,50.87398460513432,246.2288826689832,0.1699829583147571,0.01,0.9848789761259924
3.4699375,109.0,0.7155963302752294,0.7155963302752294,149.0743353580554,23.13375511228444,123.82763603774404,219.3649959389252,141.8309790285188,127.75267668306287,164.33806291715806,0.1048537939088328,0.0100000000000069,0.7571601330199093
2.8399375,89.0,0.6741573033707865,0.7303370786516854,145.56810745068444,38.2466915595688,89.60596419119524,183.40080864093423,174.11011265922482,90.59492643463824,177.1535038204721,0.1324100965364956,0.01,0.9459302094659092
11.142625,349.0,0.8452722063037249,0.9312320916905444,237.2635415166017,37.82697379208563,190.9683207820833,350.237444562354,225.79288096122625,205.8604473286984,290.5005284278458,0.2207720231386171,0.01,0.8911444948731203
4.23,133.0,0.8421052631578947,0.962406015037594,130.45689072712213,38.86593367693153,92.76591169413096,253.44393965741244,120.66303291536882,96.64958901477216,197.1399825645414,0.1556804790012751,0.01,0.8911444948731202
12.732375,398.0,0.8115577889447236,0.8894472361809045,235.8838966249792,41.68516041180471,106.5600501628484,319.31935454265994,233.75544971224912,193.1872657849691,286.12918648705164,0.1887930523188788,0.01,0.9848789761259924
2.2099375,70.0,0.6428571428571429,0.6571428571428571,222.37936469391963,28.817395489237605,175.11872228117704,265.4303484677136,233.75544971224912,176.1331747192297,257.2799635664078,0.1528866920018447,0.01,0.6860828109301792
4.2199375,132.0,0.8939393939393939,0.9393939393939394,159.2248482937798,63.524683381349455,50.0,218.10154653305156,193.74682700784516,50.0,211.03833069523475,0.1437965535350694,0.01,0.7571601330199091
5.5799375,175.0,0.6971428571428572,0.6971428571428572,262.880357504835,26.775609907400128,213.12010032569688,321.1691527453505,261.6260174203013,231.204397176166,304.8994046511524,0.183994845549386,0.01,0.8266685594724995
6.4255625,201.0,0.6169154228855721,0.7213930348258707,126.9415753535199,31.59047354757345,84.57676786314485,200.0,120.3045105478348,90.125046261083,177.80815100017608,0.1077961975189932,0.01,0.8911444948731203
1.98,62.0,0.8387096774193549,0.8709677419354839,222.8006150366619,12.037478550680438,200.0,246.2288826689832,218.73327123598835,211.89261887185907,241.9988178438585,0.2129148866879846,0.01,0.6860828109301789
2.7799375,87.0,0.6551724137931034,0.7241379310344828,224.38566025052447,75.89394499364568,138.99182198423372,400.0,182.34449771164336,154.22108254079407,350.237444562354,0.1185113584253137,0.0100000000000004,0.6860828109301791
2.7981875,88.0,0.5113636363636364,0.5113636363636364,277.2782379268892,14.712962147669796,251.98420997897463,294.5134116201051,282.842712474619,254.91212546385245,292.81713918912504,0.1950040159400476,0.01,0.8911444948731203
6.5699375,206.0,0.6796116504854369,0.6796116504854369,350.2636919452683,30.221481425369515,282.842712474619,400.0,344.22057489773204,315.46985695778096,400.0,0.115435404731215,0.01,0.7571601330199093
7.5799375,237.0,0.7510548523206751,0.8565400843881856,290.4491376923113,52.280827063577455,168.1792830507429,400.0,278.7888154021357,231.07053937445465,360.5001850443321,0.1011751258620127,0.01,0.8911444948731202
3.37425,106.0,0.4528301886792453,0.4528301886792453,129.39845068334378,25.176583627438315,86.55365610061429,167.2106416577019,118.72070135824772,107.67977375187816,165.57731831015693,0.1157016159662433,0.01,0.9459302094659092
2.792375,88.0,0.8068181818181818,0.8636363636363636,118.7931163460226,70.14006825733594,50.58097201509612,201.15858821357068,67.90862219136606,50.58097201509612,195.4319936868492,0.1948347819698057,0.01,0.8911444948731202
9.035875,283.0,0.5053003533568905,0.508833922261484,304.73602864801006,48.55015216308088,183.40080864093423,400.0,297.93549262454053,247.94220255474335,373.21319661472296,0.1035576497953238,0.01,0.8266685594724996
2.0599375,65.0,0.6,0.7230769230769231,181.61258568149708,33.81775583715811,135.81724438273213,220.63576443274928,180.25009252216609,136.60402567543954,220.63576443274928,0.1173008185000219,0.01,0.757160133019909
1.0016875,32.0,0.8125,0.8125,195.81505100205183,54.791650406187415,109.05077326652577,249.08992447176465,221.31912751075492,109.05077326652577,246.23299036820956,0.1136695494962904,0.0100000000006138,0.8266685594724995
14.2841875,447.0,0.668903803131991,0.8098434004474273,190.35250165425015,70.50991755064348,50.0,297.93549262454053,210.6722071909672,50.58097201509612,251.98420997897463,0.119274982382414,0.01,0.8266685594724995
4.0399375,127.0,0.8346456692913385,0.9212598425196852,208.5739261564236,26.41790351975675,165.29006363084235,281.2136583244699,206.45671604848687,169.1535357262897,242.69976028898836,0.1142978021564782,0.01,0.6860828109301791
6.54,205.0,0.6634146341463415,0.7170731707317073,228.8517740097539,31.736630137300224,188.7748625363387,317.4802103936399,216.8453740602837,197.7028040705792,287.786716002164,0.1055720729879244,0.01,0.8266685594724996
5.8299375,183.0,0.6229508196721312,0.6612021857923497,208.66192885710956,54.20214612414582,53.280025081424206,330.5801272616847,204.09216769454144,156.0130452026747,277.98364396846745,0.1103726893452116,0.01,0.9459302094659092
4.7699375,150.0,0.74,0.78,211.29018016753065,49.4507737888113,50.0,268.51450055605267,221.91389441356895,146.40856959456255,254.91212546385245,0.1279059502360343,0.01,0.8911444948731202
3.9499375,124.0,0.7983870967741935,0.7983870967741935,318.1653178226218,45.68834048721944,210.6722071909672,400.0,324.9009585424942,256.3888163841458,379.7623353504304,0.1599858462402855,0.01,0.9848789761259924
2.85,90.0,0.5222222222222223,0.5222222222222223,192.37842490731737,23.54206878690271,160.5845763726753,246.2288826689832,190.9683207820833,165.48377270399774,214.35469250725865,0.1371478871839369,0.01,0.8266685594724996
5.0199375,157.0,0.7707006369426752,0.802547770700637,198.7129998241832,62.07027621944587,50.58097201509612,366.80161728186846,214.35469250725865,110.95694720678448,256.3888163841458,0.1107594948672797,0.01,0.8911444948731204
5.462625,171.0,0.5964912280701754,0.6549707602339181,256.43648741970804,90.69375552732568,140.60682916223496,400.0,231.07439419548743,150.18092036559736,368.92647743437567,0.1405865303126456,0.0100000000000238,0.6860828109301792
4.2970625,135.0,0.4888888888888889,0.4962962962962963,205.7202210429346,90.6990568514876,98.2820598545251,364.6889954232867,219.3649959389252,109.05259249980222,353.2866785397018,0.1125679019567222,0.01,0.9459302094659092
2.9499375,93.0,0.5483870967741935,0.5483870967741935,283.9681480076769,49.48608669115256,172.11028744886602,348.2202253184496,292.81713918912504,177.1535038204721,340.26686438034227,0.1110331974279622,0.01,0.6159498854580682
4.98,156.0,0.8525641025641025,0.9102564102564102,222.6554941234279,29.95939243740684,171.11900513652043,306.66566893392013,224.49240966187452,179.26032292322344,247.08635939257664,0.2194987953594337,0.01,0.7571601330199093
6.763,212.0,0.8537735849056604,0.9056603773584906,232.39555603787903,38.69497674410034,161.5148333600084,328.6761258343161,220.63576443274928,186.60659830736148,301.3973362949152,0.1051819612566752,0.0100000000000018,0.8911444948731202
