duration_s,energy_frames,energy_voiced_ratio,energy_rms_db_mean,energy_rms_db_std,energy_rms_db_min,energy_rms_db_max,energy_rms_db_median
1.85,116.0,0.896551724137931,-5.292922533475435,2.3195311031102883,-7.785652160644531,0.0,-5.916233062744141
2.09,131.0,0.900763358778626,-15.54233764389814,6.799651355728956,-20.41939926147461,0.0,-19.25292015075684
13.49,844.0,0.8933649289099526,-17.086312228235705,9.988994089966534,-37.62061309814453,0.0,-14.09814453125
1.76,111.0,0.8648648648648649,-7.908252199490865,4.085583417429445,-13.932666778564451,0.0,-8.223176956176758
5.4,338.0,0.8994082840236687,-9.8890055543498,7.058660351926288,-28.113571166992188,0.0,-7.938190460205078
8.9725,561.0,0.9001782531194296,-10.335162646227545,6.996487396881879,-27.389842987060547,0.0,-8.5223388671875
2.5799375,162.0,0.8827160493827161,-11.87545779034808,7.277841304482112,-22.77890396118164,0.0,-12.156253814697266
6.6166875,414.0,0.8985507246376812,-12.60466451542352,6.913134109209068,-30.960105895996094,0.0,-10.909597396850586
10.7599375,673.0,0.8915304606240714,-13.298266944885254,6.439275430011395,-23.40491485595703,0.0,-12.378177642822266
8.2199375,514.0,0.8949416342412452,-18.7186688920726,8.49826083640664,-36.03130722045898,0.0,-16.785255432128906
14.4799375,905.0,0.8961325966850828,-20.01631022734354,9.509471837075626,-29.58232688903809,0.0,-26.547895431518555
4.1875625,262.0,0.8969465648854962,-10.860538993997777,6.146354635700286,-24.500045776367188,0.0,-9.92270278930664
4.49,281.0,0.900355871886121,-7.470569233649333,4.930073234944506,-17.639833450317383,0.0,-7.211996078491211
4.5099375,282.0,0.8971631205673759,-7.490960501870619,4.569318838425801,-19.252309799194336,0.0,-7.961915969848633
3.667625,230.0,0.8956521739130435,-10.355229646256827,7.335256549044187,-19.692493438720703,0.0,-11.434877395629885
2.55,160.0,0.9,-10.352196560965645,8.532595890152638,-28.123241424560547,0.0,-7.796024322509766
2.2099375,139.0,0.8920863309352518,-11.935693264007568,10.23788623130608,-27.31468772888184,0.0,-7.7546844482421875
8.54,534.0,0.898876404494382,-12.495703995227814,5.469353253195743,-23.36765480041504,0.0,-12.31858730316162
3.98,249.0,0.8995983935742972,-12.363242166382928,10.203467082725876,-38.150482177734375,0.0,-9.771336555480955
9.52825,596.0,0.8909395973154363,-21.3270956459692,10.932978512675138,-31.99520874023437,0.0,-27.950244903564453
4.52675,283.0,0.8904593639575972,-15.47067301613944,7.9158381046712,-23.790721893310547,0.0,-21.05937957763672
2.1099375,132.0,0.8787878787878788,-11.577653128525306,6.52890650109329,-27.45575714111328,0.0,-11.225469589233398
5.5799375,349.0,0.8997134670487106,-16.614647282156973,7.619285679943302,-26.041576385498047,0.0,-16.63034439086914
4.0199375,252.0,0.8968253968253969,-11.207772634725655,7.356912837686755,-27.89437484741211,0.0,-9.739286422729492
1.4099375,89.0,0.8876404494382022,-12.578408832791483,6.520220101970923,-18.518978118896484,0.0,-16.243206024169922
1.97,124.0,0.8951612903225806,-9.398494703275665,7.014076733643463,-30.20996856689453,0.0,-7.022441864013672
8.91,557.0,0.8994614003590664,-9.616819297958038,5.269440592006796,-21.548219680786133,0.0,-8.504924774169922
1.840375,116.0,0.896551724137931,-5.1830264788407545,2.922921854979941,-12.148529052734377,0.0,-5.669628143310547
1.7509375,110.0,0.8909090909090909,-14.584792662640009,7.11272315311086,-22.07006454467773,0.0,-14.616180419921877
4.738875,297.0,0.8922558922558923,-12.299374260092682,5.546080911388436,-17.81861114501953,0.0,-15.14556884765625
2.2599375,142.0,0.8943661971830986,-12.424818744809608,8.56795650959473,-27.46058464050293,0.0,-9.668130874633787
4.2071875,263.0,0.8973384030418251,-8.69669981326087,4.239799754854122,-19.26923370361328,0.0,-8.437453269958496
3.91,245.0,0.8979591836734694,-15.20562877329913,9.81274568302908,-36.46048355102539,0.0,-12.305169105529783
2.33,146.0,0.8904109589041096,-12.412174283541166,6.587393759593192,-25.99075698852539,0.0,-14.57171630859375
3.1899375,200.0,0.59,-16.492709030539302,11.440639011701386,-39.39539337158203,0.0,-15.806588172912598
2.54,159.0,0.89937106918239,-12.227098051484647,5.662942235355969,-22.34680938720703,0.0,-11.856109619140623
2.49,156.0,0.8974358974358975,-6.008502197265625,3.4998049799577555,-12.103347778320312,0.0,-6.446569442749023
4.6299375,290.0,0.9,-7.6796491776389635,4.981332396175933,-24.574928283691406,0.0,-6.894168853759766
1.2,76.0,0.8947368421052632,-14.01550713707419,6.358218017549268,-20.06683349609375,0.0,-17.29898452758789
8.6899375,544.0,0.8970588235294118,-13.376818832803943,9.547527492078604,-29.62803268432617,0.0,-11.501447677612305
11.062375,692.0,0.8959537572254336,-17.245347198363273,6.962093169893548,-25.203502655029297,0.0,-19.614198684692383
2.23,140.0,0.8928571428571429,-17.062365463256835,10.337044133995033,-28.892919540405277,0.0,-15.203676223754885
5.096875,319.0,0.8996865203761756,-7.550601241480598,3.328377709270221,-14.854816436767578,0.0,-7.775358200073242
4.73,296.0,0.8918918918918919,-17.53414435820146,9.769585950388729,-38.62068939208984,0.0,-15.541593551635742
1.568375,99.0,0.898989898989899,-9.69519092259782,4.681214036884299,-16.630762100219727,0.0,-9.996252059936523
1.4799375,93.0,0.8924731182795699,-12.061794074184924,6.715781157553305,-22.94084930419922,0.0,-12.431507110595703
7.5,469.0,0.6183368869936035,-19.26238421407239,8.688858891345902,-39.89020156860352,0.0,-17.433246612548828
2.2599375,142.0,0.8943661971830986,-8.404870175939845,7.447585889418967,-29.231708526611328,0.0,-5.959323883056641
2.3,144.0,0.8958333333333334,-11.03659966934559,6.953910151977865,-24.735301971435547,0.0,-12.03561019897461
2.73,171.0,0.8947368421052632,-11.774524863249336,4.4652802302258445,-15.704360961914062,0.0,-14.49624252319336
8.6025,538.0,0.895910780669145,-13.247730631056664,7.128576068209995,-26.508834838867188,0.0,-12.39516258239746
3.915875,245.0,0.8979591836734694,-14.67013334794478,7.342600401142862,-22.574012756347656,0.0,-18.472280502319336
8.433625,528.0,0.8977272727272727,-22.07664913467214,11.405064779375806,-33.375431060791016,0.0,-30.04877471923828
6.97,436.0,0.8990825688073395,-14.78525236188149,8.226747065962684,-33.01922607421875,0.0,-12.544870376586914
3.0824375,193.0,0.8963730569948186,-11.21527359802599,4.728640210965255,-20.882402420043945,0.0,-11.133317947387695
1.37,86.0,0.8953488372093024,-18.609908809909573,8.726181151108173,-25.267906188964844,0.0,-23.743667602539062
1.3499375,85.0,0.8941176470588236,-6.894409832201506,3.772546182217405,-13.999736785888672,0.0,-6.991125106811523
2.4699375,155.0,0.8774193548387097,-21.55104197649395,9.728655258015554,-39.98326873779297,0.0,-24.05424118041992
2.493,156.0,0.8974358974358975,-22.181720202309744,13.140960472991717,-38.48773956298828,0.0,-22.509801864624023
9.36,586.0,0.8976109215017065,-10.115172607363856,6.710906320081379,-28.8990535736084,0.0,-7.995731353759766
1.8399375,115.0,0.8956521739130435,-8.477213146617112,4.9122338260897545,-15.001228332519531,0.0,-8.462928771972656
3.7099375,232.0,0.896551724137931,-13.903952580231886,6.770277187634095,-31.05370330810547,0.0,-14.748998641967772
4.97,311.0,0.9003215434083601,-8.099171958650862,5.717083831591163,-22.98535919189453,0.0,-6.784115791320801
4.932625,309.0,0.8964401294498382,-18.45469777076253,7.97973498206453,-28.44910430908203,0.0,-18.970882415771484
2.1299375,134.0,0.8955223880597015,-17.049207957585654,13.148603967068007,-33.05413055419922,0.0,-16.064342498779297
8.3899375,525.0,0.8990476190476191,-10.46667098594924,5.194977039698291,-25.397401809692383,0.0,-10.387274742126465
1.73,109.0,0.8990825688073395,-11.823158886967873,8.99072079301783,-25.211849212646484,0.0,-10.198406219482422
4.8899375,306.0,0.8986928104575164,-12.325623758489437,7.427722039210423,-31.07535171508789,0.0,-10.152149200439451
2.4275,152.0,0.8947368421052632,-25.357584567630997,10.256299454882411,-36.3533821105957,0.0,-25.70944023132324
2.3859375,150.0,0.88,-21.5595195943659,7.256849127144776,-27.205978393554688,0.0,-25.083011627197266
2.6399375,165.0,0.896969696969697,-10.944112017348006,6.633849691397633,-21.625247955322266,0.0,-7.535030364990234
4.9499375,310.0,0.9,-9.076858834981063,6.645423620600229,-21.782175064086918,0.0,-7.355886459350586
2.92,183.0,0.8797814207650273,-13.808727596117103,7.61332616439677,-30.517261505126957,0.0,-13.403854370117188
1.4600625,92.0,0.8913043478260869,-16.43423001359149,6.766909976939232,-22.56253433227539,0.0,-19.269216537475582
8.2599375,517.0,0.8858800773694391,-18.21607176289288,10.418468629999776,-39.79188919067383,0.0,-17.288850784301758
3.8999375,244.0,0.8975409836065574,-9.14559400027201,3.94052983276452,-19.49800109863281,0.0,-8.66330623626709
4.8199375,302.0,0.8940397350993378,-10.243793939661098,6.076707218669812,-23.53015899658203,0.0,-9.340364456176758
6.70425,420.0,0.9,-17.63203488708173,8.885811554217245,-36.65409851074219,0.0,-15.92099952697754
6.91,432.0,0.8981481481481481,-10.570419331186825,4.729379352530309,-22.88439178466797,0.0,-9.944849014282228
6.9499375,435.0,0.8873563218390804,-22.050399636975225,8.861404709884853,-30.079975128173828,0.0,-28.035585403442383
2.74,172.0,0.8372093023255814,-15.560115797652138,10.320203424001305,-39.92855453491211,0.0,-13.917370796203612
2.9409375,184.0,0.875,-11.758351675471904,7.267564066244726,-21.971515655517575,0.0,-11.681259155273438
2.8941875,181.0,0.9005524861878453,-12.64099446396155,6.535558205368115,-19.83025932312012,0.0,-15.42371940612793
8.5209375,533.0,0.8893058161350844,-18.356226945225195,10.6938993271393,-30.04519271850586,0.0,-21.054424285888672
7.571875,474.0,0.8966244725738397,-18.123203116024243,8.735851415440383,-37.686988830566406,0.0,-16.46135902404785
2.46325,154.0,0.8896103896103896,-18.947768914438512,6.47681410668186,-22.710281372070312,0.0,-21.59811019897461
2.17,136.0,0.8970588235294118,-11.863438746968251,5.770436185227456,-17.03213882446289,0.0,-14.968849182128906
2.6843125,168.0,0.8988095238095238,-9.669007168700364,5.087429237690573,-19.241100311279297,0.0,-9.191276550292969
1.4099375,89.0,0.898876404494382,-10.75581340789795,8.531837765941228,-25.82906723022461,0.0,-7.703517913818359
8.8710625,555.0,0.8900900900900901,-17.888375127846412,10.123749076908044,-29.90926742553711,0.0,-16.354841232299805
2.28,143.0,0.8951048951048951,-10.912800312042236,8.202157160591296,-28.662813186645508,0.0,-9.66029930114746
9.278375,580.0,0.8931034482758621,-16.974915187791506,9.421924546591702,-31.55364990234375,0.0,-14.70305633544922
4.82375,302.0,0.8874172185430463,-17.54787590966296,12.13333972138609,-37.61866760253906,0.0,-12.456114768981934
1.135,71.0,0.9014084507042254,-4.58261114358902,2.129013118049904,-6.7835693359375,0.0,-5.671764373779297
2.6999375,169.0,0.8994082840236687,-13.679374970887835,9.70511158182916,-28.74725914001465,0.0,-8.511664390563965
6.85975,429.0,0.8927738927738927,-18.45388376121421,10.861176568973027,-38.112449645996094,0.0,-15.006732940673828
2.4199375,152.0,0.875,-10.257204156172904,9.085353490336132,-29.26504135131836,0.0,-6.377227783203125
2.8,176.0,0.8920454545454546,-8.263114248871045,6.472251196521262,-20.306716918945312,0.0,-6.04425048828125
2.85,179.0,0.8715083798882681,-15.615167238773443,11.108240469289427,-34.63286590576172,0.0,-11.894948959350586
2.55,160.0,0.8875,-9.30500280353385,7.174393835779192,-26.029674530029297,0.0,-7.2968292236328125
5.0486875,316.0,0.8987341772151899,-7.552602344835308,3.705209941962149,-17.548105239868164,0.0,-7.191433906555176
6.8399375,428.0,0.8995327102803738,-12.09485213539817,7.263259028360642,-28.59832191467285,0.0,-11.483428955078123
2.1444375,135.0,0.8962962962962963,-13.184745930443125,6.334882132108963,-22.423961639404297,0.0,-13.130550384521484
3.14,197.0,0.8934010152284264,-13.604674783619968,8.745976995377214,-35.26783752441406,0.0,-12.33152198791504
2.42375,152.0,0.8947368421052632,-5.899884448331945,3.236785335133852,-11.903465270996094,0.0,-5.953559875488281
2.0785,130.0,0.8769230769230769,-11.46811876798931,5.127466969153642,-18.063514709472656,0.0,-12.02524757385254
7.85,491.0,0.90020366598778,-14.544824979963346,8.79852741551146,-24.871261596679688,0.0,-15.439912796020508
3.73,234.0,0.8974358974358975,-14.6032631340481,9.73672950205681,-28.669294357299805,0.0,-15.48574447631836
2.93,184.0,0.8967391304347826,-10.952874374389648,6.0818921438131,-21.82522201538086,0.0,-9.83554458618164
5.46,342.0,0.8888888888888888,-14.478431726756847,5.8676446649835965,-26.496971130371094,0.0,-14.78469467163086
5.1218125,321.0,0.8940809968847352,-16.424212040386134,9.250429293806391,-29.913345336914062,0.0,-16.35785675048828
6.5699375,411.0,0.8953771289537713,-15.618912209635196,10.380486963974583,-35.227783203125,0.0,-11.407875061035156
4.365,273.0,0.8974358974358975,-12.166803461191606,5.998465112972603,-27.944599151611328,0.0,-12.067237854003906
6.7599375,423.0,0.8912529550827423,-10.980620032596336,6.632776331479896,-21.184478759765625,0.0,-9.54742431640625
1.3199375,83.0,0.8674698795180723,-14.685485945807564,8.281986742194478,-21.790069580078125,0.0,-20.15982437133789
5.0325,315.0,0.8984126984126984,-6.531208233782765,3.353396476002352,-13.680116653442385,0.0,-6.957908630371094
6.5899375,412.0,0.8058252427184466,-13.355623408972498,9.102980458743538,-39.67831802368164,0.0,-11.978963851928713
6.4499375,404.0,0.8935643564356436,-14.154038030354933,10.12169263972673,-33.06827926635742,0.0,-13.852527618408203
3.4936875,219.0,0.8995433789954338,-12.622295515186291,7.041987888019979,-25.516925811767575,0.0,-10.231243133544922
4.56,286.0,0.8916083916083916,-18.45164044324089,8.19905299639835,-35.53514862060547,0.0,-18.445777893066406
7.1443125,447.0,0.8165548098434005,-11.829188170171763,10.142320823766184,-39.50660705566406,0.0,-7.692209243774414
4.1599375,260.0,0.9,-14.198462266188402,7.863333905898855,-28.237850189208984,0.0,-13.04465675354004
3.964375,248.0,0.8911290322580645,-16.776453285735116,10.443630113771782,-28.88673591613769,0.0,-16.660104751586914
4.4050625,276.0,0.894927536231884,-14.708419305592896,6.632035274726403,-20.990398406982425,0.0,-18.830528259277344
1.74075,109.0,0.8990825688073395,-5.6124701207997845,4.207407168617277,-14.58856201171875,0.0,-3.840118408203125
6.284875,393.0,0.8880407124681934,-14.38964285208366,9.971177960308152,-31.22170066833496,0.0,-12.116281509399414
1.6899375,106.0,0.8962264150943396,-5.924642422324733,3.2170575666399963,-17.030475616455078,0.0,-5.861272811889648
1.62,102.0,0.8921568627450981,-12.055650082263318,7.285145500533583,-25.072933197021484,0.0,-10.24612808227539
2.984875,187.0,0.8983957219251337,-8.637354952948433,7.162498974670862,-28.08289337158203,0.0,-7.280675888061523
2.93,184.0,0.8967391304347826,-9.090066447402492,4.281899414323485,-16.351064682006836,0.0,-8.69767951965332
6.98,437.0,0.8993135011441648,-13.176770950395037,7.7421569656453455,-34.405670166015625,0.0,-11.24249267578125
11.85,741.0,0.8906882591093117,-14.45760583299579,9.341777129872709,-29.83540916442871,0.0,-12.545272827148438
3.1199375,195.0,0.8923076923076924,-10.38221658509353,7.858504988383154,-26.85611724853516,0.0,-8.263870239257812
3.99,250.0,0.9,-8.90609986199273,5.601795890096619,-21.922931671142575,0.0,-8.513608932495117
1.8,113.0,0.8584070796460177,-9.56279086083481,6.262412590482505,-22.116140365600582,0.0,-8.344974517822266
2.8075,176.0,0.8920454545454546,-18.47948276009529,10.13435912260699,-29.498123168945312,0.0,-23.16571044921875
4.429875,277.0,0.8953068592057761,-14.487393894503194,8.61253468040893,-25.73802947998047,0.0,-13.13724136352539
1.8199375,114.0,0.8859649122807017,-6.448354607761496,4.22315237679065,-15.809532165527344,0.0,-6.444664001464844
5.3408125,334.0,0.8982035928143712,-8.839349110921225,5.535557163902209,-22.642162322998047,0.0,-7.222452163696289
2.170625,136.0,0.8970588235294118,-12.020207827208472,4.449237428705649,-15.27239227294922,0.0,-13.964151382446287
3.67,230.0,0.9,-7.031314803782292,6.495685785308689,-30.262794494628903,0.0,-5.542316436767578
2.5099375,157.0,0.89171974522293,-13.524101066589356,9.37048678999766,-23.436813354492188,0.0,-16.051183700561523
7.15,447.0,0.8769574944071589,-21.65621950431746,12.464217724706565,-34.69342422485352,0.0,-25.03325462341309
2.7599375,173.0,0.8959537572254336,-15.417723009663243,6.589696378021612,-20.589923858642575,0.0,-19.09033966064453
8.0581875,504.0,0.8968253968253969,-9.727990914235074,6.304883033181994,-24.56014633178711,0.0,-8.288257598876953
3.47475,218.0,0.8990825688073395,-9.461464307746107,5.967932365728609,-26.1940975189209,0.0,-7.704742431640625
3.3199375,208.0,0.8990384615384616,-7.1266221031148165,3.410518157429887,-12.042381286621094,0.0,-7.687965393066406
4.0,251.0,0.900398406374502,-10.780728643974372,5.617864612183951,-20.513702392578125,0.0,-10.522048950195312
2.14,134.0,0.8955223880597015,-6.469651381174724,2.5426424336258977,-9.51398468017578,0.0,-7.142768859863281
9.3,582.0,0.8986254295532646,-9.212338511392218,5.221521710747462,-24.63969993591309,0.0,-8.850885391235352
13.2881875,831.0,0.8941034897713598,-14.393458780979245,8.027476496313543,-25.516563415527344,0.0,-13.791309356689451
1.47025,92.0,0.8913043478260869,-16.910293997787846,9.18097776709924,-27.460960388183597,0.0,-20.226062774658203
6.595,413.0,0.8958837772397095,-13.473810144372887,8.772331198465038,-29.508899688720703,0.0,-11.809690475463867
1.5099375,95.0,0.8947368421052632,-13.057635139016543,9.185665808955545,-28.590612411499023,0.0,-11.230764389038086
3.99,250.0,0.8,-17.880151257514953,9.818631535381996,-39.329139709472656,0.0,-15.111886024475098
3.46,217.0,0.8894009216589862,-9.910691552829247,8.298619148684212,-27.921531677246094,0.0,-7.266899108886719
4.1,257.0,0.8988326848249028,-15.814466418641986,8.310651570228085,-26.26076889038086,0.0,-19.501930236816406
7.05,441.0,0.8934240362811792,-10.846890822279876,7.518673762725384,-31.79310607910156,0.0,-8.863908767700195
1.7599375,110.0,0.9,-10.54127768314246,8.030573671955311,-31.18820571899414,0.0,-8.771249771118164
6.3433125,397.0,0.8866498740554156,-8.95193635333668,7.030069584090683,-20.641298294067383,0.0,-6.10051155090332
2.5799375,162.0,0.8950617283950617,-13.881513700814082,9.590581879550887,-29.85559844970703,0.0,-11.391889572143556
15.1599375,948.0,0.8945147679324894,-25.090904010916656,8.948017303140073,-34.125606536865234,0.0,-29.37112617492676
4.365875,273.0,0.8974358974358975,-17.917209329410476,7.83572722152093,-24.874910354614254,0.0,-22.19907569885254
4.4349375,278.0,0.89568345323741,-15.795918742336902,7.950279432623859,-39.81369400024414,0.0,-15.259242057800291
3.1099375,195.0,0.8974358974358975,-7.730577588762555,4.997412371228573,-19.45626449584961,0.0,-6.751667022705078
5.08725,318.0,0.89937106918239,-12.208686895303792,3.787373792021728,-15.150352478027344,0.0,-13.876317977905272
10.319125,645.0,0.8992248062015504,-15.889637786561044,6.906075079114665,-30.62998580932617,0.0,-15.374296188354492
12.0448125,753.0,0.8924302788844621,-20.318720176106407,9.971813585198827,-31.43059539794922,0.0,-22.606380462646484
10.2094375,639.0,0.8904538341158059,-21.80378185466639,9.25468101517338,-29.658716201782227,0.0,-26.80845832824707
2.15,135.0,0.8962962962962963,-12.273264482986828,9.73433965377279,-27.71234893798828,0.0,-9.2578125
2.5994375,163.0,0.8957055214723927,-17.8771067318851,8.920577357957795,-29.013690948486328,0.0,-20.2598819732666
4.31675,270.0,0.9,-14.450711050151307,7.076020423650114,-27.50497436523437,0.0,-13.86129379272461
3.5328125,221.0,0.9004524886877828,-11.367488746067986,8.347154734479135,-24.04761505126953,0.0,-8.089641571044922
7.5724375,474.0,0.8839662447257384,-12.689998590291829,5.811792378563134,-19.60469436645508,0.0,-12.835411071777344
3.36,211.0,0.8815165876777251,-13.807002754621609,9.366447523777232,-30.85488510131836,0.0,-12.88078498840332
6.5299375,409.0,0.8899755501222494,-22.04961484867138,9.924784899618958,-33.01454162597656,0.0,-22.28788185119629
6.9044375,432.0,0.8981481481481481,-17.37119176707317,9.414932413389325,-31.02598190307617,0.0,-15.178304672241213
5.56,348.0,0.8850574712643678,-16.24390325917826,6.793218999210465,-22.70001983642578,0.0,-20.433246612548828
6.2599375,392.0,0.8928571428571429,-17.180315960475376,7.646389128906282,-24.94160270690918,0.0,-20.448150634765625
6.20925,389.0,0.8997429305912596,-9.285140925816128,4.571455024693305,-20.88340759277344,0.0,-8.516308784484863
2.1099375,132.0,0.8863636363636364,-11.071683573926617,7.846972250502304,-24.865650177001957,0.0,-8.372638702392578
3.865125,242.0,0.8884297520661157,-18.287617696717728,7.726715921655292,-26.627410888671875,0.0,-19.41040802001953
10.3499375,647.0,0.8995363214837713,-10.013716682535676,6.800503292756012,-25.60606575012207,0.0,-8.007728576660156
5.7699375,361.0,0.9002770083102493,-15.176834364670974,6.25043540654115,-31.50258445739746,0.0,-15.295068740844728
9.17,574.0,0.8972125435540069,-22.19926317826058,10.462882080653202,-34.54661178588867,0.0,-23.34832763671875
8.37,524.0,0.898854961832061,-13.609288195389343,6.63841217543025,-30.537433624267575,0.0,-12.890143394470217
3.1199375,195.0,0.8974358974358975,-10.185167792184012,5.5606068100940265,-20.417022705078125,0.0,-9.777019500732422
6.23,390.0,0.9,-11.169458443622643,6.797455695201863,-29.6618766784668,0.0,-9.646652221679688
4.3774375,274.0,0.8905109489051095,-12.479121380164974,9.10476392526849,-24.2529411315918,0.0,-7.8367919921875
9.4729375,593.0,0.8988195615514334,-13.81743498725247,8.770562764890636,-38.844764709472656,0.0,-11.387409210205078
1.92,121.0,0.8842975206611571,-15.083991576578017,10.002870309839592,-26.09950256347656,0.0,-18.63070678710937
3.2399375,203.0,0.896551724137931,-11.456686858292464,8.373579109087878,-33.82110595703125,0.0,-9.698925018310549
7.2399375,453.0,0.8962472406181016,-21.323974567093877,10.81037374872608,-39.72616195678711,0.0,-21.544109344482425
3.05,191.0,0.900523560209424,-16.417708685231762,8.252283903614869,-38.88270568847656,0.0,-16.250197410583496
5.3028125,332.0,0.8975903614457831,-15.465197831992334,7.022393643200348,-30.03201675415039,0.0,-15.421957015991213
3.0399375,190.0,0.8842105263157894,-13.366527341661,10.800814598767383,-33.72667694091797,0.0,-9.13327980041504
2.395,150.0,0.9,-10.91356898413764,8.2862589935104,-28.297626495361328,0.0,-8.168482780456543
1.3675,86.0,0.8953488372093024,-17.274938261354123,8.831056161221861,-24.98139953613281,0.0,-21.57178497314453
12.7699375,799.0,0.8936170212765957,-13.875808486083642,7.764154470152119,-28.10942268371582,0.0,-12.322532653808594
3.6,226.0,0.8982300884955752,-12.605277484273676,5.592302139883149,-21.700485229492188,0.0,-13.413640022277832
3.8366875,240.0,0.8958333333333334,-8.090403632230537,4.877342020892808,-26.531469345092773,0.0,-7.822362899780273
2.6999375,169.0,0.8994082840236687,-7.946359621851068,4.216942116495341,-16.018417358398438,0.0,-8.835699081420898
4.05,254.0,0.8937007874015748,-9.39914133265155,4.717171931664574,-19.114843368530277,0.0,-9.322778701782228
9.1010625,569.0,0.8998242530755711,-14.620865561068058,6.150043405758124,-28.50278091430664,0.0,-15.059463500976562
2.5199375,158.0,0.8924050632911392,-12.132308959960938,8.965849093667751,-24.387359619140625,0.0,-10.44436264038086
5.25,329.0,0.8996960486322189,-12.6023404727111,5.613095362037752,-23.419702529907227,0.0,-12.241949081420898
3.7383125,234.0,0.8931623931623932,-17.3357743441203,6.418352397496367,-22.419382095336918,0.0,-20.10445213317871
2.930625,184.0,0.8967391304347826,-17.577993231108696,11.54802150973414,-30.5136833190918,0.0,-18.385555267333984
5.199375,325.0,0.8953846153846153,-14.732872251792465,11.649783225947983,-34.05752944946289,0.0,-9.471446990966797
5.09,319.0,0.8934169278996865,-14.619091529176949,7.625903351644987,-31.76400756835937,0.0,-13.808292388916016
7.2613125,454.0,0.8854625550660793,-18.137401618767733,8.438725562662146,-28.436508178710938,0.0,-16.69626235961914
3.3665,211.0,0.8909952606635071,-19.521576435007947,8.584729913522267,-27.29566192626953,0.0,-24.82155418395996
2.4305625,152.0,0.8947368421052632,-11.39273372818442,8.389164114763375,-26.02549743652344,0.0,-8.781391143798828
2.563375,161.0,0.9006211180124224,-9.232952381002493,4.526509181799709,-16.856014251708984,0.0,-10.666595458984377
4.4399375,278.0,0.8992805755395683,-13.75501513671875,7.45943163349951,-30.492809295654297,0.0,-13.281085968017578
7.7599375,485.0,0.8989690721649485,-10.895833571022804,4.8572038808418805,-24.076805114746094,0.0,-10.03171730041504
3.7273125,233.0,0.8969957081545065,-10.7899315391431,7.828490115289817,-29.99789810180664,0.0,-8.229351043701172
10.1064375,632.0,0.8939873417721519,-21.88160032424252,10.80238809491676,-39.82069396972656,0.0,-18.89514923095703
5.0799375,318.0,0.89937106918239,-15.202588701581622,7.431730587650579,-31.905746459960938,0.0,-13.426202774047852
3.1845,200.0,0.885,-18.430019648061634,10.333484925810817,-33.58340835571289,0.0,-18.054431915283203
5.5199375,345.0,0.8956521739130435,-22.37075151363237,9.298057692039944,-31.315261840820312,0.0,-28.87714385986328
2.8055625,176.0,0.8920454545454546,-12.72723318209314,6.088845123395179,-18.644851684570312,0.0,-16.003089904785156
3.1636875,198.0,0.8787878787878788,-15.964341963844738,6.59006966876366,-23.696216583251957,0.0,-16.877830505371094
3.476125,218.0,0.8899082568807339,-13.26601482666645,6.641938169573384,-21.436050415039062,0.0,-12.65865707397461
5.650875,354.0,0.8898305084745762,-10.872200387621684,7.054865289984029,-22.45635986328125,0.0,-9.588729858398438
3.1735625,199.0,0.8994974874371859,-7.548713620148558,6.150908584991249,-20.325214385986328,0.0,-4.995704650878906
4.7905625,300.0,0.9,-15.56994356226038,8.099351374030718,-24.00732040405273,0.0,-20.248519897460938
3.1849375,200.0,0.9,-12.663031260172524,5.984317733649704,-18.713451385498047,0.0,-15.692106246948242
2.49,156.0,0.8846153846153846,-8.35429859161377,6.466920414052017,-27.79822158813477,0.0,-6.189080238342285
1.854,116.0,0.8793103448275862,-15.85604809779747,8.236976696262696,-23.56576538085937,0.0,-20.695392608642575
2.4199375,152.0,0.8881578947368421,-16.142781427171496,11.122370268632196,-36.17641067504883,0.0,-14.50959014892578
6.5099375,407.0,0.8894348894348895,-9.981393276657188,5.631366880269434,-24.5171012878418,0.0,-8.685890197753906
12.3869375,775.0,0.8993548387096775,-11.534734657539357,8.221315175200367,-32.05548858642578,0.0,-9.500972747802734
4.3499375,272.0,0.8823529411764706,-15.44377950032552,9.056051555400488,-35.84805679321289,0.0,-13.259817123413086
10.4971875,657.0,0.8964992389649924,-15.306235833159937,11.1137477138257,-32.157562255859375,0.0,-11.1326904296875
1.3899375,87.0,0.896551724137931,-11.612659307626576,6.893183803794553,-19.281795501708984,0.0,-13.861942291259766
2.55,160.0,0.9,-10.618194858233132,9.106264485675297,-31.08170318603516,0.0,-7.244585990905762
2.394625,150.0,0.9,-16.272266274911384,11.159853926770184,-27.06584930419922,0.0,-24.69453430175781
3.6391875,228.0,0.8991228070175439,-17.047838406446502,7.865919840143983,-25.27614974975586,0.0,-21.07381820678711
6.0148125,376.0,0.898936170212766,-10.224132221831372,4.65235645188785,-20.361572265625,0.0,-9.942410469055176
3.59475,225.0,0.8977777777777778,-10.131652086087971,5.450305798085301,-24.54024124145508,0.0,-9.468486785888672
10.5799375,662.0,0.8957703927492447,-16.179997548687115,9.617599342607004,-28.6424503326416,0.0,-13.634149551391602
1.61,101.0,0.900990099009901,-14.805911158467389,10.062411400120263,-29.42681312561035,0.0,-17.953325271606445
4.74,297.0,0.898989898989899,-12.913675065344192,7.057550369178798,-26.97547721862793,0.0,-11.100549697875977
4.2194375,264.0,0.8787878787878788,-10.563290250712429,4.995449471992424,-14.958026885986328,0.0,-13.39137077331543
4.184125,262.0,0.8893129770992366,-15.271045627512134,7.3705589862354195,-24.76999855041504,0.0,-15.564756393432615
3.9461875,247.0,0.8947368421052632,-15.993808508998129,9.942963636008896,-39.51402282714844,0.0,-14.923523902893066
8.4,526.0,0.8935361216730038,-12.960586604666204,8.494158352375361,-26.99361038208008,0.0,-8.932035446166992
2.6040625,163.0,0.8957055214723927,-8.675557306368058,2.576024784382478,-10.783523559570312,0.0,-9.542896270751951
2.5230625,158.0,0.8987341772151899,-8.730740439723915,6.454725490524044,-20.87085723876953,0.0,-6.980878829956055
3.522625,221.0,0.8914027149321267,-8.594689122311355,4.7666079790333455,-20.49810028076172,0.0,-7.5404815673828125
3.66,229.0,0.8995633187772926,-6.96856316316475,5.3881411606020135,-26.305906295776367,0.0,-5.353979110717773
5.1945625,325.0,0.8953846153846153,-13.395230309660082,6.330668923918827,-21.123729705810547,0.0,-13.97271728515625
2.07,130.0,0.8846153846153846,-16.97227615688158,12.178393024679188,-38.40144729614258,0.0,-14.946197509765623
4.4,276.0,0.8985507246376812,-15.01051773178962,7.633328081963843,-32.33285140991211,0.0,-15.049415588378906
5.824875,365.0,0.8849315068493151,-17.093922576668092,11.098608065684008,-34.219520568847656,0.0,-15.532236099243164
6.379,399.0,0.8972431077694235,-15.228750330109836,12.004559544872068,-39.15162658691406,0.0,-9.829923629760742
7.79525,488.0,0.8954918032786885,-11.306787259518693,7.715501510726712,-37.37576675415039,0.0,-9.583328247070312
10.7225,671.0,0.8941877794336811,-14.977893622716268,7.397393243493282,-27.46055793762207,0.0,-13.943328857421877
3.238875,203.0,0.896551724137931,-8.656610897609166,4.991406601225404,-21.85424041748047,0.0,-8.783245086669922
8.1055,507.0,0.8994082840236687,-13.265420290461758,5.1991987043466565,-25.37411880493164,0.0,-13.21485710144043
3.275,205.0,0.8975609756097561,-5.736258807389633,4.336571267379419,-18.87816619873047,0.0,-4.697877883911133
1.25,79.0,0.8987341772151899,-11.80754116219534,8.87088738073768,-27.094423294067383,0.0,-8.353593826293945
2.6,163.0,0.8957055214723927,-7.947326634028187,6.02546970040084,-29.105026245117188,0.0,-6.560317993164063
4.3799375,274.0,0.8941605839416058,-16.49059370391223,9.936868160921934,-30.8937931060791,0.0,-16.119630813598633
8.27,517.0,0.8994197292069632,-16.700162063106415,6.430213278719162,-28.392303466796875,0.0,-17.25442886352539
6.55,410.0,0.8902439024390244,-20.32758700227084,8.402166313356348,-28.14397430419922,0.0,-25.657028198242188
0.85,54.0,0.8888888888888888,-16.734695275624592,8.948393547013914,-24.92582321166992,0.0,-21.25519561767578
4.2545625,266.0,0.8984962406015038,-13.28627850520561,5.888173254252041,-19.67597198486328,0.0,-16.559616088867188
7.28,456.0,0.8969298245614035,-12.21784876144894,5.128850304989959,-23.543926239013672,0.0,-11.61368179321289
7.4,463.0,0.8920086393088553,-10.013277511042489,7.332521522597155,-25.84745216369629,0.0,-7.118181228637695
4.374,274.0,0.8978102189781022,-11.037128743117416,6.096240272326334,-19.17449951171875,0.0,-12.130752563476562
9.6999375,607.0,0.8962108731466227,-21.798646113451788,11.74314218796571,-36.96085739135742,0.0,-21.18591690063477
5.8199375,364.0,0.8901098901098901,-10.262971218721368,7.453915986076606,-28.559246063232425,0.0,-7.889430046081543
1.73,109.0,0.8990825688073395,-12.826954160417827,7.352567556445855,-28.194419860839844,0.0,-11.912145614624023
6.3899375,400.0,0.9,-14.955797555711534,9.321761237483468,-32.47019577026367,0.0,-11.706110954284668
1.54,97.0,0.8969072164948454,-9.544516113982803,4.670080257490887,-14.06265640258789,0.0,-12.08916473388672
4.71075,295.0,0.8779661016949153,-15.51547250048074,9.040610262806783,-26.41315078735352,0.0,-13.645164489746094
5.1,319.0,0.890282131661442,-15.259333462782308,4.485003104500602,-19.341087341308597,0.0,-17.200130462646484
7.78,487.0,0.8993839835728953,-22.933509034653238,9.48124266229017,-39.015750885009766,0.0,-22.80890274047852
1.3619375,86.0,0.8953488372093024,-13.52627588247324,6.401718451722909,-19.51353454589844,0.0,-16.25577163696289
8.7699375,549.0,0.8943533697632058,-21.47116825779684,11.86863974638373,-34.74388122558594,0.0,-24.80232810974121
4.17,261.0,0.9003831417624522,-13.157502547730791,8.310332816910464,-32.575382232666016,0.0,-11.390028953552246
2.98,187.0,0.8983957219251337,-6.544064896447318,4.71773122720293,-19.72978973388672,0.0,-5.251796722412109
3.0,188.0,0.8882978723404256,-8.614512574886847,8.585729666735883,-26.74896240234375,0.0,-5.246295928955078
6.0644375,380.0,0.9,-11.95789563028436,4.154576295346365,-20.730167388916016,0.0,-12.403247833251951
6.23,390.0,0.9,-10.439465340725716,4.542173658068036,-19.01512336730957,0.0,-10.851844787597656
2.9493125,185.0,0.8864864864864865,-17.38574553699028,8.124653015735673,-25.391056060791016,0.0,-21.60655975341797
5.43,340.0,0.8970588235294118,-8.666711538346087,4.554633611528384,-23.9372501373291,0.0,-8.130424499511719
4.18,262.0,0.8969465648854962,-11.758143493976998,7.366265375140274,-24.06276512145996,0.0,-8.96055793762207
8.6999375,544.0,0.8933823529411765,-18.33546047838627,9.03775309150783,-27.51687431335449,0.0,-24.113548278808597
2.56,161.0,0.8881987577639752,-15.693643209817528,8.247605406753605,-24.24325942993164,0.0,-18.82263946533203
1.7599375,110.0,0.9,-7.334666396632339,4.802875563065154,-16.802635192871094,0.0,-6.296649932861328
2.0599375,129.0,0.8992248062015504,-13.198832396803232,9.87354039289155,-38.72473907470703,0.0,-10.781707763671877
2.0599375,129.0,0.8992248062015504,-11.341943806615369,7.712956584149289,-23.5585880279541,0.0,-12.444051742553713
4.0599375,254.0,0.8976377952755905,-15.13500722249349,7.911863933066606,-30.351253509521484,0.0,-13.380434036254885
5.5299375,346.0,0.8988439306358381,-6.351737657160621,3.096896971439824,-16.09799575805664,0.0,-5.847452163696289
3.229625,202.0,0.8861386138613861,-17.235715066920445,8.568181960532572,-27.720123291015625,0.0,-16.80437469482422
2.8,176.0,0.8920454545454546,-14.66444837971098,9.09739035420336,-25.679874420166016,0.0,-16.42409896850586
1.31,82.0,0.8902439024390244,-9.878078251668851,5.289804371107554,-17.017601013183594,0.0,-10.581748962402344
7.5199375,470.0,0.9,-11.438976844715452,5.762629295986955,-25.780515670776367,0.0,-11.361688613891602
2.34,147.0,0.891156462585034,-13.35560773893167,5.67460845608906,-18.719562530517575,0.0,-16.143112182617188
3.0799375,193.0,0.8963730569948186,-16.36932256180427,8.44610088760782,-29.330230712890625,0.0,-16.107772827148438
4.14,259.0,0.8996138996138996,-11.805686246683669,6.981816055227254,-25.231483459472656,0.0,-13.00368881225586
1.9499375,122.0,0.8852459016393442,-11.703380196182817,5.935946792970199,-20.5504207611084,0.0,-11.99400520324707
6.1,382.0,0.8979057591623036,-10.06751469203404,6.153707146761023,-27.14082145690918,0.0,-8.755105972290039
2.798375,175.0,0.8914285714285715,-18.61185175333268,12.695098277921996,-35.134666442871094,0.0,-17.13913345336914
4.8876875,306.0,0.8986928104575164,-8.505825618397106,4.176401736847623,-19.411659240722656,0.0,-7.8039703369140625
1.6196875,102.0,0.8823529411764706,-14.715049446953667,5.026636943762345,-17.630325317382812,0.0,-16.72463035583496
11.74,734.0,0.8991825613079019,-13.693140841975357,9.148322605531218,-28.11210250854492,0.0,-10.029455184936523
3.4419375,216.0,0.8935185185185185,-13.053980338141091,6.64744849013836,-18.80892562866211,0.0,-16.840354919433594
2.7820625,174.0,0.8850574712643678,-19.70905879875282,11.800611157446005,-30.856693267822266,0.0,-29.125415802001957
1.6080625,101.0,0.8910891089108911,-13.136695183648005,6.696725099403437,-19.39501571655273,0.0,-16.480606079101562
4.1538125,260.0,0.9,-11.396886850014711,6.285579549647776,-26.18832015991211,0.0,-9.397109985351562
6.43675,403.0,0.8982630272952854,-11.316112044107848,7.806181271298822,-33.09005355834961,0.0,-9.50706386566162
1.37,86.0,0.8953488372093024,-8.43573996308562,6.393475748056636,-24.62047576904297,0.0,-6.656484603881836
10.7599375,673.0,0.8603268945022289,-18.081861201139724,8.843075277835359,-39.911258697509766,0.0,-15.963299751281738
2.5831875,162.0,0.8888888888888888,-19.29597306251526,11.167145717379825,-32.540924072265625,0.0,-17.605506896972656
1.8899375,119.0,0.8991596638655462,-19.3045392437516,9.732340235596237,-29.224306106567383,0.0,-24.55327033996582
3.834,240.0,0.8875,-16.847553557633233,7.352219182563694,-24.381580352783203,0.0,-19.93610382080078
4.335,271.0,0.8929889298892989,-14.884837781102204,6.6104657270883775,-33.84354782104492,0.0,-15.334842681884766
2.49,156.0,0.8974358974358975,-12.726182883126397,5.603410115379307,-19.994762420654297,0.0,-12.318248748779297
8.4325,528.0,0.8882575757575758,-18.25217327939422,10.268100686643892,-32.78462600708008,0.0,-14.176652908325195
2.4843125,156.0,0.8910256410256411,-19.775979076358052,9.358319152129164,-27.58799743652344,0.0,-25.891090393066406
12.8,801.0,0.8901373283395755,-13.922341580812258,8.126502231249297,-28.21089172363281,0.0,-11.947551727294922
4.9125,308.0,0.8896103896103896,-16.49302477732192,10.750855178790031,-39.46791076660156,0.0,-15.335618019104004
3.23,202.0,0.8960396039603961,-9.993280210547685,7.657802049022571,-22.825199127197266,0.0,-7.350345611572266
3.05,191.0,0.8900523560209425,-13.9888440693126,10.903998615756407,-34.359336853027344,0.0,-9.881332397460938
2.2081875,139.0,0.8848920863309353,-8.526073223207055,5.324903691491893,-19.837047576904297,0.0,-7.009334564208984
8.063375,504.0,0.8948412698412699,-11.598930257387014,5.886019580815491,-19.899066925048828,0.0,-11.617061614990234
2.213125,139.0,0.8992805755395683,-19.755290313720703,12.024139699157155,-33.08450698852539,0.0,-17.05855941772461
1.8,113.0,0.8672566371681416,-8.749664150938695,6.469645554291015,-20.432758331298828,0.0,-7.264713287353516
4.4699375,280.0,0.8857142857142857,-21.000892231541297,11.116170199088096,-36.51348114013672,0.0,-17.912734985351562
4.5565,285.0,0.8912280701754386,-12.527188083318276,7.102341735890709,-20.64856719970703,0.0,-14.288204193115234
6.0649375,380.0,0.9,-13.74487098336917,6.275126575539916,-28.088275909423828,0.0,-13.575716018676758
1.105875,70.0,0.9,-14.318358466738747,8.836414491749936,-24.942420959472656,0.0,-16.979618072509766
2.91,182.0,0.8956043956043956,-10.583974346792772,5.365246008786454,-18.284576416015625,0.0,-11.277236938476562
2.6499375,166.0,0.891566265060241,-16.834882414018786,11.693064513042824,-32.96187973022461,0.0,-10.642362594604492
7.2899375,456.0,0.8991228070175439,-10.32649014635784,4.063705376886553,-20.73222541809082,0.0,-9.977100372314451
2.57,161.0,0.9006211180124224,-21.35426035913928,13.013351558340018,-34.84758377075195,0.0,-30.86703109741211
2.8640625,180.0,0.9,-14.866725827440805,5.421180244864319,-19.235050201416016,0.0,-17.197494506835938
3.6105,226.0,0.7212389380530974,-15.454218267663125,13.282593942956996,-39.887001037597656,0.0,-9.616145133972168
7.0599375,442.0,0.8868778280542986,-14.012371301651,6.71169443464396,-21.893634796142575,0.0,-16.49994659423828
5.8870625,368.0,0.8913043478260869,-15.317027150130851,7.005126212857187,-23.92828750610352,0.0,-16.389801025390625
3.6999375,232.0,0.896551724137931,-13.153753280639648,8.623020518888461,-27.49054718017578,0.0,-10.134401321411133
1.262875,79.0,0.8987341772151899,-8.494702513788788,6.846933055243967,-22.22130584716797,0.0,-6.536224365234375
1.87,117.0,0.8974358974358975,-20.281961132231213,15.221694071452484,-38.5836067199707,0.0,-14.301530838012695
5.231375,327.0,0.8990825688073395,-6.661803479097327,3.551167709649177,-16.144344329833984,0.0,-5.846202850341797
1.7248125,108.0,0.8981481481481481,-9.428917757014638,6.422149660518781,-21.27463150024414,0.0,-7.400371551513672
7.81,489.0,0.8997955010224948,-14.048267277804287,7.060027603922058,-30.584156036376957,0.0,-12.82278823852539
6.6,413.0,0.8983050847457628,-13.81800909119475,8.952167761056366,-30.20919609069824,0.0,-12.367124557495115
1.8299375,115.0,0.8869565217391304,-11.956741015116371,6.818257025416264,-28.87171745300293,0.0,-11.68735694885254
14.46,904.0,0.8949115044247787,-14.452482459276952,9.622582152935587,-33.696746826171875,0.0,-11.553865432739258
3.44075,216.0,0.8935185185185185,-11.760044018839308,6.533019845976298,-17.744293212890625,0.0,-16.509254455566406
7.4175625,464.0,0.8987068965517241,-6.526475371216699,3.4492671294076103,-15.087326049804688,0.0,-6.606777191162109
2.62,164.0,0.8963414634146342,-16.323536749599743,10.13306527398806,-38.55430603027344,0.0,-16.780120849609375
1.5099375,95.0,0.8947368421052632,-13.187816305721508,6.188406771265229,-17.85388946533203,0.0,-16.551761627197266
3.74,234.0,0.8974358974358975,-8.42823991321382,7.173533772568958,-27.02911949157715,0.0,-6.208187103271484
1.74,109.0,0.8990825688073395,-11.471906817689234,5.263020667306333,-16.467945098876953,0.0,-14.335948944091797
1.25,79.0,0.8987341772151899,-14.401851385412082,10.733140447451529,-31.039934158325195,0.0,-16.28581428527832
3.54,222.0,0.8963963963963963,-8.816218572645331,4.042797695217524,-16.69888687133789,0.0,-8.984657287597656
9.37,586.0,0.8993174061433447,-11.567909801707549,7.104787844168916,-29.023815155029297,0.0,-10.052104949951172
2.1175,133.0,0.8872180451127819,-11.92326723519018,8.513548726995467,-23.003297805786133,0.0,-11.164705276489258
2.5,157.0,0.8980891719745223,-19.93858955599737,9.928739084388774,-34.08005142211914,0.0,-21.64987564086914
1.4499375,91.0,0.9010989010989012,-11.366399067204172,7.715284376536839,-29.67064476013184,0.0,-11.00909423828125
7.5099375,470.0,0.9,-14.782746096311168,8.03094074838602,-33.87423324584961,0.0,-13.138927459716797
3.98,249.0,0.891566265060241,-14.046727850630475,8.616709189294165,-28.697830200195312,0.0,-12.33026885986328
2.2395,140.0,0.9,-12.200957631307936,6.631215012289109,-22.40900421142578,0.0,-13.541875839233398
8.114625,508.0,0.8996062992125984,-7.0405956285005065,3.313111595633448,-14.763433456420898,0.0,-6.459661483764648
4.0299375,252.0,0.8849206349206349,-12.894265315992415,4.728143684355707,-16.638347625732422,0.0,-14.864704132080078
9.6299375,602.0,0.8986710963455149,-16.10728134818086,10.072804589042532,-33.937198638916016,0.0,-12.241039276123049
7.60125,476.0,0.8970588235294118,-15.230503412822928,5.677129051650035,-20.409992218017575,0.0,-18.05997085571289
3.9499375,247.0,0.8704453441295547,-10.412138757040337,6.695533542868852,-22.035776138305664,0.0,-8.71428108215332
2.750125,172.0,0.8895348837209303,-12.946123310163909,5.079946291645565,-16.463916778564453,0.0,-15.203155517578123
11.0205625,689.0,0.8998548621190131,-13.08493980592297,4.7953692829638594,-21.93268394470215,0.0,-13.970273971557615
1.3199375,83.0,0.8795180722891566,-10.032084896139905,3.7626229014691046,-13.587600708007812,0.0,-11.372550964355469
4.7099375,295.0,0.8983050847457628,-11.159144124444923,4.04233789865066,-21.76839637756348,0.0,-11.192594528198242
4.3,269.0,0.895910780669145,-18.69689100115131,12.47428944282368,-37.37855529785156,0.0,-15.274267196655272
3.990625,250.0,0.9,-14.12071128845215,8.065616125364317,-28.78360748291016,0.0,-15.683284759521484
2.8199375,177.0,0.8757062146892656,-10.571932368124685,6.9015985275668585,-18.20703125,0.0,-9.732059478759766
1.457125,92.0,0.8913043478260869,-8.409216717975896,2.9673676762525387,-11.024242401123049,0.0,-9.534347534179688
6.1899375,387.0,0.896640826873385,-12.475283762907088,7.04203909014938,-27.68944931030273,0.0,-11.442317962646484
2.4099375,151.0,0.8675496688741722,-6.168234803294408,5.9127512028432365,-24.25141716003418,0.0,-4.401922225952148
1.8291875,115.0,0.8695652173913043,-19.000844078063963,8.184102335931847,-25.18677520751953,0.0,-23.369871139526367
5.74,359.0,0.8969359331476323,-24.124224194828766,11.535661368332264,-36.65351104736328,0.0,-25.426692962646484
6.25,391.0,0.8976982097186701,-12.805914911449465,7.58357130910314,-26.26625633239746,0.0,-12.686019897460938
6.0599375,379.0,0.899736147757256,-11.707218919681312,5.046134976212443,-21.15655899047852,0.0,-11.958669662475586
3.31,207.0,0.8985507246376812,-9.343751517675257,4.331815308343254,-15.145652770996094,0.0,-9.591806411743164
3.1199375,195.0,0.8974358974358975,-9.010884584699358,6.082036659629512,-22.48335075378418,0.0,-8.133277893066406
13.0399375,815.0,0.898159509202454,-11.681182024908848,4.470104047476398,-22.457983016967773,0.0,-11.523664474487305
2.0099375,126.0,0.8888888888888888,-4.555602039609637,1.8300389376963755,-6.515781402587891,0.0,-5.319475173950195
2.0,126.0,0.8809523809523809,-9.487946037773613,5.135857991673795,-15.994949340820312,0.0,-10.71539306640625
4.887125,306.0,0.8986928104575164,-10.341387766057794,4.529990292961054,-21.04823303222656,0.0,-10.518928527832031
2.05,129.0,0.8914728682170543,-13.545100004776664,8.444233852374365,-26.67477035522461,0.0,-13.895732879638672
4.91,307.0,0.8990228013029316,-12.9696820024131,7.952228556293424,-27.171157836914062,0.0,-12.849969863891602
3.1574375,198.0,0.8838383838383839,-19.90761887686593,10.23818781920536,-31.40795135498047,0.0,-23.94308090209961
3.1995,200.0,0.9,-18.21064482794868,9.869545567184128,-26.83608627319336,0.0,-25.028711318969727
10.15,635.0,0.8976377952755905,-15.538962287233588,7.758994312985304,-33.82518005371094,0.0,-14.443758010864258
4.8299375,302.0,0.8973509933774835,-11.337296602030962,9.29828605599879,-35.05494689941406,0.0,-8.594022750854492
4.05,254.0,0.594488188976378,-21.92887508316545,14.820289337638217,-39.97318649291992,0.0,-17.670019149780273
1.5806875,99.0,0.898989898989899,-10.50934527965074,4.353777037667874,-14.275203704833984,0.0,-12.780712127685549
1.4699375,92.0,0.8913043478260869,-16.756580003877964,12.54168056555655,-37.067989349365234,0.0,-10.80717658996582
2.699625,169.0,0.8698224852071006,-20.631079044471797,12.914138628640403,-33.961265563964844,0.0,-30.46426773071289
7.2444375,453.0,0.8940397350993378,-18.02666544031214,10.220027090672875,-35.274925231933594,0.0,-13.90604019165039
1.67,105.0,0.8857142857142857,-11.503707229450184,5.7080103957271024,-19.87609100341797,0.0,-11.283233642578123
6.2654375,392.0,0.8979591836734694,-10.8817609927871,5.177924829911635,-24.385234832763672,0.0,-10.12326431274414
8.8199375,552.0,0.8913043478260869,-10.792359933620546,6.081047663675563,-19.92325210571289,0.0,-9.471549987792969
2.28,143.0,0.8951048951048951,-11.462225019931791,7.898318159092908,-26.431713104248047,0.0,-10.172504425048828
2.76575,173.0,0.8901734104046243,-15.626509183413022,8.494705885649019,-25.969322204589844,0.0,-17.416990280151367
6.1099375,382.0,0.8979057591623036,-12.736442015400431,4.860815576300966,-23.14365005493164,0.0,-12.26556396484375
2.28,143.0,0.8951048951048951,-15.845391884446144,7.923161656169638,-27.80872344970703,0.0,-16.273256301879883
1.9016875,119.0,0.8991596638655462,-5.242059119393892,2.430858615377048,-9.078685760498049,0.0,-5.46650505065918
1.8525625,116.0,0.896551724137931,-10.722948661217323,7.105200462080847,-25.30975151062012,0.0,-11.78877067565918
1.4699375,92.0,0.8804347826086957,-10.473382596616393,6.405305836763248,-18.2137451171875,0.0,-13.972297668457031
3.8199375,239.0,0.895397489539749,-8.146341145595658,5.779530023653894,-23.561967849731445,0.0,-6.832572937011719
5.3249375,333.0,0.8558558558558559,-17.71166375478109,13.262499266912048,-39.99360656738281,0.0,-13.570718765258787
3.8999375,244.0,0.889344262295082,-11.261925499560096,5.926679765396766,-17.292999267578125,0.0,-14.390090942382812
6.2244375,390.0,0.8923076923076924,-14.417458682224668,9.323018974176223,-36.50746154785156,0.0,-12.76146125793457
5.18,324.0,0.8981481481481481,-12.788539001622151,7.014059246874368,-23.57225608825684,0.0,-13.044160842895508
6.85,429.0,0.8997668997668997,-16.038457167580955,9.033070261112268,-36.69390106201172,0.0,-15.632878303527832
2.1574375,135.0,0.8740740740740741,-14.213591882738015,8.896407353954086,-23.959980010986328,0.0,-17.792882919311523
2.76375,173.0,0.8959537572254336,-6.940390211536038,4.818263433049299,-14.099018096923828,0.0,-6.044292449951172
1.54,97.0,0.8969072164948454,-11.27526487153152,4.267717224976391,-15.429340362548828,0.0,-12.422004699707031
4.4225,277.0,0.8989169675090253,-19.970558166503903,8.361484141099625,-35.51133346557617,0.0,-19.978179931640625
1.0,63.0,0.8888888888888888,-11.112026146480016,7.544272268401031,-18.918365478515625,0.0,-15.522790908813477
2.6499375,166.0,0.8674698795180723,-21.317994011773003,11.713678537507834,-35.84205627441406,0.0,-18.657304763793945
6.5515,410.0,0.8975609756097561,-14.11076481445976,7.083001678232482,-22.53463363647461,0.0,-15.725379943847656
2.560375,161.0,0.9006211180124224,-10.5220282916365,5.249347026212667,-22.58353805541992,0.0,-10.741599082946776
1.92,121.0,0.8925619834710744,-13.336866502408627,11.117563116867764,-34.415138244628906,0.0,-10.87734317779541
2.9499375,185.0,0.8972972972972973,-8.77299558110984,5.952687703317674,-23.50931739807129,0.0,-7.789524078369141
2.8799375,180.0,0.8888888888888888,-10.613435888290406,6.2459893405042015,-20.140968322753903,0.0,-9.513282775878906
2.518875,158.0,0.8734177215189873,-11.903721560602603,9.900831661393852,-28.938329696655277,0.0,-7.387548446655273
1.28,81.0,0.9012345679012346,-8.398926565091903,4.1941408883094,-15.766006469726562,0.0,-9.141036987304688
4.4099375,276.0,0.8985507246376812,-19.8676388302157,13.956428174539306,-38.14208221435547,0.0,-18.427348136901852
3.7699375,236.0,0.8983050847457628,-21.051475093049824,12.522856820911755,-34.893394470214844,0.0,-21.612260818481445
1.33,84.0,0.8928571428571429,-10.525615208943686,7.736644514008086,-28.81414794921875,0.0,-9.414913177490234
13.4699375,842.0,0.8895486935866983,-20.222299797353504,10.740330113827184,-33.706634521484375,0.0,-18.912267684936523
4.7799375,299.0,0.882943143812709,-17.611930442578863,8.47000090258251,-24.75864791870117,0.0,-23.073190689086918
16.61,1039.0,0.8979788257940328,-12.629156872135011,5.919847323668943,-25.31545639038086,0.0,-12.784735679626465
9.955375,623.0,0.8796147672552167,-19.89147976367143,7.689016517479454,-39.95474243164063,0.0,-18.723339080810547
2.0299375,127.0,0.8976377952755905,-11.58927833824827,6.3125672308001874,-21.432697296142575,0.0,-13.267881393432615
3.06725,192.0,0.8958333333333334,-10.553953802862832,6.962335895712255,-28.642885208129883,0.0,-9.052078247070312
2.9499375,185.0,0.8864864864864865,-9.585299096456389,7.484237370962657,-23.569847106933597,0.0,-7.487022399902344
1.67,105.0,0.8952380952380953,-10.28227124315627,5.205230775206078,-17.847126007080078,0.0,-12.502985000610352
1.3199375,83.0,0.891566265060241,-12.142830513619089,7.89432748488454,-23.909988403320312,0.0,-10.25246810913086
5.2899375,331.0,0.9003021148036254,-11.303924054907473,5.46178251751399,-27.025421142578125,0.0,-11.094246864318848
4.0550625,254.0,0.8818897637795275,-14.16766961983272,6.327142635881108,-19.53614044189453,0.0,-18.1906681060791
1.3724375,86.0,0.8953488372093024,-14.719145242269937,8.724296401412628,-22.84399032592773,0.0,-20.119579315185547
1.7099375,107.0,0.897196261682243,-9.174773871898651,4.178808666987197,-15.975814819335938,0.0,-10.208860397338867
2.9658125,186.0,0.8870967741935484,-12.81426650538589,3.7093654276417376,-16.51935577392578,0.0,-14.01921844482422
2.28,143.0,0.8881118881118881,-9.988014912042091,6.926715093821263,-20.01261138916016,0.0,-9.082748413085938
3.734625,234.0,0.8888888888888888,-17.570185248668377,10.478169253088735,-35.240264892578125,0.0,-18.713157653808597
1.3749375,86.0,0.872093023255814,-7.53282964070638,3.3153995989103686,-15.27029037475586,0.0,-7.996246337890625
2.900375,182.0,0.8956043956043956,-8.731427900630273,4.125029728264028,-13.578353881835938,0.0,-10.318134307861328
10.7599375,673.0,0.8974739970282318,-13.780538012649838,8.53370151812772,-34.9698486328125,0.0,-11.39821720123291
2.8,176.0,0.8977272727272727,-9.899233274821992,6.413793152184297,-24.57507705688477,0.0,-9.193233489990234
4.4,276.0,0.894927536231884,-12.385538471855131,8.994266865595264,-33.17675018310547,0.0,-10.069608688354492
3.86,242.0,0.8966942148760331,-7.987622344548801,5.685819839465762,-23.607723236083984,0.0,-5.943519592285156
5.274625,330.0,0.9,-7.086178069965607,4.136354877538845,-17.264997482299805,0.0,-6.10932731628418
4.8799375,305.0,0.898360655737705,-10.983671278849137,6.169138889191163,-27.930805206298828,0.0,-9.746277809143066
3.4199375,214.0,0.897196261682243,-14.311721697449684,11.549371475750318,-36.82780456542969,0.0,-9.90689754486084
1.27,80.0,0.9,-22.93994243939717,11.786982975401854,-38.8863525390625,0.0,-25.06908798217773
14.8091875,926.0,0.8898488120950324,-15.296609961870804,9.455770236968927,-28.92587661743164,0.0,-12.511478424072266
6.433875,403.0,0.8982630272952854,-12.286148998618785,5.835253989928923,-26.045669555664062,0.0,-11.958396911621094
2.75,172.0,0.8953488372093024,-7.090831075395856,4.7970915636799925,-21.781578063964844,0.0,-5.813724517822266
14.315875,895.0,0.8927374301675978,-25.29811882047689,9.775908166529913,-36.85601043701172,0.0,-25.893022537231445
1.49,94.0,0.8936170212765957,-22.200635024479457,12.07928455767594,-39.43390274047852,0.0,-21.636049270629883
5.49,344.0,0.8953488372093024,-12.447342513443589,7.268445637732419,-30.83669853210449,0.0,-10.968376159667969
5.73,359.0,0.8969359331476323,-18.09590426735256,10.930747539342455,-33.744972229003906,0.0,-16.030149459838867
4.1199375,258.0,0.8992248062015504,-15.3670737825591,7.831971304391027,-28.061203002929688,0.0,-16.197744369506836
2.5325,159.0,0.89937106918239,-8.035215231088491,6.522230584522138,-22.452146530151367,0.0,-5.789335250854492
6.7049375,420.0,0.9,-18.49285786240189,6.899147432377859,-28.727148056030277,0.0,-20.331982612609863
2.15725,135.0,0.8962962962962963,-20.586733983567925,13.627380909830944,-35.48505401611328,0.0,-23.12061309814453
2.2899375,144.0,0.8958333333333334,-9.752473609392034,5.390869036964501,-16.06817626953125,0.0,-8.996490478515625
5.2899375,331.0,0.9003021148036254,-12.872871853361191,8.372539735789884,-27.830480575561523,0.0,-10.905366897583008
3.55,222.0,0.8963963963963963,-9.44069970672454,4.78431783980254,-16.649803161621094,0.0,-9.560134887695312
15.6655,980.0,0.8989795918367347,-14.66845602669862,8.01225871650288,-33.36750793457031,0.0,-12.348262786865234
5.6,351.0,0.9002849002849003,-8.482157562352434,5.427600246090153,-20.54254150390625,0.0,-7.76093864440918
5.3499375,335.0,0.8985074626865671,-18.457307625450564,10.600757625531497,-36.86176300048828,0.0,-14.566883087158203
9.7426875,609.0,0.8981937602627258,-14.597232159574464,9.8829218484655,-32.03387451171875,0.0,-10.609508514404297
7.61,476.0,0.8991596638655462,-8.691183121404915,4.412159430638805,-19.618144989013672,0.0,-8.316545486450195
4.1830625,262.0,0.8969465648854962,-11.50622678716132,6.328932929210123,-19.493106842041016,0.0,-10.873016357421877
2.4099375,151.0,0.8940397350993378,-8.544977852150247,7.405652007387554,-27.620147705078125,0.0,-6.04833984375
1.2599375,79.0,0.8987341772151899,-14.123342111077108,7.375469257173732,-20.626453399658203,0.0,-18.88350296020508
2.2399375,140.0,0.9,-14.96815298474024,8.816481542704492,-30.68871116638184,0.0,-12.93793487548828
3.3891875,212.0,0.8820754716981132,-19.101727653952207,9.40014640501233,-28.011005401611328,0.0,-26.104080200195312
9.5799375,599.0,0.8998330550918197,-13.60034010892454,7.07214667102441,-33.27064514160156,0.0,-11.633378982543944
7.1099375,445.0,0.8898876404494382,-12.452023857771747,7.263458240663058,-27.58700180053711,0.0,-11.513608932495115
2.9499375,185.0,0.8702702702702703,-20.265125096954915,11.48011005311647,-30.49126434326172,0.0,-28.146804809570312
12.2406875,766.0,0.8877284595300261,-16.48218126296997,7.480490553799308,-25.00571823120117,0.0,-16.801610946655273
10.46,654.0,0.8990825688073395,-11.84573132975572,5.656437071511841,-25.65371322631836,0.0,-11.332170486450195
3.3959375,213.0,0.8967136150234741,-5.898685055877526,4.211506874882244,-19.44270896911621,0.0,-4.96245002746582
6.0599375,379.0,0.899736147757256,-10.631156015256284,4.512135688325183,-23.52847671508789,0.0,-10.04385757446289
3.8299375,240.0,0.8916666666666667,-19.35266633791344,8.459389946801258,-28.96209144592285,0.0,-23.56455993652344
1.46,92.0,0.8913043478260869,-6.00682314430795,2.942000215814472,-11.93071746826172,0.0,-6.605262756347656
12.943375,809.0,0.8862793572311496,-11.832393385542654,4.874469015979459,-18.28427124023437,0.0,-12.279067993164062
8.79,550.0,0.8963636363636364,-17.276028592494633,11.045330337281568,-39.17981719970703,0.0,-13.85393524169922
2.8174375,177.0,0.8983050847457628,-16.797015903880762,7.297501644743771,-28.01592254638672,0.0,-18.613746643066406
2.09,131.0,0.8854961832061069,-14.273625702693543,8.408407314151043,-23.00098991394043,0.0,-18.67068099975586
9.455,591.0,0.8917089678510999,-15.879090806790954,8.333540095962414,-24.37581443786621,0.0,-21.314302444458008
11.33,709.0,0.8998589562764457,-17.680618390767926,6.543840664679943,-31.120216369628903,0.0,-17.48163414001465
2.2138125,139.0,0.8776978417266187,-13.384554503393955,5.766108363929627,-19.17057228088379,0.0,-15.93622589111328
2.31,145.0,0.896551724137931,-13.85234105036809,6.576777682251218,-22.190086364746094,0.0,-14.482166290283203
5.9439375,372.0,0.8897849462365591,-7.379754057823711,3.167258525546856,-10.8746337890625,0.0,-8.937541961669922
6.541375,409.0,0.8948655256723717,-15.779883400338594,9.264265781695324,-34.59153747558594,0.0,-13.294456481933594
3.5899375,225.0,0.8933333333333333,-12.187820662313433,7.726612904561457,-29.391860961914062,0.0,-9.75936508178711
2.27,142.0,0.8873239436619719,-9.164986625550286,6.965829029502807,-21.65903854370117,0.0,-7.467937469482422
1.6399375,103.0,0.8932038834951457,-15.83026817570562,10.027881595860723,-29.410476684570312,0.0,-15.911003112792969
10.4499375,654.0,0.8944954128440367,-17.796835167387613,7.04777165677277,-26.53439712524414,0.0,-18.6213493347168
4.25,266.0,0.8984962406015038,-7.799636050747029,4.386903927185908,-17.479816436767578,0.0,-9.003948211669922
6.3199375,395.0,0.8911392405063291,-11.33607782017101,5.637919388443854,-17.800399780273438,0.0,-14.110830307006836
4.27,267.0,0.8951310861423221,-20.46880328605365,8.557326688240485,-34.23810195922852,0.0,-20.956348419189453
2.58375,162.0,0.8950617283950617,-7.631112486740639,5.163843404050705,-20.129302978515625,0.0,-6.413684844970703
1.6,101.0,0.8910891089108911,-11.490582529703776,7.129203144386464,-23.72112274169922,0.0,-11.912908554077148
2.75,172.0,0.8953488372093024,-11.68332189089292,7.537803106772792,-26.164316177368164,0.0,-11.282392501831056
1.8799375,118.0,0.8983050847457628,-14.923121938165629,7.333413940488228,-22.46351623535156,0.0,-19.00176048278809
1.434375,90.0,0.9,-9.588015026516384,4.208497025755739,-14.139360427856444,0.0,-10.948064804077148
1.7018125,107.0,0.897196261682243,-6.787793179353078,5.302712034460563,-23.130861282348636,0.0,-5.5965118408203125
5.54,347.0,0.8789625360230547,-16.120638481515353,8.759552953350454,-25.429590225219727,0.0,-18.21870231628418
2.7724375,174.0,0.896551724137931,-18.83443285868718,8.86512296075991,-31.55450439453125,0.0,-19.986835479736328
2.0099375,126.0,0.8968253968253969,-10.243845576733614,6.415178013816028,-22.204500198364254,0.0,-9.690317153930664
5.451375,341.0,0.8973607038123167,-15.71051440519445,5.700675676836232,-21.703205108642575,0.0,-17.826156616210938
2.1489375,135.0,0.8666666666666667,-4.777277269933978,2.473896353623404,-8.603343963623047,0.0,-4.209018707275391
1.9399375,122.0,0.8934426229508197,-15.766756425210096,11.246307046723508,-30.588214874267575,0.0,-12.794464111328123
1.5199375,95.0,0.8947368421052632,-3.711844679888557,2.0785449073256084,-7.606939315795898,0.0,-3.423982620239258
2.5299375,159.0,0.89937106918239,-10.468151786110615,6.253396443992224,-30.589168548583984,0.0,-8.95704460144043
3.49,219.0,0.8858447488584474,-15.98696633958325,7.322785332648295,-22.9036922454834,0.0,-21.085039138793945
4.8899375,306.0,0.8986928104575164,-12.693840456875888,7.021433962767928,-25.619239807128903,0.0,-12.544330596923828
2.86025,179.0,0.8938547486033519,-16.606651854515075,8.048930261038928,-24.309158325195312,0.0,-21.830490112304688
1.2175,77.0,0.8961038961038961,-11.240131875743035,10.432512372620694,-31.31905937194824,0.0,-7.281473159790039
5.2891875,331.0,0.9003021148036254,-9.239583572285287,6.452078699880919,-31.737476348876957,0.0,-8.354227066040039
3.605,226.0,0.8982300884955752,-14.50822893152096,7.667189858620548,-33.948875427246094,0.0,-13.725112915039062
1.72,108.0,0.8888888888888888,-15.54386599858602,5.563717289543709,-18.933277130126957,0.0,-18.016849517822266
1.575625,99.0,0.898989898989899,-7.290510070457887,5.318458562509995,-19.140884399414062,0.0,-5.846187591552734
3.4026875,213.0,0.8873239436619719,-12.589936816503132,7.278471541798831,-21.131078720092773,0.0,-13.342992782592772
1.6499375,104.0,0.8846153846153846,-14.250929936118748,11.32211998729799,-31.353031158447266,0.0,-10.82663917541504
3.1,194.0,0.8969072164948454,-17.362402028050916,9.974473261993015,-29.26312828063965,0.0,-22.87999725341797
7.292125,456.0,0.8837719298245614,-15.215019259204343,7.768958867275298,-32.61872482299805,0.0,-13.200702667236328
2.4199375,152.0,0.875,-10.65435421018672,9.84406752716568,-27.591354370117188,0.0,-6.243381500244141
8.0099375,501.0,0.8962075848303394,-11.0531555889444,7.456875239407202,-27.046043395996094,0.0,-9.84427261352539
3.7161875,233.0,0.8969957081545065,-13.503504611658707,8.026954491864318,-28.43673324584961,0.0,-12.526409149169922
5.103625,319.0,0.8996865203761756,-10.302786331974255,6.843049478958167,-26.16084098815918,0.0,-8.472162246704102
7.75075,485.0,0.8948453608247423,-24.111460224274666,12.596910896415718,-39.76751708984375,0.0,-25.451452255249023
6.5274375,408.0,0.8946078431372549,-19.2518877055547,8.990176101119843,-33.313533782958984,0.0,-16.287372589111328
1.9295625,121.0,0.8760330578512396,-10.241711274632868,9.669560214212444,-25.77109146118164,0.0,-5.394441604614258
2.2399375,140.0,0.9,-18.5338717717973,12.242007469381154,-33.186485290527344,0.0,-12.577354431152344
9.2899375,581.0,0.8967297762478486,-15.634539258228385,10.640964809070413,-35.917633056640625,0.0,-12.082666397094728
3.3799375,212.0,0.8773584905660378,-14.644069984395015,12.560101049379185,-37.30290603637695,0.0,-9.79810905456543
2.5450625,160.0,0.9,-17.426970932218765,5.622700913101745,-21.307674407958984,0.0,-19.625675201416016
13.1270625,821.0,0.8976857490864799,-18.525021515513696,7.17611763052948,-37.39587020874024,0.0,-17.25934600830078
3.7620625,236.0,0.8940677966101694,-15.218635785071204,8.929682040384513,-38.84956359863281,0.0,-13.323802947998049
2.7599375,173.0,0.884393063583815,-17.351572223738128,5.939590732695294,-21.17834854125977,0.0,-19.79625701904297
1.66,104.0,0.8942307692307693,-18.03396780772876,8.109780635461211,-30.41327667236328,0.0,-20.44296646118164
1.62,102.0,0.8921568627450981,-21.880960998954357,12.651894294913388,-38.02898406982422,0.0,-25.522310256958008
8.602125,538.0,0.8977695167286245,-12.137000374172043,6.985544013351643,-23.40777969360352,0.0,-10.676349639892578
4.4099375,276.0,0.8985507246376812,-16.09508232916555,7.465725697759257,-25.865066528320312,0.0,-17.35262107849121
5.97,374.0,0.893048128342246,-14.935713625239757,9.279505130654366,-28.79431533813477,0.0,-12.108575820922852
9.09425,569.0,0.8910369068541301,-14.27281793146679,6.694392145486283,-21.785968780517575,0.0,-16.310321807861328
4.1299375,259.0,0.888030888030888,-12.292154486283012,8.056291984633388,-30.59250259399414,0.0,-10.337213516235352
5.0199375,314.0,0.89171974522293,-13.431934806278774,7.965644950919553,-25.048492431640625,0.0,-11.04169464111328
1.3899375,87.0,0.7816091954022989,-19.76565627490773,13.057611729451926,-39.41147613525391,0.0,-22.869726181030277
10.2099375,639.0,0.8998435054773083,-11.450099753504212,5.6777788642387845,-24.86045265197754,0.0,-11.049285888671877
6.3080625,395.0,0.8911392405063291,-8.301065921783447,4.2509975915335225,-16.491539001464844,0.0,-7.819999694824219
6.74,422.0,0.8981042654028436,-10.660234783444366,4.4103483583367895,-19.04700088500977,0.0,-10.46725082397461
7.0599375,442.0,0.8823529411764706,-15.463449341211565,6.911544712232322,-22.03321075439453,0.0,-19.43792724609375
16.507375,1032.0,0.8905038759689923,-18.57373988926735,7.611383635425886,-27.65279769897461,0.0,-18.228343963623047
2.2,138.0,0.8985507246376812,-13.554461909878638,6.162392337841367,-21.738773345947266,0.0,-13.388683319091797
2.3899375,150.0,0.9,-13.483725357055665,8.592355335826182,-25.126998901367188,0.0,-12.626792907714844
2.3,144.0,0.8958333333333334,-7.252441125322682,4.386810908026562,-18.24189758300781,0.0,-6.664127349853516
9.75075,610.0,0.9,-12.103975429778108,4.733654696466017,-22.534809112548828,0.0,-12.38852310180664
5.577,349.0,0.8939828080229226,-18.257988679103363,9.002997108108309,-26.54184913635254,0.0,-24.60870933532715
4.6299375,290.0,0.8689655172413793,-18.239727213269187,9.031856075146916,-39.86341857910156,0.0,-18.50094413757324
1.908375,120.0,0.9,-20.214307202233208,10.167027870989298,-36.67295837402344,0.0,-20.222387313842773
4.54,284.0,0.897887323943662,-12.543922641230564,9.02142874034762,-32.97694396972656,0.0,-9.344337463378906
5.66,354.0,0.8785310734463276,-13.350128321019016,6.938924567172091,-22.562095642089844,0.0,-12.720722198486328
5.17,324.0,0.8981481481481481,-12.151729741456991,6.835958095395169,-25.03954124450684,0.0,-12.82390308380127
2.05,129.0,0.875968992248062,-12.004753095913776,6.220839688303063,-20.10404586791992,0.0,-12.441761016845703
12.087,756.0,0.8994708994708994,-14.527205986135144,5.680728727520902,-24.45399284362793,0.0,-15.758503913879396
2.99,187.0,0.8983957219251337,-10.804004918961295,6.763166523619391,-30.49761199951172,0.0,-8.923972129821777
2.277,143.0,0.8951048951048951,-9.451177015900612,8.833565047470962,-30.093116760253903,0.0,-6.212197303771973
5.37,336.0,0.8928571428571429,-16.628553994496663,7.793972292410506,-24.07355308532715,0.0,-22.194522857666016
2.8525,179.0,0.8938547486033519,-22.091097152233125,11.394236983062706,-34.82051467895508,0.0,-24.67594337463379
4.5799375,287.0,0.8989547038327527,-15.085892706878424,8.266984273832776,-30.005109786987305,0.0,-13.904828071594238
4.6424375,291.0,0.8865979381443299,-11.026329129241232,6.957444208530519,-27.651336669921875,0.0,-11.489809036254885
2.7599375,173.0,0.884393063583815,-12.033803004844517,6.241053188754948,-27.339208602905277,0.0,-13.144651412963867
3.9576875,248.0,0.8991935483870968,-7.21418084798907,3.95240699184756,-16.805688858032227,0.0,-6.705923080444336
5.9563125,373.0,0.8981233243967829,-14.956820132127447,6.760939018041934,-30.067747116088867,0.0,-14.735971450805664
2.2775,143.0,0.8951048951048951,-19.626783281564716,7.693857950063696,-29.99909782409668,0.0,-21.59078788757324
11.5,719.0,0.8984700973574409,-17.99247323913102,10.844932451825542,-32.306495666503906,0.0,-15.816614151000977
3.1099375,195.0,0.8923076923076924,-17.105928267555676,12.607275956030186,-36.95687484741211,0.0,-18.899959564208984
2.4399375,153.0,0.8823529411764706,-12.728951885082104,7.078585154745606,-29.994293212890625,0.0,-12.39670181274414
9.43,590.0,0.9,-14.326879339703058,7.601250869464305,-34.009422302246094,0.0,-13.00761604309082
3.8299375,240.0,0.8958333333333334,-7.7342446083246275,5.392839554143981,-19.86184310913086,0.0,-5.933963775634766
6.2725,393.0,0.8905852417302799,-11.77266460963658,5.835206171612348,-17.79257583618164,0.0,-15.229082107543944
3.917125,245.0,0.8857142857142857,-14.436016223397672,5.332256708145168,-18.298099517822266,0.0,-17.105857849121094
1.5799375,99.0,0.8888888888888888,-10.151114377108486,7.897508461358703,-23.10932922363281,0.0,-8.654340744018555
0.9758125,61.0,0.9016393442622952,-10.569638338955968,6.301021628097695,-17.82785415649414,0.0,-14.75864028930664
3.18,199.0,0.8994974874371859,-13.349037916300682,7.806588087909075,-22.47601318359375,0.0,-14.821983337402344
7.0399375,440.0,0.8931818181818182,-16.171822424153333,8.889459816668843,-39.41752624511719,0.0,-14.528486251831056
6.8335,428.0,0.8948598130841121,-16.480838476833412,10.051018487097254,-32.03224182128906,0.0,-15.770132064819336
4.3775,274.0,0.8905109489051095,-17.75567889604412,8.503228392769005,-30.945775985717773,0.0,-16.612529754638672
2.67,167.0,0.8922155688622755,-9.269987656766135,6.189795628216843,-17.99130630493164,0.0,-8.082073211669922
5.845,366.0,0.8934426229508197,-18.260387397322816,9.138311865275108,-33.300323486328125,0.0,-17.975934982299805
2.9444375,185.0,0.8972972972972973,-14.348489887743112,9.46110859941833,-36.32335662841797,0.0,-12.125377655029297
2.0599375,129.0,0.8992248062015504,-14.531771133685934,10.770835032785277,-32.637306213378906,0.0,-11.129022598266602
3.8909375,244.0,0.8975409836065574,-18.52238953821191,8.616382992017526,-36.106964111328125,0.0,-18.727134704589844
6.65725,417.0,0.8920863309352518,-14.499582059921757,6.623455212507345,-32.99222183227539,0.0,-13.429731369018556
10.4618125,654.0,0.8960244648318043,-16.227629928458672,9.209100789687332,-36.08420944213867,0.0,-13.840694427490234
2.4699375,155.0,0.896774193548387,-18.95155739269668,10.595375280654451,-33.175537109375,0.0,-16.845571517944336
1.6499375,104.0,0.8942307692307693,-8.109704089421099,5.471113527248353,-18.391658782958984,0.0,-7.573093414306641
9.0136875,564.0,0.8971631205673759,-20.762299443422098,9.53986226513586,-38.44840240478516,0.0,-19.63262939453125
3.3744375,211.0,0.9004739336492891,-13.072508601138466,7.189860085726529,-22.03213882446289,0.0,-14.07900619506836
1.4399375,90.0,0.8888888888888888,-5.768190717697143,3.566425290177428,-10.822376251220703,0.0,-5.76432991027832
10.6399375,665.0,0.8932330827067669,-13.9098530489989,8.134753606766012,-32.36542510986328,0.0,-12.806987762451172
1.6475625,103.0,0.8932038834951457,-7.606847016707711,5.625482639176134,-22.74756622314453,0.0,-5.829541206359863
4.0399375,253.0,0.8972332015810277,-14.42165060505468,5.9925375050292535,-26.18115997314453,0.0,-14.917839050292969
9.97025,624.0,0.8958333333333334,-16.01253462093674,10.47802551280816,-33.059207916259766,0.0,-13.331714630126951
1.9101875,120.0,0.8916666666666667,-15.394527595733928,10.404781545546852,-32.96881866455078,0.0,-15.451749801635742
5.0525,316.0,0.8955696202531646,-13.6722661648538,5.296696149721605,-22.810630798339844,0.0,-13.89350414276123
8.15,510.0,0.8941176470588236,-12.39945758434764,6.900387059968306,-27.265724182128903,0.0,-11.585018157958984
2.3499375,147.0,0.8979591836734694,-11.87066534793738,8.992836870782272,-25.198841094970703,0.0,-7.515804290771484
7.5149375,470.0,0.8936170212765957,-12.56840904326666,8.054350040217809,-30.629610061645508,0.0,-10.778253555297852
7.2624375,454.0,0.8986784140969163,-10.346246167725209,6.779123060681955,-25.206462860107425,0.0,-8.680769920349121
4.2399375,265.0,0.8981132075471698,-16.570843664537957,10.841048340199084,-38.287559509277344,0.0,-14.91753387451172
7.203875,451.0,0.8913525498891353,-9.976046623875252,5.122314909898835,-17.132423400878906,0.0,-8.689266204833984
1.8824375,118.0,0.8813559322033898,-21.187263525449318,10.738363649516412,-38.36083221435547,0.0,-21.81912422180176
3.87,242.0,0.8842975206611571,-9.571663303910016,6.157822878141594,-25.7368221282959,0.0,-8.220476150512695
1.61,101.0,0.8811881188118812,-12.040933266114653,8.33401358881567,-29.20071601867676,0.0,-12.992563247680664
3.79,237.0,0.8945147679324894,-13.142868311900012,10.629674260063403,-26.48111724853516,0.0,-8.470161437988281
1.68,106.0,0.7641509433962265,-19.22162245526726,12.58793433988092,-39.60020446777344,0.0,-23.72269630432129
3.09,194.0,0.8969072164948454,-10.37331199645996,6.469355398043939,-22.95492553710937,0.0,-9.082263946533203
3.77525,236.0,0.8898305084745762,-14.782930973597937,9.410742152408462,-29.084495544433597,0.0,-12.077457427978516
4.3,269.0,0.8921933085501859,-10.483443999290468,7.533372100185784,-29.74933242797852,0.0,-9.021516799926758
8.1199375,508.0,0.8996062992125984,-8.902432902897473,5.007049344489772,-20.312034606933597,0.0,-8.218929290771484
9.80825,614.0,0.8990228013029316,-17.30751089082248,8.41835575827626,-27.97470092773437,0.0,-16.809688568115234
4.913125,308.0,0.8993506493506493,-17.54358230342934,10.508261193441138,-34.20082092285156,0.0,-15.64118766784668
1.7741875,111.0,0.8738738738738738,-5.832860612377678,2.195296741521275,-8.592449188232422,0.0,-6.443634033203125
5.874125,368.0,0.8994565217391305,-10.085826528036344,5.491166817706913,-18.789344787597656,0.0,-8.607406616210938
17.3199375,1083.0,0.8919667590027701,-18.04003192080227,9.618815642808888,-31.69129180908203,0.0,-16.558612823486328
1.4699375,92.0,0.8913043478260869,-20.146356536120905,12.55246977291535,-33.070587158203125,0.0,-24.886802673339844
1.7699375,111.0,0.9009009009009008,-9.836125240325927,5.6534337046774175,-19.604108810424805,0.0,-10.304573059082031
5.6884375,356.0,0.8904494382022472,-10.184648212950313,6.656036466593712,-26.10976791381836,0.0,-8.746707916259766
7.25,454.0,0.8810572687224669,-12.859830579757691,7.944220521983896,-26.767658233642575,0.0,-10.701614379882812
3.67,230.0,0.9,-12.71830347770654,7.90331728044394,-30.99823760986328,0.0,-9.326858520507812
3.18,199.0,0.8994974874371859,-7.663963957205831,4.885018446658152,-21.42263984680176,0.0,-6.208393096923828
1.5515625,97.0,0.8969072164948454,-8.955743680055114,5.195935884011069,-17.666397094726562,0.0,-9.793560028076172
4.248875,266.0,0.8984962406015038,-8.800145177162841,4.487307103656869,-20.25284576416016,0.0,-8.485836029052734
7.0799375,443.0,0.8984198645598194,-11.655742997500166,5.4650882496657776,-24.236618041992188,0.0,-11.899807929992676
5.667375,355.0,0.895774647887324,-9.887139212410403,7.211316566885543,-28.78046417236328,0.0,-7.550958633422852
7.3680625,461.0,0.8980477223427332,-14.778792736035038,9.880009714676952,-33.06224822998047,0.0,-11.706892013549805
2.86,179.0,0.8938547486033519,-11.015721797943115,8.270391562725429,-28.777862548828125,0.0,-10.264607429504396
2.349125,147.0,0.8979591836734694,-10.9623222062082,5.2046378424320165,-18.92547607421875,0.0,-10.516046524047852
3.9913125,250.0,0.892,-10.477954607907966,6.120229770448384,-17.431583404541016,0.0,-12.010372161865234
2.5199375,158.0,0.8987341772151899,-6.909760864687637,4.714236978762909,-16.629194259643555,0.0,-5.917301177978516
2.75,172.0,0.7383720930232558,-19.08447344472089,10.730190295656518,-39.65910339355469,0.0,-17.508575439453125
2.81,176.0,0.8920454545454546,-13.843848113041776,9.661343201205892,-33.753684997558594,0.0,-11.687925338745115
1.7599375,110.0,0.9,-7.5564355946550466,4.513606323562622,-19.545799255371094,0.0,-6.428943634033203
3.05975,192.0,0.8958333333333334,-14.995286985885263,7.779817639406271,-22.281248092651367,0.0,-19.857818603515625
6.7599375,423.0,0.8983451536643026,-16.385509656604967,9.699952576615305,-32.43607711791992,0.0,-14.20639991760254
7.5521875,473.0,0.8900634249471459,-17.854879605798427,9.872543616891488,-31.419103622436523,0.0,-16.570573806762695
6.27025,392.0,0.8979591836734694,-8.503567722710697,4.635356662849045,-18.039234161376957,0.0,-8.09520149230957
10.808875,676.0,0.8949704142011834,-14.691867759011007,10.966001610960756,-33.827598571777344,0.0,-10.39902687072754
4.8824375,306.0,0.8954248366013072,-15.316153463656017,7.706894668587712,-25.38720321655273,0.0,-14.667442321777344
3.5799375,224.0,0.8883928571428571,-12.86623818670685,9.377964655614786,-29.22471809387207,0.0,-10.517908096313477
4.0025,251.0,0.8844621513944223,-24.651567330231536,12.35303438275824,-37.655879974365234,0.0,-28.97983932495117
9.09,569.0,0.8963093145869947,-13.25846768173517,9.626401948920488,-35.99869918823242,0.0,-9.81056022644043
2.23,140.0,0.8928571428571429,-20.69027407836914,7.294721614223512,-25.295528411865234,0.0,-23.785289764404297
3.3045625,207.0,0.893719806763285,-12.167145455850138,6.588229889816316,-19.230941772460938,0.0,-15.90380859375
2.1599375,135.0,0.8962962962962963,-12.321400508407718,9.83211512310666,-30.34488296508789,0.0,-9.26638412475586
8.1958125,513.0,0.898635477582846,-8.62390010941313,5.391264044534842,-24.489656448364254,0.0,-7.453994750976562
1.93,121.0,0.9008264462809916,-10.316839148145204,6.104418667611711,-21.41270065307617,0.0,-10.322185516357422
5.33,334.0,0.8892215568862275,-16.913519528578426,9.858348248089849,-33.82875061035156,0.0,-15.100202560424805
1.6999375,107.0,0.8785046728971962,-16.52102596201795,10.257156697239523,-31.19817352294922,0.0,-18.249431610107425
6.8299375,427.0,0.8969555035128806,-14.064805242473712,8.545431666988508,-32.357078552246094,0.0,-11.402959823608398
6.4834375,406.0,0.8990147783251231,-7.976941863804647,3.930073664334623,-19.33895492553711,0.0,-7.250995635986328
3.81,239.0,0.899581589958159,-6.380402950907863,3.2597969782912286,-15.209844589233398,0.0,-5.917081832885742
5.2,326.0,0.8895705521472392,-7.527870829352017,3.6715271218998247,-15.293033599853516,0.0,-7.511581420898437
6.8899375,431.0,0.8955916473317865,-22.973587307905287,11.247068699157666,-34.77268981933594,0.0,-27.467618942260746
3.6999375,232.0,0.8879310344827587,-19.33993584901384,7.79757023430605,-25.547456741333008,0.0,-23.740278244018555
13.2225,827.0,0.8996372430471584,-12.221408823485016,6.196786175181691,-27.879051208496094,0.0,-11.712549209594728
9.351375,585.0,0.8991452991452992,-10.617102967468956,3.609216511596191,-17.250463485717773,0.0,-10.917596817016602
2.56,161.0,0.8944099378881988,-10.676752620273168,7.446129132926456,-26.623321533203125,0.0,-8.948192596435547
8.0099375,501.0,0.8902195608782435,-18.4821152152502,9.644828189033037,-28.13545227050781,0.0,-24.54884529113769
5.6524375,354.0,0.8983050847457628,-14.314269785611136,8.297163387095761,-25.8018856048584,0.0,-12.361532211303713
2.0599375,129.0,0.8914728682170543,-15.41281914089037,8.190086887872516,-24.5780029296875,0.0,-17.164989471435547
5.7536875,360.0,0.8944444444444445,-14.799806511920432,7.132320430483458,-22.310375213623047,0.0,-16.966693878173828
3.43875,215.0,0.8976744186046511,-13.163612296544208,5.582884522614578,-30.76131248474121,0.0,-12.712488174438477
2.109125,132.0,0.8939393939393939,-8.949942798937782,4.994615378454302,-14.163093566894531,0.0,-11.817659378051758
2.1424375,134.0,0.8955223880597015,-14.768225034077965,9.1367150325224,-26.246639251708984,0.0,-14.459583282470703
1.6499375,104.0,0.8942307692307693,-13.6994626445155,7.67342060702657,-26.652996063232425,0.0,-15.038436889648438
2.8480625,179.0,0.8994413407821229,-11.39638099907348,4.066095160524361,-14.724533081054688,0.0,-13.662742614746094
1.1299375,71.0,0.8591549295774648,-7.330952472374087,5.169985308161149,-21.035614013671875,0.0,-7.552345275878906
13.74,859.0,0.8963911525029103,-12.02033782562652,7.574094108985425,-27.115070343017575,0.0,-10.002487182617188
4.15,260.0,0.9,-7.403845954145122,3.965444912677115,-18.33560943603516,0.0,-7.183106422424316
3.8799375,243.0,0.8888888888888888,-18.78420813878377,9.82388013421562,-32.84757995605469,0.0,-18.292116165161133
1.5299375,96.0,0.8854166666666666,-7.921111656637753,5.422965696222108,-16.5897216796875,0.0,-6.908760070800781
1.56,98.0,0.8979591836734694,-9.531708630648524,6.366587162169573,-20.712547302246094,0.0,-9.911130905151367
3.0,188.0,0.8829787234042553,-12.760337507868387,8.568410941754768,-31.78480339050293,0.0,-10.680292129516602
6.7799375,424.0,0.8985849056603774,-13.466947880942678,9.718113003373103,-31.570579528808597,0.0,-9.88344955444336
1.3465625,85.0,0.8941176470588236,-5.997198807565789,3.636768876398389,-15.523334503173828,0.0,-5.918630599975586
3.7275,233.0,0.8841201716738197,-12.173961769029932,6.60063252858691,-21.84582901000977,0.0,-11.612344741821287
1.8551875,116.0,0.8275862068965517,-15.664194107055664,7.663576036432733,-22.26483917236328,0.0,-19.7006778717041
2.62,164.0,0.8841463414634146,-17.3441082263815,7.807144856292028,-25.926733016967773,0.0,-18.158201217651367
7.016625,439.0,0.8997722095671982,-13.472841127612924,5.501569782346214,-26.72343063354492,0.0,-13.169628143310549
3.28,206.0,0.8980582524271845,-9.22725166114601,4.624731698886301,-13.43460464477539,0.0,-11.809921264648438
1.4799375,93.0,0.8924731182795699,-6.106503268322313,2.1778033327585518,-8.109474182128906,0.0,-6.943759918212891
4.589,287.0,0.8954703832752613,-12.98836259062652,7.122287261717973,-23.463848114013672,0.0,-11.55414581298828
3.790875,237.0,0.8945147679324894,-17.172578307817567,10.433279751362209,-27.223072052001957,0.0,-24.75899887084961
2.8253125,177.0,0.8983050847457628,-10.477013258064318,4.754590745006723,-14.889049530029297,0.0,-13.132667541503906
3.6499375,229.0,0.8908296943231441,-15.559343496958414,7.750296164167774,-21.719669342041016,0.0,-20.250696182250977
2.0324375,128.0,0.8828125,-15.232838959820503,10.07224189479775,-27.451684951782227,0.0,-11.75624656677246
2.1238125,133.0,0.8947368421052632,-7.074253515035164,3.905660272257779,-16.471637725830078,0.0,-7.395595550537109
1.2199375,77.0,0.8961038961038961,-6.515831822934358,3.864617809580331,-14.95559310913086,0.0,-5.726612091064453
13.2336875,828.0,0.894927536231884,-14.823623026591724,8.811233767490474,-27.825214385986328,0.0,-12.712100982666016
2.0305,127.0,0.8976377952755905,-8.937477747599283,6.411361485209227,-18.04900360107422,0.0,-8.611433982849121
4.4099375,276.0,0.8985507246376812,-20.45188395438656,9.461438603128135,-33.99491500854492,0.0,-19.294551849365234
2.42175,152.0,0.8947368421052632,-15.273226008695715,9.164607751650577,-29.32999420166016,0.0,-15.61317253112793
2.8281875,177.0,0.8926553672316384,-19.574985793874237,6.550804148741451,-23.726154327392575,0.0,-22.23578643798828
4.710625,295.0,0.8983050847457628,-7.539094946519384,4.152379124607239,-18.401447296142575,0.0,-6.512939453125
3.34,209.0,0.8947368421052632,-12.83054646578702,8.233355926929496,-25.18117904663086,0.0,-9.56049346923828
2.73,171.0,0.8771929824561403,-24.031270434061685,9.339518670737815,-30.072792053222656,0.0,-28.465330123901367
2.15,135.0,0.8962962962962963,-6.161816809788223,4.81482903983117,-14.83359146118164,0.0,-4.844474792480469
4.1,257.0,0.8949416342412452,-12.444187413091244,7.430859419049812,-25.12518310546875,0.0,-11.233192443847656
1.3,82.0,0.8902439024390244,-4.8978901693265735,2.815263886896924,-11.201416015625,0.0,-4.347419738769531
1.9499375,122.0,0.8934426229508197,-8.531257314419527,5.135778458377571,-18.30990982055664,0.0,-7.547840118408203
2.7965625,175.0,0.8857142857142857,-14.38941153249433,7.470072030096304,-25.24864959716797,0.0,-14.515586853027344
2.3499375,147.0,0.8979591836734694,-6.611534963954579,3.299633874381697,-12.84054470062256,0.0,-7.212698936462402
2.687625,168.0,0.8690476190476191,-23.715134855819077,10.932555748632725,-33.03702926635742,0.0,-30.65907859802246
4.0399375,253.0,0.8774703557312253,-15.424296654022491,9.690871462584932,-32.980224609375,0.0,-13.009973526000977
1.25,79.0,0.8987341772151899,-9.96566339949487,5.663197784910257,-22.35136985778809,0.0,-11.807109832763672
5.2249375,327.0,0.8990825688073395,-11.265271089514908,4.001623979902504,-18.85259246826172,0.0,-11.154762268066406
3.247125,203.0,0.8768472906403941,-16.95289768261856,12.470273000076496,-32.377716064453125,0.0,-10.894256591796877
5.1199375,320.0,0.896875,-25.569261590778204,8.170608385226512,-33.16960144042969,0.0,-28.533790588378903
10.75,672.0,0.8973214285714286,-12.648025531673904,5.492748821609287,-29.71833038330078,0.0,-11.91525650024414
2.9166875,183.0,0.8852459016393442,-19.027154957806623,13.146819554660818,-32.7844123840332,0.0,-27.288990020751957
15.31,957.0,0.890282131661442,-18.228031713637947,8.757116412388472,-29.475994110107425,0.0,-18.61489486694336
3.92,246.0,0.8821138211382114,-16.036557377758115,9.783511618133009,-32.99747848510742,0.0,-14.898303985595703
3.7799375,237.0,0.8987341772151899,-9.074253243459784,4.976134955053957,-21.02523803710937,0.0,-7.626010894775391
5.462625,342.0,0.8976608187134503,-11.498649311376315,5.75836599034246,-25.104984283447266,0.0,-10.80936050415039
5.5173125,345.0,0.8869565217391304,-14.626313502492469,5.555075789314858,-20.842456817626957,0.0,-15.514680862426758
2.0,126.0,0.8888888888888888,-11.661382794380188,5.747457586603765,-28.20282554626465,0.0,-12.214333534240724
3.7895,237.0,0.869198312236287,-17.63046085024343,12.089700761827787,-39.8104248046875,0.0,-14.114017486572266
2.6399375,165.0,0.896969696969697,-14.45918338363235,10.170311147217772,-30.513338088989254,0.0,-12.414955139160156
6.54,409.0,0.8997555012224939,-12.97654988973037,6.179633548984333,-29.39790344238281,0.0,-12.409330368041992
2.54,159.0,0.89937106918239,-13.773706836300295,7.655661412111012,-31.60127258300781,0.0,-14.458873748779297
4.3,269.0,0.8996282527881041,-11.101846395445264,5.6621520779967565,-21.044017791748047,0.0,-11.366125106811523
4.1099375,257.0,0.8949416342412452,-16.867851721722147,12.38840416510095,-35.44818878173828,0.0,-10.694083213806152
2.9655625,186.0,0.8924731182795699,-16.636079443506446,9.010642406223178,-29.87845993041992,0.0,-14.875024795532228
5.87,367.0,0.8991825613079019,-14.020124897812352,5.7822388359489,-25.41461563110352,0.0,-14.615276336669922
2.1899375,137.0,0.8978102189781022,-11.079903331229357,7.903866087537666,-27.262290954589844,0.0,-10.868907928466797
1.3799375,87.0,0.8735632183908046,-15.283802634791323,6.650799208857674,-21.400161743164062,0.0,-19.13784408569336
1.67,105.0,0.8952380952380953,-16.63387128140064,6.831337911193446,-21.33880424499512,0.0,-20.02796173095703
2.86,179.0,0.8994413407821229,-11.741049796157744,6.464070338832356,-23.56641960144043,0.0,-11.767610549926758
4.3945,275.0,0.8981818181818182,-19.53926049359897,9.372187907234885,-35.2174072265625,0.0,-17.482072830200195
6.6710625,417.0,0.8992805755395683,-11.021424138387044,5.5884897684827815,-28.194433212280277,0.0,-10.452999114990234
7.9499375,497.0,0.8993963782696177,-11.237486171509062,4.765958780869706,-23.459041595458984,0.0,-11.153038024902344
2.4099375,151.0,0.8940397350993378,-9.710081566704645,6.705115215466464,-25.368770599365234,0.0,-9.028438568115234
4.1975,263.0,0.8897338403041825,-12.560047671326206,11.188537759911616,-30.618980407714844,0.0,-7.0108747482299805
2.1099375,132.0,0.8484848484848485,-21.17138343197959,12.960597758076403,-39.90322113037109,0.0,-22.36086845397949
3.2399375,203.0,0.896551724137931,-9.003621069939582,7.709175753596735,-33.58437728881836,0.0,-6.668514251708984
3.1599375,198.0,0.898989898989899,-9.37285737241252,6.496123835287549,-28.537220001220703,0.0,-7.612943649291992
12.1759375,761.0,0.897503285151117,-16.776941028555875,7.438838481940045,-26.05011367797852,0.0,-17.845745086669922
2.68,168.0,0.8988095238095238,-9.00471750474134,6.340612796394911,-24.984249114990234,0.0,-7.77720832824707
6.7281875,421.0,0.8907363420427553,-8.07971169535319,5.102230409849146,-25.579326629638672,0.0,-7.023456573486328
6.9599375,435.0,0.8988505747126436,-13.762365560702351,5.147692017811081,-27.45636367797852,0.0,-13.804468154907228
8.8299375,552.0,0.894927536231884,-14.599846198973868,8.792052067478147,-32.314727783203125,0.0,-13.003942489624023
2.93,184.0,0.8967391304347826,-11.259652548125295,7.111283440857868,-20.6380615234375,0.0,-10.028038024902344
3.7799375,237.0,0.8945147679324894,-16.283479195720744,9.62547846677198,-30.774633407592773,0.0,-18.602725982666016
2.6999375,169.0,0.8994082840236687,-8.688453097092477,4.4241074335356725,-16.790557861328125,0.0,-8.489229202270508
3.571,224.0,0.8973214285714286,-13.984283115140242,8.63300531280571,-33.89289474487305,0.0,-12.313556671142578
8.8459375,553.0,0.895117540687161,-17.794556908655647,10.56831321558624,-30.625112533569336,0.0,-19.77252769470215
1.86,117.0,0.8803418803418803,-11.401658289640851,5.095851916023155,-15.97307586669922,0.0,-14.36798858642578
6.595,413.0,0.8958837772397095,-17.03976349186253,6.228259322427358,-26.22985076904297,0.0,-16.46314811706543
5.1679375,323.0,0.8947368421052632,-13.84097864223599,7.683957733188711,-22.019451141357425,0.0,-18.974529266357425
6.105375,382.0,0.8848167539267016,-13.26592921646389,5.716240482469489,-21.085243225097656,0.0,-13.488166809082031
13.865,867.0,0.8904267589388697,-12.475748872509891,7.00083638557652,-26.096698760986328,0.0,-10.70160675048828
1.5980625,100.0,0.9,-15.000749015808106,8.371350417433222,-26.11756896972656,0.0,-17.369138717651367
15.495,969.0,0.8988648090815273,-14.16572632937426,7.131020782084598,-34.73499298095703,0.0,-13.435537338256836
4.209,264.0,0.8977272727272727,-8.494224355190616,4.631035368405545,-19.242624282836918,0.0,-8.243558883666992
8.2083125,514.0,0.8988326848249028,-13.443598594500388,5.743737169674814,-24.47506332397461,0.0,-14.107760429382324
5.551625,347.0,0.899135446685879,-17.78343803454668,9.14139759820896,-28.68561553955078,0.0,-18.1661434173584
6.1099375,382.0,0.8979057591623036,-12.882136158623432,5.945375000341621,-31.54969596862793,0.0,-12.047338485717772
2.3,144.0,0.8958333333333334,-13.17404083133668,6.836557317959051,-20.368698120117188,0.0,-15.936565399169922
1.2,76.0,0.8947368421052632,-12.197268766515394,8.40857380410319,-24.720504760742188,0.0,-12.461380004882812
4.2675,267.0,0.898876404494382,-11.351535880565644,5.077875243638321,-23.70258331298828,0.0,-10.653637886047363
2.8899375,181.0,0.9005524861878453,-8.295876579050637,5.935908360764567,-18.97997283935547,0.0,-7.845447540283203
5.3673125,336.0,0.8928571428571429,-13.594795926411946,5.985581739137671,-20.570640563964844,0.0,-16.657236099243164
2.99,187.0,0.8877005347593583,-15.221490377403168,9.280032815991015,-25.88134765625,0.0,-17.149444580078125
15.3499375,960.0,0.8958333333333334,-14.013599016500072,8.387130707804483,-25.75798225402832,0.0,-12.207958221435549
1.4499375,91.0,0.9010989010989012,-12.443708443060151,10.129803631599255,-33.272727966308594,0.0,-10.214946746826172
2.4924375,156.0,0.8974358974358975,-17.849541677747453,9.721630673745276,-33.84039688110352,0.0,-15.902908325195312
2.5814375,162.0,0.8703703703703703,-19.41681331607467,11.520856860275384,-30.93206024169922,0.0,-27.530006408691406
14.7799375,924.0,0.895021645021645,-11.378155753286746,8.155851436518624,-28.11845016479492,0.0,-8.355976104736328
3.4315625,215.0,0.8837209302325582,-11.605055658440842,5.597753889701546,-19.68516540527344,0.0,-12.788984298706056
1.4199375,89.0,0.898876404494382,-15.812543678283692,9.16389016039252,-27.067798614501957,0.0,-19.329328536987305
1.1199375,70.0,0.9,-10.83280278765966,7.845551456443868,-20.010955810546875,0.0,-10.561531066894531
1.75,110.0,0.8818181818181818,-11.591991660521202,5.670408811012967,-23.705841064453125,0.0,-11.407291412353516
6.8199375,427.0,0.8266978922716628,-18.268000578407527,9.562480819147058,-39.55972290039063,0.0,-17.330354690551758
9.7799375,612.0,0.8415032679738562,-15.877987452386652,9.22489494466882,-39.84955596923828,0.0,-14.708772659301758
2.3988125,150.0,0.8866666666666667,-18.970689615808933,7.708714078208641,-24.88979721069336,0.0,-22.267353057861328
8.9399375,559.0,0.8872987477638641,-11.93439027570909,8.928645193898944,-33.701072692871094,0.0,-8.981575012207031
4.847375,303.0,0.8910891089108911,-15.393360208581996,8.378052789048747,-29.276042938232425,0.0,-15.509641647338867
4.43,277.0,0.8953068592057761,-17.743645552665956,11.072206160286887,-36.7656478881836,0.0,-14.850308418273926
2.28,143.0,0.8881118881118881,-13.62003451069509,10.624943131736597,-31.393421173095703,0.0,-9.879791259765623
4.1599375,260.0,0.8923076923076924,-20.27709204575111,11.036013201601769,-30.47562789916992,0.0,-28.23627281188965
10.0099375,626.0,0.889776357827476,-16.60180590097095,11.817658116200608,-34.912872314453125,0.0,-11.633966445922852
5.3799375,337.0,0.8991097922848664,-13.140018293173004,7.462728759097231,-28.593923568725582,0.0,-12.042116165161133
7.18,449.0,0.8930957683741648,-14.687717585195031,7.692201034139872,-33.01069259643555,0.0,-14.028778076171877
2.33,146.0,0.8972602739726028,-13.139660201909887,7.842549701179957,-21.35235595703125,0.0,-17.13422393798828
2.5899375,162.0,0.8827160493827161,-14.53587629411604,8.398852749982703,-24.770431518554688,0.0,-15.778270721435549
2.0399375,128.0,0.8671875,-15.642678286578205,8.378611208504848,-35.39940643310547,0.0,-14.701074600219728
4.86,304.0,0.6644736842105263,-14.272314331319071,10.884011183606937,-39.91098785400391,0.0,-10.837861061096191
1.6399375,103.0,0.8932038834951457,-9.854709956956947,5.753315504228176,-21.918354034423828,0.0,-8.279226303100586
6.7599375,423.0,0.8983451536643026,-15.228067689192924,7.987097280926329,-35.309749603271484,0.0,-14.44166088104248
6.0399375,378.0,0.8862433862433863,-12.424599348609128,7.573656794258907,-31.10737991333008,0.0,-10.975868225097656
14.876,930.0,0.9,-14.685000662308012,6.142480144769352,-31.95895767211914,0.0,-13.960403442382812
6.75,422.0,0.8981042654028436,-7.771844818598362,4.709506948965472,-22.8134880065918,0.0,-7.1969146728515625
4.2586875,267.0,0.898876404494382,-15.73060040473938,9.392928623135337,-28.95334243774414,0.0,-16.041114807128906
3.7099375,232.0,0.8922413793103449,-10.5884370389192,3.8652350101704047,-18.84330368041992,0.0,-10.1673583984375
2.9399375,184.0,0.8967391304347826,-4.01766436027758,2.19038107467178,-9.464317321777344,0.0,-3.7448959350585938
4.678125,293.0,0.8976109215017065,-8.723249471686186,4.408269479842391,-13.254493713378906,0.0,-11.175613403320312
5.3749375,336.0,0.8035714285714286,-12.246420847928082,9.071203471886276,-37.49712753295898,0.0,-10.761422157287598
2.5299375,159.0,0.89937106918239,-9.843907536326588,4.539507104506745,-16.239177703857422,0.0,-10.577958106994627
3.18,199.0,0.8944723618090452,-20.23140077912405,7.93785674593657,-28.87606430053711,0.0,-19.78298759460449
2.09,131.0,0.8854961832061069,-7.483634356794687,4.076656967452312,-14.746315002441406,0.0,-6.408180236816406
14.18225,887.0,0.8962795941375423,-13.29292511130279,8.682972273149367,-27.577003479003903,0.0,-10.629695892333984
7.9499375,497.0,0.8993963782696177,-10.500979656074405,5.14273249344543,-24.28302001953125,0.0,-10.509063720703123
6.73,421.0,0.9002375296912114,-15.785515294540524,8.72087926070588,-31.103984832763672,0.0,-13.919551849365234
4.6945625,294.0,0.8843537414965986,-13.247573969914365,7.482738250603468,-22.78205108642578,0.0,-11.791933059692385
3.61,226.0,0.8982300884955752,-18.70147734205124,7.685870393161336,-24.70427131652832,0.0,-23.031370162963867
4.3836875,274.0,0.8905109489051095,-22.465880026582813,10.312141931788757,-32.893123626708984,0.0,-29.2441463470459
2.6675,167.0,0.8922155688622755,-15.91135223439876,10.21784617542386,-33.12066650390625,0.0,-19.150545120239254
5.0099375,314.0,0.7707006369426752,-15.743393791608574,10.600160252922462,-39.954681396484375,0.0,-12.908862113952637
4.5899375,287.0,0.8989547038327527,-9.091025433799093,4.405732944914062,-18.45157241821289,0.0,-8.455072402954102
5.4575,342.0,0.8830409356725146,-15.84947280378531,8.471510975681744,-27.839466094970703,0.0,-14.689956665039062
2.3899375,150.0,0.9,-10.99531733194987,6.674838798026841,-24.090431213378903,0.0,-8.722576141357422
1.87,117.0,0.8974358974358975,-21.46351950509208,8.776657485988851,-27.53097152709961,0.0,-25.39830017089844
4.3799375,274.0,0.8868613138686131,-5.079523753727415,2.660758810032337,-10.445613861083984,0.0,-4.673667907714844
5.213,326.0,0.8865030674846626,-18.568515117605664,7.200396189187247,-28.164575576782227,0.0,-18.35472297668457
3.9084375,245.0,0.8938775510204081,-13.96036623602044,10.898042131411348,-31.900508880615234,0.0,-10.451618194580078
10.66,667.0,0.8980509745127436,-21.137760042945214,11.071568015889552,-37.93698501586914,0.0,-17.839672088623047
2.1023125,132.0,0.8939393939393939,-5.975544008158021,4.249482645523803,-20.27731132507324,0.0,-5.697442054748535
4.37,274.0,0.8978102189781022,-14.396367642937635,6.585588368044488,-25.746414184570312,0.0,-14.479350090026855
5.0199375,314.0,0.8980891719745223,-8.46735891382745,4.375439043552945,-16.912599563598633,0.0,-8.452615737915039
8.15925,510.0,0.8921568627450981,-16.11623381310767,7.675278589648282,-24.688587188720703,0.0,-16.683635711669922
2.8466875,178.0,0.8932584269662921,-12.19664618054276,5.286579651237482,-16.523719787597656,0.0,-15.062938690185549
7.6486875,479.0,0.8977035490605428,-11.433217261558354,6.120609923514988,-29.426401138305664,0.0,-10.623103141784668
4.3,269.0,0.8996282527881041,-14.254513795710793,5.962468499151915,-25.000829696655277,0.0,-14.183979988098145
3.87,242.0,0.8966942148760331,-16.911577549947573,9.822290994508377,-28.367897033691406,0.0,-18.43309783935547
2.1199375,133.0,0.8947368421052632,-10.74959028869116,4.815351544426289,-15.297046661376951,0.0,-13.533233642578123
5.329875,334.0,0.8832335329341318,-11.310255975238348,6.53874031228836,-20.581928253173828,0.0,-9.78543472290039
2.27,142.0,0.8802816901408451,-17.44316748046875,7.070226042393931,-23.855941772460938,0.0,-20.745044708251957
5.3645,336.0,0.8869047619047619,-18.44456974131949,9.9518172513528,-34.41545867919922,0.0,-17.362590789794922
2.9599375,185.0,0.8972972972972973,-19.177672052957927,8.010581217768067,-26.284984588623047,0.0,-23.812671661376957
2.25,141.0,0.900709219858156,-8.395450426837591,5.888395210986023,-27.11650276184082,0.0,-7.810857772827148
2.17,136.0,0.8897058823529411,-17.539346899868043,11.00413521789859,-28.858680725097656,0.0,-22.95183563232422
4.3791875,274.0,0.8941605839416058,-17.41115520243742,7.778223216405181,-24.01972198486328,0.0,-22.13693618774414
2.61,164.0,0.8963414634146342,-19.350844058860726,14.841840392543777,-39.282135009765625,0.0,-9.91573715209961
3.6625625,229.0,0.8908296943231441,-23.32897737914441,9.786147909068069,-32.33770751953125,0.0,-27.598228454589844
2.91,182.0,0.8681318681318682,-16.1160943659046,10.503389680812582,-39.365867614746094,0.0,-13.057167053222656
3.55,222.0,0.8963963963963963,-15.8435725554749,10.990533656688063,-35.48367691040039,0.0,-11.429559707641602
1.74,109.0,0.8899082568807339,-14.448095577279316,9.010083123119289,-31.194805145263672,0.0,-11.878181457519531
1.33,84.0,0.8928571428571429,-15.73998764038086,8.522252747160113,-23.639572143554688,0.0,-20.90540313720703
3.5099375,220.0,0.8954545454545455,-10.075632037245075,5.65687565857957,-21.087535858154297,0.0,-10.576797485351562
12.389875,775.0,0.895483870967742,-21.193664930052304,12.259404800229756,-37.64554977416992,0.0,-16.54059600830078
7.79,487.0,0.8993839835728953,-14.706764299575596,12.117675414487882,-38.44358825683594,0.0,-9.02243423461914
1.8999375,119.0,0.8991596638655462,-11.027146749407333,6.281434806740191,-22.04449844360352,0.0,-12.248373985290527
2.9975,188.0,0.898936170212766,-14.467339329465606,10.21944388702298,-29.345947265625,0.0,-11.833366394042969
14.107125,882.0,0.8922902494331065,-16.91794312560725,7.212174539568772,-23.51892852783203,0.0,-21.23013687133789
1.6299375,102.0,0.8823529411764706,-12.170062043931749,6.815074109357008,-31.409204483032227,0.0,-12.260677337646484
3.27,205.0,0.8780487804878049,-18.6995943069458,10.614018588316387,-37.494232177734375,0.0,-15.847442626953123
2.5899375,162.0,0.8950617283950617,-11.908272907651703,7.005844876360591,-27.662092208862305,0.0,-10.13437843322754
3.211,201.0,0.8855721393034826,-17.193777502252814,8.290801089935789,-25.71978759765625,0.0,-22.76279640197754
9.447875,591.0,0.8883248730964467,-14.19508197966076,9.775602436303505,-28.697359085083008,0.0,-11.242677688598633
3.3518125,210.0,0.8904761904761904,-17.936097027783724,12.057436950557245,-35.20026397705078,0.0,-15.951164245605469
7.2613125,454.0,0.8766519823788547,-22.89434472280531,11.7311436323178,-36.95244598388672,0.0,-21.1850528717041
12.9615625,811.0,0.8976572133168927,-20.084535897433103,11.062224486035795,-32.845802307128906,0.0,-19.328340530395508
12.2099375,764.0,0.8992146596858639,-19.171244403333816,7.945633840484612,-34.92922592163086,0.0,-19.480567932128903
7.0599375,442.0,0.8936651583710408,-13.830308996272992,8.804684087818872,-28.20632553100586,0.0,-10.618701934814451
4.1493125,260.0,0.9,-10.664544643499912,5.106570222301885,-18.776342391967773,0.0,-10.942785263061523
12.3653125,773.0,0.8978007761966365,-19.08606149964786,10.67519260949208,-33.72747039794922,0.0,-17.219078063964844
3.83775,240.0,0.875,-14.388489695957729,9.381149498406684,-27.692607879638672,0.0,-13.062211990356444
2.1099375,132.0,0.8939393939393939,-10.032740156529313,4.592910303087601,-17.270645141601562,0.0,-10.542638778686523
2.8899375,181.0,0.8950276243093923,-9.74068867718732,6.894599468688221,-24.183074951171875,0.0,-7.554191589355469
12.38675,775.0,0.8941935483870967,-14.63475176988742,6.113555593071385,-24.486804962158203,0.0,-14.10300064086914
7.7780625,487.0,0.8993839835728953,-18.190091829866034,9.450153268098909,-34.05012893676758,0.0,-16.26343536376953
5.4734375,343.0,0.8950437317784257,-12.260604249537964,7.764301605953638,-24.283905029296875,0.0,-10.80392074584961
1.1899375,75.0,0.8933333333333333,-17.91259119403896,10.303573410048546,-29.255321502685547,0.0,-19.686267852783203
1.74,109.0,0.8990825688073395,-12.327693491565938,7.470326118671814,-23.957395553588867,0.0,-12.490497589111328
3.1299375,196.0,0.8979591836734694,-11.12890077720989,6.916671053802155,-29.70856475830078,0.0,-9.497930526733398
14.5299375,909.0,0.8910891089108911,-14.297487706313898,7.260142976386065,-24.201438903808597,0.0,-14.323789596557615
7.4096875,464.0,0.8943965517241379,-12.34082311607269,5.06598789068224,-17.800228118896484,0.0,-13.758197784423828
3.2631875,204.0,0.8725490196078431,-11.996267254432937,9.66591494812121,-27.24254035949707,0.0,-8.828531265258789
10.05,629.0,0.8998410174880763,-12.385243115913742,4.021404662701884,-23.004228591918945,0.0,-12.052949905395508
5.222375,327.0,0.8960244648318043,-20.356023755903536,9.740715725844463,-31.175559997558597,0.0,-22.470882415771484
6.1099375,382.0,0.8821989528795812,-21.03552171950524,11.224266076064287,-32.6848258972168,0.0,-25.74905776977539
2.478125,155.0,0.8903225806451613,-14.389442416204922,6.39049233663078,-19.47399139404297,0.0,-17.374895095825195
1.8199375,114.0,0.8859649122807017,-10.754865986285823,7.747311872270408,-25.749732971191406,0.0,-9.037704467773438
8.2795,518.0,0.8996138996138996,-18.468867412452536,11.279979821144105,-37.54663848876953,0.0,-17.242982864379883
3.3199375,208.0,0.8990384615384616,-10.087961462092272,4.945497055623855,-18.25313186645508,0.0,-11.056042671203612
10.0199375,627.0,0.8963317384370016,-18.79902255238163,8.781948173627848,-35.613014221191406,0.0,-17.017425537109375
6.72,421.0,0.8978622327790974,-10.40056205931164,6.996473537877757,-30.31597137451172,0.0,-8.55264949798584
2.23325,140.0,0.8928571428571429,-14.452113220214844,9.20532253241381,-25.97585868835449,0.0,-14.929990768432615
3.1299375,196.0,0.8979591836734694,-14.503241398117758,12.23698726031237,-37.70534896850586,0.0,-8.84106159210205
1.5699375,99.0,0.8787878787878788,-11.323693549496005,8.633554019114692,-25.96196746826172,0.0,-9.955726623535156
1.3325,84.0,0.8690476190476191,-14.58165612939286,7.748390575750418,-22.720373153686523,0.0,-17.654787063598633
2.6429375,166.0,0.8855421686746988,-18.8526475737695,11.030487917639409,-30.341127395629883,0.0,-26.69146156311035
1.6899375,106.0,0.8962264150943396,-14.693119932475843,9.368366301650664,-32.809364318847656,0.0,-13.772966384887695
2.8585625,179.0,0.888268156424581,-12.79997157450742,7.342465072964757,-25.786157608032227,0.0,-11.55405616760254
2.0099375,126.0,0.8888888888888888,-4.576132246426174,3.367318610224328,-13.879545211791992,0.0,-3.781320571899414
1.85,116.0,0.896551724137931,-8.186367805187519,6.146991964021628,-21.685096740722656,0.0,-6.498289108276367
6.33,396.0,0.898989898989899,-14.849970860427684,6.7130889883588205,-27.681137084960938,0.0,-15.109299659729004
1.8378125,115.0,0.8869565217391304,-13.668967003915824,4.66556947802164,-17.543792724609375,0.0,-15.478696823120115
3.2195,202.0,0.8910891089108911,-21.475831445058187,14.86324142746854,-39.62316131591797,0.0,-17.247220993041992
6.33,396.0,0.898989898989899,-18.08626462636369,5.7890763458711145,-28.31529998779297,0.0,-18.64122009277344
5.43,340.0,0.8970588235294118,-24.086163001764017,14.636813369649792,-39.61902618408203,0.0,-26.743865966796875
3.983125,249.0,0.8875502008032129,-15.002751190737902,8.958596245389383,-26.540700912475582,0.0,-13.964044570922852
2.67,167.0,0.8922155688622755,-9.33913434431857,5.206173995053005,-15.515975952148438,0.0,-10.175525665283203
8.5165625,533.0,0.8836772983114447,-15.827285730661607,10.662133451578894,-39.79784393310547,0.0,-13.441341400146484
2.3,144.0,0.8958333333333334,-22.846195324446803,12.666989652566704,-36.57809829711914,0.0,-31.003211975097656
7.504375,470.0,0.9,-6.905671356417608,3.456506466775558,-15.12950325012207,0.0,-6.358781814575195
11.37,711.0,0.8973277074542897,-11.368935689657086,5.565045281857639,-21.231369018554688,0.0,-11.003948211669922
2.09,131.0,0.900763358778626,-17.710423582691256,8.047849920767854,-25.442646026611328,0.0,-23.12537384033203
2.5899375,162.0,0.8950617283950617,-13.333290284255456,9.058526064641118,-25.638202667236328,0.0,-10.359676361083984
2.68,168.0,0.8928571428571429,-7.137094650268555,5.896433781304918,-20.724632263183597,0.0,-5.049875259399414
3.5724375,224.0,0.8928571428571429,-19.535615396499637,7.623087337463606,-25.399635314941406,0.0,-23.67678642272949
2.7599375,173.0,0.8786127167630058,-18.015781766489933,10.715773451111309,-39.80438995361328,0.0,-14.341886520385742
10.33,646.0,0.8962848297213623,-16.349408042657355,8.99409337451152,-31.13985824584961,0.0,-13.174331665039062
5.4588125,342.0,0.8976608187134503,-18.346709204807343,6.607879695738562,-24.61048126220703,0.0,-21.95932388305664
3.3499375,210.0,0.9,-20.034219893198166,11.117716720829236,-29.78951644897461,0.0,-27.809467315673828
2.0,126.0,0.8809523809523809,-10.638023702947944,8.073542921084492,-24.02526092529297,0.0,-9.38497543334961
2.3646875,148.0,0.8986486486486487,-6.839421078674775,5.29986792246507,-21.131092071533203,0.0,-5.540260314941406
4.4758125,280.0,0.8857142857142857,-14.29252775253788,8.054585131266588,-27.03179931640625,0.0,-11.613059997558594
4.07,255.0,0.8901960784313725,-14.062279873482456,7.734472469116566,-25.56555557250977,0.0,-13.42867660522461
2.1899375,137.0,0.8832116788321168,-18.44180877937758,9.067005453576275,-26.92409896850586,0.0,-23.38827896118164
6.6266875,415.0,0.891566265060241,-11.744792520677722,7.708666951612335,-31.20901298522949,0.0,-9.683820724487305
1.989625,125.0,0.88,-12.055227626453746,7.76967999664774,-32.00528717041016,0.0,-10.576753616333008
8.8331875,553.0,0.8933092224231465,-22.23574253035943,12.772035080880004,-39.42379379272461,0.0,-20.605224609375
10.4,651.0,0.8955453149001537,-13.528236860271996,5.660119878647422,-24.403972625732425,0.0,-13.97173309326172
3.2830625,206.0,0.8932038834951457,-16.048101922740106,5.110854712206809,-19.221363067626957,0.0,-18.28778648376465
3.3499375,210.0,0.9,-14.821639358681976,10.767828230953402,-33.45854949951172,0.0,-11.7930908203125
1.93,121.0,0.9008264462809916,-6.139785364133503,3.8472347526397046,-13.34378433227539,0.0,-5.3785552978515625
1.1899375,75.0,0.8933333333333333,-14.176828868353544,8.488287062689997,-24.386150360107425,0.0,-16.893470764160156
3.87475,243.0,0.897119341563786,-10.135572599708487,5.417965139439196,-22.056745529174805,0.0,-9.943435668945312
7.6299375,477.0,0.89937106918239,-12.88460605238979,7.505827708256768,-31.601289749145508,0.0,-10.95668601989746
3.6399375,228.0,0.8947368421052632,-13.088264932819442,7.447993318710162,-25.98911666870117,0.0,-13.90117645263672
4.91,307.0,0.8925081433224755,-12.42351230565649,8.903520138244225,-28.222862243652344,0.0,-10.443151473999023
2.6870625,168.0,0.8988095238095238,-12.87091064453125,4.284137233527978,-17.49191665649414,0.0,-13.054191589355469
3.7799375,237.0,0.8987341772151899,-8.423401040090642,4.640565713218463,-19.602670669555664,0.0,-7.888933181762695
2.2399375,140.0,0.9,-16.483936453622483,9.925044491339529,-33.883792877197266,0.0,-16.11783504486084
3.67,230.0,0.9,-13.04819827609592,8.11873578728259,-28.221229553222656,0.0,-13.404163360595703
5.0901875,319.0,0.896551724137931,-16.094395964295714,9.44948770290893,-28.44933319091797,0.0,-15.078929901123049
5.2445,328.0,0.899390243902439,-18.331758518542276,11.50295686876275,-36.76581954956055,0.0,-13.923053741455078
1.3,82.0,0.8902439024390244,-6.474185159761611,3.3868927841195955,-12.091804504394531,0.0,-7.188594818115234
4.67,292.0,0.8972602739726028,-8.699625539415665,5.940300977596825,-26.14708137512207,0.0,-6.983793258666992
3.496,219.0,0.8995433789954338,-11.162934792223316,8.647316103880616,-27.463787078857425,0.0,-7.762725830078125
2.07,130.0,0.9,-8.537995134663378,3.514305370141048,-16.31734275817871,0.0,-9.180234909057615
1.92,121.0,0.9008264462809916,-11.151035046358722,10.834873648216105,-31.278369903564453,0.0,-5.7823333740234375
2.85,179.0,0.888268156424581,-20.24667615110769,12.256784346997184,-34.04707336425781,0.0,-20.378246307373047
4.3499375,272.0,0.8970588235294118,-20.380067231225187,8.948234514526902,-34.83098220825195,0.0,-19.29319953918457
7.8560625,492.0,0.8943089430894309,-18.45087371305986,10.364215646657849,-33.73512649536133,0.0,-17.6138858795166
3.0584375,192.0,0.8854166666666666,-12.17138162500718,7.578953320777561,-20.16665267944336,0.0,-15.012771606445312
4.8489375,304.0,0.8980263157894737,-17.84899965922038,9.391202994359189,-31.22876739501953,0.0,-14.71514129638672
5.66,354.0,0.8926553672316384,-9.755648353431798,6.814007734535712,-25.829565048217773,0.0,-9.3543701171875
4.33,271.0,0.8856088560885609,-9.189700998862584,7.858258590250332,-39.42913818359375,0.0,-6.819308519363403
4.1895625,262.0,0.8969465648854962,-13.845075607299805,6.805977260506576,-29.31309509277344,0.0,-13.25368881225586
4.1099375,257.0,0.8988326848249028,-9.476449974687585,6.207552899058837,-23.548803329467773,0.0,-8.703607559204102
4.98175,312.0,0.8878205128205128,-11.542420080852851,6.570324103690999,-21.08021545410156,0.0,-9.849044799804688
6.4255625,402.0,0.8930348258706468,-15.81440923472965,8.20824275335034,-28.621904373168945,0.0,-17.1025333404541
2.969125,186.0,0.8763440860215054,-10.256056428686971,4.693396735261734,-14.882305145263672,0.0,-12.729324340820312
3.4524375,216.0,0.8842592592592593,-16.036756635336353,7.556151179015146,-27.05337142944336,0.0,-16.594757080078125
2.74225,172.0,0.8953488372093024,-16.39863903491528,8.219958588402283,-36.595741271972656,0.0,-15.494482040405272
3.0334375,190.0,0.9,-9.9442106213486,7.959612889843368,-30.4954833984375,0.0,-7.338417053222656
5.18,324.0,0.8981481481481481,-9.22968245044197,5.340928053636012,-24.14665985107422,0.0,-8.029239654541016
2.0599375,129.0,0.8992248062015504,-12.527777227862128,8.80211098987568,-28.990013122558597,0.0,-12.483179092407228
9.34,584.0,0.898972602739726,-13.84771412077404,4.622927524915534,-22.623851776123047,0.0,-13.602378845214844
1.66,104.0,0.8653846153846154,-8.269972737630209,4.511980980335996,-13.399303436279297,0.0,-9.468080520629885
3.3809375,212.0,0.8915094339622641,-11.593714113588687,9.373873275967789,-32.27330017089844,0.0,-8.360252380371094
1.3499375,85.0,0.8823529411764706,-19.38460506439209,12.4473660259477,-39.719085693359375,0.0,-20.454524993896484
1.4424375,91.0,0.9010989010989012,-5.465406441107029,3.3931837993209206,-12.8643798828125,0.0,-5.3903350830078125
14.8515625,929.0,0.898815931108719,-15.75582747773496,9.574811125338982,-29.390926361083984,0.0,-14.131412506103516
1.66,104.0,0.8942307692307693,-13.918101362002794,9.519568819104904,-28.87750625610352,0.0,-15.350814819335938
2.6323125,165.0,0.8909090909090909,-13.723306240678644,10.035341289310756,-29.627967834472656,0.0,-12.48019027709961
3.3799375,212.0,0.8726415094339622,-18.944935845039986,8.04632568490197,-25.033992767333984,0.0,-23.00631332397461
1.8,113.0,0.8938053097345132,-7.769305351937171,3.835381410592478,-15.517513275146484,0.0,-7.913871765136719
2.402375,151.0,0.9006622516556292,-11.546087657704073,7.346129378813498,-23.669403076171875,0.0,-9.48708152770996
5.98,374.0,0.8770053475935828,-18.11416006088257,10.931502947096927,-33.5737190246582,0.0,-17.520334243774414
2.5668125,161.0,0.8944099378881988,-25.27847640381919,12.608910107253443,-37.38885116577149,0.0,-32.287160873413086
7.7521875,485.0,0.8907216494845361,-24.62942367571372,11.434924360865168,-38.47822570800781,0.0,-25.143630981445312
3.093625,194.0,0.8865979381443299,-14.156572142312694,8.220173803678074,-25.807281494140625,0.0,-11.777210235595703
1.689125,106.0,0.8867924528301887,-21.200873212611423,10.012814179614882,-39.78633117675781,0.0,-21.901832580566406
11.6,726.0,0.8980716253443526,-20.18829153213033,10.00974807655898,-29.78428268432617,0.0,-26.062116622924805
18.43,1152.0,0.8993055555555556,-9.448552430021255,7.76022599362993,-34.15278244018555,0.0,-7.29290246963501
14.81,926.0,0.8995680345572354,-16.73584562074952,9.253222248250635,-34.89347457885742,0.0,-13.42293930053711
1.7799375,112.0,0.8928571428571429,-9.602517280578612,6.623060116487389,-21.488353729248047,0.0,-9.040084838867188
2.7699375,174.0,0.896551724137931,-14.76842388128623,9.325211970217955,-36.54868316650391,0.0,-14.42421817779541
4.14,259.0,0.8996138996138996,-11.15770640393695,7.897180442319522,-26.515705108642575,0.0,-9.082950592041016
11.4,713.0,0.8948106591865358,-17.106490233848834,9.762689398639322,-34.9406623840332,0.0,-14.536840438842772
7.6569375,479.0,0.8956158663883089,-13.346021052007076,8.028267804693796,-33.003257751464844,0.0,-10.936983108520508
1.287,81.0,0.9012345679012346,-12.125933921500428,8.400697057350671,-24.515945434570312,0.0,-11.437232971191406
2.86,179.0,0.8435754189944135,-16.800091503471727,9.940743736244157,-39.95476531982422,0.0,-18.37277030944824
5.34,334.0,0.8952095808383234,-11.84644626375026,8.788929727947757,-29.13028335571289,0.0,-8.81014633178711
15.54,972.0,0.8991769547325102,-13.279245036144824,7.219249957134647,-33.11100769042969,0.0,-11.837486267089844
2.6,163.0,0.8957055214723927,-12.840087341935668,6.981333209772247,-27.301101684570312,0.0,-12.880653381347656
4.86,304.0,0.8848684210526315,-11.835483572296935,8.892296982781664,-31.843080520629883,0.0,-9.266672134399414
3.07,192.0,0.8958333333333334,-8.859561698381292,4.943889714406067,-17.42350196838379,0.0,-8.447784423828125
3.0625,192.0,0.8958333333333334,-9.20122188745543,4.206838105097643,-18.16214370727539,0.0,-9.769866943359377
2.5,157.0,0.8980891719745223,-9.64844810539949,6.471485355628873,-26.88338851928711,0.0,-7.518560409545898
2.6541875,166.0,0.8975903614457831,-13.20205696157161,7.598469520343124,-21.50987243652344,0.0,-14.85989761352539
4.5899375,287.0,0.8989547038327527,-17.148067311723104,6.619575706982703,-29.118539810180664,0.0,-17.731435775756836
2.74,172.0,0.8953488372093024,-6.2538179917769,3.568073270812532,-15.6151123046875,0.0,-5.489358901977539
4.9499375,310.0,0.9,-14.492214360117485,6.405106823109238,-28.133102416992188,0.0,-14.69137954711914
2.99,187.0,0.893048128342246,-9.952667590386854,5.473186088373671,-22.680509567260746,0.0,-8.63414192199707
9.8899375,619.0,0.8949919224555735,-12.20263844706952,7.599812031619708,-27.581565856933597,0.0,-10.678512573242188
1.0399375,65.0,0.8923076923076924,-7.662547144396552,4.751581016423348,-18.112621307373047,0.0,-7.275539398193359
3.651875,229.0,0.8995633187772926,-7.541737973111347,5.83949302912003,-22.292356491088867,0.0,-6.371135711669922
3.0799375,193.0,0.8963730569948186,-12.270597700438747,8.675678751025174,-28.525951385498047,0.0,-8.830638885498047
2.2899375,144.0,0.8888888888888888,-10.32957623898983,7.961898148156334,-26.989137649536133,0.0,-7.265228271484375
4.1424375,259.0,0.8996138996138996,-11.411307003365057,6.638559084387283,-27.534542083740234,0.0,-9.80440902709961
6.0399375,378.0,0.8835978835978836,-10.891885197805074,7.517158888867979,-26.76470947265625,0.0,-8.737005233764648
2.6598125,167.0,0.8982035928143712,-17.88333611806234,8.74394558377295,-31.22614860534668,0.0,-17.052783966064453
11.8685625,742.0,0.898921832884097,-11.25009483268772,5.645000499090191,-26.21323776245117,0.0,-9.868267059326172
4.86,304.0,0.8947368421052632,-10.861350143657011,6.333569886289872,-28.257888793945312,0.0,-9.741318702697754
3.8999375,244.0,0.8852459016393442,-15.48665275397124,8.746925855802667,-30.016698837280277,0.0,-13.676725387573242
3.34,209.0,0.8899521531100478,-10.966757630789152,3.9085019707806095,-17.418319702148438,0.0,-10.695127487182615
12.26675,767.0,0.8917861799217731,-18.498417698151883,9.6077378963808,-32.087215423583984,0.0,-16.078441619873047
8.7516875,547.0,0.8921389396709324,-15.68346604753713,10.375076506243357,-29.512487411499023,0.0,-12.405828475952148
1.7699375,111.0,0.9009009009009008,-9.030441761016846,5.766643553989946,-21.211345672607425,0.0,-7.844840049743652
3.88,243.0,0.8847736625514403,-13.267214034324468,6.9486639107660615,-28.080406188964844,0.0,-12.624038696289062
1.37675,87.0,0.8620689655172413,-10.903297068277997,6.783658772482992,-19.08759117126465,0.0,-11.489339828491213
4.5799375,287.0,0.8989547038327527,-15.650023741315502,11.910253681846855,-37.66247177124024,0.0,-12.252967834472656
3.1485625,197.0,0.883248730964467,-24.574614809847425,14.382066143517484,-37.27720642089844,0.0,-35.416629791259766
4.27,267.0,0.898876404494382,-9.156081708272298,5.862417823217601,-25.031429290771484,0.0,-7.891557693481445
7.748,485.0,0.8948453608247423,-15.243434352259484,8.237895897096156,-30.59281539916992,0.0,-13.750181198120115
1.737125,109.0,0.8990825688073395,-10.454466294269173,4.353052272196625,-14.65365982055664,0.0,-12.870807647705078
9.5,594.0,0.8888888888888888,-17.222606846780486,9.786504900103134,-32.574058532714844,0.0,-14.3194580078125
3.990375,250.0,0.896,-10.383568184716362,6.489002105345798,-20.287628173828125,0.0,-10.20656394958496
1.73,109.0,0.8990825688073395,-19.82704986358176,12.503302585349568,-39.99520111083984,0.0,-15.066499710083008
5.5099375,345.0,0.8985507246376812,-7.682098819363501,5.255828206289053,-29.320261001586918,0.0,-6.55620002746582
2.2399375,140.0,0.9,-7.202125049772716,3.9093973771086152,-17.72113800048828,0.0,-7.52203369140625
2.23975,140.0,0.9,-26.58881690010192,14.987835016951744,-38.65705108642578,0.0,-36.55297088623047
2.0389375,128.0,0.875,-14.745371307645526,6.691016315432434,-21.80552291870117,0.0,-16.786691665649414
6.6654375,417.0,0.8872901678657075,-20.40081428837132,7.929773183799582,-28.287574768066406,0.0,-23.89173889160156
3.4799375,218.0,0.8990825688073395,-8.07076664360202,6.420672186377479,-22.918869018554688,0.0,-5.097023963928223
3.59275,225.0,0.8977777777777778,-8.903197005243584,5.506061338103258,-21.888357162475582,0.0,-7.619953155517578
1.2199375,77.0,0.8961038961038961,-16.27668557650801,11.17887359025787,-27.63273429870605,0.0,-24.305593490600582
3.1599375,198.0,0.8939393939393939,-13.242288664909406,7.209285203893773,-27.56670379638672,0.0,-13.806495666503906
3.5,219.0,0.8995433789954338,-11.812062805679243,6.526952476002885,-25.25418281555176,0.0,-11.787302017211914
7.87,492.0,0.8922764227642277,-11.441458643433174,6.129275353124878,-22.514238357543945,0.0,-10.13913917541504
3.3799375,212.0,0.8962264150943396,-14.703059577941897,6.557541378707992,-20.75457572937012,0.0,-18.49763298034668
1.9019375,119.0,0.8907563025210085,-6.230522515638819,3.3802901843659154,-11.694664001464844,0.0,-7.087711334228516
2.2720625,143.0,0.8951048951048951,-5.4038306921720505,3.8173991193030217,-12.30173110961914,0.0,-4.958671569824219
7.0586875,442.0,0.8981900452488688,-15.6150641213136,6.596412995017787,-33.44278335571289,0.0,-16.114219665527344
8.0945,506.0,0.8992094861660079,-17.745011952159167,6.360386541267831,-23.10134506225586,0.0,-21.05377197265625
2.2131875,139.0,0.8848920863309353,-8.57588459418072,3.8765003321963967,-12.830947875976562,0.0,-10.37567901611328
1.3799375,87.0,0.896551724137931,-10.479664435753456,7.906175511409497,-24.024646759033203,0.0,-13.580686569213867
9.3605,586.0,0.8924914675767918,-16.562336919868425,10.11543149759236,-35.09122467041016,0.0,-15.449771881103516
4.34725,272.0,0.8676470588235294,-17.87561917709092,11.736747004095358,-39.593109130859375,0.0,-14.11069107055664
1.3899375,87.0,0.8850574712643678,-6.086130563314859,4.50180123205794,-12.078502655029297,0.0,-5.926139831542969
3.79,237.0,0.8987341772151899,-8.278234078850545,4.96339861574769,-23.33885955810547,0.0,-7.590469360351562
2.0274375,127.0,0.8976377952755905,-8.539189890811318,4.470910459205487,-15.10173797607422,0.0,-8.672344207763672
7.6899375,481.0,0.8835758835758836,-15.12089044009938,8.411108334174902,-39.98894500732422,0.0,-13.366010665893556
1.3199375,83.0,0.891566265060241,-19.33115796785097,12.201320071501726,-34.739105224609375,0.0,-20.576282501220703
1.8399375,115.0,0.8869565217391304,-7.617056603525199,5.123033383732404,-24.715091705322266,0.0,-7.323030471801758
2.1975,138.0,0.8985507246376812,-12.46720725874747,6.910304783965516,-25.90265274047852,0.0,-13.97769832611084
5.1545625,323.0,0.8854489164086687,-18.634028974946563,12.77927513695866,-39.87684631347656,0.0,-13.54633903503418
10.93,684.0,0.8991228070175439,-15.668013183469697,7.11333864178371,-34.430274963378906,0.0,-14.383016586303713
1.9651875,123.0,0.8943089430894309,-13.282776295055042,7.541660536086026,-24.41069793701172,0.0,-12.497369766235352
1.0199375,64.0,0.890625,-6.829705857394035,4.272512040904054,-16.465829849243164,0.0,-6.025190353393555
2.3710625,149.0,0.8993288590604027,-7.063864024717416,5.884489584564894,-24.2969913482666,0.0,-5.748256683349609
2.675,168.0,0.8928571428571429,-12.105955200195313,6.904797757579461,-26.3641357421875,0.0,-11.214441299438477
3.07,192.0,0.890625,-22.279514033892003,12.999107433909026,-37.84210205078125,0.0,-25.887107849121094
2.5799375,162.0,0.8950617283950617,-12.59976842156772,7.449191805426229,-28.25164604187012,0.0,-12.634721755981444
5.5024375,344.0,0.8982558139534884,-15.784934040797951,8.337893280383577,-31.301271438598636,0.0,-15.318525314331056
9.27,580.0,0.8982758620689655,-17.550770369692636,10.837702489487375,-34.209922790527344,0.0,-15.055387496948242
8.0199375,502.0,0.8884462151394422,-13.434983646923117,8.890669446808175,-29.619199752807617,0.0,-10.36244010925293
9.87,617.0,0.8962722852512156,-16.660198646255687,10.611609928302274,-30.84577751159668,0.0,-13.591646194458008
9.79,612.0,0.8970588235294118,-14.017937238099146,8.258727855119494,-29.05690574645996,0.0,-12.65168571472168
3.4099375,214.0,0.8925233644859814,-12.133943857322812,7.570649470983639,-28.359935760498047,0.0,-11.07296371459961
2.399625,150.0,0.8866666666666667,-19.687125958894427,11.87887135285479,-34.398521423339844,0.0,-22.28070068359375
10.1945,638.0,0.8949843260188087,-15.228834068712546,7.642079753506779,-28.8846435546875,0.0,-14.120086669921877
2.88225,181.0,0.8839779005524862,-15.930448532104492,9.841070161145575,-32.497169494628906,0.0,-15.036924362182615
3.0099375,189.0,0.8994708994708994,-10.912892263075884,3.7766471484667954,-17.7440128326416,0.0,-11.533086776733398
3.0816875,193.0,0.8756476683937824,-13.037394946848853,10.728433036147486,-32.61237716674805,0.0,-9.364219665527344
2.473625,155.0,0.896774193548387,-10.28176724824974,6.125249850632655,-24.55805015563965,0.0,-10.098381042480469
7.1899375,450.0,0.9,-11.695469964580772,5.455834329399472,-21.94791030883789,0.0,-11.25942039489746
3.9499375,247.0,0.8380566801619433,-16.085426123245902,9.420238138091356,-39.77770233154297,0.0,-14.27985954284668
6.3749375,399.0,0.8972431077694235,-17.861591562878488,7.747771766011616,-25.94297790527344,0.0,-20.02360725402832
1.8299375,115.0,0.8956521739130435,-8.243848245120743,5.353092703069359,-22.414424896240234,0.0,-7.947563171386719
3.09,194.0,0.8917525773195877,-12.94959250213094,6.011691414828691,-19.404808044433597,0.0,-14.482311248779297
2.2875,143.0,0.8951048951048951,-11.043557360768318,7.630839360053325,-26.948265075683597,0.0,-9.185705184936523
2.9774375,187.0,0.893048128342246,-13.807088155232504,8.942670366813314,-31.218624114990234,0.0,-10.481887817382812
2.15,135.0,0.8888888888888888,-5.939478778839112,2.684517977753998,-9.59552764892578,0.0,-6.718564987182617
8.30475,520.0,0.8903846153846153,-18.401262757072697,9.097299423930435,-29.57186508178711,0.0,-19.29066467285156
7.013375,439.0,0.6765375854214123,-17.04351632924192,10.704324951421771,-39.948951721191406,0.0,-13.660174369812012
4.7099375,295.0,0.8983050847457628,-8.299061390139022,4.794288933249216,-21.52125358581543,0.0,-7.365701675415039
2.25,141.0,0.8936170212765957,-6.247559078156002,4.161042831304853,-12.535964965820312,0.0,-7.5949859619140625
4.794875,300.0,0.9,-12.01970556753653,6.185354850691102,-27.621978759765625,0.0,-11.05988883972168
3.0199375,189.0,0.8835978835978836,-16.420506928495303,10.989582477506753,-36.90670776367188,0.0,-12.65667724609375
0.5849375,37.0,0.8918918918918919,-9.823399341467654,10.24978026836859,-29.729751586914062,0.0,-6.046257019042969
4.7699375,299.0,0.8996655518394648,-11.855840179556807,9.50518242696088,-33.37895202636719,0.0,-8.939559936523438
9.05,566.0,0.892226148409894,-15.620207157701548,9.808313268287373,-27.67993927001953,0.0,-17.001888275146484
6.1809375,387.0,0.8992248062015504,-17.0752581234636,8.809323830480155,-34.29206085205078,0.0,-15.499296188354492
3.16975,199.0,0.8994974874371859,-22.430566531985832,14.016029829437114,-35.719818115234375,0.0,-34.21898651123047
4.8844375,306.0,0.8986928104575164,-11.833950694691053,6.0244667441088815,-22.67545890808105,0.0,-11.510904312133787
3.6499375,229.0,0.8908296943231441,-15.581675884770412,8.018099440754712,-31.021284103393555,0.0,-14.388853073120115
5.7799375,362.0,0.8977900552486188,-13.003741548978365,5.562987247783312,-30.832347869873047,0.0,-12.322447776794434
2.882125,181.0,0.8784530386740331,-11.796178481863729,8.165471347448882,-29.32767677307129,0.0,-9.883352279663086
6.1825,387.0,0.8992248062015504,-14.683521690039798,7.39965216205207,-31.956527709960938,0.0,-13.302677154541016
4.15,260.0,0.9,-21.611473124251408,11.125053957742791,-34.50321960449219,0.0,-21.09588050842285
4.7599375,298.0,0.8993288590604027,-15.359991379638217,8.250788897997845,-32.21605682373047,0.0,-14.812408447265623
6.67,417.0,0.8968824940047961,-15.06948976465725,10.49678796032643,-37.92218780517578,0.0,-11.298826217651367
3.9599375,248.0,0.8951612903225806,-14.247765927701384,6.25329074095375,-19.6505126953125,0.0,-17.95199203491211
3.6516875,229.0,0.8951965065502183,-15.96677874123178,11.511001161883886,-32.425086975097656,0.0,-12.123476028442385
5.54,347.0,0.8962536023054755,-19.5557330704962,6.039690877309298,-24.26306915283203,0.0,-22.220630645751957
3.8559375,241.0,0.8962655601659751,-22.381708825076068,13.052490824652716,-38.05939483642578,0.0,-24.26197052001953
2.02,127.0,0.8976377952755905,-8.767056816502622,3.5539912858894893,-12.361495971679688,0.0,-9.980173110961914
6.7799375,424.0,0.8938679245283019,-13.695849194690233,6.956285841983542,-20.361248016357425,0.0,-18.08779525756836
2.702125,169.0,0.8994082840236687,-16.53152797096654,9.074879435920984,-26.674678802490234,0.0,-16.205141067504883
12.36,773.0,0.8939197930142303,-18.00665055756631,10.488400377247038,-34.027801513671875,0.0,-15.416267395019531
3.1099375,195.0,0.8974358974358975,-9.667586255754744,6.509237762734924,-28.17803001403809,0.0,-8.820600509643555
3.4855,218.0,0.8990825688073395,-17.63240722734101,8.372819815903455,-27.348278045654297,0.0,-19.81928253173828
6.5299375,409.0,0.8997555012224939,-13.98696157724961,6.577388003272698,-28.654563903808597,0.0,-14.055008888244627
6.27,392.0,0.8877551020408163,-17.15920512429599,9.344075796324354,-29.323225021362305,0.0,-17.075912475585938
1.56,98.0,0.8979591836734694,-10.254930994727395,5.936658767233463,-21.64862632751465,0.0,-10.50327491760254
5.6505,354.0,0.8898305084745762,-10.540671545361716,8.030126225044615,-27.646203994750977,0.0,-7.997476577758789
2.2,138.0,0.8985507246376812,-13.913652704608056,10.322244814925575,-30.142799377441406,0.0,-11.595324516296388
5.28,331.0,0.8942598187311178,-15.11794670852455,7.131641205621421,-29.00699234008789,0.0,-14.815271377563477
7.43,465.0,0.886021505376344,-14.512288172268171,8.860062160873873,-36.35758590698242,0.0,-12.090508460998535
4.0506875,254.0,0.8818897637795275,-19.391056077820917,10.327188581420762,-27.560829162597656,0.0,-25.87145233154297
2.69325,169.0,0.893491124260355,-9.241393992442958,2.4880177806201296,-11.371280670166016,0.0,-10.14248275756836
5.1236875,321.0,0.9003115264797508,-12.239793902862443,6.130857179292871,-30.47968292236328,0.0,-10.785072326660156
2.1099375,132.0,0.8863636363636364,-7.195560031467014,4.78112977102061,-23.43602752685547,0.0,-6.503097534179688
16.2710625,1017.0,0.8928220255653884,-12.762631651588473,5.746579350990558,-22.416261672973636,0.0,-12.114019393920898
7.9461875,497.0,0.8933601609657947,-15.647490922395171,12.626169482693038,-36.30631637573242,0.0,-10.279962539672852
5.3799375,337.0,0.8991097922848664,-12.61018674365758,5.852637695650782,-24.24877166748047,0.0,-13.021003723144531
1.2399375,78.0,0.8589743589743589,-19.117346265422764,13.962386305938576,-39.226959228515625,0.0,-17.22890281677246
3.0225,189.0,0.8994708994708994,-13.226528257482192,7.794164138517769,-25.81427001953125,0.0,-13.89720344543457
1.4031875,88.0,0.8977272727272727,-5.027099416225771,4.553406259772099,-14.67844009399414,0.0,-2.7849693298339844
5.73,359.0,0.8997214484679665,-10.918960234698128,5.166775268665549,-23.885818481445312,0.0,-10.03641128540039
4.6523125,291.0,0.9003436426116839,-8.456143852408605,4.888895936990901,-20.78956794738769,0.0,-7.069484710693359
6.4399375,403.0,0.8982630272952854,-11.57454458521216,5.087178720357786,-21.72122573852539,0.0,-11.50713348388672
2.9493125,185.0,0.8864864864864865,-14.157689769093585,9.067112104293669,-25.33914375305176,0.0,-11.634357452392578
3.79,237.0,0.8987341772151899,-15.971616145030993,9.998084633216513,-26.90482711791992,0.0,-20.89952850341797
7.27,455.0,0.8593406593406593,-14.438765035565856,7.3482631787962385,-39.5958137512207,0.0,-15.031747817993164
12.75,797.0,0.8996235884567126,-11.880470330412583,7.439152013489242,-30.919620513916016,0.0,-10.467742919921877
29.0465,1816.0,0.8997797356828194,-14.241233246708733,8.275241947805688,-34.33623123168945,0.0,-12.613147735595703
1.37,86.0,0.8953488372093024,-13.773305818632052,6.04297999781493,-22.317306518554688,0.0,-14.536945343017578
2.596875,163.0,0.8834355828220859,-16.970716648631626,11.359904610675793,-33.047203063964844,0.0,-12.554954528808594
2.9591875,185.0,0.8972972972972973,-10.935596546494818,6.855127142711961,-32.145599365234375,0.0,-10.49574851989746
5.5199375,345.0,0.8898550724637682,-14.31403160716501,6.739147073002486,-25.64584350585937,0.0,-14.650367736816406
2.699,169.0,0.8875739644970414,-19.122872416178385,10.862262101223386,-30.18529510498047,0.0,-27.16671371459961
1.8899375,119.0,0.8991596638655462,-12.043069465138087,5.084318299721933,-16.53823471069336,0.0,-14.290103912353516
5.50025,344.0,0.872093023255814,-13.284690233866373,4.273123249369524,-16.64404296875,0.0,-15.346162796020508
2.5699375,161.0,0.9006211180124224,-7.681551992482152,4.415149462369095,-17.14731216430664,0.0,-7.086452484130859
11.3678125,711.0,0.8987341772151899,-19.912865195475835,8.391141968932615,-31.845556259155277,0.0,-18.627649307250977
2.3245,146.0,0.8972602739726028,-13.807104431035864,9.364753622333946,-23.52138900756836,0.0,-19.53342056274414
1.5608125,98.0,0.8979591836734694,-20.884590409018777,7.661931133829304,-26.6049919128418,0.0,-23.93584442138672
1.7451875,110.0,0.8909090909090909,-27.450434159259405,11.002689917180412,-36.43345642089844,0.0,-31.31338119506836
5.56,348.0,0.8994252873563219,-9.851481483386348,4.898548296331869,-19.56330299377441,0.0,-10.168474197387695
2.72,171.0,0.8888888888888888,-10.242999647793017,6.76525373056494,-28.43418884277344,0.0,-9.33796501159668
5.56,348.0,0.8994252873563219,-16.147487710459163,8.166088091156032,-31.384855270385746,0.0,-16.508901596069336
6.2648125,392.0,0.826530612244898,-14.092183854844835,9.41638034226312,-39.589500427246094,0.0,-11.550896644592283
2.33,146.0,0.8972602739726028,-11.641133708808258,4.981326514559004,-19.755136489868164,0.0,-12.998746871948242
2.7099375,170.0,0.9,-9.403186411639444,7.933145326152234,-24.23233795166016,0.0,-6.658748626708984
2.0599375,129.0,0.8992248062015504,-15.831706112828748,10.89566227600049,-34.128562927246094,0.0,-11.38634204864502
8.3974375,525.0,0.8952380952380953,-16.23573795480931,8.134425107159432,-29.30219268798828,0.0,-15.20074462890625
2.9366875,184.0,0.8967391304347826,-13.545277173591382,9.334475307521055,-26.885162353515625,0.0,-11.527362823486328
2.7799375,174.0,0.896551724137931,-7.430531147198799,4.286020125447895,-19.25959205627441,0.0,-7.184482574462891
4.0599375,254.0,0.8976377952755905,-11.392110448134574,4.4741057680667655,-19.55506134033203,0.0,-11.82247543334961
3.736,234.0,0.8974358974358975,-13.777331365857805,10.82384757213184,-39.430206298828125,0.0,-10.353472709655762
6.6499375,416.0,0.8942307692307693,-13.307782726903117,6.357294696376081,-20.163806915283203,0.0,-15.934833526611328
3.512375,220.0,0.8954545454545455,-16.168442556700732,9.048458809957696,-29.953187942504883,0.0,-14.036863327026367
3.490375,219.0,0.8858447488584474,-18.779064198130182,10.032756651567492,-28.13762664794922,0.0,-26.00396728515625
2.0063125,126.0,0.8809523809523809,-11.334631739435968,5.229216398244807,-16.135513305664062,0.0,-14.375862121582031
2.2,138.0,0.8985507246376812,-14.186795542317052,10.79441034989838,-30.47540283203125,0.0,-10.568321228027344
1.43,90.0,0.9,-17.533972210354275,10.140400995814694,-31.659446716308597,0.0,-22.733856201171875
2.86,179.0,0.8994413407821229,-12.976933627395155,9.08288405130048,-30.326431274414062,0.0,-10.764289855957031
7.15,447.0,0.8970917225950783,-20.160645216183173,9.38524410091675,-32.24340057373047,0.0,-18.845134735107425
4.56,286.0,0.8951048951048951,-12.91116499900818,10.800942765038537,-34.6685791015625,0.0,-8.377458572387695
2.974125,186.0,0.8870967741935484,-24.056792311234908,14.001796083601883,-38.71717071533203,0.0,-30.799787521362305
6.5899375,412.0,0.8980582524271845,-13.735434965185217,6.850507310827388,-27.41752243041992,0.0,-13.201080322265623
2.7488125,172.0,0.8837209302325582,-16.37760679345382,9.872383480498035,-26.93672561645508,0.0,-21.710582733154297
2.528375,159.0,0.8867924528301887,-11.721410981306793,5.381319714601911,-16.466190338134766,0.0,-14.645416259765623
6.4699375,405.0,0.8987654320987655,-11.546188820849409,6.576127459386216,-25.470645904541016,0.0,-9.77619743347168
2.3199375,145.0,0.8827586206896552,-12.994491696357729,6.516118616884064,-24.117774963378903,0.0,-14.146604537963867
4.1013125,257.0,0.8949416342412452,-20.24476202259893,9.239670615061607,-29.842529296875,0.0,-23.83761215209961
2.278125,143.0,0.8881118881118881,-16.80712851576918,7.15263138477741,-22.86024475097656,0.0,-20.63616180419922
11.948875,747.0,0.8902275769745649,-17.833087800678452,8.508448996173053,-27.059436798095703,0.0,-20.40844345092773
9.1599375,573.0,0.8987783595113438,-11.786620093780812,5.923453289749139,-25.406753540039062,0.0,-11.08160400390625
1.5018125,94.0,0.8936170212765957,-14.467884608677457,7.477398032913733,-23.56134796142578,0.0,-16.0408935546875
2.244,141.0,0.8723404255319149,-10.09231865115282,5.9918293602920905,-16.150901794433594,0.0,-13.842166900634766
5.8228125,364.0,0.8901098901098901,-21.98724268689568,8.298829960751275,-29.051252365112305,0.0,-27.542131423950195
2.085,131.0,0.900763358778626,-8.784995709435414,4.828746127457063,-14.373554229736328,0.0,-9.352411270141602
1.72,108.0,0.8981481481481481,-8.998829753128524,4.906656542042897,-19.896244049072266,0.0,-8.988544464111328
2.9544375,185.0,0.8972972972972973,-11.583183219633908,6.753871107433388,-22.165504455566406,0.0,-11.331375122070312
2.3244375,146.0,0.8835616438356164,-9.740622350411822,6.14668225782464,-17.390796661376953,0.0,-12.492103576660156
3.814625,239.0,0.899581589958159,-9.332689924018329,6.2349589915105925,-22.678579330444336,0.0,-7.519304275512695
2.7099375,170.0,0.8941176470588236,-12.279844033090692,6.960134424907109,-29.967891693115234,0.0,-10.901710510253906
2.2599375,142.0,0.8591549295774648,-13.407561943179273,7.449277041321954,-23.3052978515625,0.0,-13.568117141723633
14.0103125,876.0,0.8961187214611872,-19.77973763775673,10.055718019349312,-35.90210723876953,0.0,-16.681243896484375
3.49,219.0,0.8949771689497716,-11.260550498962402,6.1237045047361605,-21.442745208740234,0.0,-9.70042610168457
12.4624375,779.0,0.8998716302952503,-17.342095689324612,9.649723762230677,-39.36847686767578,0.0,-15.62123680114746
2.2099375,139.0,0.8992805755395683,-14.050864852905274,7.816569653179272,-23.95330047607422,0.0,-16.16131591796875
5.2429375,328.0,0.899390243902439,-13.683950598765229,9.341783937013668,-30.10768699645996,0.0,-10.80842399597168
3.1025625,194.0,0.8865979381443299,-5.581203150194745,2.735986683498946,-8.874530792236328,0.0,-6.263149261474609
6.5899375,412.0,0.8980582524271845,-10.767434049297025,5.42115354608959,-21.312793731689453,0.0,-10.536049842834473
2.2325,140.0,0.8857142857142857,-15.881776686637632,6.8871817088915215,-20.844741821289062,0.0,-19.621286392211918
7.8291875,490.0,0.9,-9.455546009297274,7.138304644433221,-24.613338470458984,0.0,-6.919979095458984
9.4908125,594.0,0.898989898989899,-11.802904054020228,6.403991239777739,-31.44624900817871,0.0,-10.330955505371094
3.4321875,215.0,0.8930232558139535,-15.130999058485031,12.271226580982848,-31.69432258605957,0.0,-10.984668731689451
2.8610625,179.0,0.8994413407821229,-14.827569854925878,11.3978522074885,-35.654693603515625,0.0,-11.002577781677246
5.942375,372.0,0.8978494623655914,-12.109601911670431,6.0010790360004815,-23.583438873291016,0.0,-12.297510147094728
0.98,62.0,0.8870967741935484,-6.902658878673207,5.623836058472902,-16.64910888671875,0.0,-6.197364807128906
1.5299375,96.0,0.8958333333333334,-10.359926911287529,6.330702826575572,-20.638172149658203,0.0,-11.272292137145996
1.9221875,121.0,0.8760330578512396,-11.068287615506154,7.201795836069959,-18.724830627441406,0.0,-15.8681640625
5.661375,354.0,0.8954802259887006,-11.072418634071711,5.096767924934337,-24.231727600097656,0.0,-10.605384826660156
2.7759375,174.0,0.8908045977011494,-20.69950455696352,8.429448274686614,-26.648422241210938,0.0,-24.50145721435547
2.8875,181.0,0.9005524861878453,-19.18651157215329,10.022421483967756,-36.988258361816406,0.0,-19.36470031738281
1.98,124.0,0.8951612903225806,-15.41343101295265,7.628873834489604,-24.30223846435547,0.0,-17.610485076904297
4.9286875,309.0,0.8932038834951457,-9.398407818614572,7.9358012734870655,-24.87032890319824,0.0,-6.927717208862305
8.0043125,501.0,0.8982035928143712,-17.8367903137207,9.47711360147898,-37.31611251831055,0.0,-16.453031539916992
1.6,101.0,0.900990099009901,-19.374588809170564,9.245097832721871,-29.17934799194336,0.0,-24.229969024658203
6.2599375,392.0,0.8979591836734694,-10.66473452611403,7.309962968601479,-25.944223403930664,0.0,-8.432411193847656
6.0099375,376.0,0.8962765957446809,-17.5560977267936,10.697031051128516,-34.15892028808594,0.0,-13.786371231079102
3.271,205.0,0.8975609756097561,-15.972949504852297,8.10036313734244,-24.359054565429688,0.0,-21.59415054321289
1.56,98.0,0.8979591836734694,-8.146000905470414,3.9081068709133775,-13.202491760253906,0.0,-8.819852828979492
4.3096875,270.0,0.9,-7.395137920301147,4.234886789053797,-16.68458366394043,0.0,-7.551778793334961
2.6545625,166.0,0.8855421686746988,-11.670437274336004,8.793711004479572,-21.50155639648437,0.0,-11.592864990234377
6.99,437.0,0.8993135011441648,-10.545015000205003,6.720918712681813,-27.50171661376953,0.0,-8.855545043945312
5.8221875,364.0,0.8956043956043956,-25.028037591945907,11.552728509843607,-36.254486083984375,0.0,-29.72975349426269
2.4699375,155.0,0.8774193548387097,-17.668276141671573,8.040458165714579,-23.21767807006836,0.0,-22.068687438964844
2.1899375,137.0,0.8832116788321168,-18.294069384740403,12.317814736142983,-33.03593063354492,0.0,-23.63529586791992
2.79,175.0,0.8971428571428571,-13.775104668489687,7.527899730602353,-34.82162857055664,0.0,-12.101226806640623
4.27,267.0,0.8913857677902621,-16.237738024286863,9.892935504533453,-29.40515518188477,0.0,-12.812725067138672
1.8799375,118.0,0.8898305084745762,-14.660583150954473,11.05703937560088,-28.503795623779297,0.0,-14.58425521850586
7.25,454.0,0.8964757709251101,-14.967975433687029,8.313255378439209,-31.456090927124023,0.0,-14.761381149291992
1.0599375,67.0,0.8955223880597015,-20.12961603800456,12.060429353231894,-32.51274108886719,0.0,-26.41373062133789
2.316625,145.0,0.896551724137931,-10.756892952552208,9.001055483621272,-24.570331573486328,0.0,-7.207180023193359
5.301,332.0,0.8975903614457831,-8.225640712968454,5.27802452950438,-20.15620422363281,0.0,-7.444591522216797
2.7099375,170.0,0.9,-17.6558446572497,8.638853894435579,-33.491573333740234,0.0,-17.513641357421875
4.86,304.0,0.8914473684210527,-16.02575331684408,8.329910994238737,-27.347394943237305,0.0,-15.565637588500977
1.9193125,120.0,0.875,-12.345621726626442,10.272776347369309,-31.16976356506348,0.0,-9.555231094360352
3.8999375,244.0,0.8975409836065574,-17.190595483126707,8.783836573929808,-33.516822814941406,0.0,-14.691844940185549
11.0099375,689.0,0.8998548621190131,-12.951052251938853,5.21824260069143,-23.67091560363769,0.0,-12.427520751953123
3.6899375,231.0,0.8917748917748918,-21.630177534899666,10.859626364520029,-32.777313232421875,0.0,-26.98627281188965
11.6399375,728.0,0.8956043956043956,-15.223957747769502,8.458444384600547,-34.454429626464844,0.0,-12.887615203857422
2.166,136.0,0.8676470588235294,-4.482705358731544,1.4276951576168373,-6.683300018310547,0.0,-4.82274055480957
5.4925,344.0,0.8895348837209303,-19.427868194829404,10.009796027513032,-32.04417419433594,0.0,-20.98420143127441
2.0845,131.0,0.900763358778626,-12.910518492682506,8.767020171613634,-32.70737838745117,0.0,-10.871932983398438
2.2,138.0,0.8985507246376812,-16.817161683113344,5.513489197106556,-20.23929977416992,0.0,-18.982067108154297
13.46,842.0,0.8990498812351544,-15.693037130086235,7.046329306034105,-31.865947723388672,0.0,-15.232940673828123
11.9220625,746.0,0.8981233243967829,-10.127946016681728,5.042230733125133,-18.19853973388672,0.0,-8.948478698730469
2.05125,129.0,0.8992248062015504,-14.036700051406337,8.586869294624176,-25.789316177368164,0.0,-17.50733757019043
1.9399375,122.0,0.8934426229508197,-11.079870057762216,7.360024812368393,-25.878314971923828,0.0,-9.934542655944824
6.3199375,395.0,0.8987341772151899,-12.839713942836708,7.458357231891808,-33.16344451904297,0.0,-10.908552169799805
15.0799375,943.0,0.8950159066808059,-14.062727478443165,5.829274390392696,-22.51216697692871,0.0,-13.937376022338867
4.1299375,259.0,0.8996138996138996,-8.899143448203418,8.215002206924021,-30.639766693115234,0.0,-6.250545501708984
3.1908125,200.0,0.885,-13.740171313959326,7.9333888979050045,-33.527687072753906,0.0,-12.305858612060549
2.1470625,135.0,0.8962962962962963,-10.486471901255204,10.073806010047551,-33.48136138916016,0.0,-6.864589691162109
2.492,156.0,0.8974358974358975,-16.150708389282226,10.819543584906274,-28.26648712158203,0.0,-20.25165557861328
7.1086875,445.0,0.898876404494382,-10.612424964904784,5.614469476570733,-25.29219055175781,0.0,-9.246825218200684
4.0051875,251.0,0.8725099601593626,-13.504178713445794,6.428387158727137,-26.293886184692383,0.0,-13.752080917358398
2.0199375,127.0,0.8976377952755905,-12.284359179045024,8.64186823632879,-26.564136505126957,0.0,-10.659835815429688
2.246875,141.0,0.900709219858156,-22.64751554474117,12.175330250949212,-33.84307098388672,0.0,-31.14504623413086
12.0219375,752.0,0.898936170212766,-17.167022245170095,10.751953693688598,-34.84305953979492,0.0,-14.495067596435549
2.6999375,169.0,0.8994082840236687,-9.245613148337917,5.531573109646422,-22.48960494995117,0.0,-7.302762985229492
2.7799375,174.0,0.896551724137931,-18.79929921565912,9.31693930468198,-29.575210571289062,0.0,-19.873918533325195
12.07,755.0,0.8887417218543047,-20.770802721003665,11.29168427641412,-36.05970764160156,0.0,-19.2899169921875
2.0399375,128.0,0.8984375,-11.529155872179114,5.132400650216249,-19.725997924804688,0.0,-11.893725395202637
5.7308125,359.0,0.8997214484679665,-13.556642479202695,7.816941870823955,-26.154529571533203,0.0,-14.90255355834961
7.813125,489.0,0.8936605316973415,-27.82014610238152,10.442715539806212,-36.82826232910156,0.0,-34.120296478271484
3.132625,196.0,0.8979591836734694,-24.165229819037695,7.391583366131567,-28.6859130859375,0.0,-27.128814697265625
1.74925,110.0,0.9,-6.002148252544981,2.9413807100866918,-11.515026092529297,0.0,-6.222324371337891
10.5525,660.0,0.9,-15.4155839798025,8.434277056108082,-32.185821533203125,0.0,-15.217445373535156
4.2136875,264.0,0.8977272727272727,-15.06058844232358,9.689264860566896,-31.70260238647461,0.0,-12.96115493774414
5.43,340.0,0.888235294117647,-13.707921937601457,9.58025203852445,-28.837764739990234,0.0,-10.251943588256836
2.2,138.0,0.8985507246376812,-8.441482328599498,4.714960439734784,-20.96992874145508,0.0,-8.688657760620117
9.67,605.0,0.8958677685950414,-15.14970757072702,6.94046322859524,-32.33003616333008,0.0,-14.092119216918944
2.8199375,177.0,0.8983050847457628,-8.864413363378752,4.865494166668295,-20.076011657714844,0.0,-8.22585678100586
3.8493125,241.0,0.8921161825726142,-8.649393179250318,4.90064773537481,-15.025375366210938,0.0,-9.617374420166016
5.4799375,343.0,0.8688046647230321,-16.040126397305688,12.184102781331973,-39.90104675292969,0.0,-11.136114120483398
3.79,237.0,0.8987341772151899,-14.727709750054588,9.562654474956554,-36.443641662597656,0.0,-12.875772476196287
3.575625,224.0,0.8973214285714286,-9.53259196684728,5.023048267709521,-22.139789581298828,0.0,-8.460563659667969
8.0970625,507.0,0.8461538461538461,-17.82972559006342,9.325701356264684,-39.94298553466797,0.0,-17.06892204284668
9.3799375,587.0,0.8909710391822828,-12.197295756002683,8.092921813684733,-29.742298126220703,0.0,-10.775859832763672
7.61,476.0,0.8991596638655462,-8.40568977872902,4.749014218913632,-21.352214813232425,0.0,-7.416078567504883
6.3499375,397.0,0.889168765743073,-22.462648748338392,10.981504359499654,-30.95087242126465,0.0,-28.710309982299805
3.3,207.0,0.8647342995169082,-12.34501676719282,6.237657599724338,-25.64037704467773,0.0,-11.74631118774414
10.0299375,627.0,0.8995215311004785,-14.649975837545192,5.807311460251334,-27.092254638671875,0.0,-13.645377159118652
1.8799375,118.0,0.8983050847457628,-13.12921443075504,7.530021452481673,-25.121288299560547,0.0,-14.423141479492188
7.01475,439.0,0.8997722095671982,-6.714874996716463,2.9639548392856434,-13.362312316894531,0.0,-6.835912704467773
3.0391875,190.0,0.9,-17.001130879273887,10.45726776014408,-32.432498931884766,0.0,-18.933914184570312
4.778375,299.0,0.8963210702341137,-17.136503675090733,8.975237943435655,-27.917163848876957,0.0,-17.898014068603516
1.4199375,89.0,0.898876404494382,-13.190041494369506,6.143508994936783,-18.247840881347656,0.0,-16.43454360961914
2.8299375,177.0,0.8983050847457628,-10.566038791488552,6.421498945594801,-21.680110931396484,0.0,-12.122764587402344
3.62,227.0,0.7048458149779736,-16.271065270900728,10.903456342546832,-39.95157241821289,0.0,-13.582534790039062
1.714125,108.0,0.8981481481481481,-6.582090338480842,4.108916579881525,-13.87289047241211,0.0,-6.860649108886719
15.91,995.0,0.8944723618090452,-17.9351487984818,8.85712105457663,-27.5085563659668,0.0,-21.760019302368164
3.1099375,195.0,0.8666666666666667,-12.494722840348643,9.10449835621118,-28.900617599487305,0.0,-9.17451286315918
3.8199375,239.0,0.899581589958159,-16.205298312874728,10.395191613663949,-37.990478515625,0.0,-13.325969696044922
2.939,184.0,0.8804347826086957,-20.860042312998832,11.374209608243603,-29.82070541381836,0.0,-27.89143180847168
4.35925,273.0,0.8937728937728938,-10.027051034520884,5.584699417448836,-17.415485382080078,0.0,-9.262596130371094
3.56,223.0,0.8834080717488789,-16.235479267720642,13.521191567880464,-35.77762222290039,0.0,-9.88115692138672
8.91,557.0,0.8976660682226212,-13.76183988571167,9.489487568519753,-29.19882202148437,0.0,-11.08871841430664
3.5699375,224.0,0.8794642857142857,-15.840377488112086,10.659528195893984,-28.02277946472168,0.0,-15.340814590454102
1.6534375,104.0,0.8942307692307693,-12.77533818316716,9.030357718386284,-28.34757232666016,0.0,-12.61892318725586
5.071,317.0,0.8990536277602523,-11.060840385838558,5.780148539678544,-24.656414031982425,0.0,-9.87276840209961
1.49,94.0,0.8829787234042553,-7.416637052972633,4.397927717729457,-17.891136169433594,0.0,-7.607856750488281
1.85,116.0,0.7672413793103449,-17.687046672521014,13.759492259108391,-39.55160140991211,0.0,-11.62247085571289
2.2,138.0,0.8985507246376812,-7.780998568381032,6.209640025935982,-21.736831665039062,0.0,-6.088410377502441
2.61,164.0,0.8597560975609756,-11.097502593453047,6.837341916540401,-25.123441696166992,0.0,-9.567560195922852
1.8399375,115.0,0.8869565217391304,-7.296327740538354,3.927984778077228,-11.767097473144531,0.0,-9.236583709716797
6.6875,418.0,0.8899521531100478,-12.34951223352904,6.702491424474312,-20.858963012695312,0.0,-11.704999923706056
3.074125,193.0,0.8963730569948186,-13.575652139035263,11.092523212425473,-29.35335922241211,0.0,-8.047157287597656
6.34,397.0,0.8992443324937027,-9.971623353931417,4.342117460631288,-22.36772918701172,0.0,-9.467327117919922
4.875,305.0,0.898360655737705,-11.025676671605911,7.395315979039846,-28.19209289550781,0.0,-9.03580093383789
1.3246875,83.0,0.891566265060241,-10.92169241003088,7.053719373459487,-24.52887725830078,0.0,-10.10886573791504
4.7699375,299.0,0.8963210702341137,-14.8077425458538,7.400768345327751,-29.19900894165039,0.0,-13.808883666992188
3.0599375,192.0,0.8958333333333334,-7.089452854422635,5.341296727687723,-20.795000076293945,0.0,-6.007602691650391
1.7699375,111.0,0.9009009009009008,-12.536988582611084,7.636758823466799,-21.096664428710938,0.0,-13.468669891357422
4.81,301.0,0.9003322259136213,-19.69439316499717,9.503813772514896,-36.61766815185547,0.0,-17.719144821166992
3.708,232.0,0.8836206896551724,-12.966547319365713,7.597131500264947,-25.461875915527344,0.0,-12.286094665527344
2.4,151.0,0.8940397350993378,-15.14497703269676,12.07753001216842,-38.043678283691406,0.0,-11.597190856933594
1.5024375,94.0,0.8829787234042553,-6.916219274681735,3.7527691553477847,-11.405765533447266,0.0,-7.364608764648437
1.46,92.0,0.8586956521739131,-9.850094734867916,6.189071266454496,-27.6690673828125,0.0,-9.020639419555664
1.0016875,63.0,0.8888888888888888,-12.692342417580742,8.562697704632134,-25.6610107421875,0.0,-13.081924438476562
1.4499375,91.0,0.9010989010989012,-10.58568742798596,6.43888471570555,-23.02948760986328,0.0,-8.517979621887207
2.8399375,178.0,0.898876404494382,-13.253073692321776,7.191227906246892,-32.226715087890625,0.0,-14.286541938781738
2.346375,147.0,0.8979591836734694,-16.69643478682547,8.559393690344095,-26.62097930908203,0.0,-19.235849380493164
2.6708125,167.0,0.8982035928143712,-11.972123222351074,7.407572674678125,-26.884521484375,0.0,-11.18328857421875
3.2929375,206.0,0.8980582524271845,-16.6520694732666,9.55971999412933,-33.47517395019531,0.0,-14.526697158813477
3.4499375,216.0,0.8981481481481481,-11.444962265565223,5.837537073408589,-27.876110076904297,0.0,-11.094865798950195
6.052375,379.0,0.899736147757256,-13.595389928286377,9.508067209897645,-31.04717254638672,0.0,-11.308795928955078
2.1899375,137.0,0.8978102189781022,-7.623373078136909,5.740870324763917,-18.11269760131836,0.0,-5.515285491943359
9.0799375,568.0,0.8996478873239436,-15.997184439881208,6.964044550704013,-30.093923568725582,0.0,-15.537416458129885
1.75,110.0,0.9,-17.23791121473216,9.76486923271874,-32.21548080444336,0.0,-20.46175765991211
3.3899375,212.0,0.8915094339622641,-23.28974061794382,11.321579686847157,-32.55235290527344,0.0,-30.16150665283203
11.6899375,731.0,0.9001367989056087,-17.368804830185912,6.8283769585478025,-29.00002861022949,0.0,-17.442977905273438
2.9856875,187.0,0.8877005347593583,-9.403809018881924,4.285960810677453,-17.104778289794922,0.0,-9.25796127319336
6.54,409.0,0.8973105134474327,-11.850908398953056,7.769409097700816,-33.578853607177734,0.0,-10.338294982910156
2.34,147.0,0.8979591836734694,-9.47974428986058,5.417053274269637,-20.021541595458984,0.0,-8.942876815795898
1.2899375,81.0,0.9012345679012346,-13.469729697867615,10.788551399823389,-28.06460189819336,0.0,-8.743934631347656
2.3666875,148.0,0.8918918918918919,-20.26293959762111,10.415136929426293,-29.018478393554688,0.0,-26.95194625854492
5.2399375,328.0,0.8902439024390244,-16.723731413279495,9.342666626427295,-35.81127166748047,0.0,-14.40362548828125
4.2599375,267.0,0.898876404494382,-21.72696336110433,12.849411217666326,-39.07411193847656,0.0,-20.763782501220703
5.09,319.0,0.8871473354231975,-17.976575763823707,8.812086866683353,-25.668746948242188,0.0,-24.0750732421875
4.789375,300.0,0.8866666666666667,-15.111824781374825,9.520263521949374,-29.432958602905277,0.0,-14.86685562133789
2.91,182.0,0.8901098901098901,-11.562488767835829,6.164621989011224,-17.91366195678711,0.0,-14.310535430908203
1.9715,124.0,0.8951612903225806,-12.499593683191248,8.703331473313105,-25.633045196533203,0.0,-9.828201293945312
2.36,148.0,0.8986486486486487,-8.728425176520096,5.647602372270283,-27.19415855407715,0.0,-7.184782028198242
5.7099375,357.0,0.8851540616246498,-15.562461871135085,11.392786134519334,-33.896034240722656,0.0,-11.508816719055176
1.7099375,107.0,0.897196261682243,-7.753918568293254,6.076127742768937,-23.405948638916016,0.0,-6.273033142089844
1.1199375,70.0,0.7857142857142857,-14.08488660292192,11.20885969108758,-36.628395080566406,0.0,-13.198579788208008
2.66,167.0,0.8982035928143712,-13.392610308329264,6.689748422853913,-28.981300354003903,0.0,-12.781822204589844
1.79,112.0,0.8928571428571429,-8.204751777648926,4.017908643975195,-15.278392791748049,0.0,-8.970653533935547
3.73,234.0,0.8931623931623932,-9.740666749945095,5.986889875858049,-21.33581924438477,0.0,-9.443904876708984
6.0141875,376.0,0.8962765957446809,-14.923361803728325,8.744466249816913,-25.16191864013672,0.0,-13.987102508544922
5.6795625,355.0,0.8985915492957747,-8.28801549714187,4.519264848293668,-18.473691940307617,0.0,-8.391609191894531
4.6,288.0,0.875,-10.2683446218097,6.290163692799255,-23.479995727539062,0.0,-9.128698348999023
2.97225,186.0,0.8870967741935484,-15.449857145367249,13.85792565307448,-37.07498550415039,0.0,-7.005226135253906
4.3199375,270.0,0.9,-22.555121378643523,11.617998438937851,-33.65753173828125,0.0,-30.21709632873535
2.31,145.0,0.8827586206896552,-9.361189499497414,7.358144001054345,-24.143999099731445,0.0,-6.24510383605957
2.085875,131.0,0.8931297709923665,-18.844523226094044,7.527327949201797,-25.58676528930664,0.0,-22.499366760253903
6.2399375,390.0,0.8897435897435897,-17.965807263377076,9.692270196671176,-28.652416229248047,0.0,-19.44226455688477
2.4195,152.0,0.875,-11.9503125355656,7.894747643496649,-24.06260299682617,0.0,-12.400081634521484
4.2275,265.0,0.8981132075471698,-13.194718144520992,7.885617587284992,-32.712921142578125,0.0,-11.82439422607422
5.5331875,346.0,0.8930635838150289,-16.307315474575006,11.73621361685712,-39.74883270263672,0.0,-12.520682334899902
3.1274375,196.0,0.8877551020408163,-13.718749846535168,9.990490441144596,-31.800256729125977,0.0,-15.649194717407228
3.2199375,202.0,0.8910891089108911,-10.473448901706272,2.901235006852718,-12.65896987915039,0.0,-11.633600234985352
4.0475625,253.0,0.8972332015810277,-11.000035718674177,8.568516691386996,-38.079715728759766,0.0,-8.850936889648438
3.92,246.0,0.8943089430894309,-6.242349139126865,3.5835393679638727,-14.039680480957031,0.0,-6.467122077941895
3.72,233.0,0.8969957081545065,-13.61405688837955,11.295185892564014,-36.54317855834961,0.0,-9.494975090026855
5.0275625,315.0,0.8952380952380953,-14.749895697789835,9.400848806563747,-29.38389587402344,0.0,-13.907976150512695
3.15,197.0,0.8984771573604061,-8.443015675086759,6.879296588505095,-23.81104850769043,0.0,-5.748376846313477
8.6139375,539.0,0.8886827458256029,-11.495606663331609,9.660073479156068,-33.89366149902344,0.0,-8.027719497680664
6.9599375,435.0,0.8942528735632184,-15.468415042122103,9.46110223714066,-26.57012176513672,0.0,-17.05573272705078
9.56725,598.0,0.8996655518394648,-9.887910066484077,5.209099550313146,-23.34458541870117,0.0,-8.792280197143555
15.18,949.0,0.8967334035827187,-18.80610860696831,8.233258041388595,-30.376434326171875,0.0,-17.974246978759766
2.6976875,169.0,0.893491124260355,-14.475659768312973,9.150546024380509,-27.315860748291016,0.0,-11.751644134521484
9.4199375,589.0,0.8998302207130731,-10.90786329305397,4.135205110040672,-21.450098037719727,0.0,-11.43068790435791
3.9674375,248.0,0.8991935483870968,-15.4116109497344,7.3656728027852285,-27.61500740051269,0.0,-14.866594314575195
2.5699375,161.0,0.8881987577639752,-14.257421000020488,8.223805646942349,-26.07726287841797,0.0,-15.572731018066406
2.23,140.0,0.8928571428571429,-12.74710693359375,11.109460790737518,-30.33444595336914,0.0,-10.57986068725586
2.69225,169.0,0.893491124260355,-13.223408616931232,8.462607366031746,-25.76939010620117,0.0,-11.98611831665039
8.640875,541.0,0.8983364140480592,-15.091628953753183,10.431880545331444,-31.56891822814941,0.0,-12.187910079956056
2.19675,138.0,0.8913043478260869,-19.00565362945805,8.30483023805906,-28.986934661865234,0.0,-20.456466674804688
1.7699375,111.0,0.8918918918918919,-9.960808686535769,7.375053751480741,-27.89531898498535,0.0,-7.581514358520508
4.4914375,281.0,0.8932384341637011,-15.826449694386516,7.656747262195197,-24.265701293945312,0.0,-16.71761703491211
2.1199375,133.0,0.8947368421052632,-16.884432127495774,9.16816996304595,-37.286659240722656,0.0,-18.008804321289062
1.5224375,96.0,0.7604166666666666,-23.57171906510445,14.14252850529687,-39.92909240722656,0.0,-31.60770606994629
3.05,191.0,0.8900523560209425,-5.922718115413891,3.55273747224253,-19.271018981933597,0.0,-5.490724563598633
1.93,121.0,0.8760330578512396,-7.777401024440549,8.36932440173865,-29.320880889892575,0.0,-4.6796464920043945
5.79,362.0,0.8977900552486188,-16.335581142718976,7.761677713133247,-35.27838134765625,0.0,-15.528390884399414
5.5425,347.0,0.8933717579250721,-15.270058361176522,9.54642856096563,-30.40436172485352,0.0,-14.15163803100586
4.3,269.0,0.8996282527881041,-15.192978275708915,6.89168330688394,-29.036684036254883,0.0,-14.219038009643556
8.795375,550.0,0.8981818181818182,-16.878580811535297,10.279632535099502,-29.94374084472656,0.0,-16.297996520996094
3.3574375,210.0,0.9,-14.750185144010675,9.032605966295456,-27.30311584472656,0.0,-12.096660614013672
1.87,117.0,0.8974358974358975,-19.50626815614246,15.814748182515396,-39.35538864135742,0.0,-11.859940528869627
3.86,242.0,0.8966942148760331,-19.197545504240395,7.772867598168992,-27.518821716308597,0.0,-22.150230407714844
7.6775,480.0,0.8875,-12.093836618701058,8.339003898051638,-29.74144744873047,0.0,-10.611856460571287
4.0199375,252.0,0.8849206349206349,-16.52296883963683,8.725364647014194,-27.031024932861328,0.0,-19.8059196472168
5.5325,346.0,0.8815028901734104,-18.599143931904777,6.793221650545234,-27.766132354736328,0.0,-17.797943115234375
4.2368125,265.0,0.8943396226415095,-14.931054602192424,10.200604933692214,-31.38363647460937,0.0,-12.04939079284668
3.92,246.0,0.8943089430894309,-11.578348766673695,6.301077628233828,-25.830547332763672,0.0,-10.537555694580078
3.8899375,244.0,0.8975409836065574,-13.292326391559758,9.666402445066288,-31.316526412963867,0.0,-10.301599502563477
1.73,109.0,0.8899082568807339,-15.487001714018202,10.9247518746518,-29.47711563110352,0.0,-19.35082244873047
1.98,124.0,0.8870967741935484,-10.659590148925782,5.346011087764865,-22.024433135986328,0.0,-10.99461555480957
3.481375,218.0,0.8899082568807339,-8.609783133280645,2.830109736356281,-11.706905364990234,0.0,-9.874189376831056
6.8,426.0,0.8967136150234741,-14.324639779734984,7.131890732340668,-30.559616088867188,0.0,-12.620622634887695
2.658,167.0,0.8862275449101796,-13.401692699741671,4.008757759975178,-16.435028076171875,0.0,-14.708181381225586
3.86,242.0,0.8925619834710744,-13.92606163907934,8.448662549346421,-27.950740814208984,0.0,-12.043533325195312
1.67,105.0,0.8952380952380953,-17.71590756355448,10.609287673569783,-36.33049011230469,0.0,-17.080018997192383
9.7099375,607.0,0.899505766062603,-12.339379467806973,8.06305104651812,-28.41360092163086,0.0,-9.773860931396484
3.3899375,212.0,0.8962264150943396,-12.170476622330517,6.616761010255771,-22.6458683013916,0.0,-12.7774658203125
1.99,125.0,0.896,-18.45917470114572,8.372565472533013,-24.947052001953125,0.0,-22.57462310791016
2.28,143.0,0.8811188811188811,-13.87656325385684,8.342792168366639,-23.30773162841797,0.0,-16.693185806274414
6.8486875,429.0,0.8974358974358975,-13.774970235453024,6.928137104418749,-33.43473815917969,0.0,-12.710775375366213
2.2099375,139.0,0.8848920863309353,-11.679499246240631,10.731047334931,-33.48224258422852,0.0,-8.832643508911133
3.2199375,202.0,0.8861386138613861,-13.594145108867624,9.196122569914731,-24.15250015258789,0.0,-15.566368103027344
2.9224375,183.0,0.8907103825136612,-17.990549017315264,13.990091888355948,-37.13020324707031,0.0,-12.338428497314451
2.86,179.0,0.8938547486033519,-18.13567287921905,9.027742930746628,-26.62672996520996,0.0,-24.93583297729492
1.27,80.0,0.9,-10.456852012210422,8.738173346911722,-26.178422927856445,0.0,-6.328907012939453
3.7774375,237.0,0.8987341772151899,-18.75555070689027,7.070509098410762,-30.8233642578125,0.0,-18.587129592895508
4.8399375,303.0,0.8976897689768977,-14.018826176138486,6.396138911905545,-31.15043258666992,0.0,-13.789344787597656
9.99,625.0,0.8976,-14.914822331936817,7.392924053853383,-31.102462768554688,0.0,-15.232215881347656
2.5,157.0,0.8980891719745223,-16.586936626028507,11.438381713345937,-32.262359619140625,0.0,-14.048025131225586
2.8826875,181.0,0.9005524861878453,-16.918640955825524,7.677351791122192,-24.03028106689453,0.0,-21.471397399902344
8.93,559.0,0.8998211091234347,-12.848713171410989,6.260216860777894,-27.835054397583008,0.0,-11.792387008666992
7.8949375,494.0,0.8947368421052632,-16.52438466257639,6.857006315281598,-30.14263153076172,0.0,-18.121994018554688
6.357875,398.0,0.8994974874371859,-7.720942348075312,2.8272477054428853,-13.68777847290039,0.0,-7.743012428283691
8.87,555.0,0.8918918918918919,-21.933968322445647,11.93867607900479,-35.671722412109375,0.0,-24.00055313110352
9.6499375,604.0,0.890728476821192,-13.200165730869903,9.02300989347706,-35.919708251953125,0.0,-10.248945236206056
9.0901875,569.0,0.8963093145869947,-16.974766791100595,6.747488095982928,-32.32011413574219,0.0,-15.897811889648438
4.8399375,303.0,0.8976897689768977,-9.380418090259328,5.539043493418908,-22.172794342041016,0.0,-7.050880432128906
2.8843125,181.0,0.9005524861878453,-10.824873450343594,6.37703327620754,-19.032527923583984,0.0,-9.449920654296877
3.31725,208.0,0.8990384615384616,-7.894765333695845,5.075001875559077,-18.5527458190918,0.0,-7.673915863037109
6.1581875,385.0,0.8909090909090909,-23.508195793663447,9.154222363151067,-31.794057846069336,0.0,-29.12985038757324
4.8399375,303.0,0.8910891089108911,-7.656822402388961,4.473600797801526,-20.86559295654297,0.0,-6.310941696166992
2.6299375,165.0,0.896969696969697,-7.868011822571626,6.505392042217648,-25.517070770263672,0.0,-5.894096374511719
1.87,117.0,0.8888888888888888,-15.942267454587496,8.524779293589436,-25.44776725769043,0.0,-20.301877975463867
1.7099375,107.0,0.897196261682243,-11.15244162082672,5.398969115205211,-16.605491638183594,0.0,-14.3594970703125
2.1124375,133.0,0.8947368421052632,-10.061723677050166,7.031613726164897,-20.77711296081543,0.0,-10.765951156616213
7.5899375,475.0,0.8821052631578947,-15.13171284295494,10.452444788098932,-30.932544708251957,0.0,-12.920547485351562
5.3921875,338.0,0.8875739644970414,-23.23096647262573,9.729305881618712,-34.97600555419922,0.0,-24.88853454589844
7.49,469.0,0.8976545842217484,-14.842839275006726,7.499033201972348,-22.682861328125,0.0,-19.00753402709961
5.8985,369.0,0.8970189701897019,-15.845624272556824,8.851142309775321,-26.65472412109375,0.0,-14.939289093017578
2.18,137.0,0.8978102189781022,-13.18682008448655,7.132271716042308,-26.50300407409668,0.0,-13.917488098144531
2.4166875,152.0,0.8947368421052632,-13.782644496244544,8.773278751419909,-23.02445602416992,0.0,-18.97340202331543
2.46,154.0,0.8961038961038961,-12.889274251633797,7.985425319966468,-26.771333694458008,0.0,-11.16921615600586
1.87,117.0,0.8974358974358975,-14.49097653343564,9.816235594261622,-32.59896469116211,0.0,-13.984382629394531
4.5299375,284.0,0.897887323943662,-14.371256031709558,6.076267293415152,-21.311351776123047,0.0,-16.86367416381836
3.9619375,248.0,0.8991935483870968,-8.76894955998579,4.321588995290624,-18.713024139404297,0.0,-8.261547088623047
4.98,312.0,0.8910256410256411,-9.854151622854548,5.34188930226126,-24.465259552001957,0.0,-8.380695343017578
4.3199375,270.0,0.9,-13.110396216435689,7.931466305957584,-33.44628143310547,0.0,-11.260623931884766
6.720625,421.0,0.8907363420427553,-15.340046091715497,6.144375155110851,-22.31645965576172,0.0,-15.440540313720703
3.1775,199.0,0.8944723618090452,-18.59974816675936,11.471946978513374,-37.19306945800781,0.0,-17.277568817138672
2.1474375,135.0,0.8814814814814815,-10.670340497954554,8.451779431928955,-34.91704177856445,0.0,-9.022960662841797
3.2685625,205.0,0.8926829268292683,-13.850578683321594,8.87613181221272,-25.627227783203125,0.0,-11.856990814208984
2.3824375,149.0,0.8993288590604027,-16.588138295643365,10.26367252541553,-34.80448913574219,0.0,-13.946269989013672
1.6419375,103.0,0.8932038834951457,-18.43847591980644,10.470426974746731,-34.26612091064453,0.0,-16.973583221435547
2.13575,134.0,0.8955223880597015,-6.1285568078358965,2.999190599741968,-12.028324127197266,0.0,-6.418342590332031
2.8819375,181.0,0.8784530386740331,-13.908385558698162,6.153704330158254,-19.694355010986328,0.0,-17.309329986572266
4.4499375,279.0,0.899641577060932,-10.519722676372147,5.303262864627091,-22.8323917388916,0.0,-9.91929817199707
7.8695625,492.0,0.8943089430894309,-12.50037702213634,6.15814214370577,-27.872486114501957,0.0,-11.622207641601562
4.33,271.0,0.9003690036900369,-9.919198442677985,6.664205950768151,-20.303054809570312,0.0,-7.523351669311523
2.28,143.0,0.8881118881118881,-15.692214560320997,9.415954172049352,-26.961225509643555,0.0,-19.205900192260746
2.97,186.0,0.8870967741935484,-16.25635107791785,9.099978722410174,-33.56350326538086,0.0,-16.511951446533203
2.3499375,147.0,0.7482993197278912,-26.488914923234415,12.8214461037636,-39.994537353515625,0.0,-30.48214530944824
2.86,179.0,0.888268156424581,-15.4593559601022,11.306713390377796,-30.243995666503903,0.0,-11.686050415039062
2.3105625,145.0,0.896551724137931,-16.548982561551608,10.57196119947336,-28.572494506835938,0.0,-21.18972969055176
3.0599375,192.0,0.8802083333333334,-17.63216371931268,9.474110997527776,-29.305469512939453,0.0,-14.948589324951172
13.37,836.0,0.8899521531100478,-15.370773435920798,8.60773145987429,-26.645511627197266,0.0,-13.192852020263672
5.6399375,353.0,0.886685552407932,-17.027529436178483,9.960644841356745,-39.87125396728516,0.0,-14.982072830200195
4.2599375,267.0,0.898876404494382,-11.283750359217326,5.246602150545845,-25.85361671447754,0.0,-10.47616481781006
9.9599375,623.0,0.8956661316211878,-13.491920064427092,9.251760210480032,-31.014652252197266,0.0,-11.678255081176758
1.1299375,71.0,0.9014084507042254,-13.040004700422289,9.03681853431421,-27.706605911254883,0.0,-14.464689254760742
1.92,121.0,0.8925619834710744,-10.585139521846065,5.925742240044961,-20.954349517822266,0.0,-11.330440521240234
2.3199375,145.0,0.7931034482758621,-18.364769462917163,12.904743073341598,-39.87297821044922,0.0,-15.983806610107422
1.30175,82.0,0.8902439024390244,-7.932044016171808,5.12097722324912,-19.81925392150879,0.0,-7.451627731323242
2.3569375,148.0,0.8986486486486487,-16.43907361998594,10.228947528560486,-31.08207130432129,0.0,-14.134077072143556
0.8899375,56.0,0.8928571428571429,-12.879737930297852,8.95000609476619,-26.275161743164062,0.0,-12.565837860107422
3.27,205.0,0.8878048780487805,-15.976406537569488,10.793740788336372,-37.15129852294922,0.0,-11.950053215026855
2.91,182.0,0.8791208791208791,-9.416927289962768,5.534985675158071,-28.029766082763672,0.0,-9.04294204711914
2.282375,143.0,0.8951048951048951,-8.452061593532562,6.765454015797547,-21.795379638671875,0.0,-6.243011474609375
3.352125,210.0,0.8809523809523809,-10.617305116395691,6.925379088302114,-18.03706741333008,0.0,-14.64006805419922
1.6,101.0,0.8910891089108911,-16.315437168545195,10.68441190855241,-36.25761413574219,0.0,-15.168087005615234
6.5204375,408.0,0.8897058823529411,-14.58870383859009,10.001833184207763,-35.20661163330078,0.0,-11.913454055786133
9.6899375,606.0,0.8993399339933993,-9.416067746363648,4.492679284606723,-21.693458557128903,0.0,-8.6627197265625
11.305,707.0,0.8939179632248939,-20.75644540484948,11.144230342147123,-35.580169677734375,0.0,-19.663484573364254
8.360625,523.0,0.8948374760994264,-13.247968131660397,7.886257255613002,-30.180383682250977,0.0,-11.701410293579102
3.0908125,194.0,0.8969072164948454,-10.82155506090186,4.994510708359286,-15.116077423095703,0.0,-13.073314666748049
2.0693125,130.0,0.8923076923076924,-13.035025399306726,6.371304148153295,-18.777568817138672,0.0,-16.70038604736328
3.0099375,189.0,0.8994708994708994,-11.559872245788574,5.229823079729983,-21.752002716064453,0.0,-11.939924240112305
3.4099375,214.0,0.897196261682243,-15.669135765482984,7.947036881902296,-30.0255069732666,0.0,-14.714315414428713
3.084125,193.0,0.8963730569948186,-15.48065439125017,5.854842523741238,-20.21731185913086,0.0,-18.295860290527344
10.0799375,630.0,0.8952380952380953,-15.514756709971326,9.755578261535698,-32.75922393798828,0.0,-11.808633804321287
4.2599375,267.0,0.8951310861423221,-11.66820083203176,8.030362413287994,-30.17778205871582,0.0,-9.339609146118164
4.15,260.0,0.8961538461538462,-10.963968326093813,7.787459849393767,-30.77525329589844,0.0,-7.840362548828125
3.07,192.0,0.8958333333333334,-10.474195790845297,7.050827473225103,-26.37318420410156,0.0,-8.421384811401367
1.905375,120.0,0.9,-14.539945602416992,8.88150915110883,-26.04600143432617,0.0,-14.564323425292969
2.9499375,185.0,0.8972972972972973,-14.55998879168407,8.548216349231588,-26.492000579833984,0.0,-13.719755172729492
3.25,204.0,0.8970588235294118,-14.212605200178636,9.966483799059857,-31.3415641784668,0.0,-10.20551300048828
2.9524375,185.0,0.8972972972972973,-17.108374630112245,10.933944424405231,-30.15701675415039,0.0,-21.18143653869629
3.99,250.0,0.896,-16.208638778754644,10.765274468520149,-29.45054244995117,0.0,-15.380186080932615
5.1524375,323.0,0.891640866873065,-21.07183205419117,11.075328037424258,-36.09662628173828,0.0,-19.138919830322266
4.7599375,298.0,0.8993288590604027,-12.991090553909984,7.415962304371804,-29.0921630859375,0.0,-12.01407241821289
3.341875,209.0,0.8995215311004785,-17.783725424015774,10.604053020646138,-29.888654708862305,0.0,-19.038005828857425
4.18,262.0,0.8969465648854962,-13.2635096123878,5.324703122207326,-20.16421890258789,0.0,-12.828727722167969
5.1778125,324.0,0.8919753086419753,-13.376379725842328,10.30429469381049,-31.75196075439453,0.0,-10.64655303955078
1.2075625,76.0,0.8947368421052632,-8.938690017251407,5.11782635528854,-17.259021759033203,0.0,-8.403457641601562
2.0379375,128.0,0.8984375,-12.975920320593792,10.651541360433582,-27.708457946777344,0.0,-10.265373229980469
7.571875,474.0,0.8966244725738397,-14.9238728018368,7.149637360292714,-38.09764862060547,0.0,-14.619562149047852
7.5519375,472.0,0.8834745762711864,-12.5353071729628,7.219587898214706,-21.71936416625977,0.0,-12.817092895507812
2.98,187.0,0.893048128342246,-14.235270654369971,8.653515650591157,-26.111108779907227,0.0,-16.615449905395508
6.3199375,395.0,0.8962025316455696,-11.623826344807943,7.565643568116418,-32.06958770751953,0.0,-9.387252807617188
2.6744375,168.0,0.8988095238095238,-7.574327203611665,4.109387634628533,-23.63117408752441,0.0,-7.387678146362305
3.69925,232.0,0.8879310344827587,-10.582180513918978,7.947830044369301,-25.860692977905277,0.0,-8.47469711303711
1.3799375,87.0,0.896551724137931,-8.847934918525892,6.250245190888619,-17.18524169921875,0.0,-9.419776916503906
2.3849375,150.0,0.9,-15.072066158718531,10.338392194172435,-34.17542266845703,0.0,-14.86697769165039
1.7049375,107.0,0.897196261682243,-14.798360466957092,10.3595552444092,-32.876564025878906,0.0,-13.414824485778809
5.69075,356.0,0.8960674157303371,-16.119775700344935,11.71243115182939,-38.16918563842773,0.0,-11.804615020751951
5.44225,341.0,0.9002932551319648,-9.966756006793789,4.786419008311853,-20.99751663208008,0.0,-9.918811798095703
4.9275,308.0,0.8961038961038961,-24.027633839759275,13.374461124295534,-38.52555465698242,0.0,-30.31970596313477
2.0399375,128.0,0.8984375,-15.227713949783988,8.108343323920861,-31.659984588623047,0.0,-16.0794677734375
4.79475,300.0,0.8933333333333333,-14.90420227620139,9.364526102613551,-32.63983917236328,0.0,-14.220386505126951
5.20025,326.0,0.5828220858895705,-18.56355776535837,9.715514500385982,-39.78886795043945,0.0,-18.08793830871582
2.27,142.0,0.8943661971830986,-11.387651173148567,5.588313750780448,-24.107297897338867,0.0,-11.321504592895508
5.6399375,353.0,0.8810198300283286,-14.295140661993978,10.374236465209313,-29.1150016784668,0.0,-10.279651641845703
1.3874375,87.0,0.896551724137931,-12.341738627507135,8.432912735824697,-25.991891860961918,0.0,-14.092002868652344
4.18,262.0,0.8969465648854962,-11.837742509233191,7.2305064494196065,-29.38862991333008,0.0,-9.662834167480469
2.059625,129.0,0.8837209302325582,-15.299726686979596,8.913721553198641,-24.68989944458008,0.0,-19.52844619750977
1.5099375,95.0,0.8947368421052632,-18.026951531802908,9.8770545687323,-28.61595916748047,0.0,-21.56259536743164
1.6399375,103.0,0.8932038834951457,-10.886508174564527,7.661455075851861,-27.106353759765625,0.0,-9.213056564331056
1.1099375,70.0,0.9,-9.711029900444878,4.556752730840955,-15.454317092895508,0.0,-10.853361129760742
2.1560625,135.0,0.8962962962962963,-11.587588507281849,7.177188419957899,-28.812355041503903,0.0,-9.824485778808594
2.735625,171.0,0.9005847953216374,-15.1734216739605,9.175548003124094,-32.200252532958984,0.0,-11.415180206298828
2.1599375,135.0,0.8814814814814815,-12.135706813395524,9.294551935628128,-32.90480422973633,0.0,-8.903802871704102
7.09925,444.0,0.8941441441441441,-16.43334635198867,9.496363524849036,-28.06092834472656,0.0,-16.718292236328125
2.224375,140.0,0.8857142857142857,-16.87738609313965,5.7222872804984615,-21.332130432128903,0.0,-19.405223846435547
2.27575,143.0,0.8881118881118881,-16.44034089816837,6.47880768691672,-21.877376556396484,0.0,-20.00802230834961
5.5560625,348.0,0.8936781609195402,-9.961162125565998,3.477816740537771,-12.993919372558594,0.0,-11.556419372558594
5.1919375,325.0,0.8984615384615384,-17.51259066960583,10.57706932933671,-36.33619689941406,0.0,-15.16411018371582
6.1899375,387.0,0.8992248062015504,-9.00866288700323,5.365043162988592,-22.401506423950195,0.0,-8.103710174560547
4.938125,309.0,0.8996763754045307,-12.452901668685804,4.499144783558682,-21.30039596557617,0.0,-12.796789169311523
2.8384375,178.0,0.898876404494382,-18.72242830991745,5.619516437117569,-22.636680603027344,0.0,-21.08123207092285
2.7401875,172.0,0.8953488372093024,-16.081429382423302,10.177372457708405,-33.22857666015625,0.0,-15.786592483520508
7.2231875,452.0,0.8915929203539823,-16.78957051733883,7.968552156343311,-25.38433074951172,0.0,-20.32984161376953
9.3896875,587.0,0.8739352640545145,-8.28172198141295,2.933148319260774,-11.301082611083984,0.0,-9.654247283935549
6.1099375,382.0,0.8979057591623036,-11.661994222301784,8.287101326981642,-28.01433563232422,0.0,-9.661638259887695
4.6041875,288.0,0.8888888888888888,-15.071425639092922,6.622927321517281,-28.53001976013184,0.0,-14.5146484375
4.23,265.0,0.8981132075471698,-9.801778392631467,6.305371432324252,-26.56029510498047,0.0,-9.80380630493164
7.9419375,497.0,0.8993963782696177,-15.530254620033622,8.915257720983902,-33.8100471496582,0.0,-13.69936752319336
2.34,147.0,0.891156462585034,-17.416971628902523,11.680120481905933,-30.510650634765625,0.0,-21.01791763305664
8.17,511.0,0.9001956947162426,-15.218979313062585,8.130961557045024,-35.38756561279297,0.0,-13.838356018066406
1.6999375,107.0,0.897196261682243,-13.370819648106892,8.237091686609407,-21.417335510253903,0.0,-17.986047744750977
1.4799375,93.0,0.8494623655913979,-10.940398542186882,5.264233958248533,-17.917327880859375,0.0,-13.000732421875
3.5890625,225.0,0.8888888888888888,-14.504240646362303,9.195760162419214,-27.675392150878903,0.0,-12.489046096801758
1.3899375,87.0,0.896551724137931,-5.531616993439504,4.460798631412636,-18.72546768188477,0.0,-5.098506927490234
2.6899375,169.0,0.8994082840236687,-12.981556804556597,8.384910013044658,-23.65155029296875,0.0,-13.477033615112305
2.4225,152.0,0.7171052631578947,-17.52012701209532,10.474013619009142,-39.641448974609375,0.0,-14.222558975219728
6.159625,385.0,0.8987012987012987,-20.91883882621809,10.05342055403682,-33.33810806274414,0.0,-17.92566680908203
2.86,179.0,0.8994413407821229,-13.357215063912529,5.053807169599957,-20.65216636657715,0.0,-14.683359146118164
6.46,404.0,0.8935643564356436,-14.802663443821618,10.255863568126284,-39.86018753051758,0.0,-11.181137084960938
7.4148125,464.0,0.896551724137931,-18.03801033130059,10.156962898755731,-33.13127899169922,0.0,-16.318424224853516
4.6958125,294.0,0.8979591836734694,-13.291603059479684,7.903420501322359,-23.84524154663086,0.0,-14.613510131835938
5.8441875,366.0,0.8934426229508197,-12.334619376272965,5.536683552378396,-25.44900894165039,0.0,-12.243064880371094
1.18,74.0,0.8918918918918919,-8.733516057332357,6.019043875890408,-19.3288688659668,0.0,-7.143795013427734
2.09,131.0,0.900763358778626,-10.255039473711436,6.507164664165495,-25.883211135864254,0.0,-9.363085746765137
9.0,563.0,0.8969804618117229,-13.057882369390809,8.262542676640964,-34.452423095703125,0.0,-9.982706069946287
2.9833125,187.0,0.8983957219251337,-23.593181655520485,10.703353389968555,-34.113216400146484,0.0,-28.8817081451416
7.1699375,449.0,0.8953229398663697,-15.158672797739207,9.419522871820668,-34.43168640136719,0.0,-12.346349716186523
11.3579375,710.0,0.8915492957746479,-15.665306986225724,10.353663028005856,-34.86088180541992,0.0,-12.874893188476562
4.829625,302.0,0.8940397350993378,-14.94545836272063,6.373566798723488,-22.031742095947266,0.0,-16.710840225219727
12.2975625,769.0,0.893368010403121,-15.780994587416558,8.924075297468068,-29.49215507507324,0.0,-13.57884407043457
9.662375,604.0,0.8973509933774835,-9.683834396165237,4.71081571460623,-21.531700134277344,0.0,-8.748552322387695
3.81,239.0,0.899581589958159,-9.692299235144327,4.44223487646364,-18.63670921325684,0.0,-9.603059768676758
8.615,539.0,0.8849721706864564,-14.095409569250462,7.178175226670085,-22.74630355834961,0.0,-14.40646743774414
4.1299375,259.0,0.8957528957528957,-14.11401474064794,9.95777732073316,-27.701154708862305,0.0,-12.247304916381836
4.3053125,270.0,0.8925925925925926,-13.249943341457003,10.207591500238935,-28.24114227294922,0.0,-7.897258758544922
8.1199375,508.0,0.8996062992125984,-13.508643590647493,6.153748289911881,-25.65449333190918,0.0,-13.07772445678711
6.9118125,432.0,0.8935185185185185,-9.594221589478805,5.16160220808552,-16.39046859741211,0.0,-10.249422073364258
4.2590625,267.0,0.8951310861423221,-12.094986983422954,6.041210344823697,-18.212203979492188,0.0,-15.970748901367188
5.7731875,361.0,0.8808864265927978,-12.849293378913927,7.5530802759616,-23.801044464111328,0.0,-11.550210952758787
1.1,69.0,0.8985507246376812,-8.556721656553206,5.862063076749807,-17.679981231689453,0.0,-7.330619812011719
5.1,319.0,0.8934169278996865,-11.456934624387507,7.34367642745284,-24.68164825439453,0.0,-9.99261474609375
1.4399375,90.0,0.9,-15.902052961749796,10.092809218080662,-24.79800033569336,0.0,-23.529754638671875
2.0199375,127.0,0.8818897637795275,-14.05085699898856,10.919985518681973,-30.79673957824707,0.0,-11.952363967895508
7.5,469.0,0.8933901918976546,-9.67855648778219,6.442757903816461,-26.034128189086918,0.0,-8.145753860473633
6.02075,377.0,0.896551724137931,-11.512386378451918,7.4866846614877876,-22.1923828125,0.0,-8.922929763793945
1.73,109.0,0.8990825688073395,-20.425911796336276,13.309891774372966,-38.74658966064453,0.0,-22.591480255126957
3.46,217.0,0.8894009216589862,-13.408326005688602,9.392705703456848,-32.17552185058594,0.0,-9.970449447631836
10.7799375,674.0,0.7522255192878339,-13.862548137792704,8.450528719095754,-39.91761016845703,0.0,-11.984169960021973
1.8,113.0,0.8849557522123894,-6.693223152160645,2.9599663481456355,-13.311946868896484,0.0,-6.6468505859375
7.803125,488.0,0.8934426229508197,-16.35607891782708,8.344710677657762,-36.0168571472168,0.0,-14.42422103881836
3.0599375,192.0,0.8958333333333334,-17.32183330558067,7.989227749703206,-27.62319564819336,0.0,-20.289209365844727
7.11075,445.0,0.8943820224719101,-9.92518703901588,5.891355112884889,-19.12405776977539,0.0,-8.355257034301758
5.269,330.0,0.9,-7.7816535294658,6.644977528578698,-28.18769836425781,0.0,-5.6573638916015625
3.5099375,220.0,0.9,-11.04744455549452,6.909140423325667,-24.20993995666504,0.0,-8.602807998657227
5.0248125,315.0,0.8952380952380953,-17.566510464282747,11.483773198305384,-39.00872039794922,0.0,-14.597543716430664
2.379,149.0,0.8993288590604027,-16.054671074027446,8.420645453986143,-23.213653564453125,0.0,-20.81169891357422
2.6299375,165.0,0.8909090909090909,-9.842971697956528,6.102506011588544,-18.95455551147461,0.0,-9.490192413330078
5.7235,358.0,0.8910614525139665,-18.837731806835784,7.301051127278542,-26.47784805297852,0.0,-22.536808013916016
9.5018125,594.0,0.8973063973063973,-17.395591746575388,8.99711849558942,-30.93146514892578,0.0,-15.29629898071289
4.2899375,269.0,0.8921933085501859,-15.384108750025431,12.278459127160785,-38.06430816650391,0.0,-12.151481628417969
3.15,197.0,0.8984771573604061,-17.164527214179603,9.864876004121497,-35.1597900390625,0.0,-15.470794677734377
10.1676875,636.0,0.8962264150943396,-14.55519217775579,8.999208074854474,-27.975421905517575,0.0,-11.618375778198242
1.2399375,78.0,0.8974358974358975,-13.427566964285717,6.059646757259717,-18.5107536315918,0.0,-16.370220184326172
2.357875,148.0,0.8986486486486487,-11.576935373750844,9.263241850169743,-27.635528564453125,0.0,-10.248817443847656
7.9399375,497.0,0.8993963782696177,-11.094433212706972,5.847985903530757,-27.763751983642575,0.0,-9.716919898986816
2.09,131.0,0.900763358778626,-7.97486179157839,5.8865589383818415,-22.56851959228516,0.0,-6.473493576049805
1.1,69.0,0.8985507246376812,-13.329858487652194,7.465076858839872,-25.38522720336914,0.0,-14.575509071350098
14.7615,923.0,0.8992416034669556,-19.63555478704981,8.206787741945021,-35.89444732666016,0.0,-18.07025718688965
4.1924375,263.0,0.8973384030418251,-10.123464826810158,3.980946698478828,-18.47302627563477,0.0,-10.188018798828123
2.0299375,127.0,0.8976377952755905,-10.92447424771493,8.092195452661167,-27.16932487487793,0.0,-9.333377838134766
2.3799375,149.0,0.87248322147651,-8.162303102933443,8.269008758267834,-28.536909103393555,0.0,-5.075588226318359
3.02275,189.0,0.8941798941798942,-13.517628133649657,7.117587459017392,-30.440704345703125,0.0,-12.530616760253906
3.6748125,230.0,0.8913043478260869,-8.230318646314668,4.1431052507054105,-17.577320098876953,0.0,-7.950874328613281
2.583,162.0,0.8765432098765432,-13.955987930297852,7.892971856304181,-25.954803466796875,0.0,-13.918243408203123
2.742125,172.0,0.8953488372093024,-11.942740006880326,8.495481452696614,-26.995189666748047,0.0,-10.816341400146484
2.3538125,148.0,0.8986486486486487,-12.581587497453045,10.82503947692732,-35.24919509887695,0.0,-9.462718963623049
1.1755,74.0,0.8918918918918919,-13.613398725336248,9.393736205346793,-29.43069839477539,0.0,-10.014291763305664
3.31,207.0,0.8985507246376812,-13.36690894506311,11.182276662847247,-34.77530288696289,0.0,-8.282360076904297
2.8199375,177.0,0.8983050847457628,-12.184858957926432,6.736227768139446,-25.72647857666016,0.0,-11.827118873596191
1.3899375,87.0,0.896551724137931,-8.592046957749586,3.962379685574709,-14.118019104003906,0.0,-10.022321701049805
3.6524375,229.0,0.8820960698689956,-17.925415898313616,8.354399950717534,-30.083229064941406,0.0,-18.31046867370605
7.0169375,439.0,0.8792710706150342,-21.018228832304167,10.15266580547847,-32.462669372558594,0.0,-20.446680068969727
2.97,186.0,0.8978494623655914,-9.718983039170682,5.851369809618524,-24.864501953125,0.0,-9.123567581176758
1.547,97.0,0.8969072164948454,-11.41879311923323,9.600031428226169,-24.09714126586914,0.0,-9.713138580322266
3.0359375,190.0,0.9,-12.734657242981314,7.633506204677622,-21.33048820495605,0.0,-14.542970657348633
1.92,121.0,0.8925619834710744,-6.5802108446757,4.643290798475975,-16.954050064086914,0.0,-4.6856536865234375
3.4993125,219.0,0.8995433789954338,-17.708780830886763,9.285578291153008,-31.304582595825195,0.0,-21.01235008239746
1.28,81.0,0.9012345679012346,-12.99967000255846,7.104548747107341,-19.689586639404297,0.0,-17.052688598632812
3.7599375,235.0,0.8851063829787233,-10.001651452137876,7.059140352293238,-21.052818298339844,0.0,-8.35136604309082
3.5565,223.0,0.8878923766816144,-12.763681989727598,11.448585418329293,-31.810680389404297,0.0,-7.793174743652344
4.8411875,303.0,0.8910891089108911,-20.95836329989963,9.925306162970658,-34.45661926269531,0.0,-20.87074851989746
1.902375,119.0,0.8823529411764706,-19.28157697405134,10.346223120133498,-31.222301483154297,0.0,-22.72900009155273
1.37,86.0,0.8953488372093024,-12.876548742319082,7.802749302696916,-22.349464416503903,0.0,-16.057205200195312
3.9410625,247.0,0.8785425101214575,-18.99550914324923,8.558052170069608,-27.52035903930664,0.0,-23.35076141357422
11.33175,709.0,0.8998589562764457,-10.732817739528548,4.884095024848306,-21.903759002685547,0.0,-9.89112663269043
4.4499375,279.0,0.899641577060932,-11.632239117565383,4.66619165379006,-19.396778106689453,0.0,-12.32080078125
2.4099375,151.0,0.9006622516556292,-7.892294659334071,4.633218986103147,-16.053197860717773,0.0,-8.152496337890625
4.9499375,310.0,0.896774193548387,-13.056012832861152,8.423706098954895,-28.47503662109375,0.0,-11.501317977905272
2.2815,143.0,0.8671328671328671,-11.896874397031722,8.537617492540619,-21.55661392211914,0.0,-13.12529754638672
3.520125,221.0,0.9004524886877828,-18.57295980405568,7.513891052534646,-24.08189010620117,0.0,-22.391582489013672
1.5,94.0,0.8936170212765957,-8.857230617886497,4.247029690081069,-15.454853057861328,0.0,-9.741249084472656
2.231,140.0,0.9,-19.6650390625,11.660043053097407,-31.3179931640625,0.0,-27.683395385742188
12.1340625,759.0,0.8932806324110671,-13.434468412821271,7.121162307574201,-25.06766128540039,0.0,-11.431888580322266
1.8199375,114.0,0.8859649122807017,-10.33997928506077,9.689729594967153,-27.970420837402344,0.0,-5.931709289550781
3.9764375,249.0,0.8835341365461847,-12.014018908413972,9.49848466090432,-27.833852767944336,0.0,-8.126714706420898
1.6299375,102.0,0.8823529411764706,-11.101087951660157,7.99567369240864,-24.872879028320312,0.0,-13.863693237304688
11.0399375,690.0,0.9,-13.782290606107113,6.280760795253658,-30.548969268798828,0.0,-13.19093418121338
2.816625,177.0,0.8926553672316384,-11.068073164058635,9.973329499397243,-36.629207611083984,0.0,-6.895709037780762
2.6799375,168.0,0.8809523809523809,-17.062451620359678,9.951538578801191,-30.899578094482425,0.0,-13.588752746582031
6.0199375,377.0,0.8938992042440318,-15.604087031559704,10.062237723034034,-31.321218490600582,0.0,-12.001386642456056
2.2679375,142.0,0.8873239436619719,-16.13356447976733,4.752239044419497,-18.98681259155273,0.0,-17.86400032043457
5.4799375,343.0,0.8979591836734694,-16.887566702706472,9.623791471858333,-29.864789962768555,0.0,-15.09967803955078
3.25,204.0,0.75,-12.275125628203348,10.68275326536867,-39.95309448242188,0.0,-8.267911911010742
3.632,228.0,0.868421052631579,-18.15101211239593,11.096972763787155,-34.86881256103516,0.0,-16.574541091918945
2.7475,172.0,0.872093023255814,-12.181063296000165,7.835514492078041,-26.23806571960449,0.0,-11.490047454833984
2.3415625,147.0,0.8843537414965986,-15.8846071096567,8.19966249069388,-23.867938995361328,0.0,-19.37527275085449
1.49,94.0,0.8936170212765957,-7.3744792484101795,3.9181113430460415,-11.914844512939451,0.0,-8.865667343139648
4.98,312.0,0.8974358974358975,-8.431238835198538,6.469851168132062,-29.862459182739254,0.0,-6.670085906982422
2.2899375,144.0,0.8958333333333334,-10.320265052854552,7.604077313208741,-24.07233238220215,0.0,-7.355401992797852
1.9399375,122.0,0.8934426229508197,-16.88336447619517,8.830484331159926,-26.420482635498047,0.0,-20.08008575439453
6.91,432.0,0.8981481481481481,-9.218814992413078,4.829000966825018,-19.71406555175781,0.0,-8.956985473632812
8.0061875,501.0,0.9001996007984032,-15.491629479994002,9.468192754016371,-27.61090850830078,0.0,-14.49676513671875
10.6875,668.0,0.8997005988023952,-13.526086169352348,6.16736489644152,-25.43053436279297,0.0,-13.499309539794922
2.859125,179.0,0.8938547486033519,-17.544140791893007,5.902615838941417,-21.832542419433597,0.0,-20.25299644470215
3.1599375,198.0,0.8888888888888888,-8.73523916981437,5.368077813999719,-23.86612701416016,0.0,-8.69091796875
5.25,329.0,0.8936170212765957,-18.273025850049493,8.208435112063459,-26.664804458618164,0.0,-22.19712257385254
14.25,891.0,0.898989898989899,-5.287188333369671,3.51005503390406,-13.320900917053224,0.0,-4.314366340637207
3.25,204.0,0.8970588235294118,-19.892049122377824,11.560051684146837,-33.55788803100586,0.0,-26.44162368774414
7.8479375,491.0,0.890020366598778,-11.214558389694249,6.724182146874937,-25.966323852539062,0.0,-10.062545776367188
8.62,539.0,0.8849721706864564,-15.272267839443758,8.023947474451216,-24.73147201538086,0.0,-16.311908721923828
2.4799375,155.0,0.864516129032258,-13.906891922452555,10.690214909314689,-32.877803802490234,0.0,-10.527974128723145
1.74,109.0,0.8990825688073395,-20.769744328090123,12.44102017859851,-35.92277908325195,0.0,-22.847003936767575
6.56,411.0,0.8953771289537713,-13.42097230579542,9.313956519280902,-34.52707290649414,0.0,-11.32420825958252
6.8899375,431.0,0.8955916473317865,-14.726406028233662,8.791738152770925,-26.83719062805176,0.0,-11.367259979248049
2.2540625,141.0,0.8936170212765957,-19.575164068312876,6.182448269214987,-23.266632080078125,0.0,-21.895971298217773
3.93,246.0,0.8983739837398373,-11.333768188683695,8.676690640865255,-31.88201141357422,0.0,-8.465974807739258
5.88875,369.0,0.8997289972899729,-5.652527487421611,3.020462707043575,-12.112876892089844,0.0,-5.279197692871094
2.4799375,155.0,0.896774193548387,-12.053021767156586,9.12255959526633,-27.735286712646484,0.0,-10.418590545654297
1.8999375,119.0,0.8991596638655462,-8.090705015949,4.3580683331797925,-16.46141815185547,0.0,-6.94244384765625
6.5125625,408.0,0.8946078431372549,-16.393973980211232,7.245785465296261,-31.76615524291992,0.0,-16.410938262939453
1.66,104.0,0.8942307692307693,-7.737849943099484,2.910553552098304,-10.63153839111328,0.0,-9.121574401855469
5.73,359.0,0.8997214484679665,-14.512681199301138,5.919349916819459,-23.91545867919922,0.0,-14.691498756408691
1.855,116.0,0.8793103448275862,-15.879115347768746,6.978373289915781,-22.387683868408203,0.0,-19.823413848876957
3.93,246.0,0.8983739837398373,-11.005570642548989,5.842147095454918,-20.860509872436523,0.0,-12.300006866455078
9.1599375,573.0,0.893542757417103,-15.922005731612444,8.384678575437126,-29.48446083068848,0.0,-14.734786987304688
1.847,116.0,0.8793103448275862,-24.94218740276262,11.034732427388867,-33.60008239746094,0.0,-31.203413009643555
2.67,167.0,0.874251497005988,-11.386317690757856,9.02714465359572,-39.348289489746094,0.0,-8.558566093444824
10.8999375,682.0,0.8944281524926686,-14.244545911570064,8.359017015575015,-30.981264114379883,0.0,-12.400806427001951
2.8399375,178.0,0.898876404494382,-12.11051271557808,6.964735332700274,-23.56890869140625,0.0,-12.555549621582031
7.62,477.0,0.8972746331236897,-15.549419884369753,6.63969247910617,-29.10742950439453,0.0,-14.450794219970703
2.5799375,162.0,0.8950617283950617,-8.216560232228247,5.218295224022468,-21.22337532043457,0.0,-7.415105819702148
8.2190625,514.0,0.8988326848249028,-6.734772438610787,3.512238670943027,-16.927045822143555,0.0,-6.370128631591797
1.7799375,112.0,0.8928571428571429,-12.060154838562012,8.731555056599914,-27.03030586242676,0.0,-11.797056198120115
4.7699375,299.0,0.8996655518394648,-12.010098999760851,5.637899733450124,-22.091670989990234,0.0,-11.494751930236816
8.7599375,548.0,0.8996350364963503,-14.790459269200571,7.600850543623074,-35.35294723510742,0.0,-13.67392921447754
5.23,327.0,0.8990825688073395,-7.597277816461057,3.436097101760591,-17.515155792236328,0.0,-7.183605194091797
2.0399375,128.0,0.8984375,-10.904547102554984,7.063260188582013,-24.059131622314453,0.0,-8.965805053710938
1.6585625,104.0,0.8942307692307693,-13.74993800091487,8.019733846634566,-23.6084098815918,0.0,-16.745529174804688
1.8399375,115.0,0.8956521739130435,-9.14875786049852,8.169071108824742,-25.34444808959961,0.0,-5.026531219482422
1.28,81.0,0.9012345679012346,-18.17901530331128,10.461979603163806,-32.242698669433594,0.0,-19.80918502807617
5.2599375,329.0,0.8996960486322189,-7.282937571809098,4.529841516978125,-17.101743698120117,0.0,-5.707868576049805
2.00625,126.0,0.8888888888888888,-11.27123945099967,3.837202812795999,-14.496337890625,0.0,-12.799964904785156
2.25,141.0,0.900709219858156,-14.273188703642116,7.485523125868001,-22.352066040039062,0.0,-17.858840942382812
6.5199375,408.0,0.8921568627450981,-11.187930746392889,6.196598803118374,-27.407791137695312,0.0,-11.227750778198242
2.5239375,158.0,0.8987341772151899,-13.534981499255544,6.077655955064981,-18.236541748046875,0.0,-16.441743850708008
2.92,183.0,0.8907103825136612,-15.383698726724262,9.819827968031406,-28.24873352050781,0.0,-14.15054702758789
15.07,942.0,0.8959660297239915,-20.852211721700517,11.656261580648438,-36.79852294921875,0.0,-17.14056968688965
3.7085625,232.0,0.896551724137931,-9.022897958755491,5.1274707160829,-14.560565948486328,0.0,-12.647134780883787
1.2899375,81.0,0.9012345679012346,-5.526094567285825,2.7519124455533883,-9.621780395507812,0.0,-6.167266845703125
4.34,272.0,0.8970588235294118,-7.327165025179504,4.047115501577946,-20.51865768432617,0.0,-7.010110855102539
2.32625,146.0,0.8972602739726028,-10.961092999873271,7.096737381816217,-21.72034454345703,0.0,-8.80410385131836
11.85,741.0,0.9001349527665317,-10.884217229382743,5.531731740853155,-25.232240676879883,0.0,-9.889509201049805
3.7585,235.0,0.8978723404255319,-13.898166303951028,8.555210754291041,-35.345340728759766,0.0,-11.700702667236328
2.9599375,185.0,0.8810810810810811,-12.275829830052665,6.728823144730161,-26.90314292907715,0.0,-11.761056900024414
5.8525,366.0,0.8961748633879781,-12.364943167058431,7.822319102993072,-24.92504119873047,0.0,-11.129037857055664
3.453875,216.0,0.8981481481481481,-8.813774915085625,6.549135971592582,-18.611114501953125,0.0,-7.122224807739258
5.6399375,353.0,0.8980169971671388,-10.293860185785624,5.29218209817512,-21.623666763305664,0.0,-10.402772903442385
4.9174375,308.0,0.8928571428571429,-15.875076932040129,8.788265562885826,-25.822166442871094,0.0,-16.682445526123047
5.61,351.0,0.9002849002849003,-16.144873715654203,9.30121219441475,-33.03575134277344,0.0,-13.363664627075195
3.05,191.0,0.900523560209424,-16.610988129016963,9.981949016163764,-35.166259765625,0.0,-12.495831489562988
1.8399375,115.0,0.8956521739130435,-7.528340793350368,5.511055960374132,-17.336246490478516,0.0,-5.973224639892578
4.6899375,294.0,0.8843537414965986,-9.918847802969124,5.705201270701273,-16.903072357177734,0.0,-10.96806526184082
1.72,108.0,0.8981481481481481,-8.407553485988341,5.9274374375343415,-18.44731903076172,0.0,-6.168634414672852
4.7599375,298.0,0.8993288590604027,-12.27264973654676,7.103183819079701,-27.595197677612305,0.0,-10.667417526245115
2.86,179.0,0.8715083798882681,-16.32678074714465,10.472346172765626,-30.62484741210937,0.0,-14.834327697753906
2.68,168.0,0.8869047619047619,-17.84768034147736,12.466605528563212,-32.67274856567383,0.0,-17.619003295898438
1.49375,94.0,0.8936170212765957,-9.271410374414351,7.013285086656109,-21.640033721923828,0.0,-11.625823974609377
2.7975,175.0,0.8914285714285715,-11.224745438649103,7.564890404569739,-29.592227935791016,0.0,-9.387622833251951
8.1099375,507.0,0.8994082840236687,-13.307709944875617,7.952094166290012,-30.79145812988281,0.0,-11.856948852539062
1.9599375,123.0,0.8943089430894309,-17.973340780084783,10.956463081660235,-30.19071578979492,0.0,-18.721126556396484
2.90375,182.0,0.8956043956043956,-18.45263715170644,8.819110083369909,-28.261125564575195,0.0,-20.6280574798584
4.85,304.0,0.8947368421052632,-9.25577450499815,6.440346344913888,-29.615047454833984,0.0,-7.729494094848633
2.43,152.0,0.8947368421052632,-12.815676773295683,9.248529824107564,-32.161842346191406,0.0,-10.297508239746094
2.8899375,181.0,0.8176795580110497,-21.178950161547277,11.291941843735406,-39.45160675048828,0.0,-19.53516292572021
2.5299375,159.0,0.89937106918239,-12.260643645600004,5.837084481974776,-24.22246360778809,0.0,-10.946264266967772
3.4608125,217.0,0.8894009216589862,-18.76591312823518,8.568561815162887,-26.935766220092773,0.0,-24.10453987121582
5.87,367.0,0.8991825613079019,-13.918482338298451,6.0644603241839965,-26.82642936706543,0.0,-13.859681129455566
4.8901875,306.0,0.8986928104575164,-8.488501080599699,4.10900031164176,-16.867416381835938,0.0,-7.734027862548828
2.64675,166.0,0.8975903614457831,-24.74434851319998,11.099391242840932,-33.79431915283203,0.0,-31.453691482543945
4.1554375,260.0,0.8923076923076924,-10.422234025494806,6.738227633885729,-27.41423797607422,0.0,-8.997919082641602
6.7124375,420.0,0.9,-12.433013063259226,5.4025111932661725,-26.04875373840332,0.0,-12.199203491210938
5.98925,375.0,0.8986666666666666,-12.780825080079213,9.301846272067609,-30.906496047973636,0.0,-10.066171646118164
3.191875,200.0,0.76,-15.764836455646314,11.189006058754476,-39.7557258605957,0.0,-13.131381034851074
19.5699375,1224.0,0.8986928104575164,-12.10778263612227,5.064141799221799,-24.525962829589844,0.0,-11.6365966796875
8.519875,533.0,0.8949343339587242,-15.180944338784528,8.057058465411046,-28.233627319335938,0.0,-13.830097198486328
14.8399375,928.0,0.8997844827586207,-16.0027750620585,8.711564777592606,-33.896034240722656,0.0,-14.196084976196287
3.958875,248.0,0.8991935483870968,-14.402097890195291,6.043963026181339,-24.524002075195312,0.0,-14.92299747467041
17.710375,1107.0,0.8789521228545619,-17.828401866454136,7.769074728162298,-39.8699836730957,0.0,-16.283611297607422
10.1535,635.0,0.8992125984251969,-12.932503481462415,8.496086667446237,-36.528587341308594,0.0,-11.353252410888672
1.31,82.0,0.8902439024390244,-17.296157706273746,11.806502543013456,-30.48075485229492,0.0,-19.36449813842773
6.5749375,411.0,0.9002433090024331,-13.238557093852275,7.116559495537014,-27.79926300048828,0.0,-12.746427536010742
7.2,451.0,0.8980044345898004,-12.184582109804508,7.169774157318682,-31.912572860717773,0.0,-11.060766220092772
5.3963125,338.0,0.8994082840236687,-7.984575146122983,4.968236930212402,-19.37685775756836,0.0,-6.808958053588867
4.7911875,300.0,0.9,-10.023915870101364,6.331148730219212,-31.318490982055664,0.0,-8.01388931274414
2.9499375,185.0,0.8918918918918919,-9.049293714581117,7.626874168402301,-27.260150909423828,0.0,-6.201190948486328
11.99,750.0,0.896,-12.88662686802092,7.280970887919663,-28.32365608215332,0.0,-11.100446701049805
7.4483125,466.0,0.8733905579399142,-16.787001265354764,8.193146002567392,-39.92583847045898,0.0,-15.038692474365234
5.6878125,356.0,0.8960674157303371,-11.391514374544627,8.016838053345722,-24.93398666381836,0.0,-9.675407409667969
7.5799375,474.0,0.8987341772151899,-11.659618585882052,8.904723351620007,-39.03315734863281,0.0,-9.506967544555664
2.33,146.0,0.8972602739726028,-14.268188112564667,11.448755016298948,-31.861799240112305,0.0,-9.536958694458008
1.33425,84.0,0.8928571428571429,-12.574162038167318,4.44803834395391,-15.862586975097656,0.0,-14.124435424804688
4.693875,294.0,0.891156462585034,-16.876647912818967,7.54614836259909,-23.35794448852539,0.0,-21.68711853027344
2.6299375,165.0,0.896969696969697,-13.210030297975283,7.831927449300452,-28.74988174438477,0.0,-12.259916305541992
4.0775625,255.0,0.8941176470588236,-20.275122755452205,12.706085766648735,-35.19204330444336,0.0,-16.29486083984375
11.5899375,725.0,0.896551724137931,-19.39513529557448,9.27300104223368,-30.048175811767575,0.0,-23.15691947937012
12.5073125,782.0,0.8900255754475703,-13.986464656632522,9.286926527805615,-32.92647171020508,0.0,-10.629051208496094
5.4875,343.0,0.8892128279883382,-15.448093151655351,10.47172645840921,-31.57469749450684,0.0,-12.548269271850586
5.9914375,375.0,0.896,-16.8535121849605,8.84219280782881,-27.889423370361328,0.0,-15.921308517456056
8.18,512.0,0.89453125,-13.044385901705146,8.589097055221862,-30.89666748046875,0.0,-11.059202194213867
5.705,357.0,0.8991596638655462,-12.588379856953368,6.219438049899916,-23.599594116210938,0.0,-13.143095970153809
1.805,113.0,0.8938053097345132,-13.18262307950766,10.384054404140832,-28.271095275878903,0.0,-9.968929290771484
2.5,157.0,0.8853503184713376,-12.41713555425191,11.911736999953048,-36.42935943603516,0.0,-6.410125732421875
6.3499375,397.0,0.818639798488665,-15.84381571843074,7.602429284659179,-39.99629592895508,0.0,-14.75829029083252
5.5149375,345.0,0.8985507246376812,-16.705636252126386,7.078362528379458,-28.05996322631836,0.0,-15.439409255981444
11.41275,714.0,0.8991596638655462,-9.714789741135831,5.0596949816330765,-23.90532684326172,0.0,-9.033981323242188
8.01,501.0,0.9001996007984032,-11.630468228968178,7.1930041051536975,-31.23838424682617,0.0,-10.075653076171877
2.8199375,177.0,0.8983050847457628,-8.597935442654592,4.727106457249424,-14.171707153320312,0.0,-9.88690948486328
4.46,279.0,0.899641577060932,-21.69492052085846,10.641967068689326,-37.10050964355469,0.0,-22.96014213562012
5.91,370.0,0.9,-11.41693651926768,5.77590167276235,-24.704927444458008,0.0,-10.939569473266602
1.33,84.0,0.8928571428571429,-5.955536499023437,5.0561449059917205,-18.292564392089844,0.0,-4.166893005371094
6.4,401.0,0.8952618453865336,-17.186205021850245,12.075256495232484,-32.19530487060547,0.0,-12.156326293945312
6.8999375,432.0,0.8865740740740741,-18.05414717751446,11.36815377172014,-31.456832885742188,0.0,-19.38985061645508
1.6899375,106.0,0.8962264150943396,-8.773663731625206,5.992388637364034,-19.81506729125977,0.0,-7.463008880615234
2.17,136.0,0.8970588235294118,-7.032192667976755,4.485700170522958,-14.973281860351562,0.0,-5.490716934204102
3.0799375,193.0,0.6217616580310881,-13.698584365844727,10.669254624707005,-39.80022430419922,0.0,-10.868719100952148
4.54,284.0,0.897887323943662,-23.93848633111692,9.595361522566003,-31.72056579589844,0.0,-29.735774993896484
2.6,163.0,0.8957055214723927,-18.52953602516488,13.865074335281191,-39.31036376953125,0.0,-13.29802703857422
1.68,106.0,0.8867924528301887,-13.12333478318884,8.02574749988794,-24.496374130249023,0.0,-15.264209747314451
9.7535,610.0,0.8950819672131147,-21.011525465018583,9.263976535137688,-31.263729095458984,0.0,-24.568220138549805
11.8874375,743.0,0.892328398384926,-16.010329086856064,8.641296016985686,-29.811981201171875,0.0,-14.510135650634766
2.2524375,141.0,0.900709219858156,-10.51220536419726,5.714432186369167,-22.79302024841309,0.0,-9.672765731811523
2.68,168.0,0.8988095238095238,-10.450335167891142,9.019659680562455,-27.33857727050781,0.0,-5.733253479003906
6.2099375,389.0,0.8946015424164524,-12.838557243347168,10.810049119419665,-31.91632080078125,0.0,-7.920662879943848
16.15,1010.0,0.9,-13.525692581999287,6.9658453555224655,-31.84432411193848,0.0,-11.932260513305664
13.55,847.0,0.8996458087367178,-16.799994661426293,7.594616475370243,-35.075313568115234,0.0,-15.500896453857422
4.49,281.0,0.900355871886121,-15.14858983910602,5.457232708040481,-24.110027313232425,0.0,-15.6983642578125
3.6499375,229.0,0.8646288209606987,-16.962902512213198,11.733545414328184,-39.967281341552734,0.0,-14.42535400390625
5.056,317.0,0.889589905362776,-15.296582695440197,7.484524880642556,-26.268217086791992,0.0,-13.748712539672852
6.065125,380.0,0.8894736842105263,-13.49517528827374,7.278142837655588,-23.628433227539062,0.0,-13.61074447631836
1.2899375,81.0,0.9012345679012346,-13.76278592462409,8.80318716784593,-32.566829681396484,0.0,-11.334312438964844
3.854,241.0,0.8879668049792531,-15.41639857425868,8.9327956998343,-25.94955444335937,0.0,-15.939992904663086
6.8291875,427.0,0.892271662763466,-11.9068686317584,7.598673207476158,-26.87766456604004,0.0,-9.136770248413086
4.7780625,299.0,0.8862876254180602,-15.85499364025188,8.906811251642074,-28.591968536376957,0.0,-14.09372329711914
3.2,201.0,0.8805970149253731,-11.383506020583676,6.202908172121666,-19.27975845336914,0.0,-11.783870697021484
2.9713125,186.0,0.8978494623655914,-15.251922436103136,7.363495269589694,-21.158729553222656,0.0,-19.049793243408203
1.418125,89.0,0.898876404494382,-12.334492635726928,8.725866046837316,-24.49654769897461,0.0,-10.710025787353516
3.8299375,240.0,0.9,-10.44211333769339,7.165185988515307,-26.449954986572266,0.0,-8.31268310546875
1.2328125,78.0,0.8974358974358975,-6.763262612479074,6.060573466030685,-19.88710021972656,0.0,-4.542078018188477
1.5,94.0,0.8936170212765957,-8.130996249970936,5.708851904694744,-17.351032257080078,0.0,-8.508750915527344
9.74,609.0,0.8998357963875205,-14.38356419375343,5.955206470585156,-30.977840423583984,0.0,-14.435259819030762
4.1825,262.0,0.8778625954198473,-23.67691194285517,9.323238489585847,-30.276302337646484,0.0,-28.151796340942383
4.3799375,274.0,0.8905109489051095,-17.694314706520956,9.903694006226829,-28.05783462524414,0.0,-21.928560256958008
4.92,308.0,0.8961038961038961,-15.36734784167746,8.56283989549169,-23.943675994873047,0.0,-20.48676872253418
3.2378125,203.0,0.8916256157635468,-14.57908628263526,9.654789103221503,-25.684345245361328,0.0,-12.866737365722656
3.07,192.0,0.8697916666666666,-14.399409242732796,8.958401077991208,-25.11045455932617,0.0,-14.496402740478516
5.39675,338.0,0.8964497041420119,-12.466119873248312,6.78523651742696,-20.18026733398437,0.0,-14.24151611328125
2.5699375,161.0,0.9006211180124224,-10.90663659983668,6.778840919224052,-31.088661193847656,0.0,-9.798084259033203
14.1411875,884.0,0.8936651583710408,-12.984780280197723,5.63379743311567,-21.0628662109375,0.0,-12.358270645141602
14.02575,877.0,0.7730900798175598,-18.76658415161403,9.0621945008881,-39.91767120361328,0.0,-18.569948196411133
5.9599375,373.0,0.8981233243967829,-13.134213922984564,8.661876808263568,-33.89484024047852,0.0,-10.32146453857422
10.6999375,669.0,0.8998505231689088,-11.484846393927388,6.399815474977684,-28.94413948059082,0.0,-10.738101959228516
1.74,109.0,0.8990825688073395,-11.498002543741343,9.777779409216278,-34.877288818359375,0.0,-6.879202365875244
2.014875,126.0,0.8968253968253969,-17.082190522050436,5.775603342794232,-20.52568817138672,0.0,-19.42627716064453
10.7975,675.0,0.8992592592592593,-15.587224910051072,8.563140296014403,-36.895301818847656,0.0,-15.662271499633787
7.07775,443.0,0.891647855530474,-18.344484218162822,9.95212219057882,-31.937911987304688,0.0,-18.716812133789062
3.4,213.0,0.8967136150234741,-11.093046977257853,6.187185821685177,-25.57021713256836,0.0,-10.184555053710938
1.8324375,115.0,0.8956521739130435,-20.0265428487537,13.383092032476544,-35.58987808227539,0.0,-26.91296768188477
4.14,259.0,0.8996138996138996,-12.92552918937585,6.042544939237285,-23.362632751464844,0.0,-14.089821815490724
7.6899375,481.0,0.9002079002079002,-11.27373793163696,6.762739009705304,-29.727819442749023,0.0,-10.274513244628906
4.1899375,262.0,0.8931297709923665,-12.049936653202415,7.271633004015469,-25.927993774414062,0.0,-11.151073455810549
2.6899375,169.0,0.8994082840236687,-8.701472960020366,6.349919846915137,-18.46462631225586,0.0,-7.424671173095703
3.0525,191.0,0.8848167539267016,-16.912698892446663,11.512373163389524,-38.36870574951172,0.0,-14.399688720703123
4.981875,312.0,0.8942307692307693,-7.87586183445428,3.949384693115823,-16.711002349853516,0.0,-7.379005432128906
1.8025,113.0,0.8849557522123894,-9.020809478759766,4.040640593403079,-13.09967041015625,0.0,-10.83991813659668
6.17,386.0,0.8937823834196891,-10.576702283776324,8.621182387189112,-24.3591423034668,0.0,-6.521816253662109
3.14,197.0,0.8984771573604061,-13.907114395314018,7.420069538657757,-26.546142578125,0.0,-12.6856689453125
7.8399375,490.0,0.8938775510204081,-14.468194985498576,5.831464903846158,-31.11872100830078,0.0,-13.393854141235352
4.05,254.0,0.8976377952755905,-11.135462300819263,6.314345003664756,-22.11538314819336,0.0,-11.909219741821287
3.02975,190.0,0.8789473684210526,-12.93555726833686,6.596607423776694,-18.31597328186035,0.0,-16.86406135559082
3.296375,207.0,0.8888888888888888,-16.45786039725594,10.590287633824548,-31.268535614013672,0.0,-13.823423385620115
13.569875,849.0,0.8963486454652533,-14.897424068776756,7.950600224416853,-35.93366622924805,0.0,-12.770137786865234
2.795,175.0,0.8971428571428571,-10.619166040116816,4.7627298377115626,-14.169265747070312,0.0,-13.283672332763672
3.79,237.0,0.8987341772151899,-13.692589755349315,6.804242503202948,-26.740760803222656,0.0,-13.34109878540039
2.7099375,170.0,0.9,-13.374102100048187,10.72756498532738,-37.68395233154297,0.0,-10.713247299194336
15.6841875,981.0,0.8766564729867482,-17.27256660572318,10.43370090802171,-39.94759368896485,0.0,-14.231414794921877
4.8299375,302.0,0.8973509933774835,-15.366173501384214,8.174844963055058,-31.77568626403809,0.0,-15.564538955688477
3.0885,194.0,0.8969072164948454,-21.74053786266809,11.62092456074254,-34.40230941772461,0.0,-24.68453025817871
4.6914375,294.0,0.891156462585034,-7.090838687110494,3.547260872286809,-14.04024887084961,0.0,-6.762764930725098
2.0730625,130.0,0.9,-11.326516567132412,4.10056393339237,-14.829204559326172,0.0,-13.24896240234375
3.7799375,237.0,0.8987341772151899,-12.84861585232014,7.417737451771224,-21.206478118896484,0.0,-15.368541717529297
7.27,455.0,0.8989010989010989,-7.019440172936922,3.439134848655038,-13.668678283691406,0.0,-6.902332305908203
4.0039375,251.0,0.8804780876494024,-14.954291002782762,7.6008437467552605,-28.026397705078125,0.0,-13.626117706298828
3.0,188.0,0.898936170212766,-13.6348087829951,10.811555210862982,-28.80902862548828,0.0,-7.385746002197266
3.9509375,247.0,0.8906882591093117,-14.808318640969016,8.17885668837937,-24.232574462890625,0.0,-17.293092727661133
12.732375,796.0,0.8994974874371859,-8.865596797879181,4.048703507121302,-18.593402862548828,0.0,-8.599542617797852
3.49,219.0,0.8995433789954338,-12.429287140744592,6.841162677577138,-30.84416389465332,0.0,-12.063539505004885
3.33,209.0,0.8995215311004785,-10.316998015058802,5.033733539484148,-19.59769058227539,0.0,-9.865137100219728
3.4199375,214.0,0.897196261682243,-11.268868088722227,5.875833695997522,-20.19037628173828,0.0,-12.49236297607422
1.9674375,123.0,0.8780487804878049,-17.568036132388645,11.97146880669446,-31.26681900024414,0.0,-20.959959030151367
1.87,117.0,0.8888888888888888,-11.647530665764442,8.680862713805293,-29.33086204528809,0.0,-9.417537689208984
9.3799375,587.0,0.899488926746167,-10.540635142588254,8.01406161734829,-31.770994186401367,0.0,-7.494956493377685
0.7599375,48.0,0.8958333333333334,-18.29730708100075,11.230293465627058,-32.185035705566406,0.0,-24.219276428222656
3.084125,193.0,0.8911917098445595,-16.314011662505393,9.681955157995365,-26.58408737182617,0.0,-18.84832572937012
2.32575,146.0,0.8972602739726028,-14.938806650292785,11.0951812999322,-31.7504997253418,0.0,-12.53812026977539
14.5699375,911.0,0.8968166849615807,-17.679910573410726,9.720790766675265,-35.31300354003906,0.0,-14.40981674194336
5.0241875,315.0,0.8984126984126984,-8.589768824223494,3.750713946975963,-14.820833206176758,0.0,-9.307695388793944
1.68,106.0,0.8584905660377359,-12.041480850387403,8.53660660696612,-26.05453872680664,0.0,-10.69402313232422
5.6899375,356.0,0.898876404494382,-9.24815512895584,4.854435371870124,-21.157012939453125,0.0,-8.460685729980469
2.6999375,169.0,0.8816568047337278,-19.980426276290174,9.441201796416728,-30.52357292175293,0.0,-20.65226554870605
3.93,246.0,0.8902439024390244,-12.031274220714833,6.7359933834140895,-26.544017791748047,0.0,-11.52764892578125
1.6299375,102.0,0.8823529411764706,-10.266709984673394,7.087345076084631,-28.90307235717773,0.0,-10.398778915405272
2.62,164.0,0.8963414634146342,-11.57169060480027,5.817767628190479,-24.29806327819824,0.0,-10.368654251098633
3.34,209.0,0.8995215311004785,-12.25357032329478,5.623648734880851,-21.45236587524414,0.0,-12.83778953552246
3.789375,237.0,0.8987341772151899,-10.511853974749783,3.561809206876249,-16.427371978759766,0.0,-11.4096040725708
1.9399375,122.0,0.8934426229508197,-13.24332942437688,9.845167991848092,-30.731786727905277,0.0,-9.438215255737305
1.371375,86.0,0.8953488372093024,-3.9713233353255633,3.992490045314912,-16.537208557128906,0.0,-2.6344871520996094
6.1254375,383.0,0.8851174934725848,-23.94810615246978,9.589059944495142,-30.47598648071289,0.0,-28.99671936035156
1.79,112.0,0.8839285714285714,-6.017702892573193,2.75740163442801,-9.869266510009766,0.0,-6.731224060058594
1.4399375,90.0,0.9,-14.8023781011134,5.701198691362286,-18.577259063720703,0.0,-17.508129119873047
3.5199375,220.0,0.6045454545454545,-12.708308076499996,8.010999714884862,-39.78790283203125,0.0,-11.192334175109863
5.2990625,332.0,0.891566265060241,-12.174411071313394,8.14084244214346,-29.66943359375,0.0,-10.875371932983398
2.7590625,173.0,0.884393063583815,-7.702864977269391,2.9267725627873364,-11.03704071044922,0.0,-8.805030822753906
2.4614375,154.0,0.8896103896103896,-16.07994888472731,9.35950751323344,-27.58381462097168,0.0,-16.48149299621582
3.81,239.0,0.891213389121339,-12.787965774536133,6.024740041774896,-22.40686416625977,0.0,-12.82754898071289
4.87,305.0,0.8885245901639345,-17.761158524404152,9.924390370455848,-26.49987030029297,0.0,-24.58757781982422
2.2874375,143.0,0.8741258741258742,-9.715796203613282,4.197610785400348,-13.370800018310549,0.0,-12.353721618652344
4.452625,279.0,0.899641577060932,-12.194708501200276,7.20818250649747,-25.645431518554688,0.0,-10.69449234008789
4.98,312.0,0.8974358974358975,-17.34939475740705,11.676268420964744,-38.06803131103516,0.0,-13.48756217956543
2.27,142.0,0.8943661971830986,-9.765971686896377,4.872613053938496,-16.727245330810547,0.0,-9.473388671875
7.5450625,472.0,0.8961864406779662,-12.966998968282208,9.15323250245348,-31.975690841674805,0.0,-10.99277114868164
3.00575,188.0,0.8829787234042553,-21.378358794982177,8.492891824577583,-29.286529541015625,0.0,-25.52129364013672
2.67,167.0,0.8862275449101796,-11.339943808478278,6.275573839721211,-21.870155334472656,0.0,-9.98760223388672
2.1099375,132.0,0.8939393939393939,-5.897958997952736,3.899467028813348,-20.5162296295166,0.0,-5.186960220336914
8.67,542.0,0.8985239852398524,-17.45171034262655,8.698639875545076,-29.638572692871094,0.0,-16.55469512939453
2.2199375,139.0,0.8992805755395683,-16.768902160644533,10.446612443399884,-28.62865829467773,0.0,-20.982345581054688
1.2,76.0,0.881578947368421,-14.595073956162182,7.048892209650478,-22.612070083618164,0.0,-17.826623916625977
4.2,263.0,0.8897338403041825,-6.827372445000543,4.525021864795776,-19.2692813873291,0.0,-5.18083381652832
2.014625,126.0,0.8968253968253969,-13.516952345856524,5.462876533834919,-17.53539276123047,0.0,-16.050025939941406
7.25,454.0,0.8876651982378855,-10.732698033524509,5.892987538672542,-31.17406272888184,0.0,-9.390275955200195
1.8899375,119.0,0.8991596638655462,-10.779363899587471,5.903140566199808,-22.31266593933105,0.0,-12.122602462768556
10.7674375,673.0,0.8974739970282318,-17.071600775055536,9.634648034015076,-29.354633331298828,0.0,-16.860078811645508
2.87,180.0,0.8944444444444445,-17.54070635019622,8.982200160602043,-25.95001220703125,0.0,-23.13891220092773
8.2725,518.0,0.8996138996138996,-17.87297161658946,9.261027129594948,-32.934410095214844,0.0,-17.6932430267334
4.9296875,309.0,0.8996763754045307,-15.217066312007766,10.37620775308969,-33.525726318359375,0.0,-10.420194625854492
6.15,385.0,0.8987012987012987,-12.11165460685774,7.122452966793389,-27.80015182495117,0.0,-10.35976219177246
6.6499375,416.0,0.8990384615384616,-10.182473549868334,7.18544562165379,-23.35264205932617,0.0,-7.257453918457031
2.0099375,126.0,0.8968253968253969,-6.592196776803616,3.604422104774448,-14.249805450439451,0.0,-6.616874694824219
1.99,125.0,0.872,-19.67750866041271,12.738724682695384,-38.87318420410156,0.0,-18.64607048034668
2.0801875,131.0,0.6335877862595419,-23.335293241294032,14.895601217273992,-39.55619812011719,0.0,-28.285348892211918
2.28,143.0,0.8811188811188811,-12.434333029247464,10.502069610287313,-31.07967185974121,0.0,-7.811639785766602
3.4399375,215.0,0.8883720930232558,-19.235786677655124,10.70483739971984,-37.71917724609375,0.0,-18.697206497192383
2.1,132.0,0.8939393939393939,-16.829735561952752,11.346462870403462,-35.78919982910156,0.0,-17.291208267211914
3.5299375,221.0,0.9004524886877828,-14.693605030002306,6.7110891238779615,-26.8311767578125,0.0,-14.442768096923828
2.7149375,170.0,0.8823529411764706,-10.387209167480467,6.703542238338133,-17.139678955078125,0.0,-15.006946563720703
3.05,191.0,0.8900523560209425,-7.021921449549058,5.573405756292456,-17.368106842041016,0.0,-4.853986740112305
6.0299375,377.0,0.8992042440318302,-14.536028515976088,7.98171333707704,-29.28847885131836,0.0,-14.778114318847656
1.2,76.0,0.8947368421052632,-16.541682159199436,12.830059050014288,-31.164871215820312,0.0,-16.667770385742188
4.85,304.0,0.8914473684210527,-12.661213202670051,11.221468559548406,-39.78952026367188,0.0,-8.828737258911133
0.9399375,59.0,0.847457627118644,-12.152785148620604,8.308245840265618,-26.93002319335937,0.0,-15.122230529785156
3.9614375,248.0,0.8911290322580645,-14.70198051314548,8.50094457901665,-32.81618881225586,0.0,-12.425666809082031
1.772625,111.0,0.9009009009009008,-10.98639087677002,6.269350365417929,-21.16394805908203,0.0,-10.329877853393556
3.3799375,212.0,0.8867924528301887,-12.560999545645206,8.017974102234774,-26.42273330688477,0.0,-10.62490463256836
17.2236875,1077.0,0.8969359331476323,-22.34239955767835,8.05838752308862,-37.51878356933594,0.0,-20.54620742797852
2.1675,136.0,0.8897058823529411,-15.204546810181672,7.543143715690855,-20.871482849121094,0.0,-19.66028213500977
5.92,371.0,0.889487870619946,-16.336531725796785,6.670464298447054,-24.428062438964844,0.0,-18.503623962402344
2.8799375,180.0,0.9,-14.748968418733574,9.530642545557148,-34.9273796081543,0.0,-13.931344032287598
5.1599375,323.0,0.8978328173374613,-9.28157507140061,3.995995121716348,-17.670799255371094,0.0,-9.631173133850098
1.33,84.0,0.8928571428571429,-10.188641560872396,5.670958988188952,-16.98209571838379,0.0,-12.667631149291992
3.28,206.0,0.8980582524271845,-22.52371890093829,11.168719733930216,-38.180320739746094,0.0,-21.346275329589844
4.06575,255.0,0.8941176470588236,-17.588176476327998,8.416000648212483,-26.0000114440918,0.0,-22.52636337280273
2.3725,149.0,0.8926174496644296,-15.073017206407131,9.19454681621082,-30.29269027709961,0.0,-14.881874084472656
10.07,630.0,0.8857142857142857,-17.851984143684415,10.72454007418949,-34.49892807006836,0.0,-14.757074356079102
2.8899375,181.0,0.8895027624309392,-15.37356020056683,8.74935058521593,-26.185768127441406,0.0,-16.635330200195312
5.23,327.0,0.8990825688073395,-9.34782530336964,4.848915594593569,-24.810546875,0.0,-8.778076171875
1.90875,120.0,0.9,-5.855650795830621,2.8028075527602545,-10.88333511352539,0.0,-5.7123565673828125
1.3549375,85.0,0.8823529411764706,-7.676192576090495,3.384830966320868,-10.399219512939451,0.0,-9.565391540527344
7.8,488.0,0.8995901639344263,-10.571508494487928,7.875396763948176,-32.62841796875,0.0,-8.283597946166992
1.753625,110.0,0.8909090909090909,-22.092924215355698,12.787658967570858,-36.47070693969727,0.0,-25.136945724487305
1.93,121.0,0.8925619834710744,-14.136113202130351,10.85532150436484,-30.60099220275879,0.0,-10.80316925048828
4.79,300.0,0.8966666666666666,-8.203179355890777,5.527942601610823,-21.73352813720703,0.0,-7.205978393554687
2.27225,143.0,0.8811188811188811,-9.827585417126851,4.657382942220632,-19.858884811401367,0.0,-9.663150787353516
1.4199375,89.0,0.898876404494382,-25.456802320480342,13.646021857743772,-36.79079818725586,0.0,-34.816633224487305
4.148375,260.0,0.8923076923076924,-16.42961754470036,8.797187134626752,-36.615234375,0.0,-15.525453567504885
3.79,237.0,0.8818565400843882,-16.408451682642887,9.44860966874632,-26.50994873046875,0.0,-19.9346923828125
2.2899375,144.0,0.8958333333333334,-9.240041318789933,4.863106785920263,-18.43902587890625,0.0,-8.852325439453125
1.7699375,111.0,0.9009009009009008,-12.03158847808838,6.278184489959018,-24.51907730102539,0.0,-11.267993927001951
1.91,120.0,0.8916666666666667,-10.802916589184342,7.941421217068826,-25.41375160217285,0.0,-8.983217239379883
7.1310625,446.0,0.899103139013453,-16.69441894759561,9.316261353509738,-29.65345764160156,0.0,-16.5460205078125
5.68,356.0,0.898876404494382,-13.299355879426004,9.07581117668968,-37.23200607299805,0.0,-11.8547945022583
1.66,104.0,0.8942307692307693,-14.258084327943864,6.125444766782032,-20.827625274658203,0.0,-16.584285736083984
4.3675,273.0,0.8864468864468864,-14.619536967316934,5.535059897021464,-21.262666702270508,0.0,-16.199026107788086
2.1299375,134.0,0.8955223880597015,-10.066080093383787,7.678280496501817,-27.612964630126957,0.0,-7.388954162597656
2.1899375,137.0,0.8978102189781022,-13.462378370083444,9.44462941487489,-24.51647186279297,0.0,-12.793342590332031
3.546625,222.0,0.8963963963963963,-12.993107196673677,8.150685849990776,-25.054039001464844,0.0,-13.636573791503906
7.017125,439.0,0.89749430523918,-14.700277134851756,8.822632003127616,-28.957691192626957,0.0,-13.27104949951172
2.3028125,144.0,0.8958333333333334,-8.317467637764391,7.468812063346006,-22.76146697998047,0.0,-5.2440032958984375
1.73,109.0,0.8990825688073395,-16.068756025664662,11.417733411163796,-35.35984802246094,0.0,-13.78443717956543
1.0799375,68.0,0.8970588235294118,-12.630850276008982,8.46140254926841,-29.22987365722656,0.0,-12.50318717956543
2.7099375,170.0,0.9,-13.640965841954053,7.442502513219579,-25.206026077270508,0.0,-13.928888320922852
2.8799375,180.0,0.9,-16.007433126002184,8.924923636653853,-30.409847259521484,0.0,-12.90447235107422
1.36,86.0,0.8953488372093024,-16.514200037175957,9.277934654664111,-34.441795349121094,0.0,-15.731794357299805
5.3656875,336.0,0.8988095238095238,-6.100171202855394,3.2045909695337094,-15.485050201416016,0.0,-5.555627822875977
3.00375,188.0,0.898936170212766,-9.62793781348234,3.910369854556937,-17.170900344848633,0.0,-9.820402145385742
2.5299375,159.0,0.8930817610062893,-11.997070809485209,6.981333065543438,-26.72058486938477,0.0,-11.8973388671875
2.86,179.0,0.8994413407821229,-17.30304027344129,10.182946856750483,-28.275835037231445,0.0,-21.338476181030277
4.09,256.0,0.8984375,-20.047497525422468,8.810668520577778,-28.75588607788086,0.0,-22.876361846923828
5.263875,329.0,0.8996960486322189,-18.637353897094727,10.462557174913044,-31.346921920776367,0.0,-18.06438636779785
2.17,136.0,0.8970588235294118,-8.182252477426998,6.275123370109704,-28.71943473815918,0.0,-7.254543304443359
4.09,256.0,0.87109375,-18.439321765985188,11.249851344774596,-31.70535659790039,0.0,-18.06694793701172
2.7328125,171.0,0.9005847953216374,-10.422687703912908,4.821222490073784,-15.676868438720703,0.0,-13.281034469604492
10.4635,654.0,0.8990825688073395,-18.54209181402816,11.138778240298752,-34.43824768066406,0.0,-15.141496658325195
7.378875,462.0,0.8852813852813853,-20.43725286544389,12.259352054346872,-35.94549560546875,0.0,-17.626890182495117
2.435,153.0,0.8954248366013072,-14.518275546331475,10.001141592827096,-23.939472198486328,0.0,-21.31693649291992
1.07,67.0,0.8955223880597015,-5.710100936889648,4.559782890380558,-14.220592498779297,0.0,-4.353626251220703
1.15,72.0,0.8472222222222222,-13.30387478187436,7.882786150312311,-27.01651382446289,0.0,-13.552230834960938
1.31,82.0,0.8902439024390244,-7.505539358478703,4.307032605980214,-18.606029510498047,0.0,-7.661594390869141
2.4399375,153.0,0.8888888888888888,-15.015464376000796,8.652885632195083,-24.23491668701172,0.0,-20.829050064086918
8.785125,550.0,0.889090909090909,-13.264937976142868,7.380149557579025,-28.312408447265625,0.0,-11.999408721923828
5.6299375,352.0,0.8920454545454546,-10.037912040759045,5.640202813659848,-27.600252151489254,0.0,-8.572084426879883
3.44225,216.0,0.8703703703703703,-15.00299749983118,6.669971533086063,-21.23680877685547,0.0,-18.91359138488769
4.5,282.0,0.8971631205673759,-10.869591362391535,6.500475578426737,-23.7941837310791,0.0,-9.793645858764648
2.2849375,143.0,0.8671328671328671,-18.77329858656853,12.059886825160142,-37.10955810546875,0.0,-18.822383880615234
9.5,594.0,0.898989898989899,-11.334847750288716,7.043822400770429,-30.78182983398437,0.0,-9.584217071533203
5.1794375,324.0,0.8981481481481481,-12.477588116098516,4.634982843010034,-17.327007293701172,0.0,-14.532752990722656
3.62,227.0,0.8898678414096917,-10.739737170757634,6.83604695819178,-26.210697174072266,0.0,-9.105117797851562
2.8699375,180.0,0.8944444444444445,-11.95171950914845,4.2635702753004665,-15.14230728149414,0.0,-13.641582489013672
3.17,199.0,0.8994974874371859,-10.406410515641369,7.343471548705517,-22.41516494750977,0.0,-7.568683624267578
1.8259375,115.0,0.8782608695652174,-28.16783397032483,11.536604400170368,-36.6316032409668,0.0,-35.00968551635742
1.281,81.0,0.8765432098765432,-9.367075181343186,7.8103834276307555,-28.453258514404297,0.0,-5.595222473144531
4.1375,259.0,0.803088803088803,-16.347986439099678,8.801988468279433,-39.9472541809082,0.0,-15.55141258239746
2.3333125,146.0,0.8904109589041096,-12.524326588557315,7.642511454158946,-23.804908752441406,0.0,-11.689403533935549
4.28625,268.0,0.8955223880597015,-18.3908651192983,7.660777165843037,-23.86902618408203,0.0,-22.07810401916504
7.49,469.0,0.8997867803837953,-15.737015202147136,9.245426896487304,-34.971431732177734,0.0,-13.018465042114258
3.0045,188.0,0.8882978723404256,-11.779503462557308,6.301555453403503,-17.5645751953125,0.0,-15.950119018554688
11.6549375,729.0,0.8943758573388203,-11.692194763136788,6.060577266849887,-21.551681518554688,0.0,-10.976678848266602
12.87,805.0,0.8956521739130435,-15.028442483338504,6.57472140471619,-21.5312614440918,0.0,-19.04779815673828
4.1385625,259.0,0.8957528957528957,-14.792845709570525,6.651280325188261,-21.397762298583984,0.0,-18.199411392211918
6.2053125,388.0,0.8969072164948454,-20.973584509443963,13.09472725802914,-36.760887145996094,0.0,-19.767391204833984
2.67525,168.0,0.8928571428571429,-18.258659311930337,12.474558220119278,-33.354576110839844,0.0,-17.463537216186523
2.083125,131.0,0.900763358778626,-16.094769009089067,8.284483246037635,-22.933910369873047,0.0,-20.819610595703125
2.85,179.0,0.8994413407821229,-11.0048221564441,7.382782621533565,-20.674339294433597,0.0,-9.687335968017578
3.6374375,228.0,0.8903508771929824,-14.093309299111953,11.578343272689963,-33.913841247558594,0.0,-7.630559921264648
2.73875,172.0,0.8837209302325582,-6.371503277828819,3.309767477501843,-15.36446762084961,0.0,-6.265894889831543
2.0404375,128.0,0.8984375,-15.08748265142026,10.18346442937866,-26.04910659790039,0.0,-22.330406188964844
14.254,891.0,0.9001122334455668,-14.096266380272008,9.478572088312632,-31.934886932373047,0.0,-11.182722091674805
1.3899375,87.0,0.896551724137931,-11.67695783957457,4.593304673966794,-17.066604614257812,0.0,-13.039371490478516
2.8899375,181.0,0.9005524861878453,-19.31356561110795,11.879324170603654,-35.78933334350586,0.0,-17.884765625
3.79,237.0,0.8987341772151899,-11.154074655452243,8.616311734316957,-33.354488372802734,0.0,-8.487300872802734
6.2199375,389.0,0.8997429305912596,-16.489170815604073,8.692278029553094,-26.48245620727539,0.0,-17.87242317199707
4.475875,280.0,0.9,-6.773298059191022,4.125848751986136,-15.09615707397461,0.0,-6.029685974121094
2.4699375,155.0,0.896774193548387,-13.552539880327185,9.34612838283294,-33.59677505493164,0.0,-12.314186096191406
1.6750625,105.0,0.8952380952380953,-13.876893997192385,8.64879130188033,-27.50278854370117,0.0,-12.08566665649414
4.1676875,261.0,0.9003831417624522,-18.20895581346877,11.350862279684964,-34.21424865722656,0.0,-16.821186065673828
1.072875,68.0,0.8970588235294118,-12.312875216124487,7.212541409016758,-22.23894500732422,0.0,-13.745235443115234
15.1923125,950.0,0.8894736842105263,-18.394991446952144,8.179120190308224,-31.094032287597656,0.0,-16.446910858154297
3.9156875,245.0,0.8938775510204081,-15.94629125725733,7.477730143052359,-23.10538101196289,0.0,-19.95396041870117
2.3199375,145.0,0.896551724137931,-18.20408419095553,9.18755824696414,-29.141407012939453,0.0,-18.88496208190918
6.34,397.0,0.8992443324937027,-10.15702782425226,4.531435809833133,-25.706052780151367,0.0,-9.902067184448242
3.709125,232.0,0.896551724137931,-10.93346406863286,5.364403081952343,-16.1156005859375,0.0,-13.843217849731444
4.2099375,264.0,0.8939393939393939,-15.763549344014312,10.132059436527085,-37.47991943359375,0.0,-11.737098693847656
2.8,176.0,0.8863636363636364,-13.777063076312723,9.718074286533202,-33.93867492675781,0.0,-10.352021217346191
3.46,217.0,0.8986175115207373,-9.440915151742788,6.369844831147079,-26.18620491027832,0.0,-8.227502822875977
4.49,281.0,0.900355871886121,-6.342870478573524,4.062431099789245,-18.439197540283203,0.0,-5.341339111328125
4.1986875,263.0,0.8821292775665399,-14.234134493203,6.15213885759203,-21.169342041015625,0.0,-16.38579559326172
7.4699375,467.0,0.8993576017130621,-17.047680132729667,7.860293893174651,-34.00546646118164,0.0,-16.613006591796875
5.7069375,357.0,0.8991596638655462,-14.992793421878993,5.501901146283767,-27.94757652282715,0.0,-14.918905258178713
4.8899375,306.0,0.8921568627450981,-13.813975477393294,5.615232954140163,-23.95283889770508,0.0,-13.274295806884766
2.1245,133.0,0.8947368421052632,-12.296063142664291,6.971639438218586,-26.622535705566406,0.0,-10.57107925415039
3.3499375,210.0,0.8952380952380953,-16.928333069415803,10.07488537852194,-28.231300354003903,0.0,-18.406274795532227
2.8274375,177.0,0.8926553672316384,-12.966488958914068,7.58382815736895,-27.839771270751957,0.0,-11.684804916381836
5.82975,365.0,0.8958904109589041,-20.537963307231937,11.12113733110537,-31.48485565185547,0.0,-28.30089569091797
4.5099375,282.0,0.8936170212765957,-15.261195144956076,7.748607183482653,-23.54529571533203,0.0,-16.474403381347656
1.23,77.0,0.8961038961038961,-7.405734822370004,4.205092236344616,-17.599824905395508,0.0,-8.147470474243164
4.8199375,302.0,0.8973509933774835,-11.121213508268124,6.865870980453708,-34.29710388183594,0.0,-10.991765975952148
6.0,376.0,0.8909574468085106,-12.064177009240904,7.395197287123045,-28.329700469970703,0.0,-10.282020568847656
3.1099375,195.0,0.8974358974358975,-7.229417114257813,4.961315608479491,-18.274173736572266,0.0,-5.854763031005859
2.2804375,143.0,0.8951048951048951,-6.5055025070905685,3.620167793793224,-16.153179168701172,0.0,-6.227941513061523
4.1899375,262.0,0.8969465648854962,-11.262372654042345,8.552302699617803,-35.20600891113281,0.0,-8.421314239501953
1.85425,116.0,0.896551724137931,-8.235536722036509,3.3339241808080256,-12.50192642211914,0.0,-9.527294158935549
6.8999375,432.0,0.8958333333333334,-15.687628386248608,6.971732636794056,-30.56583404541016,0.0,-14.654295921325684
8.23,515.0,0.8951456310679612,-16.71755043596611,7.977059737226497,-33.73411178588867,0.0,-15.728463172912598
5.27,330.0,0.8939393939393939,-15.232189353037688,10.644315102221247,-34.65950393676758,0.0,-10.695232391357422
1.6399375,103.0,0.8932038834951457,-7.531943590744682,4.469946273308919,-16.236454010009766,0.0,-6.540254592895508
3.2101875,201.0,0.7064676616915423,-16.565383978292974,9.384814638646644,-38.61706161499024,0.0,-16.97515869140625
2.1599375,135.0,0.8814814814814815,-11.819645472935267,7.565880206924045,-33.35145568847656,0.0,-12.255596160888672
1.92,121.0,0.9008264462809916,-20.871292271745315,11.987949994576232,-33.773681640625,0.0,-28.142885208129883
3.14,197.0,0.8984771573604061,-6.334040571740792,3.89917524885799,-13.600387573242188,0.0,-5.736011505126953
11.2039375,701.0,0.891583452211127,-15.761695935058594,7.962192844851883,-27.16171646118164,0.0,-14.576736450195312
4.159125,260.0,0.9,-20.405101670159237,9.124435589585518,-34.782249450683594,0.0,-21.62290573120117
3.6299375,227.0,0.8942731277533039,-13.246211404283644,9.3116577072239,-32.57200622558594,0.0,-9.333481788635254
3.49,219.0,0.8949771689497716,-10.700532017921915,7.575529161088375,-20.89080810546875,0.0,-8.269754409790039
14.6225,914.0,0.8927789934354485,-17.505182642562716,8.134230793149081,-31.05295181274414,0.0,-16.6412353515625
4.09,256.0,0.8984375,-12.330248219033946,8.154437280919753,-30.33056640625,0.0,-9.711381912231444
4.625,290.0,0.9,-12.464033448376416,5.668196739844451,-25.698719024658203,0.0,-12.967906951904297
10.141875,634.0,0.8927444794952681,-16.900857005439462,9.811380264703198,-34.38365173339844,0.0,-14.424848556518556
3.7825,237.0,0.890295358649789,-12.68020586492891,6.034127721310049,-21.00225830078125,0.0,-12.271648406982422
10.4799375,655.0,0.8885496183206106,-18.3507985380507,9.141114189693583,-28.348773956298828,0.0,-23.429702758789062
2.9399375,184.0,0.8967391304347826,-10.601500193277994,6.442734698637763,-22.432159423828125,0.0,-10.410438537597656
3.17,199.0,0.7386934673366834,-12.753601165044875,9.731120849604936,-39.98538589477539,0.0,-9.46583652496338
2.5899375,162.0,0.8888888888888888,-20.125670539008247,10.157737372028004,-28.701967239379883,0.0,-27.066022872924805
12.501625,782.0,0.8989769820971867,-13.128866239089206,5.958181795181606,-25.04162979125977,0.0,-13.375072479248049
3.4675,217.0,0.8894009216589862,-9.205783646341432,6.768495396291642,-24.878387451171875,0.0,-8.30535888671875
2.985875,187.0,0.8823529411764706,-14.743054742524118,6.306881856352719,-22.168590545654297,0.0,-15.952198028564451
6.5,407.0,0.8992628992628993,-8.119206121059063,4.337939253167008,-18.14703750610352,0.0,-7.539640426635742
2.7799375,174.0,0.8793103448275862,-15.832736358143926,8.682820188666977,-30.69767189025879,0.0,-14.358339309692385
3.4019375,213.0,0.892018779342723,-10.033277491519325,4.705348300318674,-14.594646453857422,0.0,-12.72881317138672
5.0399375,315.0,0.8984126984126984,-23.74173471700176,9.966503816779,-34.903602600097656,0.0,-27.1009521484375
12.466125,780.0,0.8974358974358975,-16.755123770577566,8.676763632093289,-28.077587127685547,0.0,-17.07436752319336
1.28,81.0,0.8888888888888888,-6.018801477220324,4.037759650092792,-14.453651428222656,0.0,-5.125259399414063
7.5051875,470.0,0.9,-6.994471696533492,3.175396060255138,-13.806440353393556,0.0,-7.001379013061523
3.3525,210.0,0.9,-19.18802046397376,11.224549518566745,-32.25574493408203,0.0,-19.870864868164062
7.143875,447.0,0.8993288590604027,-26.917873294792365,13.296482810407824,-39.331817626953125,0.0,-34.32753944396973
8.3,519.0,0.8978805394990366,-12.63612442262183,9.447563454885383,-28.014116287231445,0.0,-8.899335861206055
4.49,281.0,0.900355871886121,-18.649512784754336,11.917487023695864,-39.57946395874024,0.0,-17.148101806640625
6.6899375,419.0,0.8997613365155132,-6.90426909955174,4.685387396639232,-19.361671447753903,0.0,-5.502002716064453
2.5995625,163.0,0.8957055214723927,-14.679922156137962,7.023789472060083,-21.415054321289062,0.0,-18.208423614501957
2.7099375,170.0,0.9,-9.511319877275454,5.2540738221604215,-17.96194076538086,0.0,-9.9783935546875
2.65925,167.0,0.8982035928143712,-8.844383862813315,5.797674496669662,-19.40365219116211,0.0,-8.625852584838867
1.37,86.0,0.8953488372093024,-7.706974970829951,5.930987921974754,-22.846027374267575,0.0,-6.410926818847656
4.79,300.0,0.8866666666666667,-9.35497268160483,4.836056261899995,-15.528976440429688,0.0,-9.317363739013672
2.23,140.0,0.9,-11.17604270813957,6.834042337733614,-21.49679183959961,0.0,-9.259403228759766
1.7099375,107.0,0.897196261682243,-10.622852981090546,7.352834490491203,-26.305479049682617,0.0,-9.474302291870115
5.714375,358.0,0.888268156424581,-13.72606065138331,9.784830683437102,-27.48628616333008,0.0,-10.830900192260742
8.877375,555.0,0.8954954954954955,-13.205216152567258,6.846581298218846,-33.585662841796875,0.0,-12.336885452270508
2.5299375,159.0,0.6289308176100629,-17.558532371520997,12.950652694297796,-39.81796646118164,0.0,-12.655022621154783
2.4015,151.0,0.8874172185430463,-12.864970933145552,5.87171284821046,-19.09307861328125,0.0,-13.520912170410156
2.74,172.0,0.8953488372093024,-18.16214674169367,8.684817403090696,-31.60448837280273,0.0,-17.14142417907715
2.73,171.0,0.8947368421052632,-11.641120387058631,8.829666779777599,-25.414705276489254,0.0,-8.310678482055664
4.1809375,262.0,0.8893129770992366,-15.040696369220258,9.115123733900631,-30.6530876159668,0.0,-11.919319152832031
1.0299375,65.0,0.8923076923076924,-12.394566766146957,7.493113164184106,-21.648357391357425,0.0,-14.549680709838867
1.4174375,89.0,0.8876404494382022,-7.504639879057679,5.097906061947778,-15.880325317382812,0.0,-5.977508544921875
5.6999375,357.0,0.8935574229691877,-10.464678677645596,7.520614532049215,-34.072845458984375,0.0,-8.680000305175781
2.2180625,139.0,0.8920863309352518,-19.479022364462576,7.773830675278385,-24.886211395263672,0.0,-23.246353149414062
3.66,229.0,0.8995633187772926,-11.04735265194791,5.9400392336478856,-22.8794059753418,0.0,-10.331673622131348
5.92,371.0,0.8867924528301887,-16.36830184959713,8.976734047522324,-30.28106117248535,0.0,-15.553743362426758
3.0,188.0,0.898936170212766,-8.930509420541616,6.550822726326267,-27.775535583496094,0.0,-7.436882019042969
2.8399375,178.0,0.898876404494382,-7.740588164329528,3.5441556626846515,-15.25640106201172,0.0,-7.494592666625977
1.15,72.0,0.8888888888888888,-6.920600920915604,5.117980076081813,-17.924413681030273,0.0,-6.169448852539063
9.59775,600.0,0.8966666666666666,-19.26719551724572,9.427628304949344,-31.204191207885746,0.0,-17.215364456176758
5.72,358.0,0.8994413407821229,-11.899185109582747,5.753885692928407,-28.598657608032227,0.0,-11.428092956542969
4.31,270.0,0.9,-8.847464761616271,4.942777803912431,-20.02728080749512,0.0,-7.750123977661133
1.97,124.0,0.8951612903225806,-27.26887165103947,15.060686937124196,-39.9918327331543,0.0,-36.66852188110352
2.766875,173.0,0.8786127167630058,-14.63935058995297,9.478011634416095,-24.882509231567383,0.0,-18.472694396972656
7.660625,479.0,0.8997912317327766,-15.641103005464558,7.620041145349708,-31.937353134155277,0.0,-13.743314743041992
5.0299375,315.0,0.8984126984126984,-11.80378684053994,6.42716897190788,-28.183818817138672,0.0,-10.802230834960938
3.9913125,250.0,0.892,-8.042109160145301,2.424277259220305,-10.363723754882812,0.0,-8.855476379394531
3.74,234.0,0.8931623931623932,-10.16190558073053,4.75442061708964,-19.919572830200195,0.0,-10.601713180541992
1.9948125,125.0,0.872,-12.643055662102656,5.9031752625066725,-19.038536071777344,0.0,-15.611701965332031
1.753375,110.0,0.9,-14.030279564135002,10.300078944095626,-27.499298095703125,0.0,-10.729598999023438
5.6899375,356.0,0.898876404494382,-9.44558681845665,4.81091704694526,-20.718324661254883,0.0,-9.44870376586914
3.86,242.0,0.8966942148760331,-12.496425848402737,7.612660247828775,-28.11481475830078,0.0,-12.94446086883545
4.6396875,290.0,0.8931034482758621,-13.59282958277404,12.229406848780563,-29.651500701904297,0.0,-6.626655578613281
6.2899375,394.0,0.8934010152284264,-11.728643081404948,6.012363603561084,-19.85741424560547,0.0,-11.823612213134766
5.7599375,360.0,0.8972222222222223,-16.59850609487055,11.175335782979388,-38.22512435913086,0.0,-12.3284273147583
2.73675,172.0,0.8953488372093024,-8.600190509449352,5.284672311683022,-19.96353912353516,0.0,-7.069911956787109
7.3499375,460.0,0.9,-8.871066429764753,4.919850077211643,-19.600608825683597,0.0,-8.581153869628906
2.46,154.0,0.8961038961038961,-9.964228243067645,5.6845231071121365,-20.21202087402344,0.0,-8.373043060302734
3.9775,249.0,0.891566265060241,-16.67236470531773,12.4518090377451,-39.97693634033203,0.0,-11.168845176696776
2.9024375,182.0,0.8956043956043956,-12.914597248007183,8.05923908397158,-28.3267822265625,0.0,-13.042640686035156
7.99,500.0,0.9,-14.84242236243354,8.183263938155422,-33.07729721069336,0.0,-13.169598579406738
4.6759375,293.0,0.8976109215017065,-13.949685854603583,8.90070534563452,-25.392539978027344,0.0,-14.548667907714844
5.52475,346.0,0.8815028901734104,-18.012189002115218,12.710534915262024,-35.23565673828125,0.0,-13.696495056152344
1.6,101.0,0.900990099009901,-13.267148426600864,7.523166407413133,-22.246044158935547,0.0,-15.805500030517578
8.3799375,524.0,0.8893129770992366,-13.70493513524788,8.011414766391608,-28.434568405151367,0.0,-11.901849746704102
2.5699375,161.0,0.9006211180124224,-10.715598093230147,7.890777209616615,-28.25078773498535,0.0,-8.177310943603516
1.2099375,76.0,0.8947368421052632,-8.756800174713135,5.0806963182783935,-17.222566604614258,0.0,-8.906200408935547
7.97,499.0,0.8997995991983968,-16.338686108323675,10.55247488932229,-37.92861175537109,0.0,-12.320959091186523
3.9135,245.0,0.8979591836734694,-15.98766032999212,8.349946991681673,-28.03738784790039,0.0,-16.174013137817383
3.5299375,221.0,0.8959276018099548,-7.897136717131644,6.688526669076495,-27.53934860229492,0.0,-5.6625165939331055
11.4875,718.0,0.8997214484679665,-13.115625467831874,8.04068152760556,-39.30492782592773,0.0,-11.2086763381958
2.6499375,166.0,0.8975903614457831,-15.94311897226628,12.995746263430007,-36.83601379394531,0.0,-11.057552337646484
5.7180625,358.0,0.8910614525139665,-12.373004745913898,6.675119878666684,-22.74328994750977,0.0,-10.500362396240234
2.55,160.0,0.9,-6.673351446787517,4.79290456168569,-16.86728286743164,0.0,-4.7752838134765625
2.1299375,134.0,0.8955223880597015,-6.977094618479411,2.72829000572495,-9.773143768310549,0.0,-7.89006233215332
3.2601875,204.0,0.8872549019607843,-8.676043431403228,6.481895307422373,-20.987403869628903,0.0,-7.76312255859375
2.838,178.0,0.898876404494382,-14.99064267873764,10.042425515052228,-26.4038200378418,0.0,-17.27943992614746
3.303875,207.0,0.893719806763285,-16.835051057145403,8.972242662106327,-28.332748413085938,0.0,-15.29153823852539
1.6499375,104.0,0.8942307692307693,-13.915709013579994,8.480925614556176,-23.725208282470703,0.0,-11.83346176147461
22.52375,1408.0,0.8892045454545454,-17.523503318762245,8.699068939381034,-28.889318466186523,0.0,-18.630146026611328
3.6299375,227.0,0.8986784140969163,-11.389249128453873,6.848700910478494,-23.320640563964844,0.0,-10.570962905883787
4.7190625,295.0,0.8983050847457628,-6.478220086727502,4.205155157885505,-17.984752655029297,0.0,-6.219764709472656
4.75,297.0,0.8956228956228957,-12.907315354598197,8.07589757278653,-31.19232940673828,0.0,-10.432624816894531
7.3155625,458.0,0.8973799126637555,-13.01708814987591,6.664865174885697,-29.67201232910156,0.0,-11.244281768798828
6.7799375,424.0,0.8985849056603774,-13.512809397980297,5.62796550517478,-22.690433502197266,0.0,-14.317300796508787
7.67,480.0,0.9,-15.772537174048248,7.076179049636158,-30.66701316833496,0.0,-15.10287857055664
2.9499375,185.0,0.8972972972972973,-19.041899945362506,13.19072971789845,-37.43859100341797,0.0,-21.04869270324707
4.66,292.0,0.8972602739726028,-14.759853943613647,8.698185623646111,-35.973812103271484,0.0,-12.121498107910156
2.73,171.0,0.9005847953216374,-17.317576507469276,9.391369835486412,-32.473087310791016,0.0,-16.676810264587402
2.43,152.0,0.881578947368421,-12.775353787550284,6.939207039377558,-19.82958984375,0.0,-17.201324462890625
2.5199375,158.0,0.8987341772151899,-4.3351602420000965,1.728760982988671,-6.905185699462891,0.0,-4.57136344909668
1.9599375,123.0,0.8861788617886179,-18.94393653169685,11.001912176868712,-30.77014923095703,0.0,-23.529205322265625
3.36,211.0,0.9004739336492891,-11.211422127171566,8.164331093870372,-24.14916229248047,0.0,-7.260345458984375
8.85,554.0,0.8989169675090253,-17.833778699239094,7.3316343971865505,-24.87610626220703,0.0,-22.269939422607425
2.5199375,158.0,0.8987341772151899,-10.831234972241898,6.283973544464491,-22.45206451416016,0.0,-8.64041519165039
7.8174375,489.0,0.8895705521472392,-15.312391474055149,8.055777656188427,-28.993408203125,0.0,-13.813091278076172
4.14,259.0,0.8996138996138996,-15.247692075410114,6.099100367427254,-20.64833068847656,0.0,-17.867504119873047
3.17,199.0,0.8994974874371859,-9.817137883362156,7.323978193396706,-25.30782699584961,0.0,-7.299884796142578
1.95475,123.0,0.8943089430894309,-10.66272752935236,8.656382630118799,-28.43933868408203,0.0,-8.416984558105469
6.3756875,399.0,0.899749373433584,-12.535853213254455,6.040049418831272,-20.61984634399414,0.0,-11.72430419921875
3.859125,242.0,0.8842975206611571,-15.652220592320525,9.309877140492947,-27.04607391357422,0.0,-11.19721794128418
3.2399375,203.0,0.896551724137931,-9.77347545833378,6.040259148720266,-24.53545570373535,0.0,-8.483377456665039
3.294875,206.0,0.8980582524271845,-11.909418714368666,7.121882160237704,-29.168405532836918,0.0,-12.328256607055664
2.21875,139.0,0.8992805755395683,-5.209993789672851,2.452001520570717,-9.972692489624023,0.0,-5.089971542358398
5.734625,359.0,0.8969359331476323,-24.165226480235223,9.843400736043677,-32.78795623779297,0.0,-30.191057205200195
2.16375,136.0,0.8823529411764706,-9.129856936136882,8.936211875291908,-27.31602478027344,0.0,-5.05299186706543
1.5299375,96.0,0.5833333333333334,-10.214852469308036,10.691183129644656,-39.77220916748047,0.0,-6.763991355895996
2.2599375,142.0,0.8943661971830986,-8.404789076076717,5.0505073173784965,-19.317420959472656,0.0,-8.094703674316406
3.6268125,227.0,0.8898678414096917,-13.296908048119876,5.110738068183081,-17.941146850585938,0.0,-16.446176528930664
1.1199375,70.0,0.9,-13.805409688798209,7.139154679232045,-21.219539642333984,0.0,-18.653125762939453
10.5,657.0,0.893455098934551,-18.89464158378224,9.638084495574132,-30.75078392028809,0.0,-18.76128578186035
9.2399375,578.0,0.8996539792387543,-14.79209116238814,6.703690411094303,-32.46931457519531,0.0,-14.569591522216797
3.36,211.0,0.8909952606635071,-12.70283429166104,7.868620315921614,-27.982755661010746,0.0,-14.319341659545898
4.75,297.0,0.898989898989899,-17.120623849304426,8.222616986946843,-34.96549987792969,0.0,-15.535825729370115
2.98,187.0,0.8983957219251337,-11.443497033346269,6.174680638943485,-22.08429908752441,0.0,-10.206823348999023
1.7699375,111.0,0.9009009009009008,-11.601892738342285,5.999049232210998,-18.367298126220703,0.0,-12.840755462646484
2.0930625,131.0,0.8931297709923665,-15.736661747989492,9.32460983172611,-29.40243148803711,0.0,-17.43408966064453
1.963,123.0,0.8943089430894309,-16.070330307700416,8.394613689557321,-25.86900329589844,0.0,-20.24569702148437
1.3025,82.0,0.8536585365853658,-19.27557239532471,9.928192889137431,-33.73469161987305,0.0,-21.902240753173828
1.8199375,114.0,0.8947368421052632,-12.213372062234315,8.137554698393695,-25.381824493408203,0.0,-11.060367584228516
1.5633125,98.0,0.8775510204081632,-5.318015187285667,4.3878330231124485,-16.3350887298584,0.0,-4.27284049987793
2.974125,186.0,0.8924731182795699,-20.041516016764813,6.477537342025035,-24.78085327148437,0.0,-22.68410301208496
3.391625,212.0,0.8867924528301887,-9.628857856101178,5.125408254076664,-14.526107788085938,0.0,-12.997739791870115
2.9458125,185.0,0.8864864864864865,-6.186595637623856,2.435635975992545,-8.633682250976562,0.0,-7.145353317260742
9.4699375,592.0,0.8952702702702703,-16.966789044074293,7.059799663250773,-22.837724685668945,0.0,-21.120037078857425
2.4399375,153.0,0.8954248366013072,-13.593092841823603,8.133066742056242,-31.728195190429688,0.0,-11.611526489257812
1.6899375,106.0,0.8962264150943396,-7.394497620432,4.811808190157012,-15.329654693603516,0.0,-7.225933074951172
3.5099375,220.0,0.9,-11.342809956483167,4.7371773157318895,-21.28876495361328,0.0,-11.121928215026855
3.87,242.0,0.8884297520661157,-16.091479465573332,11.68750292795208,-33.4342041015625,0.0,-11.7581787109375
4.7799375,299.0,0.8929765886287625,-14.487461925892347,12.259334244792504,-37.00805282592773,0.0,-9.220396041870115
1.4879375,93.0,0.8924731182795699,-17.437926418810004,8.474806038457825,-25.592649459838867,0.0,-22.972543716430664
3.8999375,244.0,0.8975409836065574,-11.429963987167568,8.193930357079344,-29.59035873413086,0.0,-9.290428161621094
3.2599375,204.0,0.8872549019607843,-10.1498361029019,5.139575883764219,-25.57851791381836,0.0,-9.647613525390623
2.36,148.0,0.8986486486486487,-10.075812605090608,6.795563361318047,-18.42246627807617,0.0,-8.147701263427734
3.4399375,215.0,0.8837209302325582,-20.066171545731397,11.69340833603335,-37.32747650146485,0.0,-21.113941192626957
15.1899375,950.0,0.8978947368421053,-18.828598744704323,8.664279425936932,-30.24627113342285,0.0,-18.42266273498535
5.966,373.0,0.8981233243967829,-14.38700883210595,7.154959630831935,-27.155914306640625,0.0,-13.731040954589844
2.8299375,177.0,0.8870056497175142,-12.931845780390844,8.350183248927806,-29.811504364013672,0.0,-11.109935760498049
2.315,145.0,0.896551724137931,-16.959207109304575,7.160819607573402,-27.287879943847656,0.0,-17.90675926208496
2.68,168.0,0.8988095238095238,-6.013967299303472,3.931521424967335,-15.624552726745604,0.0,-5.1619157791137695
8.6399375,540.0,0.9,-14.286753976296003,7.798368690923602,-34.078895568847656,0.0,-12.989662170410156
1.62,102.0,0.8725490196078431,-10.49914527207278,7.65547870902197,-27.38359642028809,0.0,-9.653669357299805
7.6999375,482.0,0.8983402489626556,-8.481703571028852,4.280200365038369,-19.13937759399414,0.0,-7.845977783203125
3.3499375,210.0,0.9,-9.304451997948702,6.2892957162977945,-24.848426818847656,0.0,-7.894981384277344
4.2596875,267.0,0.8913857677902621,-13.167872901724166,7.035364146796247,-20.515670776367188,0.0,-17.10028076171875
1.73,109.0,0.8990825688073395,-18.50086665640072,7.623529328283107,-26.81070327758789,0.0,-22.07598304748535
4.9399375,309.0,0.8964401294498382,-15.33985943570464,7.990013385487449,-23.460079193115234,0.0,-19.6589469909668
3.3143125,208.0,0.6875,-15.699657426847445,8.573426221097773,-39.47700500488281,0.0,-14.651713371276855
1.3199375,83.0,0.891566265060241,-14.329889142835462,12.12820441209251,-36.59311676025391,0.0,-9.906188011169434
2.99,187.0,0.8983957219251337,-13.732429334095546,7.654608466561832,-29.665019989013672,0.0,-13.748613357543944
2.23,140.0,0.9,-15.207929686894492,8.467647485173195,-35.040550231933594,0.0,-13.567370414733888
5.5799375,349.0,0.8997134670487106,-12.5077438233005,7.246792079969992,-27.14219665527344,0.0,-11.421552658081056
15.8556875,991.0,0.900100908173562,-14.945412141859798,7.393781404242499,-35.858551025390625,0.0,-13.029380798339844
4.2199375,264.0,0.8977272727272727,-6.416311763006926,4.263614161095538,-22.37346649169922,0.0,-5.500007629394531
1.8,113.0,0.8938053097345132,-9.829093045527392,6.548042212950062,-23.593944549560547,0.0,-9.427536010742188
2.81675,177.0,0.8983050847457628,-11.541107813517252,4.842435352896168,-22.91791534423828,0.0,-10.759040832519531
2.1599375,135.0,0.8962962962962963,-15.120319086658068,11.147045202656065,-34.9273567199707,0.0,-11.743271827697754
11.0299375,690.0,0.8971014492753623,-18.961804887589807,7.250975821654263,-25.881351470947266,0.0,-23.038379669189453
1.7699375,111.0,0.9009009009009008,-13.05838327407837,7.784459419024275,-24.369855880737305,0.0,-13.264923095703123
3.8075,238.0,0.8991596638655462,-11.259972322767029,6.747160114510004,-27.4312744140625,0.0,-9.690326690673828
2.4025,151.0,0.8874172185430463,-13.219777235344274,6.005998935937822,-26.598709106445312,0.0,-14.385026931762695
5.2599375,329.0,0.8996960486322189,-11.89889528300311,6.087656952722271,-22.33649444580078,0.0,-10.703431129455566
5.6155,351.0,0.8746438746438746,-10.291021738456203,6.44377932660093,-18.422584533691406,0.0,-11.547477722167969
2.752,173.0,0.8901734104046243,-12.029912477963933,7.13939163323622,-26.268102645874023,0.0,-10.911212921142578
6.8999375,432.0,0.8842592592592593,-11.279856397219351,4.93348096043959,-18.88074111938477,0.0,-11.29261589050293
8.2925,519.0,0.8959537572254336,-21.163780712824995,9.185208038464657,-30.56692695617676,0.0,-25.511598587036133
7.5,469.0,0.8997867803837953,-11.5201598614878,6.400983483147761,-26.98598861694336,0.0,-10.662020683288574
5.8799375,368.0,0.8913043478260869,-24.60700183379941,11.016780966591444,-38.071998596191406,0.0,-26.462547302246094
6.4799375,405.0,0.8987654320987655,-14.153769613622307,8.433721394210021,-37.73552703857422,0.0,-12.251306533813477
1.8999375,119.0,0.8991596638655462,-8.976960191102785,9.548164637687297,-32.99739456176758,0.0,-4.428455352783203
1.7724375,111.0,0.8918918918918919,-10.7294627680923,8.39633654191419,-28.691680908203125,0.0,-7.951202392578125
3.4199375,214.0,0.883177570093458,-10.04466090126643,8.622435156322041,-26.29214096069336,0.0,-6.1231231689453125
1.5976875,100.0,0.87,-20.01347552770856,9.787442733997182,-28.327198028564453,0.0,-26.0437126159668
8.14125,509.0,0.8958742632612967,-14.739494474310623,6.234763711331519,-22.85980987548828,0.0,-14.074535369873049
1.66,104.0,0.8269230769230769,-16.97452812416609,10.56061515880958,-39.756492614746094,0.0,-17.642760276794434
6.2099375,389.0,0.884318766066838,-15.671459902164548,7.346266366745073,-22.534326553344727,0.0,-20.38616752624512
2.92,183.0,0.8961748633879781,-12.824329783276816,9.918440642556138,-29.430530548095703,0.0,-9.519378662109377
1.6768125,105.0,0.8952380952380953,-14.681313453836644,5.863363898825028,-19.439002990722656,0.0,-17.12453842163086
4.8150625,301.0,0.8803986710963455,-13.689496209486476,8.999846129465453,-26.203109741210938,0.0,-12.98929214477539
3.28,206.0,0.8980582524271845,-7.970679298607079,5.347446810747997,-18.10546493530273,0.0,-5.582324981689453
4.4025,276.0,0.8913043478260869,-14.319706552396944,8.671665529648742,-29.23414802551269,0.0,-11.167725563049316
11.08525,693.0,0.898989898989899,-10.917189893523531,5.580402914826218,-22.785737991333008,0.0,-10.613916397094728
3.4,213.0,0.8967136150234741,-7.775566280824352,3.197441157705783,-15.143243789672852,0.0,-7.780401229858398
2.92275,183.0,0.8907103825136612,-12.683342424638433,6.302863719019984,-21.21410369873047,0.0,-12.454429626464844
2.55,160.0,0.86875,-14.372609337456792,6.861422017676485,-22.87743759155273,0.0,-17.297252655029297
1.9838125,124.0,0.8951612903225806,-11.014597918536213,6.819684689064958,-21.88440704345703,0.0,-11.426456451416016
1.4699375,92.0,0.8913043478260869,-13.335609761680043,10.034737792266128,-29.069021224975582,0.0,-14.395925521850586
2.5899375,162.0,0.8827160493827161,-9.868787085259711,6.082967817325873,-24.93588638305664,0.0,-11.45029067993164
7.3474375,460.0,0.9,-11.95269280700868,9.726981406428884,-38.169559478759766,0.0,-9.132858753204346
11.2199375,702.0,0.8974358974358975,-17.05616134764656,7.893219026479982,-29.237993240356445,0.0,-16.152328491210938
1.98,124.0,0.8870967741935484,-8.607396177812056,8.407587708174166,-24.77457046508789,0.0,-5.007686614990234
4.8633125,304.0,0.8980263157894737,-11.314891088576545,8.659651526420149,-27.225954055786133,0.0,-7.847635269165039
6.7099375,420.0,0.888095238095238,-16.185657618832014,6.437146292869937,-22.240875244140625,0.0,-20.17639923095703
2.9825,187.0,0.8716577540106952,-13.561816502202507,8.038714763767006,-28.381492614746094,0.0,-11.928146362304688
3.4,213.0,0.8967136150234741,-8.801320720093413,4.486011177577013,-16.09349822998047,0.0,-10.206338882446287
3.75975,235.0,0.8851063829787233,-16.8926970408513,8.958290170250908,-26.53284454345703,0.0,-18.168352127075195
1.3625,86.0,0.8953488372093024,-13.066659605348264,6.595732709554141,-18.92721939086914,0.0,-16.35428237915039
1.62,102.0,0.8921568627450981,-13.897516606928228,9.34686786119048,-26.035690307617188,0.0,-14.076427459716797
4.8399375,303.0,0.8976897689768977,-9.75848327664768,4.025583176207914,-19.353008270263672,0.0,-10.04957389831543
3.6499375,229.0,0.8995633187772926,-13.10778689152986,7.233997877327413,-25.32452392578125,0.0,-14.004056930541992
3.98,249.0,0.891566265060241,-14.370205355120136,8.69230823414689,-30.472347259521484,0.0,-12.056047439575195
6.0299375,377.0,0.870026525198939,-16.306001493843592,9.89326395485925,-39.636566162109375,0.0,-13.009021759033203
9.5,594.0,0.898989898989899,-10.878740717855733,5.0310352685377,-22.985515594482425,0.0,-10.643247604370115
3.3830625,212.0,0.7830188679245284,-24.31527427305658,12.386680849733688,-39.83650970458984,0.0,-25.223052978515625
1.8,113.0,0.8938053097345132,-7.257632453842919,4.110873610588155,-15.262386322021484,0.0,-6.809333801269531
2.00125,126.0,0.8968253968253969,-29.048852650465165,11.169954856958109,-36.92304992675781,0.0,-34.61957550048828
1.49,94.0,0.8936170212765957,-8.883141426813035,4.737978268587745,-19.67513656616211,0.0,-9.114831924438477
1.99,125.0,0.896,-12.668187499046326,8.871240205245888,-31.600027084350582,0.0,-8.921770095825195
4.992625,313.0,0.8849840255591054,-17.970554021291353,8.661144237630742,-27.304702758789062,0.0,-20.57996368408203
3.1599375,198.0,0.898989898989899,-6.959108384807458,3.952262542658653,-14.604806900024414,0.0,-7.054680824279785
4.3474375,272.0,0.8970588235294118,-11.417326735668494,7.248609621775765,-29.941320419311523,0.0,-9.67465877532959
10.872625,680.0,0.9,-11.101497946221844,4.470699285423138,-19.364017486572266,0.0,-11.404428482055664
1.3899375,87.0,0.896551724137931,-20.35543048076141,12.085194651386349,-32.839046478271484,0.0,-27.322559356689453
2.4,151.0,0.9006622516556292,-22.349052401149976,12.2453486004425,-35.30561828613281,0.0,-25.521638870239254
4.3320625,271.0,0.9003690036900369,-15.840433058191518,8.304873404960794,-26.163101196289062,0.0,-16.122268676757812
7.73,484.0,0.8966942148760331,-12.896172945400536,8.401675605778808,-35.362030029296875,0.0,-10.583706855773926
2.0599375,129.0,0.8914728682170543,-13.539320954032569,9.283879124413945,-27.899938583374023,0.0,-11.63682746887207
5.1824375,324.0,0.8981481481481481,-14.195806726147628,6.592430983173959,-25.280075073242188,0.0,-14.671971321105955
3.1599375,198.0,0.8939393939393939,-23.56306901489948,12.53539356773181,-34.633235931396484,0.0,-31.28307342529297
7.369875,461.0,0.9002169197396963,-15.259266864822573,10.337244076589515,-29.61714553833008,0.0,-12.053852081298828
13.1599375,823.0,0.8930741190765492,-17.00444985214545,10.401904939621176,-36.80117416381836,0.0,-12.86063003540039
3.4099375,214.0,0.8878504672897196,-12.79909657930073,6.681741411719539,-25.95010757446289,0.0,-12.17336082458496
2.0399375,128.0,0.890625,-18.96621945029811,9.593279670730167,-29.228466033935547,0.0,-23.286865234375
3.73,234.0,0.8974358974358975,-20.624643216814317,12.175698890849324,-37.74506378173828,0.0,-17.953643798828125
4.23,265.0,0.8905660377358491,-16.354104324922723,8.681489218605668,-24.22715759277344,0.0,-21.41641616821289
3.92,246.0,0.8983739837398373,-15.42161618746244,5.387370020004741,-25.785301208496094,0.0,-15.383308410644531
4.293875,269.0,0.895910780669145,-17.60599505950801,8.923215224230903,-26.54938507080078,0.0,-21.68619537353516
11.93075,746.0,0.8967828418230563,-13.330594688609398,7.082397900783711,-29.492881774902344,0.0,-11.539241790771484
2.07,130.0,0.9,-8.884648714310083,5.204651867384279,-16.91925048828125,0.0,-9.612884521484377
3.1899375,200.0,0.9,-11.022631518046062,4.362650513158014,-14.311580657958984,0.0,-13.10774040222168
3.5378125,222.0,0.8918918918918919,-11.11273886940696,4.011967375770126,-15.515003204345703,0.0,-11.883792877197266
2.4399375,153.0,0.8954248366013072,-13.080489095980234,7.726097658388821,-29.100976943969727,0.0,-14.02414321899414
2.6575,167.0,0.8982035928143712,-13.47831583658854,5.384768557476426,-22.46937561035156,0.0,-14.593015670776367
1.55,97.0,0.8969072164948454,-10.566375206256737,10.7186676179356,-30.295337677001957,0.0,-4.8507843017578125
0.99,62.0,0.8709677419354839,-12.271520649945296,10.168129625982044,-26.195613861083984,0.0,-8.717973709106445
3.6299375,227.0,0.8986784140969163,-6.448592718909769,4.338275185801081,-14.881301879882812,0.0,-5.598775863647461
8.0599375,504.0,0.8988095238095238,-14.871296472107336,8.239542849042685,-32.10430908203125,0.0,-14.38545036315918
4.2,263.0,0.8973384030418251,-13.008746143114768,6.945263538103315,-27.4167423248291,0.0,-11.703911781311035
9.66,604.0,0.8460264900662252,-15.440818471218044,9.071983319417155,-39.88772964477539,0.0,-14.400920867919922
1.23,77.0,0.8961038961038961,-12.56926837865857,7.23839325918439,-20.11194229125977,0.0,-15.578502655029297
1.75,110.0,0.8909090909090909,-9.59564783135239,5.74475054566522,-23.443342208862305,0.0,-8.723592758178711
10.6899375,669.0,0.8834080717488789,-14.251559641962324,10.442434842165524,-39.91929626464844,0.0,-12.133015632629396
3.0399375,190.0,0.9,-8.735612289250245,5.26150671959036,-23.291643142700195,0.0,-7.870267868041992
0.7641875,48.0,0.8958333333333334,-5.495982680209847,3.3559802329067896,-10.10727310180664,0.0,-6.68682861328125
3.419125,214.0,0.8364485981308412,-16.165284961295527,13.884629784832002,-39.911354064941406,0.0,-10.441356658935549
2.5199375,158.0,0.8860759493670886,-11.158472006661553,7.791786458021792,-21.628318786621094,0.0,-8.825868606567383
4.4099375,276.0,0.8913043478260869,-24.85726454975159,11.327624364221528,-34.977684020996094,0.0,-32.60308074951172
1.4499375,91.0,0.8901098901098901,-12.64665236296477,10.765982418464755,-32.975181579589844,0.0,-9.996803283691406
4.1899375,262.0,0.8969465648854962,-11.17599245436648,6.019524209101788,-29.70272827148437,0.0,-11.351791381835938
4.2199375,264.0,0.8939393939393939,-14.179342892210364,10.982387596267865,-32.103118896484375,0.0,-10.22279167175293
4.9499375,310.0,0.8870967741935484,-16.817666820179333,11.911843836165865,-30.67118453979492,0.0,-16.35626983642578
12.4699375,780.0,0.8961538461538462,-12.234725452799651,7.391168000662702,-27.702953338623047,0.0,-9.651020050048828
4.2680625,267.0,0.898876404494382,-8.474500099817911,3.1497902916348512,-11.66632080078125,0.0,-9.886848449707031
4.21825,264.0,0.8863636363636364,-19.63509312654153,8.894018487422436,-27.67574119567871,0.0,-24.931947708129883
2.57275,161.0,0.8881987577639752,-13.251284645987557,10.010657912761705,-39.46719741821289,0.0,-11.658771514892578
6.2399375,390.0,0.8974358974358975,-15.358799193246025,9.0567713275255,-31.176517486572266,0.0,-14.199071884155272
1.5108125,95.0,0.8947368421052632,-16.386116947847253,10.905665388894258,-32.27912521362305,0.0,-13.029869079589844
8.834,553.0,0.8878842676311031,-18.570055792627898,9.668812616480292,-35.841033935546875,0.0,-15.995363235473633
1.8399375,115.0,0.8869565217391304,-16.94122090059168,8.888111052229071,-32.79373550415039,0.0,-16.75642204284668
10.323375,646.0,0.8931888544891641,-16.91637051084839,8.67919993807533,-30.103309631347656,0.0,-16.262744903564453
1.68,106.0,0.8962264150943396,-15.924532719662317,9.18492184243249,-26.368030548095703,0.0,-15.312385559082031
3.62,227.0,0.8986784140969163,-16.153068383534748,9.669996316110437,-30.56137466430664,0.0,-11.759418487548828
3.0175625,189.0,0.8994708994708994,-15.94275178348317,7.374780197589966,-24.55267333984375,0.0,-15.187250137329102
3.5799375,224.0,0.8928571428571429,-12.051891956329346,8.68863851496413,-26.90967559814453,0.0,-8.360761642456055
3.18,199.0,0.8894472361809045,-13.333000236985374,9.051274078845813,-38.0534782409668,0.0,-10.55275535583496
2.3,144.0,0.8958333333333334,-20.3679906120596,10.95353887127805,-30.510841369628903,0.0,-26.425128936767575
7.4399375,465.0,0.8924731182795699,-14.015437105477574,6.150663976061806,-23.73496627807617,0.0,-14.14824676513672
3.55,222.0,0.8963963963963963,-8.714180797787767,4.286028257246097,-18.837980270385746,0.0,-8.365140914916992
10.2899375,644.0,0.8959627329192547,-10.035441734142072,6.145238929049601,-29.019731521606445,0.0,-8.903276443481445
1.982375,124.0,0.8951612903225806,-10.73298945727649,6.231733521926038,-22.03122329711914,0.0,-10.016242980957031
6.55,410.0,0.9,-8.095452931515247,3.1098699578997544,-13.74346923828125,0.0,-8.561126708984375
4.2599375,267.0,0.8951310861423221,-12.727214047100754,6.998602593823555,-19.424034118652344,0.0,-17.74829864501953
4.5655625,286.0,0.8916083916083916,-13.354373206344306,9.216436826640257,-31.879676818847656,0.0,-9.62265396118164
1.803,113.0,0.8938053097345132,-11.751909350404643,7.0219721540095374,-24.387847900390625,0.0,-10.288858413696287
5.3725,336.0,0.8660714285714286,-21.171211888290355,9.654052845911735,-39.92195892333984,0.0,-19.42072105407715
2.0199375,127.0,0.889763779527559,-12.702404916813943,8.142371678351687,-34.76786422729492,0.0,-11.74264144897461
5.713625,358.0,0.8938547486033519,-15.0302782535553,9.90276903185787,-34.74298477172852,0.0,-12.180459976196287
2.7155,170.0,0.8941176470588236,-13.48867732600162,9.541530649072833,-28.70591735839844,0.0,-11.08632469177246
5.61,351.0,0.9002849002849003,-12.17862737631496,6.904610682020891,-34.68107604980469,0.0,-11.432039260864258
8.4399375,528.0,0.7386363636363636,-12.353584038905607,8.609939802959397,-39.22038269042969,0.0,-10.498592853546144
5.09,319.0,0.8996865203761756,-11.726514125119518,8.821938832463728,-30.404682159423828,0.0,-9.092483520507812
2.74,172.0,0.8953488372093024,-12.33748180835278,7.9817832397774655,-29.659404754638672,0.0,-9.938583374023438
7.00475,438.0,0.8949771689497716,-19.48052020462192,7.786491052000761,-29.14353370666504,0.0,-20.0053825378418
5.4921875,344.0,0.8982558139534884,-7.775709380609704,3.533564387309361,-16.229129791259766,0.0,-7.673683166503906
3.34,209.0,0.8995215311004785,-16.88763159386655,9.376725530431118,-38.22386169433594,0.0,-16.0800142288208
6.7699375,424.0,0.8985849056603774,-10.108040296499498,4.677767729400271,-22.984054565429688,0.0,-9.638923645019531
2.6615625,167.0,0.8922155688622755,-13.653504902884464,7.017513068728936,-23.751766204833984,0.0,-14.093307495117188
4.3995625,275.0,0.8981818181818182,-10.159935236942433,5.136403142672624,-20.382658004760746,0.0,-10.316202163696287
3.4244375,215.0,0.8976744186046511,-8.989024443947589,5.267904426952481,-22.560688018798828,0.0,-8.183670043945312
2.8999375,182.0,0.8846153846153846,-15.120789000706644,8.88634196322945,-32.34657669067383,0.0,-13.749275207519531
2.2325625,140.0,0.8857142857142857,-9.240450889833513,3.1962519786991246,-12.840534210205078,0.0,-10.400997161865234
6.99,437.0,0.8993135011441648,-10.218031487695436,5.608550112521293,-23.52297592163086,0.0,-8.519149780273438
3.31,207.0,0.8840579710144928,-14.277946409631948,5.237572764643196,-20.000816345214844,0.0,-16.365970611572266
2.6558125,166.0,0.8975903614457831,-12.177930383874266,8.632101104402608,-22.268592834472656,0.0,-11.58037567138672
2.31,145.0,0.8896551724137931,-7.592944699664448,5.712921920689869,-24.360109329223636,0.0,-6.17765998840332
3.0790625,193.0,0.8911917098445595,-15.880589085955952,9.262957436540196,-31.21664047241211,0.0,-14.429462432861328
2.5199375,158.0,0.8860759493670886,-9.415440055302213,4.997319980333366,-25.517009735107425,0.0,-9.293098449707031
2.3585,148.0,0.8918918918918919,-7.347939982558742,3.610246940964703,-13.807762145996094,0.0,-6.958240509033203
3.7001875,232.0,0.875,-16.06162564507846,11.465358491607612,-33.26704406738281,0.0,-13.083097457885742
1.37,86.0,0.8953488372093024,-16.844180515834264,8.592220716655678,-26.28542709350586,0.0,-18.35289001464844
5.83,365.0,0.8794520547945206,-12.979542396521644,6.489321909621449,-21.114261627197266,0.0,-14.148551940917969
1.54,97.0,0.8969072164948454,-15.684864022265906,11.027572792554544,-30.39234733581543,0.0,-17.83250617980957
3.66,229.0,0.8864628820960698,-13.073169445169382,8.920792269452493,-31.37010955810547,0.0,-11.45444107055664
6.326375,396.0,0.8964646464646465,-15.66438657733756,6.866238805384338,-21.699382781982425,0.0,-19.708759307861328
5.5484375,347.0,0.8933717579250721,-11.979051257717996,6.798200763138372,-19.78826904296875,0.0,-13.92019271850586
2.56,161.0,0.8881987577639752,-18.21873084648506,10.472400412262452,-27.53390884399414,0.0,-25.385543823242188
1.8899375,119.0,0.8739495798319328,-15.722115975159864,9.994061766153845,-26.780029296875,0.0,-18.922761917114254
6.92,433.0,0.8960739030023095,-21.5100345267463,8.370845680248701,-34.72460174560547,0.0,-22.31926727294922
6.05,379.0,0.899736147757256,-11.487392559778655,6.151749153062945,-20.845497131347656,0.0,-11.418376922607422
6.6429375,416.0,0.8990384615384616,-7.7297219006135505,3.394103579126278,-15.050741195678713,0.0,-7.69798469543457
6.18,387.0,0.896640826873385,-10.459960156971166,6.567553570335954,-26.918476104736328,0.0,-8.806041717529297
1.5799375,99.0,0.8787878787878788,-4.619268176199376,3.260556184080804,-11.087486267089844,0.0,-3.9312591552734375
1.93,121.0,0.8512396694214877,-15.438143517207171,10.44038038389326,-30.91711807250977,0.0,-12.013999938964844
2.0,126.0,0.8968253968253969,-17.23077509044546,10.996915353554924,-30.074291229248047,0.0,-18.781982421875
2.1299375,134.0,0.8805970149253731,-17.433428699687376,10.439812042055674,-29.709835052490234,0.0,-15.89822006225586
8.05,504.0,0.8948412698412699,-19.86736772118545,7.700408960513176,-27.3156795501709,0.0,-24.996564865112305
6.0649375,380.0,0.9,-14.942505936873587,8.65577327726423,-27.890151977539062,0.0,-12.69403076171875
6.382625,399.0,0.899749373433584,-7.6475774876586575,4.0648796524956445,-19.26906967163086,0.0,-7.463525772094727
4.28425,268.0,0.8880597014925373,-18.229231577961382,9.626730523313254,-31.68443489074707,0.0,-16.44040298461914
4.135,259.0,0.8996138996138996,-15.542221151196394,8.508644925366422,-23.74717330932617,0.0,-21.140113830566406
11.257125,704.0,0.8948863636363636,-15.507116051325722,9.523814888359064,-31.9665641784668,0.0,-13.633034706115724
3.73575,234.0,0.8974358974358975,-11.18257591610863,7.195259612802911,-21.35101318359375,0.0,-9.707908630371094
1.5899375,100.0,0.89,-11.604628573642689,5.2738677875581805,-16.676414489746094,0.0,-14.132766723632812
2.3188125,145.0,0.896551724137931,-8.193345920856183,6.338792394979395,-26.749025344848636,0.0,-7.04759407043457
5.148375,322.0,0.8881987577639752,-19.38006124963293,11.310899981388628,-34.675594329833984,0.0,-17.989179611206055
2.6499375,166.0,0.8975903614457831,-8.696011895301359,5.080602443162199,-18.826547622680664,0.0,-7.982767105102539
2.5310625,159.0,0.89937106918239,-6.97013678917518,3.027526088699989,-11.337753295898438,0.0,-6.744663238525391
8.7599375,548.0,0.8959854014598541,-10.858180665678502,6.897683217956415,-21.329391479492188,0.0,-10.04973602294922
2.3499375,147.0,0.8979591836734694,-14.174750674854623,7.235161239679202,-26.023042678833008,0.0,-13.447942733764648
2.9399375,184.0,0.8967391304347826,-11.377274264711325,5.952276333315981,-25.49207878112793,0.0,-11.380533218383787
6.6575,417.0,0.8968824940047961,-12.092175315408143,8.74243957648105,-36.432594299316406,0.0,-9.50229263305664
10.46,654.0,0.8990825688073395,-13.169088136582149,8.719759859407779,-35.29752349853516,0.0,-10.500282287597656
1.9933125,125.0,0.896,-5.255210144179208,2.935877875398939,-13.496383666992188,0.0,-5.134082794189453
2.9499375,185.0,0.8918918918918919,-15.188150949189158,9.308638465863476,-28.67577171325684,0.0,-15.26759147644043
6.663125,417.0,0.8992805755395683,-9.638371383666993,4.85889515862312,-22.324581146240234,0.0,-10.228111267089844
7.3899375,462.0,0.8917748917748918,-12.37899129830518,11.039709291236228,-36.00010681152344,0.0,-7.932107925415039
5.6499375,354.0,0.8983050847457628,-14.358031806705885,9.020797121428677,-29.45890045166016,0.0,-12.651581764221191
3.93,246.0,0.8983739837398373,-7.488995090329269,5.9870634537082825,-18.992942810058597,0.0,-6.136816024780273
3.1755,199.0,0.8994974874371859,-11.623882336323488,5.110685630989928,-22.810688018798828,0.0,-12.380587577819824
4.18,262.0,0.8969465648854962,-13.45097696831886,8.959885265353348,-24.81490707397461,0.0,-12.279563903808594
3.1675,198.0,0.898989898989899,-14.855277018600637,9.536850564929283,-33.261558532714844,0.0,-12.614452362060549
9.8910625,619.0,0.8949919224555735,-12.19165189171526,5.8725982899710285,-18.79275131225586,0.0,-14.529748916625977
2.1099375,132.0,0.8106060606060606,-19.08736738757552,13.16533795607594,-39.93663787841797,0.0,-13.485157012939451
1.97,124.0,0.8870967741935484,-18.02389094612815,10.228892036446211,-28.03522491455078,0.0,-23.76021385192871
1.2099375,76.0,0.8947368421052632,-6.9268812291762405,4.292928198849556,-14.809930801391602,0.0,-6.026106834411621
1.9599375,123.0,0.8943089430894309,-12.521895217895509,7.130420038316811,-25.617881774902344,0.0,-13.452156066894531
3.8199375,239.0,0.899581589958159,-11.098789800599564,6.040667089285322,-26.396223068237305,0.0,-9.374711990356444
2.85,179.0,0.8994413407821229,-15.880830604837548,8.970616746919513,-36.25477600097656,0.0,-15.889331817626951
2.580125,162.0,0.8950617283950617,-18.980644910088905,6.589252890725737,-26.603775024414062,0.0,-21.59626007080078
2.5700625,161.0,0.9006211180124224,-13.15757959300074,4.96325837145544,-17.35143280029297,0.0,-15.057220458984377
4.7468125,297.0,0.8888888888888888,-7.336855498227206,4.313537980304642,-13.854278564453123,0.0,-6.313362121582031
2.9499375,185.0,0.8864864864864865,-6.127562836902897,5.228401291099652,-24.92819023132324,0.0,-4.701962471008301
4.6899375,294.0,0.8979591836734694,-12.583503166834513,7.350570987560904,-32.65813446044922,0.0,-10.815402030944824
3.1299375,196.0,0.8928571428571429,-12.073609771728515,5.972591883236074,-22.107440948486328,0.0,-12.093986511230469
6.6499375,416.0,0.8990384615384616,-11.038127440182285,5.4880825919855765,-26.214136123657227,0.0,-10.80484676361084
4.75,297.0,0.898989898989899,-11.090358116207051,6.020648324840731,-28.60390853881836,0.0,-9.505578994750977
2.5,157.0,0.8980891719745223,-9.08589962357325,5.380125374370573,-19.16450500488281,0.0,-8.771671295166016
2.1099375,132.0,0.8863636363636364,-17.426091365325146,8.123207615183983,-24.30374526977539,0.0,-22.25069808959961
7.749375,485.0,0.8804123711340206,-17.944064450766497,7.587427781397055,-39.858436584472656,0.0,-17.193042755126953
15.034375,940.0,0.8968085106382979,-12.854154267769268,5.981673048683248,-20.9794921875,0.0,-13.160274505615234
3.75,235.0,0.8978723404255319,-16.060696054973874,7.956350324511052,-30.70923614501953,0.0,-15.934826850891112
1.17,74.0,0.8783783783783784,-6.303779660738432,5.297250088043609,-18.278282165527344,0.0,-3.3846511840820312
1.7699375,111.0,0.8828828828828829,-10.425880977085658,7.724556996495363,-32.68797302246094,0.0,-9.850822448730469
12.43,777.0,0.8957528957528957,-23.669913667371905,8.030534922017784,-29.576400756835938,0.0,-27.757543563842773
4.3899375,275.0,0.8872727272727273,-13.4042224258673,5.031854514056741,-17.746944427490234,0.0,-16.223621368408203
2.27,142.0,0.8873239436619719,-9.006470922439817,5.547490084474487,-23.21464157104492,0.0,-7.551294326782227
1.2824375,81.0,0.9012345679012346,-4.942208433804447,3.09214373672166,-10.048904418945312,0.0,-4.246265411376953
2.23,140.0,0.9,-6.290577843075707,3.870122305665612,-13.713630676269531,0.0,-6.136064529418945
3.1099375,195.0,0.8974358974358975,-9.190486471993582,6.6028769341149145,-28.656436920166016,0.0,-7.949668884277344
3.9460625,247.0,0.8947368421052632,-7.619245201214406,4.168996463263036,-15.572189331054688,0.0,-8.111656188964844
6.05,379.0,0.8918205804749341,-10.514760023038065,7.698756140611096,-25.281269073486328,0.0,-8.306684494018555
6.808625,426.0,0.8990610328638498,-11.194213707826778,5.475526764836097,-17.901031494140625,0.0,-12.732131958007812
5.7599375,360.0,0.9,-10.760212615684226,5.017622924776275,-18.49082374572754,0.0,-12.081714630126951
12.9399375,809.0,0.896168108776267,-17.55305345469508,7.560666421170155,-39.572998046875,0.0,-15.394906997680664
7.27,455.0,0.8989010989010989,-15.72855598827446,9.043448923773992,-38.08859634399414,0.0,-14.097123146057127
4.67,292.0,0.8972602739726028,-8.879005592287951,7.1067951747515705,-30.817567825317383,0.0,-6.654870986938477
2.0875,131.0,0.8931297709923665,-10.050561676677477,7.369982675636372,-24.22596740722656,0.0,-7.542762756347656
9.6499375,604.0,0.8940397350993378,-16.458565955691867,9.515662864420449,-35.373023986816406,0.0,-14.352542877197266
2.098,132.0,0.8939393939393939,-10.146304114390228,7.591935612204817,-20.20180892944336,0.0,-8.043342590332031
7.1899375,450.0,0.8955555555555555,-14.471820670381078,8.828789894534314,-24.298904418945312,0.0,-17.82822036743164
6.7699375,424.0,0.8985849056603774,-10.833348236684724,8.578155803959747,-28.80613136291504,0.0,-7.644281387329102
3.5074375,220.0,0.9,-20.36062052755645,9.374949990037498,-29.56810760498047,0.0,-24.947961807250977
10.66,667.0,0.8995502248875562,-17.70099531809489,9.263131868027582,-32.804771423339844,0.0,-15.257221221923828
1.09,69.0,0.8985507246376812,-16.56974127984816,11.003862443735809,-29.57456970214844,0.0,-17.754619598388672
3.1199375,195.0,0.8974358974358975,-9.859909330095563,8.308632261871292,-28.635713577270508,0.0,-6.239217758178711
3.4399375,215.0,0.8976744186046511,-14.041623733204265,9.481690040286194,-29.10175323486328,0.0,-11.279977798461914
1.8864375,118.0,0.8983050847457628,-7.17090466337384,4.210913620664767,-16.813413619995117,0.0,-6.580638885498047
2.36,148.0,0.8986486486486487,-16.550133153011924,8.647382262106962,-25.55168914794922,0.0,-20.879852294921875
22.1820625,1387.0,0.8911319394376351,-22.45414491301601,9.50595063998954,-31.29424476623535,0.0,-28.68407440185547
4.96125,311.0,0.9003215434083601,-23.459217255456107,10.519082855349142,-34.750492095947266,0.0,-28.496736526489254
2.1416875,134.0,0.8955223880597015,-4.337142562866211,2.4971703610338505,-8.778690338134766,0.0,-4.41673469543457
1.3899375,87.0,0.8735632183908046,-13.66663586465936,5.784213026206261,-18.671104431152344,0.0,-16.13628387451172
7.557625,473.0,0.8921775898520085,-17.74838644633361,8.610317447267951,-35.60613250732422,0.0,-18.53407287597656
3.4099375,214.0,0.8785046728971962,-9.455033900889944,8.001233995178314,-24.84676170349121,0.0,-5.762619018554688
1.2099375,76.0,0.8947368421052632,-6.700382905847886,4.479824029475977,-16.057079315185547,0.0,-7.270946502685547
3.73,234.0,0.8974358974358975,-12.746701839991978,9.146831503165066,-36.33344268798828,0.0,-9.30072784423828
4.684,293.0,0.8976109215017065,-11.356820799098722,8.540389415219916,-28.25535774230957,0.0,-7.438478469848633
23.74,1484.0,0.8908355795148248,-9.332587563865305,5.308038828963074,-17.925167083740234,0.0,-8.347442626953125
4.5299375,284.0,0.8873239436619719,-14.913583899301196,8.283883688070762,-30.707109451293945,0.0,-14.987022399902344
5.8224375,364.0,0.8983516483516484,-10.376272977309856,5.671402085342648,-24.658905029296875,0.0,-9.504764556884766
4.8,301.0,0.9003322259136213,-9.51646349438882,6.064751094705985,-25.07498359680176,0.0,-8.04692268371582
3.0599375,192.0,0.8958333333333334,-19.94899016757344,10.70904692438192,-38.96856689453125,0.0,-17.093442916870117
1.7286875,109.0,0.8990825688073395,-13.65493071809107,6.921571597371537,-23.865968704223636,0.0,-13.347984313964844
15.214875,951.0,0.8948475289169295,-18.70623020615897,9.44549208842729,-28.239017486572266,0.0,-25.075973510742188
4.54,284.0,0.8838028169014085,-14.631487553813068,6.855611329503677,-31.934120178222656,0.0,-14.123680114746094
9.322375,583.0,0.8987993138936535,-12.9355331996015,7.216695885502093,-24.43095970153809,0.0,-12.677669525146484
2.59675,163.0,0.8957055214723927,-19.056251460558748,12.736943810859229,-33.211761474609375,0.0,-21.818115234375
8.0,501.0,0.8942115768463074,-14.932783433369227,7.86627521162348,-24.756858825683597,0.0,-14.27672004699707
8.6159375,539.0,0.8942486085343229,-10.497344203015086,6.619843189992772,-21.34199905395508,0.0,-8.150102615356445
1.8399375,115.0,0.8608695652173913,-17.40449606770217,9.535841434104562,-25.60877990722656,0.0,-23.072998046875
2.23,140.0,0.9,-12.80879393078032,10.473444344735624,-27.742958068847656,0.0,-7.389041900634766
2.34,147.0,0.8843537414965986,-12.401826623769908,7.622206134138837,-22.20924186706543,0.0,-11.284122467041016
3.05,191.0,0.900523560209424,-14.418497310128323,9.2065765419196,-37.47714614868164,0.0,-11.645535469055176
5.9599375,373.0,0.7694369973190348,-25.58276240917033,11.117687382223854,-39.99334716796875,0.0,-28.042076110839844
9.33,584.0,0.898972602739726,-11.30344118754069,7.065542016514218,-28.879697799682617,0.0,-9.551687240600586
2.7699375,174.0,0.8908045977011494,-18.54436985138924,12.751861454652293,-33.250267028808594,0.0,-22.0467472076416
3.37,211.0,0.9004739336492891,-11.456196112381784,7.892874567105347,-21.13002586364746,0.0,-11.187137603759766
3.74,234.0,0.8931623931623932,-11.119877208362926,7.078303518530708,-28.552085876464844,0.0,-8.356979370117188
9.6445625,603.0,0.8872305140961857,-21.750788726093614,10.555616075997944,-32.141571044921875,0.0,-28.61392974853516
5.765125,361.0,0.9002770083102493,-21.30681897090032,10.715943461437774,-31.87919235229492,0.0,-27.04790496826172
0.8424375,53.0,0.8867924528301887,-5.320945333927236,3.4118874597790394,-10.088985443115234,0.0,-6.063331604003906
1.68,106.0,0.8773584905660378,-9.308708170408844,8.637314029939661,-26.008731842041016,0.0,-8.012435913085938
1.6955625,106.0,0.8867924528301887,-6.836047781274674,3.738002130203744,-13.982276916503906,0.0,-6.656383514404297
7.43,465.0,0.8989247311827957,-13.20823225906591,6.361469185655485,-24.759567260742188,0.0,-12.283946990966797
2.66,167.0,0.8862275449101796,-8.33311908309524,6.5402159636650605,-23.24636459350586,0.0,-5.616521835327148
3.174625,199.0,0.8944723618090452,-5.745894635661265,3.892834915924979,-14.341964721679688,0.0,-5.521499633789063
1.9599375,123.0,0.8943089430894309,-8.159718253395774,3.482936043989207,-14.160255432128906,0.0,-8.280782699584961
3.3705,211.0,0.8909952606635071,-9.251600529285188,3.1630147388427083,-12.328006744384766,0.0,-10.358705520629885
3.8868125,243.0,0.8930041152263375,-13.404960649903469,7.181776344651049,-20.532752990722656,0.0,-17.698318481445312
2.2399375,140.0,0.9,-10.873143037160238,7.183542435150371,-27.55969619750977,0.0,-9.564971923828123
3.93,246.0,0.8943089430894309,-11.067074923081831,8.287703350970228,-31.60314178466797,0.0,-8.684213638305664
6.0099375,376.0,0.851063829787234,-10.195058517158031,7.728393257037416,-38.593292236328125,0.0,-8.042866706848145
2.3915,150.0,0.9,-5.553065660264757,4.672724051954756,-23.417633056640625,0.0,-4.413539886474609
3.72,233.0,0.8884120171673819,-18.24903980199841,8.554643814395579,-27.15735244750977,0.0,-22.381671905517575
7.027,440.0,0.9,-11.035305056909118,3.606913170849566,-19.070777893066406,0.0,-11.018716812133787
6.4768125,405.0,0.8987654320987655,-11.027373921740184,6.273388764425543,-25.74005126953125,0.0,-10.800235748291016
4.347875,272.0,0.8970588235294118,-12.13137020048548,5.766505285171698,-18.57874298095703,0.0,-13.340139389038086
2.2025625,138.0,0.8913043478260869,-14.680337673280295,6.598836384002671,-20.844432830810547,0.0,-17.878559112548828
9.55,597.0,0.8961474036850922,-17.138697640249664,9.686724227674924,-34.5859489440918,0.0,-13.779247283935549
4.7599375,298.0,0.8993288590604027,-9.490435586046816,5.435285676338102,-21.61893081665039,0.0,-9.122980117797852
4.5899375,287.0,0.8954703832752613,-18.30605644196388,6.986846399253339,-23.40055084228516,0.0,-21.90442276000977
2.1438125,134.0,0.8880597014925373,-14.119272632759158,7.024798756966935,-21.316654205322266,0.0,-16.759796142578125
9.55475,598.0,0.8946488294314381,-16.292095134414247,8.756711533892782,-26.459442138671875,0.0,-18.26813125610352
3.31,207.0,0.8985507246376812,-16.634484962750506,11.96126842194353,-37.04708099365234,0.0,-12.858203887939451
5.816625,364.0,0.8983516483516484,-15.03213520225035,5.99603471819926,-25.78114318847656,0.0,-16.04932403564453
3.363125,211.0,0.9004739336492891,-7.614034311394942,3.972603300148276,-15.382211685180664,0.0,-7.371253967285156
9.1199375,570.0,0.9,-16.763808745854547,7.781484078343153,-34.342716217041016,0.0,-16.3841552734375
7.444625,466.0,0.8948497854077253,-14.294263825999748,7.849689056721697,-29.032621383666992,0.0,-12.745569229125977
4.0506875,254.0,0.889763779527559,-13.87386352404029,7.723968792961298,-23.84154510498047,0.0,-11.716630935668944
3.799625,238.0,0.8949579831932774,-13.065315971911794,7.745294827209411,-28.28129768371582,0.0,-12.009469985961914
5.981375,374.0,0.8823529411764706,-14.268481780543471,7.145663793129923,-25.6280574798584,0.0,-12.527542114257812
2.9593125,185.0,0.8864864864864865,-13.47870836025331,4.230737692646015,-16.486927032470703,0.0,-15.128484725952148
0.98,62.0,0.8870967741935484,-10.077435302734376,7.675701174331795,-21.203746795654297,0.0,-9.485885620117188
5.85,366.0,0.8825136612021858,-12.659369288583289,8.75081406641652,-35.593048095703125,0.0,-9.902936935424805
5.1199375,320.0,0.9,-12.396000391907162,5.301540551610991,-27.415157318115234,0.0,-12.778080940246582
8.73,546.0,0.8992673992673993,-10.64067537187316,6.6837081178929685,-30.30161476135254,0.0,-8.299798965454102
2.0889375,131.0,0.8854961832061069,-17.6358239568513,12.928940233180612,-30.93160629272461,0.0,-23.91354751586914
6.8906875,431.0,0.9002320185614849,-11.064827279946238,6.1646661378045,-22.4816837310791,0.0,-10.951141357421877
9.81,614.0,0.7703583061889251,-16.652387204684363,9.090472974085804,-39.757415771484375,0.0,-15.505516052246094
6.4799375,405.0,0.8987654320987655,-8.387793504274809,5.796404085883622,-28.43654060363769,0.0,-7.273639678955078
12.0311875,752.0,0.898936170212766,-11.772185610596244,7.207540888918464,-31.961326599121094,0.0,-10.339584350585938
1.8911875,119.0,0.8991596638655462,-12.778973089200312,5.054578826368327,-16.847888946533203,0.0,-15.024612426757812
1.5274375,96.0,0.8645833333333334,-9.999637098197477,3.43883152624586,-12.34160614013672,0.0,-11.35529327392578
5.2599375,329.0,0.8936170212765957,-14.637418506907768,8.518414827151478,-28.25823974609375,0.0,-13.377317428588867
3.86,242.0,0.8966942148760331,-15.19266568460772,8.801721823929764,-34.3336181640625,0.0,-14.80594253540039
3.6644375,230.0,0.8652173913043478,-14.417661120544128,7.892581229196324,-28.16811752319336,0.0,-11.92499542236328
2.54,159.0,0.8930817610062893,-16.05964810411695,10.858409038932468,-39.59947967529297,0.0,-13.047280311584473
1.93,121.0,0.9008264462809916,-16.892569795661018,11.12125306771302,-32.037353515625,0.0,-13.049528121948242
2.3799375,149.0,0.8926174496644296,-15.154840584088088,8.137524940210835,-25.658859252929688,0.0,-15.473503112792969
7.1,444.0,0.8986486486486487,-9.287163669901682,6.333142046569442,-26.818851470947266,0.0,-7.495849609375
4.07,255.0,0.8862745098039215,-12.991645694833942,8.783260789997167,-30.21009635925293,0.0,-11.635805130004885
2.4799375,155.0,0.896774193548387,-17.95172497865965,10.791569762384958,-34.706390380859375,0.0,-13.864151000976562
1.9499375,122.0,0.8852459016393442,-12.933695051405165,10.594924391193471,-27.46438980102539,0.0,-6.72918701171875
4.7210625,296.0,0.8986486486486487,-9.498144558497838,7.5864323191639,-26.498485565185547,0.0,-7.258468627929687
3.893625,244.0,0.8975409836065574,-23.631771888907096,10.043440917767873,-31.45602226257324,0.0,-29.79540061950684
7.17,449.0,0.8930957683741648,-15.997474503933343,8.038431792366687,-24.241586685180664,0.0,-19.43879508972168
2.3799375,149.0,0.8859060402684564,-8.636801221153952,7.376887389599908,-33.425716400146484,0.0,-6.420147895812988
5.28,331.0,0.9003021148036254,-15.38925593651381,8.038058000842154,-34.50302505493164,0.0,-12.798827171325684
3.3765625,212.0,0.8820754716981132,-13.357529951289376,4.324972027302245,-16.706523895263672,0.0,-14.86431884765625
5.8399375,365.0,0.8986301369863013,-11.747470099751542,8.610871625366524,-32.54963684082031,0.0,-10.47962760925293
2.3499375,147.0,0.8979591836734694,-11.175602855104389,4.865972695928586,-16.34200668334961,0.0,-11.956989288330078
5.673875,355.0,0.8873239436619719,-13.280005948505703,6.745931817507128,-21.908287048339844,0.0,-12.590339660644531
3.9461875,247.0,0.8582995951417004,-10.783364700821211,5.631357675397533,-32.15777969360352,0.0,-11.561509132385254
2.5899375,162.0,0.8950617283950617,-12.739498572513977,7.818390755201223,-28.90580177307129,0.0,-11.783975601196287
2.508,157.0,0.8980891719745223,-14.007443881203942,8.863289663986349,-25.35211181640625,0.0,-13.089157104492188
2.05,129.0,0.8992248062015504,-12.757269809985983,6.349759966569095,-22.01729393005371,0.0,-14.860807418823242
2.3,144.0,0.8819444444444444,-13.973232779915875,6.821970981965261,-21.45098114013672,0.0,-16.484447479248047
2.7099375,170.0,0.9,-5.132727230296416,3.4489553009189047,-13.42647933959961,0.0,-5.25872802734375
5.31,332.0,0.891566265060241,-13.12575304186022,6.355778715479976,-22.117549896240234,0.0,-12.744699478149414
2.81,176.0,0.8977272727272727,-14.695333203182944,11.266854491150829,-35.10490798950195,0.0,-9.246833801269531
6.5699375,411.0,0.5766423357664233,-15.977940068466252,9.26410424435742,-39.90081024169922,0.0,-14.449024200439451
7.9399375,497.0,0.8953722334004024,-13.194695106249178,4.536388836176097,-22.46489143371582,0.0,-13.290849685668944
1.8799375,118.0,0.8983050847457628,-10.546625335261506,6.314949719999347,-23.79477310180664,0.0,-12.18706512451172
1.49,94.0,0.8936170212765957,-8.203456015813918,3.831938062895451,-14.175661087036133,0.0,-8.626640319824219
2.7173125,170.0,0.8941176470588236,-8.372141863170423,6.038287286340544,-17.2159423828125,0.0,-6.926239013671875
3.6499375,229.0,0.8995633187772926,-14.96431192842502,8.15356273679169,-36.988243103027344,0.0,-12.303845405578612
4.25,266.0,0.8909774436090225,-8.947095858899853,6.678202816202711,-23.916120529174805,0.0,-6.951257705688477
3.36,211.0,0.8957345971563981,-8.544057321296167,4.727422850612365,-17.869873046875,0.0,-8.474641799926758
6.4499375,404.0,0.8935643564356436,-14.154911289584934,9.553064552346076,-30.24003219604492,0.0,-10.74380111694336
16.73,1046.0,0.8977055449330784,-11.942117552914686,7.463255271278106,-29.9355583190918,0.0,-9.815052032470703
1.5299375,96.0,0.8958333333333334,-12.327057616655216,9.989347263450853,-29.69205474853516,0.0,-9.85944366455078
8.63025,540.0,0.9,-6.856688958627206,3.814547512743476,-16.564254760742188,0.0,-6.272884368896484
4.307375,270.0,0.8962962962962963,-15.321593032395544,6.3096588222976,-20.86602210998535,0.0,-19.096067428588867
11.1299375,696.0,0.8922413793103449,-16.5815490010088,8.39944778961642,-32.907100677490234,0.0,-14.875240325927734
1.7825,112.0,0.8928571428571429,-9.64663486480713,8.090605725071406,-25.5183048248291,0.0,-6.08968448638916
2.86,179.0,0.88268156424581,-16.07381271410592,9.205578046885876,-25.071121215820312,0.0,-22.003366470336918
2.8999375,182.0,0.8956043956043956,-11.0566158411693,7.509705931026102,-26.509048461914062,0.0,-9.330181121826172
2.3499375,147.0,0.891156462585034,-11.60863174554956,7.216488240813988,-26.66460609436035,0.0,-11.809358596801758
6.3556875,398.0,0.8919597989949749,-15.480427669471418,7.262844756525106,-30.74715614318848,0.0,-14.456777572631836
3.62,227.0,0.8854625550660793,-20.69180023610889,9.076691571432924,-30.26251792907715,0.0,-22.75985145568848
1.61,101.0,0.900990099009901,-9.21686985728505,6.850083086979786,-23.15650177001953,0.0,-7.304157257080078
2.3199375,145.0,0.896551724137931,-18.940252216045675,6.649170162374518,-24.01323699951172,0.0,-22.004526138305664
17.388375,1087.0,0.8114075436982521,-20.726607875218463,8.40158661206981,-39.98438262939453,0.0,-18.647798538208008
4.25,266.0,0.8984962406015038,-15.575171761931736,10.280621771115856,-34.33179473876953,0.0,-13.340682983398438
2.490625,156.0,0.8910256410256411,-18.5863979257268,7.695269865546315,-24.90164566040039,0.0,-23.448841094970703
4.5,282.0,0.8865248226950354,-9.790559555053711,8.185209733129906,-24.335697174072266,0.0,-6.787693023681641
4.136125,259.0,0.8996138996138996,-7.977481301762004,6.282172903493863,-27.485435485839844,0.0,-6.343406677246094
3.8274375,240.0,0.9,-9.927795909069202,4.558630524920191,-17.43843650817871,0.0,-9.75622844696045
1.45375,91.0,0.9010989010989012,-13.289269517107709,6.627313252937894,-21.53641128540039,0.0,-14.429191589355469
7.46,467.0,0.8907922912205567,-22.11586544605402,10.881090506986244,-36.53012847900391,0.0,-20.987945556640625
2.0799375,130.0,0.9,-14.539915296766493,7.586697642465891,-21.772113800048828,0.0,-19.95635986328125
1.6075,101.0,0.900990099009901,-14.894392558506556,5.547094677568159,-19.254261016845703,0.0,-17.419811248779297
1.5199375,95.0,0.8947368421052632,-15.228428762099322,6.865049971634208,-20.391681671142575,0.0,-19.205795288085938
1.2399375,78.0,0.8974358974358975,-9.659005546569825,7.966969126634304,-20.849140167236328,0.0,-9.415689468383787
7.4699375,467.0,0.8993576017130621,-13.940943631671724,7.938725136499393,-34.11509704589844,0.0,-13.097881317138672
3.92,246.0,0.8983739837398373,-24.317227307487936,11.083791547035393,-34.72379302978516,0.0,-28.6332950592041
3.2746875,205.0,0.8975609756097561,-10.823093683823297,6.456292647229342,-23.934154510498047,0.0,-10.242450714111328
1.49,94.0,0.8936170212765957,-15.907619544437951,8.665121554961885,-24.84610366821289,0.0,-17.92926597595215
2.4399375,153.0,0.8954248366013072,-16.485116067593985,9.434565628810772,-26.9100284576416,0.0,-17.849145889282227
1.93,121.0,0.7933884297520661,-18.1648606856664,12.160951683524951,-39.22152328491211,0.0,-16.15981101989746
13.75,860.0,0.8941860465116279,-8.619154417933352,6.595781836255316,-26.04882049560547,0.0,-6.705661773681641
4.2439375,266.0,0.8984962406015038,-8.330515418591359,5.043974575787119,-23.587854385375977,0.0,-7.064535140991211
3.7701875,236.0,0.8983050847457628,-6.84910745440789,3.290874829156801,-13.010791778564451,0.0,-6.814987182617188
2.3843125,150.0,0.9,-10.933287641737197,4.586221125891129,-15.70986557006836,0.0,-13.207496643066406
2.598125,163.0,0.8895705521472392,-14.676487468851024,8.95907994180196,-26.785789489746094,0.0,-14.166561126708984
10.17,636.0,0.8946540880503144,-22.495648439404,9.893265614120905,-36.369384765625,0.0,-22.49394989013672
3.79,237.0,0.8987341772151899,-12.81371931962564,6.614273166233854,-26.79574584960937,0.0,-12.43061351776123
16.6744375,1043.0,0.8935762224352828,-17.939283188832164,8.129627308651799,-27.68961524963379,0.0,-17.743946075439453
3.38,212.0,0.8962264150943396,-14.110932560970909,9.847328952113754,-30.40728759765625,0.0,-11.607681274414062
4.58075,287.0,0.8989547038327527,-16.090733949528182,10.48450484813453,-37.17436599731445,0.0,-13.16977310180664
9.46725,592.0,0.8952702702702703,-13.244519813105745,7.305631666627884,-24.53453063964844,0.0,-12.4151611328125
4.8263125,302.0,0.8940397350993378,-17.756820763481986,7.772442819158307,-26.184616088867188,0.0,-20.343149185180664
4.377375,274.0,0.8941605839416058,-11.301728213563257,7.731360800925202,-27.14913558959961,0.0,-8.009334564208984
0.8999375,57.0,0.8947368421052632,-7.229051253374885,5.45970457488892,-15.299198150634766,0.0,-6.033031463623047
6.303,394.0,0.8934010152284264,-17.788344553925775,10.89899122687934,-38.18353271484375,0.0,-15.668084144592283
1.7765625,112.0,0.8928571428571429,-11.085286598205569,7.914789668296256,-32.94227600097656,0.0,-9.61830997467041
7.9474375,497.0,0.8993963782696177,-20.616489192783437,10.981530725084951,-36.70337677001953,0.0,-19.09137344360352
4.5,282.0,0.8971631205673759,-13.125258690754888,9.215553626260402,-33.08677673339844,0.0,-9.80852508544922
7.1899375,450.0,0.8622222222222222,-15.48363227696763,8.56381305979646,-39.42711639404297,0.0,-13.532772064208984
4.178875,262.0,0.8969465648854962,-8.707628063445396,4.777284025287645,-18.405733108520508,0.0,-8.721677780151367
15.0675,942.0,0.8991507430997877,-12.362513348512977,5.389304611070158,-23.512752532958984,0.0,-12.57885456085205
3.0299375,190.0,0.9,-12.135555668881064,6.576444664610492,-23.49652862548828,0.0,-12.62152099609375
3.62,227.0,0.8986784140969163,-10.985985148186778,6.62459350252874,-23.200515747070312,0.0,-9.649276733398438
7.38975,462.0,0.8961038961038961,-15.094791283354091,6.9925766225153385,-23.07904815673828,0.0,-17.007234573364258
2.1525,135.0,0.8962962962962963,-7.776591545294139,3.7065093660472734,-13.164012908935549,0.0,-7.806915283203125
4.2399375,265.0,0.8981132075471698,-8.55489024795404,5.675789415698787,-21.3071346282959,0.0,-8.372828483581543
8.4699375,530.0,0.8981132075471698,-21.18139973408034,11.514257002029431,-38.39691925048828,0.0,-18.02685165405273
2.27,142.0,0.8873239436619719,-12.507966601659382,9.63158435261804,-27.020753860473636,0.0,-7.722942352294922
6.99,437.0,0.8993135011441648,-16.178366362593557,7.704674506531047,-30.33853530883789,0.0,-14.965160369873049
4.17,261.0,0.8888888888888888,-17.528847307994447,10.301663510142376,-31.542957305908203,0.0,-19.51077461242676
4.1899375,262.0,0.8969465648854962,-11.18939148923184,5.452676955339632,-16.812023162841797,0.0,-14.380939483642578
4.7825,299.0,0.8963210702341137,-19.731852741383797,13.62819325906818,-34.95035171508789,0.0,-16.363947868347168
7.6924375,481.0,0.896049896049896,-11.990750173404985,8.07878851406053,-29.51102066040039,0.0,-10.54916763305664
10.74,672.0,0.8988095238095238,-14.99693792703136,8.07971368029293,-27.29437065124512,0.0,-16.52640438079834
4.79,300.0,0.9,-14.86416059423376,6.729565731296323,-20.306446075439453,0.0,-18.56169891357422
2.9599375,185.0,0.8972972972972973,-9.010604456246618,6.070840359388647,-23.28559112548828,0.0,-8.59045124053955
1.5899375,100.0,0.86,-10.735253622365551,5.864041199843646,-18.25772857666016,0.0,-12.311864852905272
9.4399375,590.0,0.9,-13.703622817993164,7.3989401275819455,-35.41864776611328,0.0,-12.106460571289062
9.3899375,587.0,0.889267461669506,-14.419062661941938,7.176116124387078,-29.552749633789062,0.0,-12.940353393554688
4.8863125,306.0,0.8986928104575164,-12.775127060630105,5.785745180217812,-24.03805923461914,0.0,-12.690021514892578
2.443625,153.0,0.8954248366013072,-15.031164266767291,6.370050144323767,-21.920276641845703,0.0,-16.16244888305664
2.6299375,165.0,0.896969696969697,-8.92396475817706,3.520332655820494,-15.895286560058594,0.0,-8.592353820800781
1.72,108.0,0.8796296296296297,-11.100354686536289,7.900770291590938,-31.19849967956543,0.0,-9.642385482788086
4.17325,261.0,0.89272030651341,-22.834726816594856,9.34471704957677,-31.658485412597656,0.0,-27.29333877563477
6.5699375,411.0,0.9002433090024331,-14.130424649006612,10.13528861741577,-33.348426818847656,0.0,-10.783624649047852
2.68,168.0,0.8988095238095238,-10.908704189275277,5.297735020139847,-15.531089782714844,0.0,-13.876296997070312
3.2485625,204.0,0.8921568627450981,-21.79352553860172,8.367927233963462,-29.4420166015625,0.0,-27.25252914428711
2.33,146.0,0.7876712328767124,-23.364708494103475,13.765193203935349,-39.89153289794922,0.0,-23.184125900268555
1.8990625,119.0,0.8991596638655462,-10.891038377708364,8.610054542068912,-26.06694602966309,0.0,-9.628694534301758
3.67,230.0,0.9,-8.986509461333787,8.404438335539863,-25.905799865722656,0.0,-5.367122650146484
4.56,286.0,0.8951048951048951,-7.483046978712082,4.729407668755637,-17.048952102661133,0.0,-6.386074066162109
8.0246875,502.0,0.898406374501992,-11.332232600040816,5.268393221874958,-21.405437469482425,0.0,-11.530757904052734
4.33,271.0,0.9003690036900369,-9.225512719545208,4.223541803649822,-18.56833267211914,0.0,-9.36651086807251
1.92,121.0,0.9008264462809916,-16.180237656339592,8.966478614005101,-25.86548614501953,0.0,-20.14266967773437
5.6655625,355.0,0.8901408450704226,-15.7785594071014,8.747359765344719,-24.77649307250977,0.0,-19.64886474609375
5.9945,375.0,0.88,-20.121991437854188,12.11941480295615,-39.99557113647461,0.0,-16.754971504211426
3.97,249.0,0.8955823293172691,-10.296490827483447,6.461845710957634,-24.27742958068848,0.0,-8.692094802856445
4.8068125,301.0,0.9003322259136213,-14.472799477102132,5.478240263847962,-19.452533721923828,0.0,-17.360366821289062
7.9399375,497.0,0.8953722334004024,-21.482996998476175,10.907089976159936,-32.85618591308594,0.0,-24.638690948486328
3.1299375,196.0,0.8928571428571429,-9.510647256033762,6.629244527218664,-26.848705291748047,0.0,-8.378154754638672
4.487875,281.0,0.8932384341637011,-16.72115063762285,10.27317600500643,-35.01586151123047,0.0,-13.35048484802246
1.9399375,122.0,0.8934426229508197,-14.616616502814336,8.388002429996844,-28.55656623840332,0.0,-13.585525512695312
1.8,113.0,0.8938053097345132,-9.11564284976166,4.649753462876681,-15.252185821533203,0.0,-10.177227020263672
6.2599375,392.0,0.8877551020408163,-14.349116062295847,8.063129741667083,-26.012340545654297,0.0,-14.980525970458984
4.7024375,294.0,0.8843537414965986,-18.58341320477999,8.980497665118852,-39.91112518310547,0.0,-19.36040496826172
2.3698125,149.0,0.8926174496644296,-15.176356294101344,8.445055626121432,-23.221683502197266,0.0,-21.77008819580078
10.1899375,637.0,0.8995290423861853,-13.17320531908338,6.546071853212034,-34.17731475830078,0.0,-12.748739242553713
3.4,213.0,0.8779342723004695,-10.50390776975907,8.646588350050076,-29.727088928222656,0.0,-7.867168426513672
11.02075,689.0,0.8984034833091437,-16.132955732946442,6.199596673989732,-29.328067779541016,0.0,-16.346473693847656
4.4499375,279.0,0.8960573476702509,-23.52507565307617,9.159179968753756,-34.18961334228516,0.0,-24.119897842407227
21.7441875,1360.0,0.8941176470588236,-15.126117163582853,8.614165176432925,-33.93109130859375,0.0,-12.894790649414062
2.43,152.0,0.881578947368421,-17.149329455930797,9.034175890521746,-27.01505470275879,0.0,-20.84298515319824
3.5099375,220.0,0.9,-14.94610938640556,9.284399114531237,-31.621356964111328,0.0,-12.948169708251951
2.7799375,174.0,0.896551724137931,-13.503401413941996,10.016036761693032,-33.389366149902344,0.0,-8.999433517456055
4.433875,278.0,0.89568345323741,-17.690000419157098,6.754958491148989,-22.809226989746094,0.0,-21.181285858154297
1.6865,106.0,0.8962264150943396,-16.885282877871866,10.20018731297023,-30.97088432312012,0.0,-15.699518203735352
4.0599375,254.0,0.8976377952755905,-22.191233927743475,9.881290969305166,-38.63018035888672,0.0,-23.298322677612305
2.693625,169.0,0.8816568047337278,-17.343664463734466,10.008287022851688,-27.44681930541992,0.0,-23.32184600830078
3.8299375,240.0,0.9,-6.95240655651799,3.5829828300797995,-16.705978393554688,0.0,-6.365564346313477
5.4099375,339.0,0.8938053097345132,-14.841047966834342,7.011085843874077,-30.780437469482425,0.0,-13.648426055908203
9.7599375,610.0,0.9,-13.360361585634436,7.588767313427501,-33.16033172607422,0.0,-12.633308410644531
2.6,163.0,0.8957055214723927,-11.247748832180076,5.1003956265914585,-20.007583618164062,0.0,-11.885284423828123
7.8399375,490.0,0.9,-9.440493149011314,4.423139318943962,-20.826004028320312,0.0,-9.13075065612793
1.447,91.0,0.9010989010989012,-11.435127351342178,7.821321438951539,-26.770139694213867,0.0,-8.694782257080078
4.4699375,280.0,0.8892857142857142,-13.910899985746209,9.320423782125848,-31.29244613647461,0.0,-10.949413299560549
2.91,182.0,0.8846153846153846,-13.980004920722536,7.428975230853438,-21.9206657409668,0.0,-18.071990966796875
1.6399375,103.0,0.8932038834951457,-13.95738172531128,8.498597860708603,-29.166757583618164,0.0,-12.909425735473633
1.68,106.0,0.8962264150943396,-11.94768500077097,6.417480931480559,-20.688064575195312,0.0,-11.08376693725586
4.03,252.0,0.8968253968253969,-13.973977991964963,8.907592390169528,-31.67293930053711,0.0,-12.703741073608398
6.4799375,405.0,0.8987654320987655,-16.415235071391848,8.872140728402977,-37.0601921081543,0.0,-15.350337028503418
1.2199375,77.0,0.8961038961038961,-4.480729420979817,4.006060858981903,-14.755023956298828,0.0,-3.529155731201172
4.2970625,269.0,0.895910780669145,-13.899023792061074,7.104295373809575,-32.75295639038086,0.0,-12.885066986083984
4.5899375,287.0,0.8885017421602788,-15.40510523926978,7.930905211933399,-27.640581130981445,0.0,-13.532766342163086
1.7465,110.0,0.9,-8.973709106445312,7.069424322213446,-21.564786911010746,0.0,-6.995317459106445
2.7534375,173.0,0.8959537572254336,-17.298743094167403,6.344299889916787,-24.428199768066406,0.0,-18.93871688842773
6.36,398.0,0.8944723618090452,-12.764720359545075,7.910918343222034,-26.892229080200195,0.0,-9.999486923217772
7.5,469.0,0.720682302771855,-24.63639448944633,11.2060280947765,-39.98032760620117,0.0,-25.618385314941406
11.6499375,729.0,0.8943758573388203,-16.057189540629007,9.444642983635095,-30.495851516723636,0.0,-13.065666198730469
0.9499375,60.0,0.9,-11.380389531453451,6.415977374671259,-19.276123046875,0.0,-12.52570343017578
4.97,311.0,0.8971061093247589,-15.766747594306974,9.52891798804898,-27.218032836914062,0.0,-15.328392028808594
2.8738125,180.0,0.8944444444444445,-13.924697662732616,6.613011651717187,-23.548927307128903,0.0,-13.734848022460938
2.2199375,139.0,0.8992805755395683,-17.9038377532959,11.218181323765911,-29.787677764892575,0.0,-22.856311798095703
5.025875,315.0,0.8825396825396825,-14.982397415655122,7.32454874780534,-27.78573989868164,0.0,-14.297063827514648
3.68,231.0,0.9004329004329005,-9.882378284747784,5.748753138531111,-22.617528915405277,0.0,-8.67863655090332
1.79,112.0,0.8928571428571429,-14.635007629394533,8.466595906894161,-28.842853546142575,0.0,-12.95061492919922
1.91,120.0,0.9,-11.094771332210964,5.99441743417389,-24.756105422973636,0.0,-10.304954528808594
5.56,348.0,0.8994252873563219,-18.514630369485,8.714266839045152,-31.390382766723636,0.0,-21.23007583618164
2.648625,166.0,0.8975903614457831,-7.2626397305687,3.0237746543520867,-10.882049560546877,0.0,-8.423938751220703
3.565,223.0,0.8923766816143498,-14.728953586750894,8.448832239751546,-31.87010765075684,0.0,-13.443761825561523
5.14,322.0,0.8913043478260869,-10.569541818173503,5.648443399325567,-24.803253173828125,0.0,-9.68657684326172
1.9599375,123.0,0.8943089430894309,-17.15096841291948,6.390286624681238,-22.247705459594727,0.0,-20.61359596252441
3.1949375,200.0,0.9,-12.441194587283665,5.553220904857011,-25.779590606689453,0.0,-12.705440521240234
4.7699375,299.0,0.8996655518394648,-11.649198149216662,4.488693660259679,-21.723892211914062,0.0,-11.11484146118164
5.1199375,320.0,0.878125,-10.953161599373054,6.553327379107871,-18.48902130126953,0.0,-10.87167739868164
2.6773125,168.0,0.875,-18.102710049168596,10.251891963233223,-27.593271255493164,0.0,-24.012693405151367
1.1,69.0,0.8985507246376812,-5.889525813441122,4.469230006730133,-17.33777618408203,0.0,-5.492471694946289
10.198,638.0,0.8996865203761756,-15.043021992939275,7.814888023488691,-33.53680419921875,0.0,-14.603318214416504
2.4699375,155.0,0.896774193548387,-5.56080384563199,3.2462612137340408,-14.860271453857422,0.0,-4.95184326171875
1.23,77.0,0.8961038961038961,-7.105942933455758,5.497093448278249,-18.911399841308597,0.0,-5.902462005615234
1.771,111.0,0.9009009009009008,-12.271242980957032,4.515207556865184,-15.859172821044922,0.0,-14.094734191894531
2.8399375,178.0,0.898876404494382,-12.468182611465457,8.31006662811184,-27.423099517822266,0.0,-10.54266357421875
1.8799375,118.0,0.8898305084745762,-24.697354071480888,13.492544106615515,-38.14799880981445,0.0,-32.57406234741211
2.347875,147.0,0.8843537414965986,-10.11026978125939,5.682001729180564,-16.812095642089844,0.0,-9.838418960571287
3.14,197.0,0.8934010152284264,-13.021299698136067,8.841701174257341,-34.96764373779297,0.0,-11.87058448791504
5.0773125,318.0,0.8962264150943396,-16.053759538081653,7.77749417651338,-24.172548294067383,0.0,-19.79903221130371
2.1899375,137.0,0.8905109489051095,-14.072041245757555,9.369178809876807,-27.562896728515625,0.0,-15.290046691894531
3.9266875,246.0,0.8861788617886179,-13.894250327294026,8.43029660526882,-31.307098388671875,0.0,-11.406850814819336
7.3694375,461.0,0.8915401301518439,-12.648958187613754,7.106391573239232,-35.18811798095703,0.0,-11.029375076293944
1.23,77.0,0.8961038961038961,-9.589997858240984,5.421248384911667,-22.12738037109375,0.0,-9.951889038085938
1.1386875,72.0,0.8888888888888888,-10.864050090312958,9.839470088270216,-29.06817626953125,0.0,-6.337203979492188
1.468125,92.0,0.8913043478260869,-24.195751794954624,10.596224417667097,-32.50162124633789,0.0,-29.01251983642578
5.7025625,357.0,0.8907563025210085,-15.51946488266471,7.763174608186155,-23.461355209350582,0.0,-20.516525268554688
2.8399375,178.0,0.898876404494382,-13.960934376716612,9.002042517843018,-27.540437698364254,0.0,-10.981634140014648
3.7781875,237.0,0.8860759493670886,-13.956073833647228,8.286732498992118,-28.409534454345703,0.0,-12.11923599243164
2.9599375,185.0,0.8972972972972973,-15.506965844027969,7.422413853684204,-29.40976333618164,0.0,-15.16234016418457
4.0779375,255.0,0.8705882352941177,-12.450881116025082,9.260822838797743,-25.17940139770508,0.0,-9.618585586547852
1.4499375,91.0,0.9010989010989012,-20.53759131780485,11.105558899159892,-37.96385192871094,0.0,-26.117755889892575
1.0399375,65.0,0.8615384615384616,-17.631113358906337,10.796421836422468,-35.44025421142578,0.0,-21.979541778564453
3.8799375,243.0,0.897119341563786,-16.315609608221493,9.915764085074253,-28.26679039001465,0.0,-16.1275634765625
5.98,374.0,0.893048128342246,-15.08897256565665,7.382240161757393,-28.464923858642575,0.0,-14.354501724243164
2.6499375,166.0,0.8975903614457831,-12.215850510053189,11.41931045993817,-39.52482604980469,0.0,-9.230587005615234
2.764,173.0,0.8786127167630058,-8.734585937700773,3.205322447483898,-12.139179229736328,0.0,-9.651138305664062
6.7141875,420.0,0.8976190476190476,-9.341725569504955,4.246009885155977,-22.239368438720703,0.0,-8.896034240722656
1.68,106.0,0.8962264150943396,-17.63084433706183,10.500178105505038,-28.59800338745117,0.0,-25.0814208984375
3.614625,226.0,0.8938053097345132,-16.92062038006169,9.438009944680935,-28.50298118591309,0.0,-16.9904727935791
3.4,213.0,0.8826291079812206,-19.9268723142908,11.766984487454533,-32.68362045288086,0.0,-24.061325073242188
3.5681875,224.0,0.8973214285714286,-8.5651952639148,3.2035046082619747,-12.255207061767578,0.0,-9.456302642822266
3.4126875,214.0,0.897196261682243,-17.649263938268025,6.130841958358559,-22.77975845336914,0.0,-20.64655113220215
1.9399375,122.0,0.8934426229508197,-10.673732547585024,6.54606206234713,-22.086326599121094,0.0,-9.149311065673828
3.9955625,250.0,0.9,-10.988760587904189,4.019918599345062,-20.64618682861328,0.0,-11.199344635009766
10.17,636.0,0.8977987421383647,-11.846451173104256,9.618791948587244,-32.09293365478516,0.0,-7.923069000244141
4.31,270.0,0.8925925925925926,-13.27468167696751,8.178401300218292,-25.10342788696289,0.0,-11.524860382080078
11.0035,688.0,0.8837209302325582,-10.855509657608836,5.746740925465622,-20.11773681640625,0.0,-9.579103469848633
4.4099375,276.0,0.8876811594202898,-18.18320046249701,8.935394950609602,-27.29265785217285,0.0,-23.112428665161133
6.0799375,380.0,0.8842105263157894,-12.39114681312016,11.0532557478467,-39.60631561279297,0.0,-8.680224418640137
8.1599375,510.0,0.8941176470588236,-11.091398845639144,8.902231987093925,-29.864633560180664,0.0,-7.86622428894043
3.57375,224.0,0.8839285714285714,-15.077089039966314,11.152278435126425,-34.91888427734375,0.0,-10.248685836791992
2.15,135.0,0.8888888888888888,-16.665369447072347,8.01409791093152,-25.14612197875977,0.0,-18.86192321777344
3.9220625,246.0,0.8943089430894309,-12.667016679590398,8.964476524617918,-24.53779411315918,0.0,-9.70847511291504
1.25,79.0,0.8987341772151899,-21.681320808303187,13.337009344413348,-34.62308883666992,0.0,-30.63116836547852
7.3775,462.0,0.8961038961038961,-18.062994330401583,9.474826665266454,-34.29902648925781,0.0,-16.732666015625
3.0159375,189.0,0.8994708994708994,-10.015359014623304,6.861485596211713,-23.51113510131836,0.0,-8.28939437866211
1.4499375,91.0,0.9010989010989012,-10.376717590704196,6.513991232397168,-22.304370880126957,0.0,-11.060186386108398
3.6899375,231.0,0.9004329004329005,-11.08504685988793,7.041357200052739,-26.85228729248047,0.0,-9.401374816894531
1.92,121.0,0.8842975206611571,-9.3035149618844,5.53518927266926,-19.699382781982425,0.0,-9.17403793334961
11.46,717.0,0.8926080892608089,-10.24951440691948,6.383217179389868,-20.839656829833984,0.0,-8.088600158691406
2.075,130.0,0.8923076923076924,-10.714652160118366,4.072385250814988,-16.464862823486328,0.0,-11.399284362792969
5.8199375,364.0,0.8928571428571429,-18.35288078894982,10.204625141719784,-32.2437744140625,0.0,-16.139074325561523
2.3005,144.0,0.8888888888888888,-11.7238892018795,6.537888919524713,-18.915088653564453,0.0,-13.69931983947754
7.14,447.0,0.8993288590604027,-10.034734754420038,4.407615390987933,-20.001502990722656,0.0,-9.44172477722168
4.645,291.0,0.8900343642611683,-12.17773167967336,6.365390932384157,-18.529220581054688,0.0,-16.10382843017578
3.3211875,208.0,0.8990384615384616,-14.699591325566091,7.402428680318124,-21.90836334228516,0.0,-18.84015655517578
4.7810625,299.0,0.8963210702341137,-12.036243680697767,5.70851005020432,-18.658485412597656,0.0,-13.822139739990234
10.67,667.0,0.8995502248875562,-13.431074800491333,8.471463755855984,-33.259246826171875,0.0,-10.898345947265623
2.17,136.0,0.8970588235294118,-9.284353897219798,7.208593541090594,-29.63910675048828,0.0,-6.872810363769531
1.05525,66.0,0.8787878787878788,-20.638738763743437,11.65016050088514,-32.89632034301758,0.0,-23.32746124267578
4.68,293.0,0.89419795221843,-12.284772319648102,6.958935615883587,-26.79619026184082,0.0,-10.263914108276367
0.9599375,60.0,0.8666666666666667,-15.77603347484882,10.107652746110698,-30.611610412597656,0.0,-17.677074432373047
9.21175,576.0,0.8888888888888888,-13.49439263343811,6.359176655998347,-20.18775177001953,0.0,-16.891765594482422
5.2148125,326.0,0.8987730061349694,-18.19006766882366,6.252682484230519,-22.417316436767575,0.0,-21.06625747680664
11.2199375,702.0,0.8931623931623932,-17.038224431696502,10.47266310329298,-32.55470275878906,0.0,-12.816335678100586
2.28,143.0,0.8111888111888111,-14.159583774106256,8.8017313766277,-36.30698013305664,0.0,-14.055737495422363
9.815,614.0,0.8957654723127035,-15.134304376081989,8.170938943414283,-29.55706024169922,0.0,-13.38784408569336
5.1324375,321.0,0.9003115264797508,-10.548418361835411,4.9455907328114845,-18.74208641052246,0.0,-10.67841911315918
2.2599375,142.0,0.8943661971830986,-7.774576772855022,4.055350346601331,-18.347082138061523,0.0,-7.915082931518555
5.3899375,337.0,0.8991097922848664,-15.817450696485665,9.934689148078824,-32.74048614501953,0.0,-14.047662734985352
5.37,336.0,0.8958333333333334,-14.968344324054907,11.31957845500056,-39.18329620361328,0.0,-10.921812057495115
3.85,241.0,0.9004149377593361,-5.938524536273446,4.183775650930869,-16.223129272460938,0.0,-4.998344421386719
1.2899375,81.0,0.9012345679012346,-15.413895646186724,6.466695804197058,-21.00557518005371,0.0,-17.9724178314209
2.3425,147.0,0.8775510204081632,-9.032480757365857,7.42646218846208,-22.405208587646484,0.0,-6.31341552734375
5.66,354.0,0.8983050847457628,-14.196328774938044,6.527660006032774,-24.380205154418945,0.0,-13.92653465270996
4.8899375,306.0,0.8954248366013072,-15.662635705766888,11.174328641957764,-32.61006164550781,0.0,-14.422113418579102
1.79,112.0,0.8928571428571429,-6.637024230957032,5.613049912554499,-20.930469512939453,0.0,-4.276841163635254
7.2018125,451.0,0.893569844789357,-13.70924405365369,7.203058901566866,-22.14468002319336,0.0,-15.992961883544922
4.6899375,294.0,0.8979591836734694,-12.376201607964257,6.512307666441391,-28.759721755981445,0.0,-11.437274932861328
3.059125,192.0,0.8958333333333334,-8.451407388199208,5.467895657227548,-22.548707962036133,0.0,-7.410511016845703
4.6655625,292.0,0.8904109589041096,-7.782283724271334,5.765710512510686,-20.492595672607425,0.0,-6.072454452514648
4.1599375,260.0,0.8961538461538462,-16.275621496045027,7.748909685932037,-25.71120262145996,0.0,-17.038034439086914
3.3776875,212.0,0.8962264150943396,-11.421676475123355,6.25592954281691,-19.82456970214844,0.0,-11.666179656982422
2.0,126.0,0.8809523809523809,-12.941673485008446,9.091013058711564,-26.28602600097656,0.0,-11.400108337402344
1.5699375,99.0,0.8787878787878788,-11.19594734016506,7.108925453738306,-20.115318298339844,0.0,-13.778579711914062
4.4,276.0,0.8913043478260869,-19.24221818040057,7.44603264474121,-25.22948837280273,0.0,-23.255748748779297
5.17,324.0,0.8950617283950617,-18.17334434246195,8.581998347631382,-25.142202377319336,0.0,-23.532106399536133
4.62,289.0,0.8996539792387543,-14.685072689789992,7.000380384141676,-27.773162841796875,0.0,-15.182147026062012
2.8999375,182.0,0.8956043956043956,-13.512420701102975,8.716088576600251,-26.84082794189453,0.0,-11.37628173828125
4.4199375,277.0,0.8772563176895307,-12.96802638489523,6.710484038828514,-24.25192070007324,0.0,-12.30235481262207
11.4399375,715.0,0.8993006993006993,-10.837290780169782,7.1386896064291605,-30.639223098754883,0.0,-9.299495697021484
1.4099375,89.0,0.8876404494382022,-5.237828604782684,3.070161380648312,-11.64020538330078,0.0,-4.6502685546875
2.4690625,155.0,0.896774193548387,-10.036430228528358,4.771050248433864,-17.627216339111328,0.0,-9.93136501312256
1.762625,111.0,0.9009009009009008,-9.214874687194824,4.903223759681972,-17.268878936767578,0.0,-10.481016159057615
4.465125,280.0,0.8928571428571429,-11.984703239440918,5.346444217938681,-22.245880126953125,0.0,-11.404918670654297
1.31,82.0,0.8658536585365854,-9.8614919420699,6.474953179066796,-18.113422393798828,0.0,-9.39151382446289
3.1969375,200.0,0.9,-20.91809145609538,13.024945182485526,-39.24419403076172,0.0,-17.546220779418945
10.49,656.0,0.8932926829268293,-14.136978260079342,9.141969376745264,-27.23263931274414,0.0,-11.233390808105469
2.4499375,154.0,0.8896103896103896,-14.44917769327651,7.682936376593098,-27.45166015625,0.0,-12.74094009399414
4.23,265.0,0.8981132075471698,-16.86706345822631,9.203574078972103,-34.822845458984375,0.0,-17.2467098236084
5.1975,325.0,0.8861538461538462,-10.091702739397684,7.443636463692376,-33.476806640625,0.0,-8.892253875732422
9.8199375,614.0,0.8941368078175895,-11.786986509090347,8.256984364802348,-31.088573455810547,0.0,-8.975399017333984
2.4815625,156.0,0.8782051282051282,-18.67374235000053,11.706833936779152,-37.12840270996094,0.0,-16.516292572021484
2.654875,166.0,0.8795180722891566,-17.32332247903902,11.663158551538908,-33.02317810058594,0.0,-15.880889892578123
7.861875,492.0,0.8922764227642277,-15.205626867898232,6.705079995364159,-21.404579162597656,0.0,-19.30849838256836
2.85,179.0,0.8994413407821229,-8.737040934355363,3.0493617097222674,-15.189675331115724,0.0,-9.12781810760498
15.3499375,960.0,0.8927083333333333,-21.342025351774733,9.120651413521674,-30.732885360717773,0.0,-26.69367027282715
8.7160625,545.0,0.8825688073394495,-17.816777794375984,11.619417609613892,-38.12183380126953,0.0,-13.743783950805664
11.3199375,708.0,0.8997175141242938,-11.911753314630577,5.816635699026622,-27.76401901245117,0.0,-10.871456146240234
2.38475,150.0,0.8933333333333333,-21.51669970555092,9.541696252607986,-29.570178985595703,0.0,-27.336559295654297
1.4499375,91.0,0.8901098901098901,-14.444295482870974,5.813239945447759,-20.3026123046875,0.0,-16.802734375
2.0299375,127.0,0.889763779527559,-19.35802292612801,12.605581221519776,-37.25121688842773,0.0,-17.413192749023438
8.8399375,553.0,0.8987341772151899,-15.639842292432574,7.817742140598394,-23.721519470214844,0.0,-20.511737823486328
1.99,125.0,0.896,-15.069274732044764,6.418747161765547,-25.6760368347168,0.0,-17.209049224853516
3.0599375,192.0,0.8958333333333334,-12.70164022889248,8.590058823518294,-32.145633697509766,0.0,-10.34303092956543
6.8999375,432.0,0.8981481481481481,-9.864514842475812,5.43039492326886,-22.01617431640625,0.0,-10.156146049499512
3.6044375,226.0,0.8761061946902655,-14.567595751598628,8.437553706672674,-23.937435150146484,0.0,-16.239456176757812
2.9541875,185.0,0.8972972972972973,-8.853180471673069,5.215113912075265,-22.790771484375,0.0,-7.611188888549805
2.5799375,162.0,0.8950617283950617,-12.778211725169214,9.934357481968233,-27.8638973236084,0.0,-8.510629653930664
8.4399375,528.0,0.8882575757575758,-16.497284114487897,7.127683086158752,-22.0313720703125,0.0,-20.53937149047852
8.3,519.0,0.8978805394990366,-13.740130297615805,5.504074569921999,-24.633533477783203,0.0,-13.126585006713867
4.65075,291.0,0.8831615120274914,-15.500421832043838,12.0512739936517,-38.99370956420898,0.0,-9.9364595413208
6.5799375,412.0,0.8980582524271845,-11.297724909395784,8.043554555650424,-30.706623077392575,0.0,-8.763774871826172
2.09,131.0,0.8854961832061069,-8.945789106960955,7.810102812424517,-27.949790954589844,0.0,-5.772679328918457
3.3449375,210.0,0.9,-10.05724237331007,10.877738456354464,-37.49489974975586,0.0,-5.741086959838867
5.2641875,330.0,0.9,-14.16779613494873,7.962091826865762,-32.6350212097168,0.0,-13.773587226867676
10.2099375,639.0,0.8998435054773083,-13.087300013666567,6.283489916942452,-31.7404899597168,0.0,-12.155036926269531
9.2399375,578.0,0.8944636678200693,-10.320891293612393,7.4521225024291935,-25.83812713623047,0.0,-7.290866851806641
6.8178125,427.0,0.8946135831381733,-8.104754507853723,4.027470573523403,-18.080198287963867,0.0,-7.42723274230957
4.9499375,310.0,0.9,-10.750519161156,4.032854442873324,-17.368915557861328,0.0,-11.358795166015623
3.33,209.0,0.8995215311004785,-18.61228867794605,12.05203525317329,-35.540489196777344,0.0,-18.81092071533203
2.1335625,134.0,0.8880597014925373,-12.583154149416114,5.004176893482193,-16.516536712646484,0.0,-15.17050552368164
1.62,102.0,0.8921568627450981,-7.597325209732894,5.755970940237924,-16.964454650878906,0.0,-5.796119689941406
0.7799375,49.0,0.8979591836734694,-17.366055141795766,10.74768309487992,-28.791200637817383,0.0,-21.1303653717041
2.553875,160.0,0.9,-16.366679363780552,9.117172600156897,-26.521787643432617,0.0,-19.580644607543945
2.5415625,159.0,0.89937106918239,-10.143474232066762,7.735131798259414,-23.518718719482425,0.0,-7.444736480712891
6.8845,431.0,0.8955916473317865,-10.665656144137207,6.164139919231754,-23.59646224975586,0.0,-9.089933395385742
1.6719375,105.0,0.8952380952380953,-18.15824977387773,6.1857706787068665,-22.149538040161133,0.0,-20.50905036926269
3.5325,221.0,0.9004524886877828,-8.246981692673574,2.638034689092736,-11.01064682006836,0.0,-9.01532745361328
8.70025,544.0,0.8841911764705882,-20.262967464581845,7.792580903687704,-28.56298828125,0.0,-22.528987884521484
5.1,319.0,0.8996865203761756,-15.641076317232246,10.405014532207986,-35.15193557739258,0.0,-12.40176010131836
3.193125,200.0,0.895,-12.755043946164946,9.309667282024424,-25.68544006347656,0.0,-11.408805847167969
4.09,256.0,0.8984375,-7.852917712667714,4.767912548632829,-22.494672775268555,0.0,-7.637598037719727
4.61,289.0,0.8996539792387543,-13.498361396789551,6.005058680950016,-31.044612884521484,0.0,-13.452301025390623
2.93,184.0,0.8967391304347826,-18.24979192560369,9.853500389120166,-35.25153350830078,0.0,-19.05895233154297
3.6474375,228.0,0.8903508771929824,-16.268352593107178,10.339334774842268,-37.1034049987793,0.0,-14.26839542388916
1.3199375,83.0,0.891566265060241,-13.29973671887372,8.689491418385098,-26.63636016845703,0.0,-14.014060974121094
1.79,112.0,0.8571428571428571,-13.91905790567398,11.780518628377218,-31.714561462402344,0.0,-10.059118270874023
2.66,167.0,0.8982035928143712,-11.583476435343425,6.236659361117486,-19.36104965209961,0.0,-11.79256820678711
1.2408125,78.0,0.8974358974358975,-9.096755981445312,6.376203279335994,-19.68239974975586,0.0,-7.692033767700195
8.0099375,501.0,0.8962075848303394,-19.153253831417363,10.756908570073684,-34.00199508666992,0.0,-18.338607788085938
2.0399375,128.0,0.8984375,-12.246696803880775,7.916046560350625,-27.729005813598636,0.0,-10.956907272338867
12.97475,811.0,0.9001233045622689,-18.049675860470288,7.277843859546796,-34.68366241455078,0.0,-17.152366638183594
6.54675,410.0,0.8975609756097561,-23.021851078323696,10.285668902054454,-36.93326568603516,0.0,-24.04692268371582
10.32775,646.0,0.8931888544891641,-18.498107844043645,10.342256449880589,-29.586814880371094,0.0,-24.34479522705078
1.8399375,115.0,0.8956521739130435,-12.613778975403424,7.688121703055456,-25.364784240722656,0.0,-10.94076156616211
3.4699375,217.0,0.8986175115207373,-11.415458302620127,9.973691297640734,-37.20426177978516,0.0,-7.072734832763672
3.5799375,224.0,0.8883928571428571,-11.563703757434634,9.205975950795494,-35.55341720581055,0.0,-9.37277603149414
2.8534375,179.0,0.8994413407821229,-13.61510966283194,10.593036560176753,-32.383583068847656,0.0,-8.855030059814453
2.62,164.0,0.8963414634146342,-12.811126151052465,8.021780731691704,-26.07675552368164,0.0,-13.414043426513672
1.914875,120.0,0.8916666666666667,-10.83009331248631,4.506210232612755,-14.685302734375,0.0,-13.071647644042969
6.0599375,379.0,0.8970976253298153,-10.288834627936868,4.8750893700460844,-18.75981903076172,0.0,-10.576074600219728
10.2399375,640.0,0.89375,-15.851430916286017,7.284578247001135,-32.00562286376953,0.0,-14.4169921875
5.716,358.0,0.8854748603351955,-12.374681803706316,7.710108907739644,-24.81067276000977,0.0,-10.922237396240234
2.62,164.0,0.8963414634146342,-9.570427914055026,6.009340488704229,-22.50035858154297,0.0,-8.89052963256836
5.6499375,354.0,0.8983050847457628,-17.345059856678706,8.024029529653259,-31.601974487304688,0.0,-17.89518165588379
1.79,112.0,0.8928571428571429,-19.33162395477295,11.713104991740376,-30.22271728515625,0.0,-27.08337783813477
2.7784375,174.0,0.8908045977011494,-12.907206504575669,6.368117001202,-21.469013214111328,0.0,-13.268447875976562
2.1099375,132.0,0.8863636363636364,-14.315315572624533,8.824058137035317,-31.71056365966797,0.0,-12.940956115722656
5.3799375,337.0,0.8931750741839762,-14.403906698638815,8.712957939893924,-28.59381866455078,0.0,-12.403118133544922
1.7831875,112.0,0.8928571428571429,-7.647205238342285,4.634081260599155,-16.95238494873047,0.0,-6.810483932495117
1.6299375,102.0,0.8921568627450981,-18.087798841707,10.552165884202685,-30.962427139282227,0.0,-20.06434440612793
6.6625,417.0,0.8992805755395683,-14.368907135009763,6.898141375896859,-21.491744995117188,0.0,-18.431804656982425
9.5249375,596.0,0.8926174496644296,-15.136863224488453,10.264930313583626,-35.20390319824219,0.0,-11.18853759765625
3.5690625,224.0,0.8973214285714286,-12.710101322155094,6.378396657035305,-25.685686111450195,0.0,-13.964273452758787
2.5699375,161.0,0.9006211180124224,-20.519659410673995,14.715895697162724,-37.9879264831543,0.0,-19.22597885131836
4.31,270.0,0.8962962962962963,-13.285173029939005,6.959319426385693,-25.65152740478516,0.0,-12.291948318481444
3.23,202.0,0.8861386138613861,-11.617394111675925,7.540720510480944,-24.65283966064453,0.0,-9.090003967285156
2.17,136.0,0.8970588235294118,-12.649416720280882,4.951137981724455,-18.770408630371094,0.0,-13.423543930053713
4.4120625,276.0,0.8876811594202898,-14.138760905363124,7.358721618613111,-25.143070220947266,0.0,-14.68680191040039
2.2,138.0,0.8985507246376812,-13.427591800689695,11.473289732360367,-36.38492965698242,0.0,-9.534133911132812
4.8020625,301.0,0.9003322259136213,-5.738484386148488,4.084310921058782,-17.51290512084961,0.0,-4.6686553955078125
12.0,751.0,0.9001331557922769,-15.371594355656551,8.37981111909767,-36.288795471191406,0.0,-13.105501174926758
2.23,140.0,0.9,-14.009499776931037,6.886538453077647,-20.55767059326172,0.0,-17.269399642944336
2.33,146.0,0.8972602739726028,-14.411327070862283,6.737510408263422,-20.01523971557617,0.0,-18.292686462402344
2.86,179.0,0.8994413407821229,-24.57245619400688,10.334079610655545,-33.05944061279297,0.0,-29.820676803588867
2.74,172.0,0.8953488372093024,-11.240935796267026,6.69127403668778,-23.719640731811523,0.0,-11.065753936767578
10.62,664.0,0.8177710843373494,-13.813725172924512,8.014024313454184,-39.9158935546875,0.0,-12.53705883026123
3.1889375,200.0,0.885,-15.393295298861918,10.880155376768254,-37.36602020263672,0.0,-10.948566436767578
4.7699375,299.0,0.8929765886287625,-16.86787250247341,10.704574036592236,-39.4014778137207,0.0,-14.38030242919922
3.3499375,210.0,0.9,-8.988219316674288,4.047916370664407,-17.63821029663086,0.0,-9.081689834594728
3.37,211.0,0.9004739336492891,-10.225803335089433,5.336447807618803,-25.713085174560547,0.0,-9.75739860534668
6.8299375,427.0,0.8992974238875878,-12.499982545773188,6.648609008973005,-26.913185119628903,0.0,-11.954723358154297
3.34,209.0,0.8947368421052632,-13.858301866500772,8.323069667129783,-36.70115280151367,0.0,-12.347217559814451
1.6474375,103.0,0.8640776699029126,-10.899839594123067,6.846186998544641,-20.834095001220703,0.0,-11.177837371826172
2.172,136.0,0.8676470588235294,-12.716443498255844,9.86201540771965,-28.77507781982422,0.0,-8.338722229003906
1.385,87.0,0.8850574712643678,-14.384818510575728,7.95018385918022,-22.034832000732425,0.0,-19.65024185180664
1.66,104.0,0.8653846153846154,-17.539961920844185,9.109795403438293,-28.948219299316406,0.0,-19.99696159362793
1.4699375,92.0,0.8913043478260869,-15.913193679437406,10.007603571177809,-30.27950668334961,0.0,-16.808826446533203
5.352,335.0,0.8985074626865671,-15.14925057547433,8.452719734943022,-26.661354064941406,0.0,-13.49115753173828
2.2599375,142.0,0.8732394366197183,-11.347523581597112,5.539836238240215,-23.437345504760746,0.0,-11.429607391357422
3.376,212.0,0.8915094339622641,-9.301940766591876,4.721318874720065,-18.309246063232425,0.0,-9.10989761352539
7.315125,458.0,0.8995633187772926,-9.151507678541163,4.03308466731057,-19.670631408691406,0.0,-8.91734790802002
2.17,136.0,0.8823529411764706,-14.614823309580483,8.486955306180258,-25.31970977783203,0.0,-19.220327377319336
3.4713125,217.0,0.8940092165898618,-11.30295279591354,6.7924556620405205,-19.37904357910156,0.0,-9.490406036376951
2.79,175.0,0.8914285714285715,-6.463794928330642,3.5812530076800937,-14.228729248046877,0.0,-5.940418243408203
6.4199375,402.0,0.8930348258706468,-16.971048742947804,9.796022918979258,-32.32299041748047,0.0,-16.79492950439453
3.97,249.0,0.8995983935742972,-7.725258673940386,3.567257498060287,-16.71156883239746,0.0,-8.303049087524414
3.3971875,213.0,0.8967136150234741,-6.725492387541926,3.474283094382046,-13.453475952148438,0.0,-6.909145355224609
2.4955,156.0,0.8974358974358975,-17.753584275926862,11.971362005665403,-30.96174430847168,0.0,-22.13944625854492
6.9650625,436.0,0.8899082568807339,-13.33525856254027,8.702640346952565,-31.38922691345215,0.0,-10.221927642822266
4.5489375,285.0,0.8982456140350877,-11.288920246064665,7.031635413308609,-31.09521102905273,0.0,-10.10540771484375
4.6340625,290.0,0.9,-13.479331970214844,8.353837898083473,-28.073047637939453,0.0,-10.67990493774414
2.07825,130.0,0.8923076923076924,-8.055670212055075,2.916287777196437,-10.802261352539062,0.0,-9.287227630615234
4.9075,307.0,0.8990228013029316,-7.756060572638028,3.465199457719304,-14.661344528198242,0.0,-7.999563217163086
3.15,197.0,0.8984771573604061,-10.07651249298268,7.134921321068823,-25.509611129760746,0.0,-9.21794319152832
6.0199375,377.0,0.8992042440318302,-9.618798388140744,4.644065667319403,-21.328514099121094,0.0,-9.265933990478516
3.2035,201.0,0.8955223880597015,-15.052660708957248,8.251854640538692,-22.568077087402344,0.0,-19.63483619689941
6.5299375,409.0,0.8973105134474327,-12.310347585652115,8.357513196296424,-31.7757568359375,0.0,-10.956043243408203
7.6309375,477.0,0.8951781970649895,-15.341182230786362,5.548524374583884,-20.73521423339844,0.0,-18.47523498535156
13.33,834.0,0.8920863309352518,-15.795233531664776,8.1255899652096,-25.599300384521484,0.0,-16.264694213867188
2.2199375,139.0,0.8992805755395683,-25.32042160797119,12.203352742783972,-36.17765426635742,0.0,-33.76298904418945
1.7585,110.0,0.8909090909090909,-15.620266894904937,7.83835875688246,-23.396663665771484,0.0,-20.9522705078125
1.3499375,85.0,0.8941176470588236,-15.625779377786737,11.801276672333469,-34.982887268066406,0.0,-12.758838653564451
6.8299375,427.0,0.8992974238875878,-10.502773597836494,7.477845349688092,-30.23252296447754,0.0,-8.770650863647461
3.39625,213.0,0.8967136150234741,-13.785973493965509,5.683379497786748,-18.854463577270508,0.0,-16.681100845336914
2.1299375,134.0,0.8955223880597015,-9.133589378992715,4.702794414881735,-16.670259475708008,0.0,-9.451204299926758
3.7045625,232.0,0.8922413793103449,-19.40285174973345,9.896503190553494,-29.244949340820312,0.0,-27.05782699584961
1.6858125,106.0,0.8962264150943396,-9.054025469328227,4.443114296779545,-14.51813507080078,0.0,-10.818275451660156
3.0260625,190.0,0.8894736842105263,-10.862695073234963,3.70113157043489,-14.092445373535156,0.0,-12.472198486328123
7.07,442.0,0.8981900452488688,-10.982381998441682,5.315556237877088,-22.452850341796875,0.0,-10.251216888427734
1.8299375,115.0,0.8956521739130435,-12.578892828191368,9.84067478034954,-28.11631774902344,0.0,-10.19863510131836
2.86,179.0,0.8770949720670391,-12.20679329307216,8.535786648698972,-26.30978012084961,0.0,-10.02371597290039
5.0099375,314.0,0.8980891719745223,-6.603113904912421,4.421650786729328,-25.279865264892575,0.0,-5.796177864074707
8.1474375,510.0,0.8901960784313725,-12.409106103334134,7.133140826766943,-25.998735427856445,0.0,-11.81623077392578
4.0599375,254.0,0.889763779527559,-21.53522588510429,7.952407290732124,-27.307697296142575,0.0,-25.63799476623535
3.54,222.0,0.8693693693693694,-17.94824350189051,11.045870629773225,-39.954872131347656,0.0,-16.470975875854492
3.5,219.0,0.8995433789954338,-9.719695105770516,6.087602102557972,-24.77769470214844,0.0,-8.065425872802734
4.3799375,274.0,0.8978102189781022,-10.89654113800545,7.054449859903393,-24.987491607666016,0.0,-8.740062713623047
2.2899375,144.0,0.8958333333333334,-16.24719871106998,12.845157049631458,-38.62978363037109,0.0,-10.77747917175293
1.9599375,123.0,0.8943089430894309,-14.484269194169478,8.753132055210608,-26.050586700439453,0.0,-12.361427307128906
2.062875,129.0,0.8837209302325582,-14.922903864007248,6.602657888958668,-20.788333892822266,0.0,-18.80657768249512
6.67,417.0,0.8992805755395683,-11.592349324544273,5.025838677644192,-23.00546264648437,0.0,-10.547321319580078
1.4148125,89.0,0.898876404494382,-8.160938143730164,7.992428663546671,-27.12366104125977,0.0,-5.258005142211914
2.3905,150.0,0.9,-9.278652078134042,5.365119212552784,-15.327606201171877,0.0,-10.697959899902344
4.971625,311.0,0.8938906752411575,-11.85495729240582,7.689144417210159,-24.64936828613281,0.0,-10.597461700439451
7.9499375,497.0,0.8993963782696177,-13.732847840993996,8.888431410248971,-26.70114517211914,0.0,-10.593948364257812
2.932875,184.0,0.8804347826086957,-14.924627045054494,8.666609067209752,-24.30069351196289,0.0,-17.945152282714844
3.7099375,232.0,0.8922413793103449,-13.180733510261572,6.987716944395976,-25.813156127929688,0.0,-12.498405456542969
3.33,209.0,0.7081339712918661,-16.27006566846693,10.52130514353661,-39.22335815429688,0.0,-13.606016159057615
4.4195625,277.0,0.8916967509025271,-14.201226639844146,8.313430301064813,-34.804317474365234,0.0,-12.923927307128906
2.600125,163.0,0.8834355828220859,-16.69164464208815,6.25365245628698,-22.18270874023437,0.0,-19.94565773010254
6.68,418.0,0.8923444976076556,-14.928268274097595,6.61764668160536,-21.767335891723636,0.0,-18.51656150817871
2.0025,126.0,0.8888888888888888,-19.041146759475986,9.669635884872408,-38.59956741333008,0.0,-19.19498443603516
1.2199375,77.0,0.8961038961038961,-7.059677676878113,6.37933468038319,-20.215412139892575,0.0,-4.532112121582031
2.8,176.0,0.8977272727272727,-12.677906036376951,8.194529182009141,-33.485137939453125,0.0,-11.032339096069336
3.2781875,205.0,0.8975609756097561,-8.514494387999825,4.522541978570124,-18.639095306396484,0.0,-8.09555435180664
4.149875,260.0,0.8923076923076924,-17.837743002792884,11.739353849299295,-31.254657745361328,0.0,-19.924959182739254
2.15,135.0,0.8814814814814815,-17.47307434402594,9.3619252491681,-26.60919952392578,0.0,-23.02793502807617
1.9499375,122.0,0.8934426229508197,-6.279727410832677,4.044949300386728,-14.66755485534668,0.0,-6.189115524291992
7.0599375,442.0,0.8981900452488688,-10.057300649301832,5.922563583594446,-28.21428680419922,0.0,-8.934059143066406
2.6700625,167.0,0.8922155688622755,-7.0223916072973465,3.501934365228581,-10.60503387451172,0.0,-8.870590209960938
3.8999375,244.0,0.8975409836065574,-15.552825056798929,8.100548205404495,-28.942066192626957,0.0,-14.035968780517578
5.57075,349.0,0.8939828080229226,-17.23686973253886,12.424158955800564,-36.44121170043945,0.0,-11.185014724731444
2.2348125,140.0,0.9,-6.613878855629573,4.360028002400545,-15.543581008911133,0.0,-6.440502166748047
3.3841875,212.0,0.8962264150943396,-6.6703486291985765,3.987892956047097,-18.897937774658203,0.0,-6.5554962158203125
9.3899375,587.0,0.899488926746167,-10.940536325628107,6.615366037233805,-26.661346435546875,0.0,-9.70615005493164
10.5099375,657.0,0.8949771689497716,-18.553816234173414,11.79467183387768,-32.27234649658203,0.0,-17.918731689453125
3.05,191.0,0.8848167539267016,-14.852342413727348,8.941455406323694,-30.883548736572266,0.0,-13.30776596069336
5.31,332.0,0.8885542168674698,-10.555245606373932,7.82299451280698,-35.26924133300781,0.0,-8.985401153564453
6.4399375,403.0,0.8933002481389578,-18.55207256211175,7.647753008742573,-34.72153854370117,0.0,-18.33790779113769
4.8704375,305.0,0.8819672131147541,-12.788642784033566,5.49095381816892,-22.432422637939453,0.0,-12.90707778930664
3.3799375,212.0,0.8962264150943396,-12.39375255986264,8.090986449728732,-36.987266540527344,0.0,-10.095580101013184
9.92,621.0,0.895330112721417,-14.1875113617602,8.476090816669304,-24.48684501647949,0.0,-11.52732276916504
3.1395,197.0,0.8984771573604061,-11.174003967457573,6.205956004316408,-17.565536499023438,0.0,-15.868488311767578
2.31,145.0,0.896551724137931,-15.89344115624061,7.833795968523366,-22.879150390625,0.0,-20.00031089782715
3.0908125,194.0,0.8865979381443299,-10.07603150744771,4.777715790150811,-14.085647583007812,0.0,-12.811443328857422
7.1161875,445.0,0.8966292134831461,-14.807589891859164,6.962601887415143,-30.805532455444336,0.0,-15.027761459350586
1.3199375,83.0,0.891566265060241,-13.879196811366723,7.117362112945594,-23.959552764892575,0.0,-15.160774230957031
3.1920625,200.0,0.9,-10.76675746705797,9.604166584001817,-29.42410469055176,0.0,-6.752169609069824
3.665625,230.0,0.9,-9.105551521559269,3.794712608609863,-15.4046630859375,0.0,-9.371337890625
6.0799375,380.0,0.8973684210526316,-10.40213294602559,6.940209137239053,-26.993946075439453,0.0,-8.927909851074219
3.86,242.0,0.8966942148760331,-12.411569217383038,5.96938141235832,-26.805891036987305,0.0,-12.250238418579102
6.123125,383.0,0.8981723237597912,-10.793244239895843,3.974447906453088,-17.10658836364746,0.0,-11.581475257873535
3.7599375,235.0,0.8893617021276595,-12.971800452784487,8.704176530408995,-30.88427734375,0.0,-10.886005401611328
6.1099375,382.0,0.8979057591623036,-15.585715330029368,7.070684652197272,-33.16176223754883,0.0,-14.135112762451172
4.668375,292.0,0.8972602739726028,-13.60485416150275,6.310910940819287,-20.642059326171875,0.0,-16.02086639404297
7.9880625,500.0,0.9,-9.05827579498291,6.421327541125455,-29.19930648803711,0.0,-7.586250305175781
2.1199375,133.0,0.8872180451127819,-17.438855349007298,10.89891170301844,-28.38739013671875,0.0,-23.823389053344727
1.28,81.0,0.8888888888888888,-16.508442428376938,9.316966016063272,-25.56311798095703,0.0,-21.488794326782227
3.9399375,247.0,0.8987854251012146,-13.29069402196386,8.650231099545799,-24.215965270996094,0.0,-12.067882537841797
2.1199375,133.0,0.8947368421052632,-6.232798424087653,3.8521283553065113,-14.962181091308594,0.0,-4.905948638916016
4.7049375,295.0,0.8915254237288136,-18.12882703338739,9.249647879299,-30.254728317260746,0.0,-19.1528377532959
3.61,226.0,0.8938053097345132,-13.37449574234462,9.806461423858035,-34.893157958984375,0.0,-9.87170124053955
8.46,529.0,0.8903591682419659,-16.219659056126943,9.19317387755013,-29.493751525878903,0.0,-14.213016510009766
3.4609375,217.0,0.8894009216589862,-12.276726549771166,8.015076139875429,-29.59591293334961,0.0,-9.666664123535156
2.8429375,178.0,0.898876404494382,-13.249178576469422,6.647164219225912,-22.48614501953125,0.0,-12.91751480102539
2.25,141.0,0.900709219858156,-18.88138008117676,12.052313891588009,-38.34962463378906,0.0,-17.225051879882812
6.976375,437.0,0.8947368421052632,-11.396930314085978,4.512066166197024,-17.360347747802734,0.0,-11.9976806640625
2.3199375,145.0,0.8827586206896552,-13.068843603134155,4.193371680783525,-17.571849822998047,0.0,-14.190265655517578
3.077375,193.0,0.8860103626943006,-5.306943525347793,3.4500624259264945,-16.059898376464844,0.0,-4.8095550537109375
2.7916875,175.0,0.8914285714285715,-20.64240702604636,7.234775423902201,-25.884357452392575,0.0,-24.00255584716797
1.8865625,118.0,0.8983050847457628,-16.689204180015707,7.856000832597477,-30.446420669555664,0.0,-16.74211311340332
3.1895,200.0,0.89,-17.745360942369096,10.663141133483723,-27.88467788696289,0.0,-24.998559951782227
1.98,124.0,0.8790322580645161,-8.12190124091752,4.205213806908703,-12.634151458740234,0.0,-10.658103942871094
6.66,417.0,0.8920863309352518,-19.074720562145277,9.6243124142605,-28.259477615356445,0.0,-25.176645278930664
5.0199375,314.0,0.8980891719745223,-16.769681673523383,9.352993524142066,-29.846101760864254,0.0,-14.45479965209961
2.4699375,155.0,0.896774193548387,-8.304812150035831,3.4928935592834733,-15.644935607910156,0.0,-8.397796630859375
10.8799375,680.0,0.8955882352941177,-24.939744304162137,11.124475975349242,-37.34553146362305,0.0,-27.308135986328125
4.55,285.0,0.8947368421052632,-9.82695852167466,7.640423934878159,-29.639907836914062,0.0,-7.890078544616699
1.9078125,120.0,0.9,-10.753572463989258,7.897966189871095,-22.85926055908203,0.0,-8.984441757202148
2.7704375,174.0,0.8908045977011494,-14.451577340402912,8.364146961109782,-32.757720947265625,0.0,-14.00242042541504
6.3199375,395.0,0.8962025316455696,-14.519609537501792,9.28335482154928,-36.61568832397461,0.0,-12.05136013031006
5.6340625,353.0,0.886685552407932,-14.000617962675737,8.597668020026434,-33.14427947998047,0.0,-11.91745376586914
14.7,919.0,0.8966267682263329,-16.242390419672994,10.420987123308224,-37.916282653808594,0.0,-12.964637756347656
1.28,81.0,0.8888888888888888,-4.444184647666083,2.7084972247651478,-9.90717315673828,0.0,-4.102571487426758
2.227,140.0,0.8928571428571429,-10.45544418334961,5.372936770610521,-17.256858825683594,0.0,-10.582077026367188
15.450875,966.0,0.8995859213250518,-15.344680132059288,10.37037618079494,-38.65981674194336,0.0,-12.154617309570312
2.9259375,183.0,0.8852459016393442,-13.134506413966047,4.522956376316325,-17.270553588867188,0.0,-14.994701385498049
2.2399375,140.0,0.9,-8.938111744229756,5.298985087786636,-19.301441192626957,0.0,-8.974447250366211
1.9380625,122.0,0.8852459016393442,-8.013716591729057,3.930175326370532,-12.241180419921877,0.0,-9.63334846496582
3.72,233.0,0.8841201716738197,-9.031446892080956,5.988311816269198,-28.0769157409668,0.0,-7.605934143066406
4.1199375,258.0,0.8992248062015504,-11.619501311203528,7.935013015506777,-34.480804443359375,0.0,-12.12671184539795
10.555,660.0,0.9,-12.40907527782299,6.483551478145211,-28.523113250732425,0.0,-11.650388717651367
8.99,562.0,0.891459074733096,-17.718661508160437,9.503116838217396,-31.443117141723636,0.0,-16.116098403930664
2.93,184.0,0.8858695652173914,-14.22474800882164,8.441999531476599,-26.825359344482425,0.0,-13.474878311157228
2.590875,162.0,0.8888888888888888,-8.446154117584229,5.025585387484789,-17.459447860717773,0.0,-9.85626220703125
3.75,235.0,0.8978723404255319,-11.704704664329782,7.738519487182687,-29.39124870300293,0.0,-9.549806594848633
3.85,241.0,0.9004149377593361,-11.533218752953314,5.304339906783844,-24.285091400146484,0.0,-11.29245376586914
3.0155,189.0,0.8994708994708994,-14.6671350366929,7.240767456073791,-21.84339904785156,0.0,-19.53997039794922
4.5199375,283.0,0.8904593639575972,-15.809397424970356,8.047295109892021,-25.049671173095703,0.0,-18.18563461303711
5.7766875,362.0,0.8977900552486188,-9.601008840707632,5.544098870412402,-25.97543716430664,0.0,-9.163915634155272
4.0474375,253.0,0.8893280632411067,-9.47175021701389,5.153551209892267,-19.22100830078125,0.0,-8.45608901977539
3.3585625,210.0,0.9,-10.161271029679233,4.4016257423713885,-14.295143127441406,0.0,-12.288463592529297
15.05,941.0,0.900106269925611,-11.965208756177738,7.258257248136564,-31.86876106262207,0.0,-9.846656799316406
8.0715625,505.0,0.8891089108910891,-14.082390213862292,5.3110186726126285,-19.46427154541016,0.0,-16.436378479003906
26.773,1674.0,0.8799283154121864,-17.313388033295194,7.534720948225862,-39.87207412719727,0.0,-16.380382537841797
2.3499375,147.0,0.8979591836734694,-9.599353472391764,5.501995171448212,-20.155330657958984,0.0,-10.172325134277344
5.987,375.0,0.896,-14.938190369378953,5.823021087537522,-20.70478057861328,0.0,-18.12387084960937
5.7699375,361.0,0.8975069252077562,-17.985087082709796,7.611804375489417,-24.64897727966309,0.0,-22.39476776123047
3.9689375,249.0,0.891566265060241,-15.617131894773191,6.429523046402729,-21.898910522460938,0.0,-19.00485038757324
8.5799375,537.0,0.8957169459962756,-16.11969298681945,10.188627493373154,-31.059595108032227,0.0,-13.739450454711914
2.28,143.0,0.8951048951048951,-16.346594631671906,12.097036553429035,-32.68635177612305,0.0,-12.925100326538086
1.8899375,119.0,0.8991596638655462,-10.31064543322982,4.079436200750737,-18.770910263061523,0.0,-10.558095932006836
1.68,106.0,0.8867924528301887,-12.850232083746729,10.86227338405899,-27.63172149658203,0.0,-8.868330001831055
2.28,143.0,0.8951048951048951,-15.88497157394886,10.074119376215434,-31.561235427856445,0.0,-17.103282928466797
2.70125,169.0,0.8875739644970414,-14.924198468526203,6.874467086326924,-28.157211303710938,0.0,-15.215362548828123
1.3486875,85.0,0.8941176470588236,-5.438287207954808,2.7106040809201075,-10.480157852172852,0.0,-5.5172271728515625
2.25,141.0,0.900709219858156,-11.675559727225716,4.644992242031992,-17.421916961669922,0.0,-12.69259262084961
2.37,149.0,0.8859060402684564,-18.67516055251613,8.083410213716832,-25.91026306152344,0.0,-23.67057228088379
3.1924375,200.0,0.895,-16.117776242048382,8.000404002716367,-28.91439819335937,0.0,-15.046127319335938
3.3499375,210.0,0.6428571428571429,-14.095951543030916,9.413116645163967,-39.4467887878418,0.0,-12.903509140014648
4.3799375,274.0,0.8941605839416058,-23.3020406606246,13.939985340975944,-39.98082733154297,0.0,-24.830856323242188
7.11525,445.0,0.8943820224719101,-18.818673234489097,9.737079517529432,-29.20882797241211,0.0,-24.55589485168457
4.8999375,307.0,0.8990228013029316,-10.034390408059824,7.349460486953903,-20.80708694458008,0.0,-6.794750213623047
2.4181875,152.0,0.8947368421052632,-19.5548951625824,11.31872606570749,-31.51007843017578,0.0,-26.62189674377441
11.003625,688.0,0.8909883720930233,-15.545266128091985,11.08994036222984,-38.20058822631836,0.0,-12.08163070678711
4.8774375,305.0,0.898360655737705,-14.767966856921676,6.533346738131076,-28.734420776367188,0.0,-15.78441047668457
11.99,750.0,0.8893333333333333,-15.145780809279504,8.543616442897736,-35.94072723388672,0.0,-13.13442611694336
2.7799375,174.0,0.8908045977011494,-14.129856528005291,9.109646278397197,-27.149959564208984,0.0,-12.620410919189451
8.99,562.0,0.895017793594306,-13.44384378467355,6.529234672919298,-32.15321350097656,0.0,-12.738525390625
2.1599375,135.0,0.8962962962962963,-12.401651839579433,5.619339926081549,-17.38127899169922,0.0,-15.314327239990234
6.93,434.0,0.8963133640552995,-13.670266644200812,8.651042474768298,-29.3579216003418,0.0,-10.44723129272461
1.9499375,122.0,0.8934426229508197,-10.057319606116058,9.134642532076985,-25.433883666992188,0.0,-6.534950256347656
5.8399375,365.0,0.8904109589041096,-12.34955557016226,4.247628744750851,-16.426315307617188,0.0,-14.19499969482422
12.0933125,756.0,0.8941798941798942,-19.500508790890844,11.687796659022556,-38.8896484375,0.0,-15.469507217407228
7.93,496.0,0.8971774193548387,-11.469983763105414,5.531935165043154,-27.94673156738281,0.0,-10.550029754638672
2.2199375,139.0,0.8920863309352518,-15.50941627256332,8.765364904082384,-27.05992889404297,0.0,-12.68422508239746
1.6925625,106.0,0.8867924528301887,-11.030138462147814,6.047333673425269,-17.697505950927734,0.0,-13.402425765991213
5.83875,365.0,0.8931506849315068,-10.791097640991213,6.3628676189812206,-28.879640579223636,0.0,-9.91737937927246
1.61,101.0,0.8910891089108911,-10.175781207614476,9.40893894830869,-33.064056396484375,0.0,-5.028349876403809
4.2696875,267.0,0.8913857677902621,-14.454114360969609,7.90603633412229,-26.48521614074707,0.0,-12.959217071533203
1.74075,109.0,0.8990825688073395,-10.064908358515526,6.413175156850365,-16.315940856933594,0.0,-14.390981674194336
13.4799375,843.0,0.896797153024911,-15.959909040461142,6.146901332835779,-22.05810165405273,0.0,-19.43008804321289
1.6449375,103.0,0.8932038834951457,-7.0486815494039785,3.788056889327705,-16.226865768432617,0.0,-6.507734298706055
2.34,147.0,0.8843537414965986,-10.619358928386982,8.954051022085048,-33.0015869140625,0.0,-8.554594993591309
3.5420625,222.0,0.8963963963963963,-20.39361960444618,11.96937246998008,-34.09605026245117,0.0,-19.603858947753903
5.4635625,342.0,0.8976608187134503,-16.63631764762953,9.234084276506918,-33.52273941040039,0.0,-15.205486297607422
12.153875,760.0,0.8934210526315789,-16.318388353215752,8.369127840247476,-34.451560974121094,0.0,-13.963615417480469
1.3199375,83.0,0.891566265060241,-7.481952254836623,3.083261702901062,-10.59722900390625,0.0,-8.424190521240234
2.6570625,167.0,0.8982035928143712,-13.24621109008789,9.280840439126486,-28.4029483795166,0.0,-10.561006546020508
3.99,250.0,0.896,-13.200256475380488,9.427901182219976,-30.892805099487305,0.0,-12.56056022644043
2.333375,146.0,0.8904109589041096,-14.603083067673904,8.808811913201174,-28.086654663085938,0.0,-11.37230110168457
6.4799375,405.0,0.8888888888888888,-6.940987788306343,3.984060418135609,-13.568191528320312,0.0,-6.189359664916992
8.1988125,513.0,0.8966861598440545,-12.959644288602084,7.576882832050991,-31.41698837280273,0.0,-10.380035400390623
8.34,522.0,0.8984674329501916,-15.379010625485416,5.990124540460456,-30.71875,0.0,-14.547237396240234
1.3899375,87.0,0.8735632183908046,-20.88687583019859,9.514149776639584,-31.958660125732425,0.0,-24.53891944885254
1.9225625,121.0,0.9008264462809916,-10.0788533971944,5.662556472113825,-17.866085052490234,0.0,-10.62517547607422
2.73,171.0,0.9005847953216374,-11.883161581955948,5.636464032227648,-25.338298797607425,0.0,-11.968643188476562
1.86,117.0,0.8974358974358975,-26.590106164841423,14.074985857296856,-37.71373748779297,0.0,-35.64153289794922
2.7599375,173.0,0.8901734104046243,-23.968719154209285,9.854682744894218,-34.47089767456055,0.0,-28.00561141967773
2.5099375,157.0,0.8980891719745223,-15.046330161128484,10.521011863765542,-31.99181365966797,0.0,-12.19367218017578
3.4321875,215.0,0.8976744186046511,-10.726409931874644,6.286358072822128,-18.242584228515625,0.0,-12.443378448486328
1.56,98.0,0.8979591836734694,-14.145904952829534,8.254529478795883,-26.89371490478516,0.0,-16.10327911376953
2.5899375,162.0,0.8950617283950617,-12.737649864986023,10.992253435883036,-33.41886138916016,0.0,-7.5421142578125
5.15,322.0,0.8975155279503105,-10.81760831522694,7.248865185465789,-20.799461364746094,0.0,-8.709613800048828
1.8825,118.0,0.8813559322033898,-12.284600771390474,7.8581048962575775,-23.276447296142575,0.0,-10.98838233947754
8.6226875,539.0,0.8979591836734694,-10.59513585035466,6.436389827892684,-25.72467613220215,0.0,-9.574420928955078
1.2,76.0,0.8947368421052632,-20.2760407223421,8.972227337093182,-28.44205093383789,0.0,-24.551359176635746
2.15,135.0,0.8962962962962963,-13.012778479205677,9.248225144604255,-30.46510124206543,0.0,-11.507383346557615
2.3149375,145.0,0.896551724137931,-18.86023715092585,8.938060561084917,-28.28895568847656,0.0,-24.504615783691406
2.8,176.0,0.8920454545454546,-17.42600783572835,6.782506721973553,-26.990243911743164,0.0,-18.665685653686523
1.6999375,107.0,0.897196261682243,-12.289812823136648,8.441029539354828,-32.69137954711914,0.0,-11.075240135192873
6.72,421.0,0.8978622327790974,-13.034984406970796,5.511445832178594,-28.316673278808597,0.0,-12.625518798828123
7.31,457.0,0.899343544857768,-9.029497132684192,6.099052653916746,-24.90443420410156,0.0,-7.520236968994141
4.07,255.0,0.8980392156862745,-15.950851981816854,8.04853654002119,-32.07325744628906,0.0,-16.978588104248047
6.5355,409.0,0.8997555012224939,-16.883054953554403,6.314843166806998,-29.912670135498047,0.0,-16.429555892944336
2.4116875,151.0,0.9006622516556292,-12.089608921724206,6.152522040228885,-21.473777770996094,0.0,-12.005481719970703
1.6301875,102.0,0.8823529411764706,-17.21111145019531,6.797343705298377,-22.06081771850586,0.0,-20.632583618164062
3.3,207.0,0.8888888888888888,-11.392758701158607,7.641190001966984,-26.20197105407715,0.0,-9.91530990600586
7.17,449.0,0.8975501113585747,-12.971292831761666,9.560051668471624,-31.54940795898437,0.0,-9.93349838256836
4.2599375,267.0,0.898876404494382,-13.502432521184286,8.752679254921228,-30.67881774902344,0.0,-11.142318725585938
3.1258125,196.0,0.8877551020408163,-14.010759890764607,7.27484864255603,-27.52787399291992,0.0,-14.414682388305664
12.8788125,805.0,0.8993788819875776,-10.711760320716142,4.731158984735725,-22.494016647338867,0.0,-10.200193405151367
3.0450625,191.0,0.8952879581151832,-14.28607914461727,6.2158298463025545,-25.27431869506836,0.0,-13.747699737548828
3.5155,220.0,0.9,-11.29791883988814,5.707895517427064,-15.946907043457031,0.0,-14.80604362487793
2.5799375,162.0,0.8827160493827161,-15.614650299499084,9.468311501680322,-30.76980400085449,0.0,-13.648889541625977
9.15,572.0,0.8986013986013986,-12.099280197796654,6.528925608683706,-31.680370330810547,0.0,-11.131231307983398
4.876625,305.0,0.8918032786885246,-13.975913454504576,5.601869465999689,-19.716365814208984,0.0,-16.714433670043945
2.09,131.0,0.900763358778626,-16.27491459604037,8.265378994363804,-24.606430053710938,0.0,-21.190475463867188
2.952625,185.0,0.8864864864864865,-9.256381058111424,5.072429472845251,-15.667610168457031,0.0,-8.763555526733398
1.5299375,96.0,0.8958333333333334,-16.588380835777105,9.89534510689245,-34.87962341308594,0.0,-17.372314453125
2.055375,129.0,0.8992248062015504,-12.79586308577965,9.019768024056953,-24.897483825683597,0.0,-10.580192565917969
5.6,351.0,0.8974358974358975,-13.667414995223757,11.373956169650391,-34.915870666503906,0.0,-9.034490585327148
6.2004375,388.0,0.8865979381443299,-18.676598571067636,10.326415899479022,-39.96749877929688,0.0,-16.54433250427246
4.99,312.0,0.8878205128205128,-10.592983238963877,9.316271990059398,-34.151153564453125,0.0,-7.439128875732422
0.91,57.0,0.8947368421052632,-13.686289020613128,7.864625612170107,-22.17160415649414,0.0,-16.91338348388672
7.602875,476.0,0.8970588235294118,-10.52379945402123,6.070603248774288,-25.082181930541992,0.0,-9.301610946655272
1.617875,102.0,0.8725490196078431,-8.455226340990388,8.743533478460893,-30.4315242767334,0.0,-4.117902755737305
4.0099375,251.0,0.900398406374502,-14.79715661243,8.538433099351717,-31.872201919555664,0.0,-13.798158645629885
5.43,340.0,0.9,-9.762247322431575,5.453772600198772,-23.165319442749023,0.0,-9.464644432067873
1.6775,105.0,0.8857142857142857,-10.8762817792995,9.33067611175695,-26.89403343200684,0.0,-7.042547225952148
4.296,269.0,0.8996282527881041,-9.03392295206874,5.232154756874467,-17.151283264160156,0.0,-8.280529022216797
5.14,322.0,0.8975155279503105,-9.305127232957464,5.407335359415875,-21.709569931030277,0.0,-8.719404220581055
4.73,296.0,0.8986486486486487,-13.708094360236837,7.071137662175703,-20.523670196533203,0.0,-18.504777908325195
2.78025,174.0,0.896551724137931,-5.696613140595265,3.5964112601799973,-13.351055145263672,0.0,-5.21226692199707
5.09,319.0,0.877742946708464,-14.368584673745293,7.868628523537668,-28.73137664794922,0.0,-12.501672744750977
2.9139375,183.0,0.8961748633879781,-18.690526276099973,9.830538632307992,-33.17549133300781,0.0,-17.20670509338379
6.1599375,385.0,0.8961038961038961,-13.219826209026834,8.15495428040048,-31.30953788757324,0.0,-11.523710250854492
1.72,108.0,0.8981481481481481,-14.855463086944264,8.859576979455989,-27.349143981933597,0.0,-17.62668228149414
3.146875,197.0,0.8984771573604061,-18.861500432935813,7.715000497811654,-34.01090621948242,0.0,-20.652687072753903
14.855,929.0,0.7222820236813778,-19.46348022739507,12.682384895007129,-39.98805236816406,0.0,-15.041934967041016
3.98,249.0,0.8714859437751004,-9.83212521988126,7.392397555886234,-30.054672241210938,0.0,-8.139575958251953
11.5299375,721.0,0.9001386962552012,-15.700950613741885,9.360007211968234,-32.08816909790039,0.0,-13.390243530273438
2.5845,162.0,0.8950617283950617,-15.83633743812298,6.29523654343775,-20.56786346435547,0.0,-18.69493865966797
2.4408125,153.0,0.8954248366013072,-5.072931609884666,4.628787629826947,-21.65032768249512,0.0,-3.3840579986572266
5.696125,357.0,0.8991596638655462,-13.516386976865965,7.358023592525915,-24.48907852172852,0.0,-12.665157318115234
2.2599375,142.0,0.8802816901408451,-13.145966369628908,7.249750734514764,-20.49825668334961,0.0,-17.188644409179688
2.7599375,173.0,0.8959537572254336,-16.610338961693547,10.135749822717008,-27.18031120300293,0.0,-20.609682083129883
1.68,106.0,0.8867924528301887,-8.294858770167574,4.321163550529101,-12.980712890625,0.0,-10.282533645629885
11.4499375,716.0,0.8952513966480447,-10.501626034050762,7.713567582153753,-30.734865188598636,0.0,-8.613504409790039
1.49,94.0,0.8936170212765957,-17.422409466334752,10.878586770025857,-28.368331909179688,0.0,-25.11015510559082
3.2725,205.0,0.8975609756097561,-7.262988981993302,4.020688900384909,-15.469146728515623,0.0,-7.280479431152344
7.7799375,487.0,0.8973305954825462,-17.071005437139515,8.401555836220432,-30.34804916381836,0.0,-16.249744415283203
2.7524375,173.0,0.8959537572254336,-12.241661182526618,6.104527262598157,-27.299339294433597,0.0,-12.086021423339844
1.98,124.0,0.8790322580645161,-18.318705200055323,10.234746912590584,-28.47206115722656,0.0,-23.275196075439453
5.0799375,318.0,0.8616352201257862,-16.92603496565436,11.004635958922645,-39.9373664855957,0.0,-13.99216651916504
1.420875,89.0,0.898876404494382,-8.023418998718261,5.383927938795657,-20.886882781982425,0.0,-6.668974876403809
7.5205,471.0,0.8959660297239915,-24.571605655254345,7.890333965800139,-30.293720245361328,0.0,-28.74159049987793
3.8999375,244.0,0.8565573770491803,-11.151097083205812,8.492601693209915,-39.681888580322266,0.0,-8.107065200805664
4.25,266.0,0.8909774436090225,-13.639940044547938,6.189722214553663,-19.30683898925781,0.0,-17.369014739990234
6.177875,387.0,0.8992248062015504,-8.11795162332469,3.433483900807144,-16.27220916748047,0.0,-7.703494071960449
1.979875,124.0,0.8951612903225806,-12.893176929370776,9.544944999935414,-31.13674545288086,0.0,-10.486974716186523
1.25,79.0,0.8987341772151899,-6.308559955005914,5.358698943379474,-23.452510833740234,0.0,-5.042285919189453
3.888125,244.0,0.8934426229508197,-9.167302210396585,4.971637347514426,-21.55408096313477,0.0,-7.932281494140625
2.97,186.0,0.8978494623655914,-10.424496016816464,5.74377295323845,-25.516117095947266,0.0,-9.665912628173828
8.2238125,514.0,0.896887159533074,-17.890493757036918,6.226376435308669,-25.997482299804688,0.0,-17.98113250732422
2.1599375,135.0,0.8962962962962963,-17.53118092560571,8.916907031754501,-27.550403594970703,0.0,-18.72822952270508
2.1,132.0,0.8787878787878788,-13.550752343802616,11.250325292296909,-30.934131622314453,0.0,-9.671712875366213
5.64725,353.0,0.8980169971671388,-14.033581098923548,7.445948905801898,-27.53877067565918,0.0,-12.837522506713867
3.861,242.0,0.8966942148760331,-25.002656563086443,13.595319862042295,-38.97723007202149,0.0,-33.06230926513672
7.5799375,474.0,0.8987341772151899,-13.795187050188092,5.0028990151175785,-24.1887321472168,0.0,-14.0913667678833
4.396,275.0,0.8981818181818182,-8.951507251754945,4.698682720279804,-19.29459381103516,0.0,-8.539875030517578
1.72975,109.0,0.8807339449541285,-13.40006379286448,7.736750344304832,-23.198814392089844,0.0,-14.809322357177734
5.2599375,329.0,0.8936170212765957,-8.363501412527901,6.458201356439517,-26.986330032348636,0.0,-6.127513885498047
2.1458125,135.0,0.8962962962962963,-16.5856490332233,7.93447307794947,-26.169757843017575,0.0,-19.30207061767578
6.0950625,381.0,0.9002624671916011,-10.787560471292837,4.531801081678694,-23.563262939453125,0.0,-10.85506820678711
1.4399375,90.0,0.8888888888888888,-14.79887592792511,10.873486167351857,-30.76361846923828,0.0,-16.090192794799805
2.338625,147.0,0.8707482993197279,-14.320083752274511,9.534564713654255,-26.544063568115234,0.0,-12.659269332885742
1.67,105.0,0.8952380952380953,-7.307599067687988,5.0289494510563895,-19.15535926818848,0.0,-7.351272583007812
4.2199375,264.0,0.8901515151515151,-16.15173159660177,8.777173307258398,-25.349590301513672,0.0,-21.71480178833008
2.821375,177.0,0.8983050847457628,-15.070187610650212,8.060382667820052,-30.92814826965332,0.0,-14.357789993286133
8.91,557.0,0.8940754039497307,-14.094062387703891,9.753696566168896,-31.80921173095703,0.0,-10.99233627319336
3.91975,245.0,0.8979591836734694,-14.85211186842485,10.114469292434991,-29.33093643188477,0.0,-10.906063079833984
2.8799375,180.0,0.9,-6.48234556928093,4.638196050218169,-17.484821319580078,0.0,-4.921201705932617
7.0575,442.0,0.8936651583710408,-19.45430506211293,10.657616096473612,-35.40520477294922,0.0,-19.45970344543457
10.1635,636.0,0.8915094339622641,-14.680305797166504,9.549833236740458,-29.14302635192871,0.0,-12.98411750793457
3.777,237.0,0.890295358649789,-19.823866731182655,9.313394360899384,-27.349143981933597,0.0,-25.350616455078125
3.8646875,242.0,0.8966942148760331,-6.377301853373304,4.448824282068851,-21.46594619750977,0.0,-5.301149368286133
4.67,292.0,0.8904109589041096,-14.088088314349834,6.805314539277909,-21.244808197021484,0.0,-18.13578224182129
12.045875,753.0,0.8937583001328021,-24.20435779339137,10.748917439601405,-35.509674072265625,0.0,-28.49020767211914
1.7799375,112.0,0.875,-11.523069401176608,9.14744488441684,-32.1379280090332,0.0,-7.980329513549805
4.355625,273.0,0.8864468864468864,-18.04849880785981,11.772168018814474,-38.30879974365234,0.0,-13.624885559082031
13.2,826.0,0.8946731234866828,-14.221908796462705,6.481692990014775,-29.64134788513184,0.0,-13.751291275024414
2.6674375,167.0,0.8982035928143712,-24.74982386271159,11.305268399190949,-36.28327560424805,0.0,-29.055078506469727
5.1,319.0,0.896551724137931,-17.17236938009729,8.04472980974896,-37.616729736328125,0.0,-17.757898330688477
15.635,978.0,0.8977505112474438,-14.420063307725217,6.673909775376631,-31.7882080078125,0.0,-13.053655624389648
2.3899375,150.0,0.9,-10.68663998356572,6.886833390241575,-29.152851104736328,0.0,-9.55950927734375
2.604,163.0,0.8957055214723927,-21.07136083629033,9.851714689060945,-35.29311752319336,0.0,-23.846923828125
6.29025,394.0,0.8984771573604061,-11.594041759684934,5.959620852267985,-23.43027114868164,0.0,-11.608243942260742
3.37,211.0,0.8909952606635071,-9.51288003109871,8.335312564118277,-27.20542526245117,0.0,-6.522603988647461
9.28,581.0,0.8984509466437177,-12.578562710933758,5.961287039716371,-26.806352615356445,0.0,-11.876455307006836
2.68,168.0,0.8869047619047619,-14.2014866643304,7.376603749289951,-27.44140625,0.0,-15.394428253173828
2.7099375,170.0,0.8941176470588236,-8.529701797585739,4.400991229049551,-17.418989181518555,0.0,-8.276561737060547
6.0148125,376.0,0.8882978723404256,-16.060104878362782,10.126924369573484,-32.00465393066406,0.0,-13.400426864624023
3.9599375,248.0,0.8911290322580645,-9.059166420638832,6.069435294467711,-26.00812149047852,0.0,-7.272392272949219
2.7699375,174.0,0.8850574712643678,-9.817067815111828,8.704750894722347,-27.73179817199707,0.0,-5.3033447265625
4.3,269.0,0.8996282527881041,-11.91078064658425,5.087358747409985,-16.943580627441406,0.0,-14.331356048583984
12.8209375,802.0,0.8965087281795511,-17.482474813872486,8.434813280918114,-36.66135787963867,0.0,-15.251708984375
7.1735625,449.0,0.8997772828507795,-10.77027983712678,4.34586773521804,-19.39818000793457,0.0,-10.293264389038086
8.85,554.0,0.8989169675090253,-13.46690674287727,9.032716536159883,-34.74394607543945,0.0,-10.628690719604492
5.290375,331.0,0.8972809667673716,-16.295291541000008,10.875777716125356,-37.65597152709961,0.0,-12.2058744430542
5.6108125,351.0,0.8945868945868946,-12.354004355752544,9.719457550518111,-32.515411376953125,0.0,-8.66299819946289
6.72,421.0,0.8954869358669834,-7.938211021119783,3.954288697030812,-15.230667114257812,0.0,-7.306346893310547
3.7599375,235.0,0.8978723404255319,-13.720471567452236,8.434344756987297,-28.356689453125,0.0,-12.541004180908203
2.46025,154.0,0.8961038961038961,-8.032064700472182,4.417749985469775,-18.85478973388672,0.0,-8.010103225708008
3.3611875,211.0,0.8957345971563981,-14.627608546504268,8.684954286378641,-24.081024169921875,0.0,-19.209606170654297
7.781625,487.0,0.8993839835728953,-12.447394131525469,9.947239331668642,-34.479270935058594,0.0,-8.609729766845703
2.7799375,174.0,0.896551724137931,-9.614591733003277,6.881930934564601,-21.334630966186523,0.0,-8.458169937133789
26.75,1672.0,0.8995215311004785,-10.524740881108222,4.5675351105122015,-23.619253158569336,0.0,-9.95172882080078
2.6539375,166.0,0.8855421686746988,-20.46405587228788,13.694061451661607,-35.60417175292969,0.0,-25.69286346435547
1.0599375,67.0,0.8955223880597015,-15.966449292500814,8.835617772237217,-30.68791961669922,0.0,-18.6110782623291
6.100625,382.0,0.8900523560209425,-12.653361163419836,7.836667643253078,-23.28932380676269,0.0,-11.772150039672852
20.2899375,1269.0,0.8975571315996848,-11.304780055808854,6.358287255052049,-27.198375701904297,0.0,-9.748947143554688
2.8028125,176.0,0.8977272727272727,-11.496051884904691,7.839537854745695,-32.828826904296875,0.0,-9.874710083007812
7.7799375,487.0,0.8973305954825462,-13.55667165324126,9.646940431105534,-29.69855499267578,0.0,-10.34912109375
18.92,1183.0,0.8994082840236687,-7.626715791012559,6.549517911100989,-27.14713478088379,0.0,-5.657025337219238
3.93,246.0,0.8943089430894309,-10.654383598674428,6.725962119728092,-29.328388214111328,0.0,-9.08453369140625
5.1599375,323.0,0.8885448916408669,-16.005398793502966,8.955289223854392,-25.265331268310547,0.0,-19.372535705566406
9.6399375,603.0,0.8938640132669984,-16.627297611979696,10.357401205889886,-34.9323616027832,0.0,-14.183643341064451
6.1899375,387.0,0.8992248062015504,-9.644239359888536,4.701172588046164,-25.276775360107425,0.0,-8.922292709350586
2.93,184.0,0.8858695652173914,-16.031524131634484,9.765375037963787,-31.226865768432617,0.0,-13.367162704467772
3.6899375,231.0,0.9004329004329005,-12.466293848477877,7.79291313385917,-31.412546157836918,0.0,-10.322050094604492
6.87,430.0,0.8906976744186047,-10.528005619895676,6.912275656113017,-32.054378509521484,0.0,-8.914974212646484
8.79,550.0,0.8963636363636364,-14.695643345676135,8.203237940229124,-39.25435256958008,0.0,-13.381351470947266
2.832,178.0,0.8764044943820225,-13.34084904499543,8.310630225495988,-29.91262626647949,0.0,-12.389617919921877
2.1259375,133.0,0.8872180451127819,-12.950969324273576,8.775969897532178,-27.32515335083008,0.0,-12.461153030395508
1.97,124.0,0.8951612903225806,-8.9687952952342,3.7000029048150447,-12.194934844970703,0.0,-10.336341857910156
1.707,107.0,0.897196261682243,-13.12522562344869,7.160883159698908,-20.42974090576172,0.0,-17.401630401611328
5.21575,326.0,0.8987730061349694,-5.931288657334885,3.785686046445868,-14.007802963256836,0.0,-5.395109176635742
1.555,98.0,0.8979591836734694,-9.189521139318291,6.999481608006882,-21.005348205566406,0.0,-6.441932678222656
1.1089375,70.0,0.8857142857142857,-10.57215432197817,6.291024497887703,-25.026885986328125,0.0,-10.495920181274414
3.5099375,220.0,0.9,-10.15886479194718,5.00649900525617,-22.55109024047852,0.0,-9.74449348449707
3.185,200.0,0.41,-13.638580339710886,10.29186725800878,-39.83668518066406,0.0,-11.265546798706056
2.67975,168.0,0.8988095238095238,-13.343345263146407,8.133059803097273,-37.33551025390625,0.0,-12.13408088684082
1.61,101.0,0.900990099009901,-7.577520475282774,5.233593329685499,-18.382965087890625,0.0,-7.501506805419922
4.3799375,274.0,0.8978102189781022,-8.946969590535979,6.4286440120462345,-21.89278793334961,0.0,-7.430980682373047
5.407125,338.0,0.8964497041420119,-12.87587583183062,7.733678087174411,-29.1138916015625,0.0,-10.119369506835938
2.5299375,159.0,0.8679245283018868,-10.836827540743178,9.29837222598964,-27.57137680053711,0.0,-6.949138641357422
3.81,239.0,0.899581589958159,-20.750857996386152,10.374890402986049,-29.972490310668945,0.0,-27.07985115051269
4.6113125,289.0,0.8996539792387543,-15.868138496692364,10.11403542316447,-29.655975341796875,0.0,-12.682506561279297
5.227875,327.0,0.8990825688073395,-14.804359098680976,9.351707904596235,-31.88230323791504,0.0,-12.463624954223633
2.18,137.0,0.8978102189781022,-9.472401766273064,4.290243574184419,-17.77998161315918,0.0,-9.861616134643556
4.2025,263.0,0.8935361216730038,-17.572137158982297,8.979473640517966,-33.08355712890625,0.0,-18.06959342956543
1.8,113.0,0.8938053097345132,-12.164941277834448,9.583980323503097,-27.483049392700195,0.0,-9.407861709594728
3.4499375,216.0,0.8981481481481481,-10.954949270818652,4.918852426654703,-15.613136291503906,0.0,-13.86154556274414
2.0399375,128.0,0.8984375,-9.259559465491254,6.1589892561078265,-23.5172119140625,0.0,-8.315738677978516
3.07625,193.0,0.8808290155440415,-14.090452328850242,8.528052112765227,-22.51974868774414,0.0,-18.53533935546875
2.2199375,139.0,0.8776978417266187,-11.528791208736232,9.469426918687669,-26.979782104492188,0.0,-7.672719955444336
7.1308125,446.0,0.899103139013453,-11.556331211194731,4.181590872499543,-18.858806610107425,0.0,-12.17644500732422
3.1199375,195.0,0.8769230769230769,-15.48242099382724,5.347202960727059,-19.733949661254883,0.0,-17.868627548217773
3.0399375,190.0,0.9,-13.948541105839244,6.13409752431708,-22.43143081665039,0.0,-14.469512939453123
4.7699375,299.0,0.8996655518394648,-12.025023960269516,4.898779624906806,-21.126575469970703,0.0,-12.314411163330078
2.3799375,149.0,0.8993288590604027,-12.31623709379737,7.627272973482539,-29.9934196472168,0.0,-10.096593856811523
1.0199375,64.0,0.890625,-10.730920590852437,6.799023609026952,-22.62238311767578,0.0,-12.367855072021484
1.67,105.0,0.8857142857142857,-9.528282698764595,5.1830126005357,-15.747299194335938,0.0,-12.560649871826172
8.2099375,514.0,0.8949416342412452,-15.054253416476042,8.236519218532784,-28.237030029296875,0.0,-13.307382583618164
8.57225,536.0,0.8992537313432836,-22.977088045777126,8.951942608477856,-31.872669219970703,0.0,-28.1572380065918
2.67,167.0,0.8982035928143712,-6.337069880167643,4.401360132314214,-23.125598907470703,0.0,-5.705543518066406
9.8999375,619.0,0.8966074313408724,-20.575450251123925,8.509676938306265,-30.564231872558597,0.0,-20.704669952392575
2.2099375,139.0,0.8992805755395683,-18.70690658569336,12.646210912886174,-31.544252395629883,0.0,-27.09969520568848
2.2,138.0,0.8985507246376812,-13.024158723892704,11.247561068666595,-32.717987060546875,0.0,-9.898296356201172
3.1135,195.0,0.8974358974358975,-17.057155543736048,5.891140371339918,-21.23580741882324,0.0,-19.607267379760746
2.72,171.0,0.8947368421052632,-10.717610689549664,4.109071462780133,-18.472946166992188,0.0,-10.657470703125
2.6816875,168.0,0.8988095238095238,-7.995225780057591,4.327394207331998,-15.635679244995115,0.0,-7.86839485168457
3.1099375,195.0,0.8871794871794871,-18.360783604528173,7.525075042797044,-25.29745483398437,0.0,-23.2485466003418
1.8,113.0,0.8849557522123894,-8.000646018981934,7.426780666204947,-29.6837158203125,0.0,-5.677773475646973
12.6999375,794.0,0.8954659949622166,-19.24808932759088,11.11379554432329,-34.20979309082031,0.0,-15.712112426757812
4.81,301.0,0.9003322259136213,-13.034319339203218,5.340919304388073,-21.50649070739746,0.0,-13.863040924072266
1.4,88.0,0.8977272727272727,-6.642162564434583,2.593256756097135,-9.800373077392578,0.0,-7.814579010009766
6.3456875,397.0,0.8992443324937027,-10.844021917391224,7.413844271309078,-24.14662170410156,0.0,-9.423709869384766
1.3799375,87.0,0.8850574712643678,-21.81520362953087,12.582536159853165,-36.1956787109375,0.0,-24.81782341003418
1.8799375,118.0,0.8983050847457628,-9.990028399341512,4.519638003166126,-18.4945068359375,0.0,-10.63039207458496
1.4399375,90.0,0.9,-9.010956611162351,4.5682949865897005,-13.942386627197266,0.0,-10.188957214355469
5.3121875,333.0,0.8978978978978979,-9.052439533348466,5.668103223356428,-25.581636428833008,0.0,-7.955480575561523
1.7853125,112.0,0.8928571428571429,-17.70510732650757,9.783393488942409,-30.16446876525879,0.0,-17.93352508544922
2.9245,183.0,0.8797814207650273,-12.836448693127366,8.005909078674945,-22.56744384765625,0.0,-13.253650665283203
3.7085625,232.0,0.8879310344827587,-19.81714233842868,7.684522370427093,-27.363740921020508,0.0,-23.56870651245117
2.6399375,165.0,0.8848484848484849,-17.812646238771205,8.88707561599867,-36.9907455444336,0.0,-17.05769920349121
3.0974375,194.0,0.8608247422680413,-12.468577927458073,7.229692566637593,-25.254138946533203,0.0,-10.70620346069336
3.1765,199.0,0.8944723618090452,-12.988859562391646,9.876284134686516,-28.30362319946289,0.0,-9.081260681152344
2.346125,147.0,0.8843537414965986,-16.62570389967698,12.39769809890908,-37.29163360595703,0.0,-10.697284698486328
2.6299375,165.0,0.896969696969697,-10.81761764835667,6.928812511892475,-26.586360931396484,0.0,-9.164161682128906
8.2099375,514.0,0.8988326848249028,-14.90483927623534,5.874755939398729,-31.25860595703125,0.0,-13.875408172607422
2.9499375,185.0,0.8756756756756757,-19.228141066468798,10.589374980988142,-34.79301452636719,0.0,-17.700538635253906
2.01,126.0,0.8968253968253969,-9.03933990951133,5.864579821889025,-19.757612228393555,0.0,-8.271188735961914
4.7623125,298.0,0.8926174496644296,-12.645546719543916,4.339020930877132,-16.104793548583984,0.0,-14.366682052612305
2.37,149.0,0.8993288590604027,-15.282074543967177,7.890487336157662,-22.487735748291016,0.0,-20.17123794555664
1.3290625,84.0,0.8809523809523809,-11.78186524880899,8.152935228870874,-27.245405197143555,0.0,-8.864751815795898
4.8999375,307.0,0.8925081433224755,-13.553182713306732,6.859522855282751,-29.72189140319824,0.0,-13.000173568725586
1.81,114.0,0.8947368421052632,-15.82429854075114,10.81569292708448,-31.90192031860352,0.0,-13.61495590209961
5.3366875,334.0,0.8862275449101796,-20.47457246522646,8.58869939649948,-32.28415298461914,0.0,-18.575611114501957
11.66275,729.0,0.8888888888888888,-15.56958888783867,10.104685996471089,-34.5517463684082,0.0,-13.11892318725586
3.8,238.0,0.8991596638655462,-10.113478803189002,7.65065512297589,-33.11286163330078,0.0,-8.198419570922852
2.34,147.0,0.8979591836734694,-13.675559520721436,9.71235945849667,-28.49183654785156,0.0,-11.451045989990234
4.4619375,279.0,0.8960573476702509,-17.489551864624023,5.529250475485807,-21.440797805786133,0.0,-20.029037475585938
2.3,144.0,0.8888888888888888,-12.895005345344543,7.972082205395198,-21.336658477783203,0.0,-17.726442337036133
1.92,121.0,0.6776859504132231,-11.997185131398645,9.10153116958146,-38.847686767578125,0.0,-11.82848834991455
8.86,554.0,0.8971119133574007,-18.21036197961696,8.864541014650845,-30.766475677490234,0.0,-18.536937713623047
4.2346875,265.0,0.8981132075471698,-12.61271919122263,7.006444692932012,-18.3721923828125,0.0,-17.30830955505371
3.0099375,189.0,0.8888888888888888,-15.224331997689749,11.421651143938888,-39.87153625488281,0.0,-12.087946891784668
3.07,192.0,0.8958333333333334,-14.849163698595625,8.51581982000038,-29.15299797058105,0.0,-12.876031875610352
2.18,137.0,0.8759124087591241,-21.004245154062907,11.16876628417178,-32.57050323486328,0.0,-21.833755493164062
2.46,154.0,0.8831168831168831,-13.776287695940804,7.0074595201534775,-23.73501205444336,0.0,-12.362655639648438
2.0335625,128.0,0.890625,-18.20986779530843,6.948045118909798,-23.1496696472168,0.0,-21.7598934173584
11.4375,715.0,0.8993006993006993,-18.60804292313975,9.08611056132792,-32.97315216064453,0.0,-17.75421142578125
2.1,132.0,0.8712121212121212,-15.121951924199644,7.956006639528614,-25.381731033325195,0.0,-17.141420364379883
1.43,90.0,0.9,-13.362695741064757,11.570225742983537,-28.602933883666992,0.0,-7.187021255493164
3.54,222.0,0.8963963963963963,-16.93979329439863,8.118119365875284,-32.03422546386719,0.0,-17.648954391479492
2.7813125,174.0,0.896551724137931,-10.602741852784767,5.59030890645745,-16.3165283203125,0.0,-13.926685333251951
15.2974375,957.0,0.8996865203761756,-13.764881453032276,7.066468268843865,-29.70475006103516,0.0,-13.290103912353516
6.196625,388.0,0.8994845360824743,-18.387507859478703,8.192982488278627,-32.0152587890625,0.0,-18.82787322998047
5.16775,323.0,0.8947368421052632,-18.702733934131874,8.532935541275242,-29.389720916748047,0.0,-18.14141082763672
1.25,79.0,0.8987341772151899,-7.745808668539557,6.406704512937501,-24.156400680541992,0.0,-5.428741455078125
2.9026875,182.0,0.8956043956043956,-15.413523188397928,8.753630017206673,-25.27869033813477,0.0,-18.724273681640625
1.79,112.0,0.875,-14.427022505779656,8.032142682119682,-23.866161346435547,0.0,-15.187488555908203
3.0490625,191.0,0.8952879581151832,-20.775064479537875,11.211317866243997,-31.29551315307617,0.0,-28.135009765625
3.3825625,212.0,0.8867924528301887,-11.910627568021734,8.371265292799436,-25.190391540527344,0.0,-8.823299407958984
7.2399375,453.0,0.8741721854304636,-19.694445321054168,7.822101209486152,-39.42903900146485,0.0,-19.543132781982425
1.3899375,87.0,0.896551724137931,-21.237682831593048,14.439538647547025,-38.43760681152344,0.0,-26.148780822753903
4.5699375,286.0,0.8986013986013986,-8.100030631870611,6.190722305186731,-33.901119232177734,0.0,-6.642261505126953
1.3899375,87.0,0.896551724137931,-11.964458538935734,6.65956253514444,-33.17865753173828,0.0,-12.850231170654297
6.6699375,417.0,0.8992805755395683,-9.033947875976562,4.653526357801125,-24.13761138916016,0.0,-8.747943878173828
14.4663125,905.0,0.8961325966850828,-16.564645412082882,8.659805758239434,-35.56806945800781,0.0,-14.62514305114746
4.5,282.0,0.8900709219858156,-9.214435167046656,5.742387592371363,-24.556516647338867,0.0,-7.879415512084961
2.3080625,145.0,0.8758620689655172,-18.454469785915585,12.65054324175756,-39.67939376831055,0.0,-16.61798095703125
8.6499375,541.0,0.8927911275415896,-15.098726051441137,7.357361181691622,-30.73103141784668,0.0,-13.752473831176758
3.6816875,231.0,0.7792207792207793,-16.31208831999037,9.468782125081717,-39.717166900634766,0.0,-14.368316650390623
5.55,347.0,0.8933717579250721,-12.17196566674017,6.383717770838703,-23.89561080932617,0.0,-12.225982666015623
4.0861875,256.0,0.88671875,-14.166025875948598,8.984327999796017,-26.88465118408203,0.0,-13.029159545898438
4.28,268.0,0.8992537313432836,-10.135495261037994,4.141359333659682,-18.048587799072266,0.0,-10.627593994140623
9.1099375,570.0,0.8912280701754386,-19.66112356861745,8.60351123836696,-29.13769149780273,0.0,-22.076719284057617
5.3199375,333.0,0.8918918918918919,-13.791577509356667,7.83931156648781,-35.687164306640625,0.0,-13.756719589233398
2.080375,131.0,0.900763358778626,-19.376917418787038,11.082772395375695,-35.4273681640625,0.0,-22.79273796081543
2.56,161.0,0.8819875776397516,-10.676011797407982,7.479563843521573,-19.955028533935547,0.0,-12.76678466796875
1.99,125.0,0.896,-9.983710408210754,5.91091835487317,-24.702505111694336,0.0,-10.28964900970459
4.3768125,274.0,0.8832116788321168,-8.941951609840078,4.787332003194822,-14.288875579833984,0.0,-11.158979415893556
1.36,86.0,0.8837209302325582,-5.380293996710527,3.414943962249809,-12.207679748535156,0.0,-5.810059547424316
2.7799375,174.0,0.8850574712643678,-14.038691632159344,10.167375231526847,-26.745922088623047,0.0,-12.897092819213867
5.12075,321.0,0.8753894080996885,-20.711680001635568,10.747356307052597,-39.99810791015625,0.0,-17.629846572875977
2.2099375,139.0,0.8848920863309353,-16.826632693531067,7.54084485154891,-25.45097541809082,0.0,-17.0283260345459
1.5899375,100.0,0.89,-14.897089454565156,6.592356816401051,-20.357013702392575,0.0,-18.30258178710937
2.73,171.0,0.8888888888888888,-6.227803405962493,4.387728811990417,-15.604373931884766,0.0,-5.407743453979492
4.37,274.0,0.8978102189781022,-9.533180911366532,3.921365481912423,-18.602052688598636,0.0,-9.48182201385498
5.3888125,337.0,0.8961424332344213,-20.04123205222831,8.667492201836746,-28.245361328125,0.0,-24.578203201293945
2.583125,162.0,0.8950617283950617,-9.59641026464002,5.262748659082956,-19.1591854095459,0.0,-8.126222610473633
2.8799375,180.0,0.8888888888888888,-6.398127293586731,3.7532033490198766,-16.315752029418945,0.0,-5.751324653625488
2.6299375,165.0,0.896969696969697,-12.874038006808307,8.578864871371115,-28.653839111328125,0.0,-11.538808822631836
2.3899375,150.0,0.88,-10.946616331736246,7.975632464480714,-32.19139099121094,0.0,-10.481536865234377
4.34,272.0,0.8970588235294118,-14.154495497218898,10.211005834442522,-37.58026885986328,0.0,-12.281840324401855
2.5199375,158.0,0.8987341772151899,-11.164761597002055,7.510017806057211,-28.21783447265625,0.0,-9.57890510559082
2.3199375,145.0,0.896551724137931,-13.087491842416616,6.9558565505188525,-22.03779983520508,0.0,-13.44138526916504
2.56,161.0,0.8944099378881988,-10.760891887876722,5.949261444838521,-19.27005958557129,0.0,-12.666812896728516
1.7620625,111.0,0.8918918918918919,-18.56118940102933,6.913854523524787,-22.85076904296875,0.0,-21.773273468017575
5.6499375,354.0,0.8870056497175142,-13.17347886759764,9.01838257978985,-33.64255142211914,0.0,-9.975711822509766
3.07,192.0,0.890625,-17.068346168562684,13.686644416075517,-35.45110321044922,0.0,-11.728683471679688
9.91,620.0,0.8935483870967742,-14.478225918022734,4.871047675877567,-22.402685165405277,0.0,-13.821704864501951
7.3799375,462.0,0.8982683982683982,-12.005337244056792,6.244068114811406,-26.970834732055664,0.0,-11.180374145507812
3.27,205.0,0.8975609756097561,-8.412068792011427,5.036604538030013,-18.79119110107422,0.0,-8.559414863586426
2.1641875,136.0,0.8970588235294118,-20.707530521955647,8.784675083723274,-31.74639892578125,0.0,-23.93625259399414
4.124625,258.0,0.8992248062015504,-6.884393544032656,4.843198015000414,-18.541582107543945,0.0,-5.5851593017578125
2.26725,142.0,0.8873239436619719,-24.95688505021353,10.079626980302717,-31.983251571655277,0.0,-29.98239517211914
1.7185625,108.0,0.8888888888888888,-19.67088844378789,12.630226254774016,-37.7966423034668,0.0,-20.19042205810547
3.0,188.0,0.8829787234042553,-11.978537260767926,7.564657477563952,-29.78218650817871,0.0,-13.868412017822266
1.6904375,106.0,0.8867924528301887,-21.040874582655885,11.161622099141132,-33.02476501464844,0.0,-21.69329833984375
2.0799375,130.0,0.9,-6.977722608126127,4.256743306499918,-16.677112579345703,0.0,-7.244449615478516
1.2750625,80.0,0.875,-9.875304303850449,4.550938916304236,-13.58642578125,0.0,-12.34261703491211
3.570625,224.0,0.8973214285714286,-6.455136208984983,2.7317944104211502,-11.87627410888672,0.0,-7.131877899169922
4.91,307.0,0.8990228013029316,-14.016548806342524,8.481938522699316,-26.942916870117188,0.0,-15.366668701171877
4.46,279.0,0.899641577060932,-18.46277989239332,13.041127748063586,-37.3087158203125,0.0,-13.446805953979492
2.79,175.0,0.8914285714285715,-11.776436438927284,7.74868356973298,-30.51401138305664,0.0,-10.206911087036133
9.810875,614.0,0.7817589576547231,-24.677782889207204,10.783599866442216,-39.989505767822266,0.0,-24.402212142944336
8.6399375,540.0,0.9,-14.931537812629356,6.796328657707725,-30.990419387817383,0.0,-13.362916946411133
2.3799375,149.0,0.8859060402684564,-13.071825966690524,9.118023669352684,-26.085994720458984,0.0,-12.56656265258789
6.172125,386.0,0.8989637305699482,-10.248526471492536,5.549923050785758,-22.517742156982425,0.0,-8.902645111083984
2.82,177.0,0.8983050847457628,-13.242661182235622,8.260226303256403,-23.7927303314209,0.0,-13.246149063110352
3.5799375,224.0,0.8705357142857143,-9.345494822966748,6.399222354196593,-31.031333923339844,0.0,-7.043525695800781
2.25,141.0,0.900709219858156,-9.057178347129522,5.364801437186676,-18.954877853393555,0.0,-9.204572677612305
5.991625,375.0,0.848,-22.41232741853726,14.479935004895154,-39.93601989746094,0.0,-19.103595733642575
12.940875,809.0,0.8936959208899876,-19.46125483479902,9.085993741965533,-35.06534576416016,0.0,-19.623371124267575
3.2518125,204.0,0.8823529411764706,-10.654684914482964,7.664946642495665,-25.431678771972656,0.0,-7.950323104858398
1.6,101.0,0.900990099009901,-7.602982154259315,5.77916419216863,-16.378040313720703,0.0,-5.766620635986328
2.814125,176.0,0.875,-19.99357862596388,11.997449732671765,-34.45108795166016,0.0,-19.9094352722168
10.0799375,630.0,0.8968253968253969,-11.517836292233088,7.39314605231359,-31.3054313659668,0.0,-9.952611923217772
1.93,121.0,0.8842975206611571,-11.133213756240416,8.399044914500623,-29.85340881347656,0.0,-8.305408477783203
1.60875,101.0,0.4356435643564356,-21.46891338174993,13.27525700666996,-39.54972457885742,0.0,-27.4023551940918
5.7099375,357.0,0.8991596638655462,-14.569883198010215,7.360949011511501,-27.84383773803711,0.0,-14.07190227508545
2.56,161.0,0.9006211180124224,-15.201844774443527,10.97330219579466,-31.165063858032227,0.0,-11.44633674621582
5.1081875,320.0,0.89375,-17.951456803541916,9.137912007128683,-27.689136505126957,0.0,-23.232696533203125
5.17,324.0,0.8981481481481481,-11.525783525709434,5.605091759025795,-26.51988220214844,0.0,-10.264204025268556
2.23,140.0,0.9,-8.321666656978547,4.853403076464855,-18.661251068115234,0.0,-8.040843963623047
2.2,138.0,0.8840579710144928,-9.398199097054905,6.1944361891194895,-23.69383430480957,0.0,-8.287107467651367
1.34,84.0,0.8928571428571429,-7.916192779541015,4.30526969791524,-14.669296264648438,0.0,-8.253131866455078
4.062,254.0,0.889763779527559,-19.859281725588097,7.397956436547412,-28.33507537841797,0.0,-22.98328399658203
1.91,120.0,0.9,-10.151451269785564,9.16883667229243,-28.681241989135746,0.0,-5.656150817871094
5.25575,329.0,0.8996960486322189,-17.26168058369611,9.625768049633349,-36.65900421142578,0.0,-15.790168762207031
4.0,251.0,0.8685258964143426,-6.002465466840552,3.138383531716891,-11.628257751464844,0.0,-5.721975326538086
5.6069375,351.0,0.8774928774928775,-19.504591799401616,11.775424767264896,-39.94430541992188,0.0,-15.36624526977539
4.4275,277.0,0.8989169675090253,-17.863361049368677,8.467919138907334,-38.30289459228516,0.0,-18.352785110473636
2.17,136.0,0.8897058823529411,-12.694401717383014,8.77639867433563,-28.286788940429688,0.0,-11.064224243164062
5.2199375,327.0,0.8990825688073395,-9.178893958630203,4.66569270064209,-20.428556442260746,0.0,-8.6351318359375
10.01275,626.0,0.8817891373801917,-14.03767773033916,5.08489346207141,-19.441574096679688,0.0,-16.719945907592773
4.0699375,255.0,0.8980392156862745,-16.68746536787941,7.973807157383743,-30.495317459106445,0.0,-15.56337547302246
3.0593125,192.0,0.8697916666666666,-16.508322150407437,7.1705482303328845,-22.095043182373047,0.0,-20.672626495361328
6.8199375,427.0,0.8992974238875878,-13.221324925621351,8.123009447471146,-29.380151748657227,0.0,-10.51346492767334
3.035625,190.0,0.8894736842105263,-14.895344525399294,9.778575163894724,-25.91510772705078,0.0,-17.277751922607422
2.8,176.0,0.8977272727272727,-12.545740550077417,9.928684650539838,-28.35685157775879,0.0,-9.22695541381836
3.1995,200.0,0.895,-15.586819568825833,5.720858667741641,-20.353988647460938,0.0,-18.63813781738281
2.07,130.0,0.9,-6.381099700927734,3.733557049377192,-12.624778747558594,0.0,-6.522350311279297
1.93,121.0,0.8677685950413223,-16.494551813034786,10.785221459993412,-30.337055206298828,0.0,-20.542224884033203
2.36,148.0,0.8986486486486487,-8.716597420828682,5.313765878157503,-24.75677299499512,0.0,-9.118009567260742
11.0026875,688.0,0.8968023255813954,-16.217677102483073,10.950186728998242,-33.99574279785156,0.0,-12.370498657226562
7.9801875,499.0,0.8937875751503006,-13.790339247528212,7.216718412983534,-35.81581497192383,0.0,-12.33837890625
5.7180625,358.0,0.8966480446927374,-20.006636836447075,10.567961081450932,-33.939361572265625,0.0,-19.265241622924805
7.11625,445.0,0.898876404494382,-8.885578451156617,4.54796028763876,-25.542713165283203,0.0,-8.575946807861328
4.4799375,280.0,0.8928571428571429,-16.31383290863037,10.182503901663582,-29.681928634643555,0.0,-16.847993850708008
3.2165,202.0,0.8960396039603961,-11.733594536122697,7.736331567824294,-20.285106658935547,0.0,-16.640796661376953
3.3899375,212.0,0.8962264150943396,-9.85408508903102,5.754119283665542,-21.94538307189941,0.0,-9.180459976196287
3.1375,197.0,0.8984771573604061,-11.188230401378569,5.292819955596977,-24.652755737304688,0.0,-10.767290115356444
5.6499375,354.0,0.8954802259887006,-17.08727175956269,8.737682446569773,-35.82777786254883,0.0,-15.184818267822266
3.07,192.0,0.8958333333333334,-9.484710959501044,5.135679806907102,-22.071823120117188,0.0,-8.622455596923828
14.2481875,891.0,0.9001122334455668,-14.58452520346701,7.802526230165315,-35.16947937011719,0.0,-12.66935920715332
5.95875,373.0,0.8900804289544236,-14.356813809957847,6.804353864951714,-22.913982391357425,0.0,-14.257762908935549
2.94325,184.0,0.8913043478260869,-15.65787750337182,6.749404890952339,-23.96529006958008,0.0,-14.835914611816406
3.465,217.0,0.8986175115207373,-14.518084129920371,6.961147844393591,-34.65175247192383,0.0,-14.09535026550293
2.2099375,139.0,0.8992805755395683,-8.196643508911134,4.354406409808485,-16.348234176635742,0.0,-8.64616584777832
2.8299375,177.0,0.8983050847457628,-11.384174580843943,7.717570601137791,-38.57341766357422,0.0,-9.276618957519531
8.7799375,549.0,0.8998178506375227,-11.030682378452315,5.782521814077916,-27.877220153808597,0.0,-10.160690307617188
5.3636875,336.0,0.8988095238095238,-10.815078318513782,4.907572969539514,-18.56924057006836,0.0,-10.07585334777832
2.56,161.0,0.9006211180124224,-21.667818556160764,8.796225489313967,-27.69355773925781,0.0,-25.971176147460938
2.5993125,163.0,0.8588957055214724,-14.662666838509695,8.47688661306953,-23.8120231628418,0.0,-17.301549911499023
4.0955,256.0,0.8984375,-10.25196879013725,3.9784690236611295,-16.39346694946289,0.0,-10.266220092773438
1.91,120.0,0.8916666666666667,-15.905422424601618,7.604718479462205,-22.67517471313477,0.0,-19.38317108154297
2.7975,175.0,0.8971428571428571,-10.108418871642678,3.9095412296573904,-18.764545440673828,0.0,-10.165950775146484
7.4484375,466.0,0.8927038626609443,-16.917548252986027,9.360489930708026,-28.419483184814453,0.0,-15.823080062866213
6.6696875,417.0,0.894484412470024,-15.373383120621178,7.803787423938365,-25.966495513916016,0.0,-14.31879425048828
9.035875,565.0,0.8761061946902655,-19.232393307156038,8.315292436513106,-39.72723388671875,0.0,-18.531965255737305
5.2,326.0,0.8987730061349694,-15.314393216025708,6.383949132159683,-28.423999786376957,0.0,-15.05437469482422
2.4399375,153.0,0.8954248366013072,-18.45715034791153,11.502097911322515,-37.47926330566406,0.0,-17.6273250579834
1.7099375,107.0,0.897196261682243,-12.74741311868032,6.428257847623873,-18.648170471191406,0.0,-16.43336296081543
4.1299375,259.0,0.8957528957528957,-15.897813649013123,7.559168833475281,-25.82360076904297,0.0,-14.759618759155272
3.8316875,240.0,0.8958333333333334,-16.711352130978607,8.768771243778543,-29.11021423339844,0.0,-14.870155334472656
9.6073125,601.0,0.9001663893510815,-14.228565335934793,6.168014941168102,-28.02620506286621,0.0,-13.74174690246582
4.1899375,262.0,0.8969465648854962,-18.047160355588225,11.446782731394396,-34.49871826171875,0.0,-17.59259033203125
6.7099375,420.0,0.8928571428571429,-14.508160380045572,10.383451775872013,-31.448043823242188,0.0,-11.15201187133789
10.9599375,685.0,0.8963503649635036,-15.61762299366805,8.676473284410148,-30.734994888305664,0.0,-13.287153244018556
23.8589375,1492.0,0.8927613941018767,-17.898819651331628,7.886965137902576,-26.35136032104492,0.0,-22.016117095947266
7.4416875,466.0,0.8927038626609443,-10.885616339170015,6.664208747381658,-25.39057922363281,0.0,-8.620767593383789
5.0199375,314.0,0.8853503184713376,-7.820321501587792,4.301218371473084,-14.730140686035156,0.0,-7.156955718994141
1.5899375,100.0,0.9,-12.68135206434462,5.008827139116742,-17.378318786621094,0.0,-14.596641540527344
7.79,487.0,0.8993839835728953,-13.870538354464315,6.440711501870864,-25.446697235107425,0.0,-13.498727798461914
4.1,257.0,0.8988326848249028,-16.028262051669035,6.28793079947514,-25.922588348388672,0.0,-17.175033569335938
2.37,149.0,0.8926174496644296,-14.384479680455716,9.242954815199203,-30.74497604370117,0.0,-14.47256851196289
15.546,972.0,0.8940329218106996,-15.99161442404375,10.984079012830978,-33.2448616027832,0.0,-11.933284759521484
3.7325,234.0,0.8974358974358975,-12.868633124941873,8.236295337534303,-23.169395446777344,0.0,-12.417909622192385
11.3021875,707.0,0.8939179632248939,-18.06220916554897,11.162799169715129,-33.98392868041992,0.0,-15.194311141967772
3.8113125,239.0,0.899581589958159,-12.465894805553347,8.766634259054747,-37.29207611083984,0.0,-9.660497665405272
4.4199375,277.0,0.8953068592057761,-10.780294033788866,7.770059585787326,-27.73709297180176,0.0,-8.637847900390625
3.1099375,195.0,0.8923076923076924,-9.902785991800242,5.418462298055641,-20.77789688110352,0.0,-9.252582550048828
3.4499375,216.0,0.8981481481481481,-14.462394281760934,8.810041189637182,-31.93916320800781,0.0,-11.36544418334961
5.856375,367.0,0.8910081743869209,-15.084010669579929,6.795880678053681,-22.025611877441406,0.0,-18.763473510742188
6.54,409.0,0.8997555012224939,-13.719481229782104,7.042101677218859,-26.314956665039062,0.0,-13.062244415283203
1.9599375,123.0,0.8943089430894309,-12.074420842257412,6.938767599114074,-28.908042907714844,0.0,-10.6544771194458
1.5849375,100.0,0.9,-6.884864086574979,3.385652575844824,-10.165157318115234,0.0,-8.848573684692383
3.6299375,227.0,0.8986784140969163,-6.4968761275796325,4.217735943114262,-17.686254501342773,0.0,-6.193452835083008
2.1973125,138.0,0.8985507246376812,-12.562535808932395,6.064679778055639,-17.967689514160156,0.0,-15.759206771850586
2.8718125,180.0,0.8944444444444445,-8.615491878912316,2.362545383862229,-10.42169189453125,0.0,-9.327659606933594
1.37,86.0,0.872093023255814,-15.69944076538086,8.222872963130195,-23.10795211791992,0.0,-20.68080139160156
9.34,584.0,0.898972602739726,-12.187591138567244,5.986861317546267,-26.79002952575684,0.0,-11.649885177612305
1.56,98.0,0.8979591836734694,-6.4495719562877305,2.852237817663858,-9.264533996582031,0.0,-7.855978012084961
1.61,101.0,0.8910891089108911,-9.766274939643012,5.58915724754053,-22.076465606689453,0.0,-10.477731704711914
7.6899375,481.0,0.8856548856548857,-20.47137556389464,11.311617608447698,-34.12664031982422,0.0,-19.951610565185547
8.7221875,546.0,0.8956043956043956,-17.67925947380456,5.279359291699176,-23.008060455322266,0.0,-20.032066345214844
8.07,505.0,0.8950495049504951,-18.335374975626447,7.763542498493956,-26.12553977966309,0.0,-22.099994659423828
2.4058125,151.0,0.9006622516556292,-16.20163667903227,8.768949380550819,-23.42504501342773,0.0,-20.97225952148437
5.91,370.0,0.9,-7.835612408749692,4.102765215217926,-18.66439437866211,0.0,-7.099430084228516
4.9995,313.0,0.8977635782747604,-7.487675079671513,3.807458366139708,-19.46322250366211,0.0,-6.773900985717773
1.2428125,78.0,0.8846153846153846,-9.832820505335713,3.9293098228299823,-13.05866241455078,0.0,-11.839942932128906
2.3945625,150.0,0.8866666666666667,-8.941466367334352,4.74094993399815,-20.190114974975582,0.0,-9.552278518676758
3.15,197.0,0.8984771573604061,-11.09660750997942,6.205533129990103,-23.278881072998047,0.0,-9.465660095214844
1.6399375,103.0,0.8932038834951457,-9.550650099049443,4.780388487911684,-13.860710144042969,0.0,-12.466772079467772
1.1299375,71.0,0.9014084507042254,-19.16571274399757,9.82013385830985,-27.937950134277344,0.0,-25.433298110961918
3.7890625,237.0,0.8860759493670886,-22.48793184189569,11.307189260396884,-35.61579132080078,0.0,-25.439868927001957
8.72,546.0,0.8937728937728938,-12.163272959287047,8.898980892995361,-26.48812866210937,0.0,-9.68362808227539
3.1899375,200.0,0.89,-9.12848021475117,7.097822738367049,-24.104066848754883,0.0,-6.759416580200195
4.46,279.0,0.8924731182795699,-7.860504809153607,4.918461523064086,-19.883995056152344,0.0,-7.106788635253906
2.1899375,137.0,0.8905109489051095,-11.2028666949663,8.688673498396001,-21.675960540771484,0.0,-9.31032371520996
1.0099375,64.0,0.890625,-12.234201464736673,7.504834586777899,-23.921022415161133,0.0,-15.461732864379885
4.593,288.0,0.8888888888888888,-11.526995822787285,4.498139905395317,-16.22066879272461,0.0,-13.417520523071287
1.1899375,75.0,0.8933333333333333,-14.864514478996618,9.391825411854052,-28.04980087280273,0.0,-19.90143585205078
2.8464375,178.0,0.898876404494382,-17.489099550247193,7.401176015317741,-25.530750274658203,0.0,-20.23235321044922
7.1199375,445.0,0.8943820224719101,-9.757917797146131,7.4849287886258145,-26.57024955749512,0.0,-6.801443099975586
1.4929375,94.0,0.8936170212765957,-8.182732650211879,4.637752487997756,-18.17319869995117,0.0,-7.114534378051758
3.2399375,203.0,0.896551724137931,-8.310055963285677,4.579393827474884,-17.706584930419922,0.0,-7.36430549621582
2.2824375,143.0,0.8811188811188811,-9.326980015588186,3.75979032528781,-12.817035675048828,0.0,-11.408349990844728
2.36,148.0,0.8986486486486487,-19.524061217343892,7.232989558527044,-24.913454055786133,0.0,-23.47249412536621
7.29025,456.0,0.8881578947368421,-15.48836252188977,11.6490034101643,-30.49458312988281,0.0,-10.286720275878906
9.7799375,612.0,0.8986928104575164,-23.331740786379036,7.602992989138489,-36.64142990112305,0.0,-23.99693489074707
2.0399375,128.0,0.890625,-17.337165280392295,12.557362055706644,-35.83754348754883,0.0,-11.552433967590332
3.6999375,232.0,0.7112068965517241,-22.58781712849935,11.537186803073771,-39.99616241455078,0.0,-20.282421112060547
1.54,97.0,0.8969072164948454,-17.353322040075543,11.963680432564644,-37.09733200073242,0.0,-14.858253479003906
2.8,176.0,0.8977272727272727,-13.102825297585015,7.104113312353328,-26.340866088867188,0.0,-12.4588623046875
2.9599375,185.0,0.8918918918918919,-10.910975138346354,6.96813159080772,-19.71814346313477,0.0,-9.909919738769531
2.3363125,147.0,0.8843537414965986,-17.636484571603628,7.728784328022406,-25.591777801513672,0.0,-21.29505157470703
1.37,86.0,0.8953488372093024,-9.597353006338144,5.910432128859819,-16.82190704345703,0.0,-12.650497436523438
1.1,69.0,0.8985507246376812,-20.6122554655998,11.017768794882496,-32.73513412475586,0.0,-24.96126747131348
8.0230625,502.0,0.896414342629482,-14.42054337395562,8.781833284853137,-26.57721519470215,0.0,-11.34547233581543
1.17,74.0,0.8918918918918919,-22.093635963671137,12.674751451250234,-35.252227783203125,0.0,-30.01738548278809
2.6546875,166.0,0.8975903614457831,-13.956165364924694,8.266679066444139,-33.96921920776367,0.0,-14.250774383544922
2.27,142.0,0.8943661971830986,-15.3037538303165,8.289130129168226,-28.41840362548828,0.0,-14.69588851928711
1.75,110.0,0.9,-20.83807619653567,10.445290163758006,-30.794952392578125,0.0,-27.568012237548828
4.4326875,278.0,0.8992805755395683,-9.543812042236327,4.183894683764683,-21.38423538208008,0.0,-9.43056297302246
3.6399375,228.0,0.8991228070175439,-16.457021508565763,12.833719606922909,-34.67314529418945,0.0,-11.004592895507812
3.4699375,217.0,0.8986175115207373,-9.808860759246045,7.922361286153143,-28.05256080627441,0.0,-7.045246124267578
2.92,183.0,0.8961748633879781,-13.432080431682309,9.239011660204971,-30.38528251647949,0.0,-11.25558853149414
0.98,62.0,0.8548387096774194,-9.639360319893315,7.322190891550188,-22.591819763183597,0.0,-9.459266662597656
2.81,176.0,0.8977272727272727,-13.836920979656751,8.784214051906496,-23.2629508972168,0.0,-19.29658889770508
10.5299375,659.0,0.8892261001517451,-19.791508599759776,9.25880782514344,-29.20539283752441,0.0,-24.220346450805664
2.1299375,134.0,0.8880597014925373,-18.507910864693777,12.11550002745442,-32.984249114990234,0.0,-16.348125457763672
4.81,301.0,0.9003322259136213,-15.440004496556806,9.623978757635086,-28.22061920166016,0.0,-13.227806091308594
8.27,517.0,0.8878143133462283,-12.432125207905155,8.938368897367418,-35.390968322753906,0.0,-9.382417678833008
2.7699375,174.0,0.896551724137931,-10.480149562542255,5.346886741280463,-19.856470108032227,0.0,-11.450366973876951
2.1299375,134.0,0.8955223880597015,-19.21538583437602,11.947029160821216,-32.60150909423828,0.0,-24.929563522338867
1.86,117.0,0.8974358974358975,-4.986391794113886,4.005389987778917,-13.25090789794922,0.0,-3.907535552978516
2.0799375,130.0,0.9,-15.12580436315292,11.333904335343483,-28.94503402709961,0.0,-10.543994903564451
3.9599375,248.0,0.8911290322580645,-9.83589904232802,7.986684608157074,-24.1097412109375,0.0,-6.903774261474609
6.0879375,381.0,0.89501312335958,-13.22251543061824,6.488666852053239,-24.873157501220703,0.0,-12.72391128540039
24.1261875,1508.0,0.8919098143236074,-15.156855824977493,7.519720282800009,-23.29979705810547,0.0,-17.92110824584961
2.1299375,134.0,0.8955223880597015,-17.504523722330728,9.247956041296042,-25.73282241821289,0.0,-23.32773780822754
6.828125,427.0,0.8992974238875878,-12.452826092640558,8.835142023500552,-27.187088012695312,0.0,-8.282859802246094
1.0,63.0,0.8571428571428571,-1.9902787385163483,0.9770696766662084,-3.3140182495117188,0.0,-2.277585983276367
12.2925,769.0,0.893368010403121,-15.180181928076598,7.487611157623199,-24.186317443847656,0.0,-16.025074005126953
6.7799375,424.0,0.8962264150943396,-17.066138152072305,10.873572345278523,-29.824871063232425,0.0,-17.971006393432617
2.2099375,139.0,0.8992805755395683,-20.122846298217773,9.841601951713711,-38.68257522583008,0.0,-19.135223388671875
2.173625,136.0,0.8897058823529411,-14.627192410555752,9.96846621389846,-30.829944610595703,0.0,-15.551494598388672
2.291375,144.0,0.8541666666666666,-12.55787125254065,8.636916181296735,-26.69049835205078,0.0,-11.872970581054688
12.6963125,794.0,0.8992443324937027,-20.872628794330844,10.334367701292772,-33.356109619140625,0.0,-19.741622924804688
7.4399375,465.0,0.8989247311827957,-11.709202570207951,5.42186392469398,-24.86288452148437,0.0,-10.388168334960938
0.99,62.0,0.8870967741935484,-7.449489038640802,3.837801050697975,-11.483707427978516,0.0,-9.729068756103516
9.0399375,565.0,0.8973451327433628,-13.263965565307137,8.918346848933954,-33.049278259277344,0.0,-10.92230987548828
3.5299375,221.0,0.9004524886877828,-17.199713841155546,10.208875799338909,-34.134037017822266,0.0,-14.013140678405762
5.09,319.0,0.8996865203761756,-8.467568214762085,5.222318567951747,-21.018604278564453,0.0,-7.586528778076172
3.6899375,231.0,0.8744588744588745,-10.83046038788144,5.980694962233238,-23.161849975585938,0.0,-10.683353424072266
3.25,204.0,0.8970588235294118,-12.813519608127615,7.725036625565826,-33.0922966003418,0.0,-10.888248443603516
5.4,338.0,0.8905325443786982,-14.672194053168312,5.938812198466386,-20.56031036376953,0.0,-17.869007110595703
7.46725,467.0,0.8907922912205567,-12.042764104329622,2.6852009147704448,-14.155967712402344,0.0,-12.922822952270508
11.55025,722.0,0.8988919667590027,-13.942921071280317,6.599034830811351,-35.6701545715332,0.0,-12.661904335021973
4.3908125,275.0,0.8981818181818182,-19.672263666685776,12.932057794390472,-38.34674453735352,0.0,-16.59262466430664
10.417,652.0,0.8987730061349694,-14.457967917666908,6.152674916068056,-30.191255569458008,0.0,-14.478050231933594
6.5899375,412.0,0.4466019417475728,-11.260266988173775,9.378252519027468,-39.47610092163086,0.0,-7.921512126922607
2.79,175.0,0.8914285714285715,-15.021349197778946,11.093002185740149,-35.21786117553711,0.0,-11.386933326721191
11.205,701.0,0.8987161198288159,-13.224607467651367,6.737953348354508,-25.015464782714844,0.0,-12.418027877807615
1.36,86.0,0.8953488372093024,-19.937914761629973,10.772348152306044,-30.654956817626957,0.0,-26.44001007080078
5.187125,325.0,0.8892307692307693,-14.108390913702625,6.6518510795272014,-22.649364471435547,0.0,-14.650901794433594
3.2099375,201.0,0.900497512437811,-10.84378091801596,5.716511821048186,-24.59333038330078,0.0,-9.98114776611328
5.077625,318.0,0.89937106918239,-18.324509013782848,11.80130328309174,-33.2928466796875,0.0,-16.034963607788086
8.28,518.0,0.8996138996138996,-13.76294047228768,7.52641294361805,-37.54911804199219,0.0,-11.93663215637207
5.75725,360.0,0.9,-11.573334582058,8.066874165786208,-27.53726577758789,0.0,-9.793060302734377
3.576625,224.0,0.8928571428571429,-12.09655876159668,5.578312779956966,-18.457843780517575,0.0,-14.976037979125977
4.0599375,254.0,0.8976377952755905,-7.495293608882971,4.764286541525399,-18.544219970703125,0.0,-6.510012626647949
1.79,112.0,0.8839285714285714,-5.517982829700816,1.965509186603452,-7.501232147216797,0.0,-6.222698211669922
5.1099375,320.0,0.9,-10.460460589991676,5.65794113817999,-23.803102493286133,0.0,-9.304662704467772
5.1563125,323.0,0.8978328173374613,-9.646097610736716,5.055948602555815,-21.975067138671875,0.0,-8.877717971801758
2.6180625,164.0,0.8963414634146342,-6.718215241724131,5.181323720769863,-19.04513931274414,0.0,-6.5025177001953125
1.7599375,110.0,0.8909090909090909,-12.659224763208506,9.488332199410388,-25.264034271240234,0.0,-12.677970886230469
7.5799375,474.0,0.890295358649789,-11.531798846348767,5.961325870903525,-19.052040100097656,0.0,-11.378952026367188
2.5799375,162.0,0.8827160493827161,-13.163652086591387,7.616018244705247,-23.84973907470703,0.0,-11.593238830566406
6.92,433.0,0.8983833718244804,-10.31062387010432,5.126006380785052,-21.24005126953125,0.0,-9.801563262939451
2.3345625,146.0,0.8835616438356164,-14.402950168580048,10.356716524988464,-28.51666641235352,0.0,-13.632591247558594
3.8634375,242.0,0.8884297520661157,-13.174233991046284,10.10202095588912,-31.610240936279297,0.0,-9.11273193359375
4.9506875,310.0,0.8903225806451613,-14.421519403872283,6.35383369887588,-23.946033477783203,0.0,-14.714977264404297
3.8824375,243.0,0.897119341563786,-19.039542631271782,6.834746506726763,-30.59164047241211,0.0,-19.38959312438965
3.3199375,208.0,0.8990384615384616,-14.430428714038216,8.678712597121098,-23.748275756835938,0.0,-19.779830932617188
2.0335625,128.0,0.890625,-19.074140732748468,10.410735023595464,-30.236358642578125,0.0,-23.44013786315918
3.466125,217.0,0.8663594470046083,-11.188415486761864,6.5153560366889645,-18.122997283935547,0.0,-14.615837097167969
2.1099375,132.0,0.8787878787878788,-8.10090786835243,7.144778029621639,-26.262115478515625,0.0,-6.268878936767578
3.28,206.0,0.8980582524271845,-12.379761489661965,5.953840087765227,-25.792205810546875,0.0,-11.703208923339844
8.0238125,502.0,0.8924302788844621,-19.51743022884641,9.562120154576697,-30.61031723022461,0.0,-19.128231048583984
4.0514375,254.0,0.8818897637795275,-20.375136017799377,7.57834122641234,-26.030033111572266,0.0,-24.409637451171875
5.3499375,335.0,0.8985074626865671,-11.549137185182284,8.280008078166771,-29.42314720153809,0.0,-9.860929489135742
1.7799375,112.0,0.8928571428571429,-10.94456127166748,6.081432264759846,-21.079931259155277,0.0,-12.52944564819336
6.8501875,429.0,0.8927738927738927,-17.831943621523386,8.240735316399752,-25.952491760253903,0.0,-22.51402282714844
2.8149375,176.0,0.8863636363636364,-15.55436469347049,8.35754715299018,-26.60062026977539,0.0,-15.98805809020996
1.9975,125.0,0.896,-20.39139269079481,10.61676735508384,-29.830677032470703,0.0,-26.757299423217773
3.9025,244.0,0.889344262295082,-12.277019711683424,7.719507634639262,-27.844051361083984,0.0,-12.418041229248049
1.9599375,123.0,0.8780487804878049,-12.344326725712529,5.824956539345447,-19.136943817138672,0.0,-13.417274475097656
5.85,366.0,0.8907103825136612,-12.112816518069776,9.308492678018302,-28.969358444213867,0.0,-8.298852920532227
3.337375,209.0,0.8899521531100478,-17.146806860482823,7.751373504502119,-25.145694732666016,0.0,-20.29107666015625
3.6014375,226.0,0.8982300884955752,-12.26864723618982,6.428793336059702,-19.170669555664062,0.0,-15.593982696533203
4.4799375,280.0,0.8928571428571429,-9.835568466186524,6.30616696569298,-22.484508514404297,0.0,-9.48838996887207
2.18,137.0,0.8905109489051095,-21.733756800166898,11.023749908832457,-31.744285583496094,0.0,-29.233396530151367
8.1706875,511.0,0.8884540117416829,-14.355699089655268,6.82826827930079,-27.19693946838379,0.0,-14.226606369018556
1.43,90.0,0.9,-6.859954127558956,5.514196023322814,-20.55297470092773,0.0,-5.541908264160156
2.5449375,160.0,0.89375,-18.20491908146785,9.013223245306085,-28.254846572875977,0.0,-19.99561882019043
2.4399375,153.0,0.8823529411764706,-21.41475236680773,11.569169971479605,-32.444549560546875,0.0,-28.339698791503903
2.73,171.0,0.9005847953216374,-12.33582522652366,6.014957518826509,-26.386985778808597,0.0,-13.295530319213867
5.3174375,333.0,0.8978978978978979,-11.435669481156262,5.653220111918778,-18.45507431030273,0.0,-12.412464141845703
16.09,1006.0,0.8906560636182903,-21.354392664773123,8.799406876209371,-30.737667083740234,0.0,-25.14952278137207
2.7799375,174.0,0.896551724137931,-10.698469113080929,6.29527348627321,-25.96421432495117,0.0,-9.547239303588867
1.8999375,119.0,0.8991596638655462,-12.655902898200203,6.894235621119713,-22.931198120117188,0.0,-15.316535949707031
5.8999375,369.0,0.8915989159891599,-17.762111315973623,8.126523430479958,-29.474550247192383,0.0,-17.16422462463379
4.97,311.0,0.8938906752411575,-17.776307723505035,11.346578105252735,-35.842674255371094,0.0,-15.673994064331056
1.3,82.0,0.8902439024390244,-20.331891099067583,10.553733655609385,-28.77574157714844,0.0,-27.303543090820312
2.0625,129.0,0.8837209302325582,-13.967904124343605,6.72726886050874,-22.124536514282227,0.0,-15.388315200805664
3.8799375,243.0,0.8806584362139918,-14.490364636216208,11.14816544263586,-36.31652069091797,0.0,-10.147842407226562
2.4799375,155.0,0.896774193548387,-12.850570472881948,7.958012416134937,-27.028011322021484,0.0,-11.61404800415039
1.99,125.0,0.896,-12.50375669343131,6.404407350524761,-19.57954406738281,0.0,-14.979398727416992
3.98725,250.0,0.9,-11.68868283589681,9.306936537259466,-31.18536758422852,0.0,-7.341699600219727
2.5099375,157.0,0.8980891719745223,-9.53828316546501,6.630174755662875,-24.29192352294922,0.0,-8.763893127441406
1.8,113.0,0.8938053097345132,-12.629104349872854,8.783125503136253,-24.793731689453125,0.0,-11.19928741455078
5.6724375,355.0,0.8985915492957747,-12.817292228387815,8.747160660340748,-26.04977798461914,0.0,-10.465900421142578
3.72,233.0,0.8969957081545065,-19.89740033126904,12.903398408234356,-38.128379821777344,0.0,-19.71400451660156
2.79,175.0,0.8971428571428571,-14.324162987387105,7.062551730023665,-30.7232666015625,0.0,-13.37857437133789
2.6109375,164.0,0.8902439024390244,-10.3530947802818,5.139713115943103,-15.556621551513672,0.0,-12.055694580078123
2.8199375,177.0,0.8757062146892656,-11.69518307101342,3.564514799059058,-14.50884246826172,0.0,-12.826435089111328
3.1299375,196.0,0.8979591836734694,-8.139990134672685,4.586271347303564,-16.601219177246094,0.0,-7.65196418762207
4.5,282.0,0.8971631205673759,-14.693321808524754,6.634039867923047,-30.614221572875977,0.0,-13.436342239379885
1.99,125.0,0.872,-22.643771775271915,16.714792877420322,-39.99883270263672,0.0,-33.13525390625
7.5099375,470.0,0.8914893617021277,-19.102410491724857,7.870596019144648,-26.68604850769043,0.0,-23.72830009460449
5.8,363.0,0.8980716253443526,-10.200686343608458,6.217885248814036,-23.269271850585938,0.0,-9.20077896118164
3.3725,211.0,0.9004739336492891,-12.294722466719778,6.293320425693073,-25.34664535522461,0.0,-11.869232177734377
3.4399375,215.0,0.8976744186046511,-10.372738299592172,7.151949226717665,-23.197412490844727,0.0,-10.661195755004885
4.2418125,266.0,0.8834586466165414,-19.61934554729056,8.83990728865589,-26.906326293945312,0.0,-24.73590850830078
12.0399375,753.0,0.8924302788844621,-16.012571590287344,6.787085806603479,-25.96490859985352,0.0,-15.187759399414062
3.9599375,248.0,0.8991935483870968,-12.387623397758723,5.744951763304609,-17.916316986083984,0.0,-15.177345275878906
1.23,77.0,0.8961038961038961,-14.809613324593808,10.491214527941883,-31.139013290405277,0.0,-15.791006088256836
1.8199375,114.0,0.8947368421052632,-13.435287008098529,6.82984734139346,-21.10535430908203,0.0,-13.684982299804688
2.2929375,144.0,0.8819444444444444,-15.789206452257051,9.894751479126471,-25.371625900268555,0.0,-22.91334342956543
3.5299375,221.0,0.9004524886877828,-14.90044479753504,7.666517124041115,-26.83157539367676,0.0,-14.954504013061523
2.221625,139.0,0.8992805755395683,-14.874385009765623,9.74545652592073,-26.90119171142578,0.0,-14.131938934326172
1.62,102.0,0.8921568627450981,-12.641446040226864,10.093355972959444,-28.50829696655273,0.0,-8.612224578857422
5.4799375,343.0,0.8979591836734694,-17.309982547512302,9.906825809285454,-27.91850852966309,0.0,-23.17169761657715
6.2630625,392.0,0.8877551020408163,-12.225208600362144,9.577533761955552,-30.98636054992676,0.0,-7.790872573852539
5.0099375,314.0,0.8980891719745223,-15.86523386096278,9.369997324186295,-31.534273147583008,0.0,-12.389392852783203
1.3499375,85.0,0.8705882352941177,-8.092671729422904,4.470301876051068,-13.23983383178711,0.0,-7.654531478881836
3.738875,234.0,0.8974358974358975,-11.72771357581729,4.178240738999368,-15.849029541015623,0.0,-13.196649551391602
1.6875,106.0,0.8679245283018868,-20.28974427347598,10.112745923888069,-27.392635345458984,0.0,-26.144968032836918
4.072,255.0,0.8980392156862745,-9.85494378768721,7.45815900994217,-22.427101135253903,0.0,-6.405288696289063
3.1373125,197.0,0.8934010152284264,-13.610024105418812,6.429885389922644,-21.062026977539062,0.0,-15.73599624633789
13.9499375,872.0,0.8990825688073395,-15.500957372237226,7.662245677613038,-33.324275970458984,0.0,-14.638469696044922
2.7605625,173.0,0.8959537572254336,-16.47411008034983,9.871297209215362,-32.325904846191406,0.0,-15.175500869750977
5.1299375,321.0,0.9003115264797508,-10.451074243829323,4.684022192758262,-27.342947006225582,0.0,-10.394521713256836
17.6178125,1102.0,0.8983666061705989,-12.579344254310683,8.112922514125112,-31.273357391357425,0.0,-10.342050552368164
3.295,206.0,0.8980582524271845,-7.64673835135795,4.169429911621771,-16.718353271484375,0.0,-6.656394958496094
1.25,79.0,0.8987341772151899,-11.995064963757152,8.409906584185991,-26.55701446533203,0.0,-13.807453155517578
2.808375,176.0,0.8920454545454546,-11.28586923392715,8.734388612528248,-22.858436584472656,0.0,-9.402297973632812
2.87,180.0,0.9,-7.15809800889757,4.585077936201395,-16.414466857910156,0.0,-8.32037353515625
1.54,97.0,0.8969072164948454,-11.228339907766758,7.012548073714583,-27.9177360534668,0.0,-10.58969497680664
7.46125,467.0,0.8972162740899358,-16.174875191117245,7.618124688953592,-33.12622833251953,0.0,-15.605646133422852
4.6066875,288.0,0.8993055555555556,-14.822928984653077,6.964766430765067,-22.625244140625,0.0,-16.743526458740234
7.992125,500.0,0.9,-18.0385280058119,7.48599479724836,-29.07933235168457,0.0,-17.502208709716797
3.0438125,191.0,0.8952879581151832,-14.136510659379567,9.938443042682971,-26.81876373291016,0.0,-13.5155029296875
4.3325,271.0,0.8929889298892989,-23.77411665010058,11.391426214568735,-35.426937103271484,0.0,-28.05516242980957
1.8199375,114.0,0.8596491228070176,-17.322732205293615,9.658746966804111,-27.970775604248047,0.0,-19.467100143432617
5.5716875,349.0,0.8968481375358166,-13.043851700072851,6.808279792806289,-20.70038604736328,0.0,-16.257835388183594
7.448875,466.0,0.8991416309012875,-8.476711346027674,4.683946123698419,-22.589570999145508,0.0,-7.817670822143555
1.1968125,75.0,0.8933333333333333,-2.683755191404428,1.6878418262992665,-6.855600357055664,0.0,-2.550029754638672
7.560875,473.0,0.8985200845665962,-8.913549064187443,6.460562178438032,-31.11628532409668,0.0,-6.971296310424805
4.3899375,275.0,0.8909090909090909,-17.092916278449856,12.60723041523962,-34.0217170715332,0.0,-11.855594635009766
2.36925,149.0,0.8993288590604027,-14.750504735690445,6.902288092575436,-25.25061798095703,0.0,-15.68349838256836
2.72,171.0,0.8888888888888888,-13.471443740945114,7.036034387425666,-24.44200897216797,0.0,-13.93906593322754
4.5385,284.0,0.8908450704225352,-12.449594874627037,8.22859413670163,-25.98876953125,0.0,-12.337360382080078
6.8299375,427.0,0.8992974238875878,-14.592824071645737,8.246224921444997,-24.006248474121094,0.0,-17.66653823852539
6.0399375,378.0,0.8941798941798942,-9.30780839637892,7.307413484744377,-28.058597564697266,0.0,-7.598352432250977
4.7824375,299.0,0.8996655518394648,-16.506014621833888,7.8614131560772575,-30.4188289642334,0.0,-16.34761619567871
2.085,131.0,0.900763358778626,-14.404048919677734,10.341359017254256,-29.18646812438965,0.0,-12.535528182983398
3.20225,201.0,0.900497512437811,-20.964848502564827,10.124236336049158,-29.590984344482425,0.0,-27.254383087158203
8.34775,522.0,0.8908045977011494,-15.323469855195732,7.11668125460254,-22.766403198242188,0.0,-18.672367095947266
5.0399375,315.0,0.8984126984126984,-12.000510300006123,6.284598829863494,-28.48309326171875,0.0,-12.130573272705078
2.54,159.0,0.7924528301886793,-18.22181178653051,11.451195458699049,-39.96083450317383,0.0,-16.137741088867188
3.92,246.0,0.8902439024390244,-11.044068192782468,5.130732901156244,-20.715892791748047,0.0,-10.569040298461914
7.2255625,452.0,0.8915929203539823,-20.107054968329876,7.676346841644456,-28.06221580505371,0.0,-23.20486259460449
3.6310625,227.0,0.8986784140969163,-13.01158743278653,9.349243998757656,-29.80010223388672,0.0,-9.973594665527344
3.331125,209.0,0.8851674641148325,-14.511991201864706,7.869028736430318,-26.405540466308597,0.0,-14.49933624267578
2.3,144.0,0.8958333333333334,-14.021281582440515,7.510510733682616,-31.4266357421875,0.0,-11.819706916809082
3.05,191.0,0.900523560209424,-8.676826477050781,6.95119539675159,-24.435237884521484,0.0,-6.033180236816406
3.6899375,231.0,0.8917748917748918,-15.49092232602314,10.537183145712111,-39.68061447143555,0.0,-12.013228416442873
4.36,273.0,0.8608058608058609,-13.66354310867634,10.669320682796522,-39.38045501708984,0.0,-10.708454132080078
9.365,586.0,0.8993174061433447,-14.64245420117532,8.266710979474595,-35.63263320922852,0.0,-13.841631889343262
9.81,614.0,0.8941368078175895,-14.521618589460306,8.339454780893485,-38.6368408203125,0.0,-12.268278121948242
1.85,116.0,0.896551724137931,-16.311752099257248,10.77362810511188,-30.410175323486328,0.0,-17.52249526977539
5.0599375,317.0,0.8990536277602523,-11.375700659500923,5.510745833640129,-22.333744049072266,0.0,-10.877532958984377
3.5638125,223.0,0.8789237668161435,-15.726815729725118,7.235217539724879,-23.21573638916016,0.0,-19.383243560791016
3.9763125,249.0,0.891566265060241,-26.41287916200655,11.30901291966016,-35.12506103515625,0.0,-32.97936248779297
4.4399375,278.0,0.8920863309352518,-13.76131869131519,8.375587417579709,-29.01805877685547,0.0,-12.624395370483398
6.66,417.0,0.894484412470024,-12.087355861714954,6.533474952778287,-23.120590209960938,0.0,-10.32563018798828
5.3499375,335.0,0.8925373134328358,-14.792513282801396,9.506860509800864,-29.24142837524414,0.0,-10.823997497558594
3.0074375,188.0,0.8617021276595744,-8.2511822603367,5.7680100394403535,-37.97109603881836,0.0,-7.223568916320801
5.72,358.0,0.8994413407821229,-10.245652583815296,6.129398803663012,-18.490562438964844,0.0,-10.123594284057615
3.97,249.0,0.8995983935742972,-15.47389484303338,9.497591162888831,-34.44447326660156,0.0,-16.3614444732666
2.2618125,142.0,0.8802816901408451,-15.801091674804688,6.9626405362602215,-20.93794822692871,0.0,-19.62283134460449
2.1599375,135.0,0.8962962962962963,-17.32448491183194,11.962954542602912,-30.54609489440918,0.0,-16.66581916809082
1.911125,120.0,0.875,-11.26084710984003,4.510727803607923,-15.076416015625,0.0,-13.500869750976562
1.7823125,112.0,0.8928571428571429,-10.890921936035156,6.167824870323614,-21.28291130065918,0.0,-10.570501327514648
3.843625,241.0,0.8921161825726142,-17.91918681832247,9.192835523361,-31.99335479736328,0.0,-16.703407287597656
8.845,553.0,0.8860759493670886,-11.466249337488293,8.725118982841169,-25.795764923095703,0.0,-7.786308288574219
12.18575,762.0,0.8976377952755905,-15.042079599280106,10.188988399385485,-35.748661041259766,0.0,-12.500665664672852
7.8423125,491.0,0.8961303462321792,-17.167432568290018,9.757436059335346,-28.14016342163086,0.0,-20.83341789245605
3.0421875,191.0,0.900523560209424,-14.56398957274681,6.125110157341105,-19.853965759277344,0.0,-18.50745010375977
8.4510625,529.0,0.8979206049149339,-18.598614060251336,7.6874655797308336,-24.996829986572266,0.0,-22.908153533935547
4.5299375,284.0,0.721830985915493,-11.664371990576022,12.26702213146176,-39.98469161987305,0.0,-5.416315078735352
2.3,144.0,0.8819444444444444,-12.256381117452786,4.63833582654343,-15.743663787841797,0.0,-14.22640609741211
2.7099375,170.0,0.9,-19.10859802345824,9.801725776351365,-28.492286682128903,0.0,-24.54898834228516
6.224625,390.0,0.9,-9.502736795322168,3.5667272219968447,-17.072399139404297,0.0,-9.373420715332031
4.6,288.0,0.8923611111111112,-19.147627700627545,9.321228978845689,-29.408279418945312,0.0,-24.12157440185547
6.61475,414.0,0.8695652173913043,-17.419064876768324,9.434875144179754,-29.47648811340332,0.0,-16.911712646484375
1.4949375,94.0,0.8723404255319149,-20.32505388957698,10.40561425000474,-30.01919937133789,0.0,-26.80260467529297
4.07,255.0,0.8980392156862745,-18.70700899482294,9.352225117803536,-33.110294342041016,0.0,-19.544952392578125
3.368625,211.0,0.8909952606635071,-17.741253183243124,11.263569088658553,-34.81829071044922,0.0,-15.273063659667969
2.55,160.0,0.89375,-13.665835960761653,5.662447462444836,-18.086406707763672,0.0,-16.31814956665039
3.23,202.0,0.8861386138613861,-8.422949870871433,5.946583637172494,-22.209617614746094,0.0,-7.929904937744141
15.0099375,939.0,0.8945686900958466,-13.724817868641445,9.498581873451204,-31.482563018798828,0.0,-9.886873245239258
5.629375,352.0,0.8948863636363636,-14.55601330711728,6.379336238878341,-22.458614349365234,0.0,-15.313236236572266
13.99,875.0,0.8457142857142858,-15.27915565000998,8.519333991467027,-39.93495941162109,0.0,-13.413637161254885
1.8899375,119.0,0.8907563025210085,-17.009026923269595,8.82030861396011,-31.7744255065918,0.0,-16.462289810180664
2.66,167.0,0.8982035928143712,-9.697386932373046,4.620208763409379,-14.54470443725586,0.0,-11.075103759765623
2.8351875,178.0,0.8876404494382022,-19.147725926169866,12.806288301393034,-32.210968017578125,0.0,-27.76435089111328
2.8899375,181.0,0.9005524861878453,-15.05600046965242,7.644044523660332,-29.984176635742188,0.0,-15.698409080505373
1.49,94.0,0.8936170212765957,-13.80904245376587,8.89877908556504,-24.195878982543945,0.0,-18.681249618530277
4.045,253.0,0.8735177865612648,-10.262064377107231,7.329792621504541,-23.913196563720703,0.0,-7.495880126953125
1.7099375,107.0,0.897196261682243,-9.156298557917276,5.7768582146862855,-21.686756134033203,0.0,-8.914447784423828
3.5323125,221.0,0.8914027149321267,-16.04923927965503,9.467705160858744,-27.504928588867188,0.0,-15.13406753540039
3.75,235.0,0.5191489361702127,-10.848637205655455,7.866070855519469,-39.10977554321289,0.0,-9.524198532104492
11.32025,708.0,0.8884180790960452,-20.078836022575636,13.034379198737293,-39.21311950683594,0.0,-15.887752532958984
18.8284375,1177.0,0.8912489379779099,-16.480487168914824,8.667409294681756,-31.855880737304688,0.0,-14.471202850341797
2.1099375,132.0,0.8712121212121212,-16.10043779456097,12.293301271616487,-33.01630401611328,0.0,-11.509336471557615
5.9599375,373.0,0.8981233243967829,-18.20340667838481,8.185738763626988,-32.50557327270508,0.0,-16.02228546142578
1.3499375,85.0,0.8941176470588236,-12.863825195714048,11.170504748855793,-33.97996139526367,0.0,-9.664277076721191
2.9281875,184.0,0.8967391304347826,-18.20970810398911,8.721077841565373,-26.976261138916016,0.0,-24.383792877197266
3.8399375,240.0,0.5041666666666667,-17.063573876688302,10.708154897939677,-39.98912811279297,0.0,-13.627595901489258
2.4,151.0,0.9006622516556292,-21.882277923471783,8.375734261032601,-26.940711975097656,0.0,-26.19230461120605
10.81,676.0,0.8920118343195266,-10.933661494089003,7.525085364443063,-30.03585433959961,0.0,-8.577350616455078
2.17,136.0,0.8970588235294118,-13.36278036774182,7.224983599200255,-31.0454044342041,0.0,-11.965286254882812
4.0199375,252.0,0.8809523809523809,-11.574534630990245,6.582993901116891,-20.106433868408203,0.0,-11.864370346069336
5.1888125,325.0,0.8984615384615384,-14.36559047437694,6.254778019945251,-21.466297149658203,0.0,-17.501529693603516
2.1709375,136.0,0.875,-14.22099640790154,6.734959850978472,-20.44872283935547,0.0,-17.976734161376953
8.7699375,549.0,0.8998178506375227,-12.550897042278336,6.786956304467019,-28.97628593444824,0.0,-11.73478889465332
3.8450625,241.0,0.9004149377593361,-18.950823190574823,8.80303616575232,-31.30118179321289,0.0,-18.762107849121094
7.6181875,477.0,0.8951781970649895,-13.025070494176074,6.113671192145325,-26.8895263671875,0.0,-12.485904693603516
2.403125,151.0,0.6556291390728477,-14.539141346709895,9.213213037171542,-39.14250183105469,0.0,-14.495111465454102
5.0086875,314.0,0.8885350318471338,-16.629402994682284,6.659974572354574,-24.40946578979492,0.0,-18.398929595947266
4.1199375,258.0,0.8992248062015504,-18.424602294790333,8.659378463174193,-25.900325775146484,0.0,-23.986366271972656
8.124,508.0,0.8996062992125984,-17.159406465826724,8.623199370974314,-33.71737289428711,0.0,-16.527481079101562
2.09,131.0,0.900763358778626,-14.68696933681682,8.601255389022219,-30.63153076171875,0.0,-14.299095153808594
6.1099375,382.0,0.8979057591623036,-9.715229223490455,6.606009630870812,-24.186378479003903,0.0,-8.927558898925781
6.8399375,428.0,0.8995327102803738,-15.485218662410588,9.190072886312398,-30.866273880004883,0.0,-12.981851577758787
2.33,146.0,0.8698630136986302,-7.419904123141071,7.021796322948051,-30.267637252807617,0.0,-5.390832901000977
4.6825,293.0,0.8839590443686007,-20.8056254810348,11.741250717103547,-36.405555725097656,0.0,-21.06957054138184
7.2199375,452.0,0.8960176991150443,-12.38214313365795,8.374210162714663,-27.815128326416016,0.0,-9.290332794189451
4.95675,310.0,0.9,-10.140990356390622,5.258159275908357,-24.9952392578125,0.0,-9.338218688964844
4.1299375,259.0,0.8996138996138996,-11.068571737395848,5.705108500640247,-24.820697784423828,0.0,-11.01516819000244
10.25,641.0,0.8954758190327613,-13.710396557319456,9.275148213749016,-35.44361114501953,0.0,-11.170576095581056
2.3,144.0,0.8472222222222222,-22.229730144875948,13.144212564068624,-39.84700775146485,0.0,-23.403703689575195
5.67,355.0,0.8985915492957747,-16.62798534740101,10.390709942186712,-36.70929718017578,0.0,-13.06515884399414
3.9430625,247.0,0.8906882591093117,-14.899940074573864,9.4993182756539,-25.293811798095703,0.0,-18.85618782043457
10.0199375,627.0,0.8963317384370016,-13.363162447973504,8.271100998467713,-30.24909019470215,0.0,-11.481821060180664
3.0399375,190.0,0.8894736842105263,-11.320942794077496,10.372504591836767,-35.358238220214844,0.0,-6.93443489074707
3.3971875,213.0,0.8826291079812206,-11.741974079862556,8.54424874976585,-22.87024688720703,0.0,-8.697280883789062
6.7649375,423.0,0.8912529550827423,-11.398070160843018,5.534770358295417,-24.706886291503903,0.0,-11.265953063964844
3.9599375,248.0,0.8991935483870968,-14.900701993249458,10.249543964689192,-27.39570999145508,0.0,-15.79364776611328
5.6781875,355.0,0.8985915492957747,-18.913140090655386,11.220492438438232,-33.310546875,0.0,-16.0892276763916
4.8299375,302.0,0.8973509933774835,-9.37024949133616,5.852246197970248,-25.47566795349121,0.0,-7.693155288696289
2.642,166.0,0.8975903614457831,-10.51000805029133,5.704744835444468,-17.586902618408203,0.0,-10.156261444091797
6.5,407.0,0.8968058968058968,-17.226102463186603,7.835474283244251,-27.04584312438965,0.0,-17.162153244018555
6.9399375,434.0,0.8870967741935484,-16.172478465290812,9.28708947076435,-27.243671417236328,0.0,-16.860370635986328
1.7799375,112.0,0.8660714285714286,-12.690382849309865,10.926574886227364,-28.897159576416016,0.0,-5.341602325439453
2.87,180.0,0.8888888888888888,-20.950743877887724,10.699557403919854,-36.8449592590332,0.0,-21.401336669921875
3.8,238.0,0.8697478991596639,-23.499297473741613,10.738015469820004,-39.968017578125,0.0,-25.457555770874023
4.3,269.0,0.8996282527881041,-12.075709327193332,5.994840564990756,-23.608657836914062,0.0,-11.102182388305664
2.9179375,183.0,0.8688524590163934,-9.517014797378636,2.800361942682491,-11.994972229003906,0.0,-10.55622100830078
1.72,108.0,0.8981481481481481,-9.609520489407569,6.673645371535491,-24.29444122314453,0.0,-9.703445434570312
2.6300625,165.0,0.896969696969697,-8.437720492079452,4.007514348660068,-14.135337829589844,0.0,-9.062823295593262
1.306125,82.0,0.8902439024390244,-5.971501598619435,4.601967155287471,-17.485851287841797,0.0,-5.102260589599609
3.66775,230.0,0.9,-9.848077101407997,5.515364488807248,-17.720684051513672,0.0,-10.144886016845703
2.9225,183.0,0.8743169398907104,-16.399319219589234,8.729440323711456,-31.42679786682129,0.0,-14.323110580444336
2.0,126.0,0.8888888888888888,-11.090231248310634,8.773349844623377,-32.4566650390625,0.0,-6.27153205871582
2.5799375,162.0,0.8888888888888888,-17.49079144001007,10.767195456849755,-29.257051467895508,0.0,-25.09607696533203
6.3079375,395.0,0.8936708860759494,-11.650078522247227,9.14426629891861,-33.78150177001953,0.0,-8.759702682495117
4.28,268.0,0.8992537313432836,-13.92269737591882,11.260247002015351,-35.16565704345703,0.0,-9.85468864440918
4.7664375,298.0,0.8959731543624161,-15.181752894255109,7.99149152701981,-30.402074813842773,0.0,-14.620695114135742
3.760625,236.0,0.8983050847457628,-11.539355511935252,7.518318088989719,-23.48342514038086,0.0,-9.737174987792969
2.0799375,130.0,0.9,-7.218145207462148,4.670523507153006,-20.471454620361328,0.0,-6.7845458984375
5.87,367.0,0.8991825613079019,-11.422758986733175,5.465334895112076,-26.598663330078125,0.0,-10.576129913330078
1.5,94.0,0.8829787234042553,-14.34143902882036,10.21949419840845,-30.656938552856445,0.0,-10.508550643920898
4.37,274.0,0.8978102189781022,-13.695798594777177,7.462821875691538,-34.061012268066406,0.0,-11.738568305969238
2.3799375,149.0,0.8993288590604027,-8.732432336949591,6.106671970550407,-22.719276428222656,0.0,-6.650979995727539
2.9399375,184.0,0.8858695652173914,-15.164743318148188,9.557281345852294,-31.90029525756836,0.0,-12.686717987060549
1.85,116.0,0.8879310344827587,-14.295160719491903,7.931659188925,-26.069305419921875,0.0,-12.877334594726562
6.3199375,395.0,0.8911392405063291,-14.114656795154918,6.82018024703326,-25.64392852783203,0.0,-13.527517318725586
10.8999375,682.0,0.8988269794721407,-16.456162362464294,5.937354283101866,-27.94095993041992,0.0,-16.818477630615234
4.22625,265.0,0.8905660377358491,-14.40185800649352,7.283959504629086,-25.90326690673828,0.0,-15.832141876220703
1.5965625,100.0,0.9,-15.730715603298613,11.46187214140693,-33.88383483886719,0.0,-18.982498168945312
3.4935,219.0,0.8995433789954338,-9.19183078514138,5.742197044802253,-20.604398727416992,0.0,-8.340578079223633
3.241625,203.0,0.8916256157635468,-18.8386704460692,9.025984788108898,-26.895313262939453,0.0,-24.58196258544922
2.3799375,149.0,0.8993288590604027,-8.030419221564905,4.8626976175195855,-17.43454933166504,0.0,-8.326111793518066
2.1858125,137.0,0.8978102189781022,-17.27861869625929,7.311193000326098,-23.48053741455078,0.0,-21.09688949584961
1.72,108.0,0.8981481481481481,-15.139376610824742,9.28073699541258,-31.70902633666992,0.0,-16.538738250732422
5.62,352.0,0.8892045454545454,-14.001397483265055,5.450770227928097,-18.368377685546875,0.0,-16.835891723632812
1.4499375,91.0,0.9010989010989012,-23.67024579862269,9.755577054610804,-30.91178321838379,0.0,-28.90837287902832
4.6999375,294.0,0.8809523809523809,-15.472379264684257,8.98979965239687,-25.77079200744629,0.0,-20.03071403503418
3.73,234.0,0.8974358974358975,-12.173807952517556,7.149554152668557,-31.90222549438477,0.0,-11.129554748535156
2.23,140.0,0.9,-10.2891877340892,7.365816047078693,-25.466102600097656,0.0,-8.459999084472656
8.81,551.0,0.8947368421052632,-16.56094522843738,9.053542123483815,-27.62494659423828,0.0,-15.659080505371094
15.7199375,983.0,0.8992878942014242,-9.911406948555648,4.763059843930448,-23.036413192749023,0.0,-8.92330265045166
4.0099375,251.0,0.8884462151394422,-17.369820992508277,8.640954518730018,-27.432292938232425,0.0,-17.125389099121094
7.56,473.0,0.8985200845665962,-10.937138434017406,7.081434583088905,-26.953044891357425,0.0,-8.734851837158203
1.8299375,115.0,0.8869565217391304,-6.250049628463446,3.1773543176456216,-9.876708984375,0.0,-7.803524017333984
2.73,171.0,0.9005847953216374,-13.289876114238393,11.652963176896955,-33.432804107666016,0.0,-8.655643463134766
21.05,1316.0,0.8966565349544073,-17.379538293612207,8.985260890860065,-28.29429626464844,0.0,-18.381834030151367
1.2599375,79.0,0.8987341772151899,-8.965153707584864,6.196077734094133,-23.890174865722656,0.0,-7.371795654296875
4.5199375,283.0,0.8975265017667845,-14.345264907896988,6.859503935553369,-27.583797454833984,0.0,-14.058758735656738
2.3199375,145.0,0.8758620689655172,-14.664778311421552,5.887042025896096,-18.897003173828125,0.0,-17.444915771484375
4.0495625,254.0,0.8858267716535433,-7.159222225613064,3.129157093128859,-10.329761505126951,0.0,-8.544673919677734
4.5899375,287.0,0.8850174216027874,-8.142014015377976,4.026045216695345,-17.717737197875977,0.0,-7.821195602416992
1.5945625,100.0,0.9,-7.830694410536024,3.787166143329492,-17.516847610473633,0.0,-7.406535148620605
4.0780625,255.0,0.8980392156862745,-18.769425637857363,8.246787009772605,-24.95339584350586,0.0,-23.499103546142575
3.303,207.0,0.8985507246376812,-5.459923857001848,2.912253825439132,-11.511722564697266,0.0,-5.315130233764648
13.15,822.0,0.8990267639902676,-13.448542916242422,6.253176197876747,-30.876808166503903,0.0,-12.339611053466797
1.93,121.0,0.9008264462809916,-16.68445370175423,6.932763990309329,-21.310089111328125,0.0,-20.198184967041016
3.003,188.0,0.898936170212766,-12.126449754252237,7.388908354639386,-28.75880241394043,0.0,-11.428442001342772
6.9558125,435.0,0.8390804597701149,-17.752764422272982,8.338574978616155,-39.79286575317383,0.0,-17.133853912353516
2.2875,143.0,0.8951048951048951,-11.333695381879808,6.73537441626513,-18.91330337524414,0.0,-12.304191589355469
2.2199375,139.0,0.8920863309352518,-18.961616162330877,9.667384140716766,-26.90795135498047,0.0,-25.26152610778809
8.8299375,552.0,0.8985507246376812,-13.82350593949518,7.979189909532248,-28.331676483154297,0.0,-14.340401649475098
4.8199375,302.0,0.8973509933774835,-10.968871077928156,5.98441325894169,-24.79356002807617,0.0,-9.37710952758789
2.9911875,187.0,0.8983957219251337,-8.530376014255342,4.297614636015316,-16.79977035522461,0.0,-8.502102851867676
2.7109375,170.0,0.8941176470588236,-8.06227089229383,3.502795178587009,-12.385223388671877,0.0,-9.484193801879885
1.25,79.0,0.8987341772151899,-10.775356185268349,5.327280798209339,-17.720352172851562,0.0,-12.341468811035156
5.2988125,332.0,0.8975903614457831,-12.36979954354715,7.194283278543916,-26.37653541564941,0.0,-10.0394868850708
6.2399375,390.0,0.9,-8.502020583193527,7.265174087388419,-31.609525680541992,0.0,-6.165153503417969
6.1199375,383.0,0.8981723237597912,-10.997721705325814,5.002214062882267,-25.31698989868164,0.0,-10.870872497558594
10.0271875,627.0,0.8931419457735247,-16.464985397883822,9.061995507755151,-26.53180694580078,0.0,-19.621505737304688
1.5195625,95.0,0.8947368421052632,-7.583834906185374,4.021296304121226,-15.864913940429688,0.0,-7.881061553955078
18.4274375,1152.0,0.8993055555555556,-12.857668320644777,6.997703862311253,-30.75843048095703,0.0,-11.407135009765623
3.0,188.0,0.898936170212766,-9.090117832612709,5.048464863128511,-20.61937141418457,0.0,-8.26432991027832
5.3,332.0,0.8945783132530121,-13.412698238385646,8.166221147013703,-30.09095001220703,0.0,-11.164329528808594
3.1395,197.0,0.8934010152284264,-9.594193371859465,5.826563136844581,-17.49439239501953,0.0,-9.335670471191406
4.2,263.0,0.8365019011406845,-12.433806451884182,9.501048791225344,-39.98523712158203,0.0,-9.689851760864258
2.6399375,165.0,0.896969696969697,-10.662454566440069,8.697445668739553,-32.23664093017578,0.0,-7.370185852050781
3.733125,234.0,0.8931623931623932,-15.66006804653332,10.497034375840004,-28.558822631835938,0.0,-14.344367980957031
1.2599375,79.0,0.8987341772151899,-7.622155310402454,5.332925795728932,-20.229877471923828,0.0,-6.454967498779297
6.79,425.0,0.8823529411764706,-20.779136627197264,7.665807058420456,-31.997039794921875,0.0,-19.24815368652344
2.0799375,130.0,0.9,-5.12973873431866,4.244965532430003,-14.382549285888672,0.0,-3.34780502319336
1.75,110.0,0.8909090909090909,-15.405151620203137,10.808749946417793,-29.81138229370117,0.0,-19.49159240722656
4.17,261.0,0.8888888888888888,-15.559198321967289,11.983438946928054,-36.05535507202149,0.0,-11.687089920043944
6.109125,382.0,0.887434554973822,-21.12160813773276,10.013876123694844,-31.271373748779297,0.0,-27.382305145263672
7.0399375,440.0,0.8818181818181818,-13.678229774396444,4.787127704531035,-18.52851867675781,0.0,-16.072757720947266
5.9599375,373.0,0.8927613941018767,-15.32732218378657,9.041888308514002,-31.302478790283203,0.0,-16.320655822753906
2.5699375,161.0,0.8881987577639752,-9.720499345472644,6.532470876541629,-26.93982315063477,0.0,-7.993797302246094
2.785625,175.0,0.88,-12.871794960715556,5.52925416284125,-18.85069274902344,0.0,-14.958168029785156
9.5263125,596.0,0.8993288590604027,-10.465133033581631,4.679964811217456,-22.683921813964844,0.0,-9.940624237060549
4.3325,271.0,0.8929889298892989,-13.017441237268368,6.196550349038221,-20.254657745361328,0.0,-14.200738906860352
6.7699375,424.0,0.8985849056603774,-13.75007299488298,6.917096446009581,-28.25793838500977,0.0,-12.985260009765623
5.07,317.0,0.8990536277602523,-13.799527864288866,7.552374059317956,-28.039573669433597,0.0,-13.999756813049316
4.9599375,310.0,0.896774193548387,-10.793670414163056,6.152705117636565,-24.358612060546875,0.0,-9.342388153076172
1.93,121.0,0.9008264462809916,-17.006793372127987,9.96721507136518,-33.893402099609375,0.0,-17.659786224365234
4.0,251.0,0.8924302788844621,-8.956518309456962,6.731736245826579,-25.86406707763672,0.0,-6.029331207275391
3.742125,234.0,0.8974358974358975,-13.28499227705456,7.652739001794663,-30.883625030517575,0.0,-12.772297859191896
4.3199375,270.0,0.8888888888888888,-17.30376708507538,13.26967685218398,-39.21574020385742,0.0,-10.792445182800291
7.1165,445.0,0.8943820224719101,-22.389175549224397,10.57865214994113,-32.821292877197266,0.0,-29.10782814025879
2.8899375,181.0,0.8839779005524862,-10.382223439216611,6.731472575241586,-20.62877655029297,0.0,-10.265432357788086
1.7728125,111.0,0.9009009009009008,-10.69736015319824,7.003216323215486,-25.799171447753903,0.0,-10.254234313964844
5.72,358.0,0.8966480446927374,-9.279964910489376,6.231348332642387,-22.90496253967285,0.0,-7.070230484008789
2.4799375,155.0,0.896774193548387,-15.292368978047543,12.00358394054725,-37.13471984863281,0.0,-13.028643608093262
4.278875,268.0,0.8843283582089553,-11.347489143725689,6.116000037558356,-23.200416564941406,0.0,-10.460098266601562
3.62,227.0,0.8942731277533039,-14.841489528787546,11.73026857841102,-32.0627326965332,0.0,-8.414783477783203
8.4025,526.0,0.8973384030418251,-18.68161317453546,9.900876498631506,-38.559112548828125,0.0,-17.726181030273438
4.215,264.0,0.8901515151515151,-19.504340257035924,9.571547084640205,-29.842601776123047,0.0,-18.427875518798828
1.9768125,124.0,0.8951612903225806,-7.26290293856784,5.621081558216339,-21.140087127685547,0.0,-5.9246673583984375
6.3499375,397.0,0.8992443324937027,-10.896456443295092,4.538268947721998,-19.922822952270508,0.0,-10.871843338012695
3.97,249.0,0.8995983935742972,-11.590297886303492,5.417006462875757,-20.08163070678711,0.0,-13.011781692504885
1.1299375,71.0,0.9014084507042254,-12.663548439741136,8.177394086244638,-24.2832145690918,0.0,-15.864147186279297
6.6299375,415.0,0.8987951807228916,-17.60292329864911,8.81238013377117,-33.05460739135742,0.0,-16.588726043701172
6.2199375,389.0,0.897172236503856,-10.143231574990349,4.387183249736513,-14.158233642578123,0.0,-12.42840576171875
4.93,309.0,0.8996763754045307,-19.019273325693693,8.86711657584078,-32.53871154785156,0.0,-18.538780212402344
1.9223125,121.0,0.8925619834710744,-10.841013131318268,5.8808739574621445,-21.015390396118164,0.0,-10.264274597167969
5.15,322.0,0.8913043478260869,-17.452070056769074,10.694604651903878,-30.18022918701172,0.0,-20.742137908935547
5.3,332.0,0.8975903614457831,-10.622594494147588,7.381237223073697,-31.526386260986328,0.0,-9.528013229370115
3.6,226.0,0.8982300884955752,-14.95587636449654,9.22859021263328,-26.603843688964844,0.0,-14.51296615600586
3.8299375,240.0,0.8875,-12.444181048254451,8.426654758287102,-30.38031005859375,0.0,-11.990795135498049
3.85,241.0,0.8962655601659751,-14.441075219048392,10.767597891911027,-34.06529998779297,0.0,-10.54256820678711
0.86725,55.0,0.8909090909090909,-9.598893457529496,5.4780523964682,-17.920345306396484,0.0,-9.170379638671877
13.1135625,820.0,0.8890243902439025,-29.67434234514485,8.858520369119502,-36.26438522338867,0.0,-34.21132278442383
3.845,241.0,0.9004149377593361,-15.840326695947605,8.911063602093902,-25.504234313964844,0.0,-19.95738220214844
11.122875,696.0,0.896551724137931,-18.630946354988293,8.88930834022536,-35.259124755859375,0.0,-16.176687240600586
1.17,74.0,0.8918918918918919,-21.40792635715369,10.658729170089089,-32.29657745361328,0.0,-24.08448982238769
3.3035,207.0,0.8985507246376812,-15.00631599016087,6.824107149999676,-25.64733123779297,0.0,-15.903863906860352
29.1299375,1821.0,0.8978583196046128,-19.13065681807492,8.296939440231268,-32.34502410888672,0.0,-19.4711971282959
1.7699375,111.0,0.9009009009009008,-12.800078964233398,5.70684555246245,-17.096115112304688,0.0,-16.03655242919922
7.324,458.0,0.4170305676855895,-21.847611344921653,11.443662892931998,-39.9556999206543,0.0,-24.82366752624512
3.66975,230.0,0.9,-17.12577226426866,11.043845091252676,-31.233795166015625,0.0,-14.900524139404297
3.34,209.0,0.8899521531100478,-9.801624216059205,7.072662817768768,-21.41003799438477,0.0,-7.033115386962891
6.8699375,430.0,0.8976744186046511,-10.696302710419491,7.9007598510155965,-24.49652099609375,0.0,-7.195327758789063
4.3199375,270.0,0.9,-14.87561619919514,8.78410665567799,-29.89715385437012,0.0,-12.52302360534668
1.3499375,85.0,0.8941176470588236,-7.855693214818051,6.185816583214017,-18.96649932861328,0.0,-5.865016937255859
2.86775,180.0,0.9,-9.269004185994469,6.714228772439994,-21.21177291870117,0.0,-7.459999084472656
5.31,332.0,0.8975903614457831,-16.236568553335715,7.187816894227638,-29.97702980041504,0.0,-16.660324096679688
1.1,69.0,0.8695652173913043,-7.417344919840494,7.9327700798871374,-31.47527313232422,0.0,-4.643111228942871
5.0234375,314.0,0.89171974522293,-13.06435262135097,7.067296613017295,-22.22398376464844,0.0,-15.049373626708984
2.56,161.0,0.8944099378881988,-13.049607793490091,10.14760551323545,-39.89087677001953,0.0,-10.187745094299316
2.87,180.0,0.8777777777777778,-10.406753612470023,6.729294142021685,-20.85588836669922,0.0,-8.043802261352539
2.9599375,185.0,0.8972972972972973,-6.47497896401279,5.325241328637621,-21.93490600585937,0.0,-4.58110237121582
2.7599375,173.0,0.8959537572254336,-12.827667371688351,10.320411927349214,-28.271163940429688,0.0,-7.520709991455078
1.8799375,118.0,0.8983050847457628,-10.96867793461062,7.043519761025745,-19.969757080078125,0.0,-10.99186897277832
8.4699375,530.0,0.9,-14.472168476576575,6.879496844985597,-30.590335845947266,0.0,-14.717540740966797
3.3499375,210.0,0.9,-9.499935705195028,4.869987398799095,-18.87383270263672,0.0,-9.403938293457031
3.18,199.0,0.8894472361809045,-10.134906537115237,6.91407720206945,-26.76911735534668,0.0,-8.410516738891602
6.1,382.0,0.8298429319371727,-13.408018592028212,8.192828030355889,-39.78501892089844,0.0,-12.309396743774414
4.6,288.0,0.8854166666666666,-9.360779130225088,4.657599424286758,-27.62485122680664,0.0,-9.577838897705078
34.13875,2134.0,0.8964386129334583,-15.894956720355164,8.307534534174147,-34.50175094604492,0.0,-13.585670471191406
7.7733125,486.0,0.8930041152263375,-15.650768570086925,11.017063803038004,-32.89776611328125,0.0,-10.571767807006836
4.4050625,276.0,0.8913043478260869,-13.027288405875847,5.5580664788524174,-18.68124389648437,0.0,-16.55072784423828
5.7005,357.0,0.8879551820728291,-13.491440198398916,9.734824043627128,-34.14134979248047,0.0,-10.609249114990234
3.6,226.0,0.8982300884955752,-12.840652061800652,8.342117603715007,-31.34077453613281,0.0,-11.531723022460938
5.987,375.0,0.8933333333333333,-10.095153558076316,4.213474988520089,-14.760982513427734,0.0,-11.411754608154297
1.8299375,115.0,0.8869565217391304,-11.633191090004116,6.935327024517743,-21.52367401123047,0.0,-12.112899780273438
5.5735625,349.0,0.8997134670487106,-17.850718856617142,9.436960228304182,-35.73579406738281,0.0,-15.51968002319336
6.33,396.0,0.8914141414141414,-15.062072732293236,7.7612907132256765,-30.14422035217285,0.0,-16.57335090637207
2.354875,148.0,0.8986486486486487,-10.895726583954088,7.82680738718019,-27.45297622680664,0.0,-10.408599853515623
5.3274375,333.0,0.8948948948948949,-9.069397241477198,4.4871533009367255,-18.049991607666016,0.0,-8.832270622253418
8.6699375,542.0,0.8394833948339483,-20.141884885515484,12.8207191812176,-39.974571228027344,0.0,-15.051538467407228
1.8570625,117.0,0.8888888888888888,-16.107337419803326,8.21543514430898,-22.93954467773437,0.0,-21.535919189453125
4.292875,269.0,0.8996282527881041,-20.888522124487505,8.906748957375648,-29.810726165771484,0.0,-24.672393798828125
2.4449375,153.0,0.8954248366013072,-9.810627317776644,6.226207083624339,-17.349790573120117,0.0,-10.842172622680664
1.9599375,123.0,0.8943089430894309,-10.471128394386986,6.760697506156307,-22.52099609375,0.0,-9.511812210083008
2.61,164.0,0.8963414634146342,-26.305409684473155,13.897151290902151,-39.77461242675781,0.0,-35.60487365722656
5.051125,316.0,0.8987341772151899,-13.65312114232023,8.920732932947724,-27.04628562927246,0.0,-10.822032928466797
5.6399375,353.0,0.8980169971671388,-11.908840059105906,8.486118935326246,-35.67228698730469,0.0,-9.898408889770508
4.7050625,295.0,0.8915254237288136,-14.702770632029486,10.097934150082272,-38.666900634765625,0.0,-11.183357238769531
2.5601875,161.0,0.8944099378881988,-14.550620171758863,11.16196070725149,-30.830467224121094,0.0,-11.047727584838867
8.76125,548.0,0.7171532846715328,-18.314594377998176,11.426836872358107,-39.9681282043457,0.0,-14.669272422790527
1.97725,124.0,0.8951612903225806,-18.97557456214149,6.8451775367427485,-23.57270812988281,0.0,-22.304027557373047
13.4978125,844.0,0.8969194312796208,-18.877646946371627,9.312506556511044,-31.699840545654297,0.0,-16.565139770507812
3.6361875,228.0,0.8991228070175439,-12.60755332388529,7.896659275648912,-28.881404876708984,0.0,-9.517227172851562
4.5541875,285.0,0.8947368421052632,-16.029694127101525,6.71921696927062,-22.721378326416016,0.0,-19.924503326416016
6.92,433.0,0.8960739030023095,-15.12589193127819,6.178644061767301,-27.87844467163086,0.0,-15.401232719421388
3.75,235.0,0.8893617021276595,-10.471773174961218,7.066133942258063,-24.821216583251957,0.0,-8.660018920898438
4.6890625,294.0,0.8945578231292517,-18.5976994663137,7.172415299420225,-25.59697532653809,0.0,-22.72879219055176
10.43,652.0,0.8957055214723927,-21.228191591288944,8.512241833436521,-28.4493408203125,0.0,-26.36558151245117
1.55,97.0,0.8969072164948454,-6.322796788708917,2.012484660644899,-8.048099517822266,0.0,-6.904556274414063
7.99,500.0,0.884,-16.097575942855077,8.76364314916951,-28.381967544555664,0.0,-13.454385757446287
1.6575,104.0,0.875,-5.629182375394381,2.1966389703850284,-8.157459259033203,0.0,-6.439685821533203
1.91,120.0,0.9,-6.567895889282227,6.176904016050031,-27.15177154541016,0.0,-5.338884353637695
2.74,172.0,0.8837209302325582,-13.657232221804168,11.093210854780937,-33.4599609375,0.0,-9.801063537597656
4.3141875,270.0,0.8962962962962963,-17.528959502858562,10.38488274050513,-29.8249626159668,0.0,-16.92871856689453
2.988625,187.0,0.8983957219251337,-11.169857751755488,6.881490052018116,-18.491374969482425,0.0,-16.0665283203125
16.6499375,1041.0,0.9000960614793467,-17.964604920231544,7.02606186704072,-34.834205627441406,0.0,-17.315446853637695
2.9599375,185.0,0.8918918918918919,-13.871761900005918,8.27826715522129,-28.37590980529785,0.0,-13.293619155883787
9.95325,623.0,0.8972712680577849,-9.702303174996418,4.999984125412255,-22.833223342895508,0.0,-8.338083267211914
2.73,171.0,0.9005847953216374,-11.608270508902413,5.9859275628724165,-23.169343948364254,0.0,-11.38322925567627
1.37,86.0,0.8953488372093024,-11.729153496878489,7.120192697441447,-21.230852127075195,0.0,-14.553937911987305
0.9599375,60.0,0.8666666666666667,-15.040683893057016,8.18728802169674,-22.286022186279297,0.0,-19.353857040405277
3.43,215.0,0.8976744186046511,-12.925991384476578,10.427601551528024,-37.721824645996094,0.0,-9.793634414672852
2.0049375,126.0,0.8968253968253969,-10.035397622437603,5.102826049223032,-16.07891845703125,0.0,-10.821311950683594
4.403375,276.0,0.8985507246376812,-12.68145719651253,6.942812177342638,-23.77046203613281,0.0,-12.187515258789062
2.92025,183.0,0.8961748633879781,-13.795214955399675,7.277740431392398,-21.72418212890625,0.0,-17.14460563659668
4.1456875,260.0,0.9,-7.469505742064908,3.7737351330179463,-15.238910675048828,0.0,-7.677812576293945
4.7099375,295.0,0.8983050847457628,-9.427169461520212,5.467235700847438,-26.319868087768555,0.0,-8.151544570922852
3.8945,244.0,0.8975409836065574,-12.211287807656204,9.48320797286046,-26.957359313964844,0.0,-8.249286651611328
11.34,709.0,0.8871650211565585,-9.569601061992312,7.404733896241895,-27.31452178955078,0.0,-7.462654113769531
4.36,273.0,0.8974358974358975,-13.50539321899414,7.108036223544526,-27.918201446533203,0.0,-13.265605926513672
5.1,319.0,0.896551724137931,-11.630924838406225,9.318985349276558,-31.199695587158203,0.0,-8.164453506469727
2.5899375,162.0,0.8827160493827161,-14.636967492270305,8.18954474726828,-25.895034790039062,0.0,-14.360340118408203
4.0,251.0,0.896414342629482,-14.65390360514323,8.280360975622933,-33.68363952636719,0.0,-13.608420372009276
5.7369375,359.0,0.8997214484679665,-11.25048344496972,4.181197803010712,-19.8126163482666,0.0,-11.551061630249023
3.0966875,194.0,0.8865979381443299,-12.681016522784564,6.023274172074109,-17.731781005859375,0.0,-16.046356201171875
2.4799375,155.0,0.8903225806451613,-13.85255339525748,6.991573165338848,-21.03066635131836,0.0,-17.716577529907227
4.0199375,252.0,0.8968253968253969,-12.34489905939693,8.237675479661263,-31.474380493164062,0.0,-10.180822372436523
3.0421875,191.0,0.8952879581151832,-8.599355597245065,2.772904440501747,-11.112205505371094,0.0,-9.5733642578125
3.4699375,217.0,0.8940092165898618,-11.73726764167707,9.566053898717122,-34.785438537597656,0.0,-8.617077827453613
2.54,159.0,0.89937106918239,-15.600515245557665,9.086337591592072,-25.21977996826172,0.0,-19.22334671020508
4.4449375,278.0,0.8992805755395683,-10.66227732849121,7.920012943747444,-26.108753204345703,0.0,-8.133606910705566
3.37425,211.0,0.8957345971563981,-18.619098683513663,12.318035371658448,-37.32456970214844,0.0,-14.427099227905272
2.33,146.0,0.8835616438356164,-13.108830296716024,6.88783596923277,-21.1234130859375,0.0,-16.38116455078125
6.0299375,377.0,0.8938992042440318,-13.25373049659616,8.571498942475596,-35.64619827270508,0.0,-10.74863052368164
3.520375,221.0,0.8778280542986425,-17.7469477506028,9.151261497494527,-26.223114013671875,0.0,-23.16259002685547
6.87,430.0,0.9,-12.454723000834464,9.094213541068433,-35.29722213745117,0.0,-9.135539054870604
2.6575,167.0,0.8982035928143712,-8.20853936513265,7.238933328237844,-25.75357437133789,0.0,-5.410877227783203
3.93,246.0,0.8983739837398373,-11.664751096009129,5.875061913864297,-24.01764678955078,0.0,-11.271648406982422
8.4099375,526.0,0.8992395437262357,-15.455229023294269,6.015790136856088,-27.85662841796875,0.0,-15.179214477539062
2.3,144.0,0.8958333333333334,-14.486635429914609,5.782807536625766,-23.947633743286133,0.0,-14.254295349121094
4.1753125,261.0,0.9003831417624522,-19.599904527055457,12.054607065887636,-37.17108917236328,0.0,-16.318511962890625
4.3351875,271.0,0.8929889298892989,-14.17098304653956,8.521739399501474,-25.00084114074707,0.0,-12.4371337890625
4.377125,274.0,0.8978102189781022,-9.052563907654305,4.245219785080327,-19.42050552368164,0.0,-8.93758773803711
5.37,336.0,0.875,-14.733799752734956,9.213741182450766,-30.502574920654297,0.0,-11.6424560546875
7.0599375,442.0,0.8981900452488688,-10.660930479803977,7.4239562776116435,-32.29756546020508,0.0,-9.722057342529297
4.49,281.0,0.896797153024911,-14.39591780162993,5.895201327288872,-19.55730628967285,0.0,-17.150239944458008
6.8699375,430.0,0.8953488372093024,-13.890084016477909,9.721382301952705,-34.57413482666016,0.0,-10.88002586364746
1.25,79.0,0.8860759493670886,-11.629971613202777,7.64987475636388,-22.296798706054688,0.0,-11.027103424072266
7.3349375,459.0,0.8997821350762527,-10.221416251711348,7.6402853596100515,-29.655330657958984,0.0,-8.105743408203125
2.34,147.0,0.8979591836734694,-12.801299817634352,8.661467312959283,-27.288990020751957,0.0,-10.454111099243164
6.6499375,416.0,0.8990384615384616,-15.753808210240328,8.787695286865315,-37.91031265258789,0.0,-14.223175048828123
5.6,351.0,0.8888888888888888,-10.814385566955956,6.828091206242045,-28.263835906982425,0.0,-9.746944427490234
2.037875,128.0,0.8828125,-8.098334590945624,2.5183325203862936,-10.406494140625,0.0,-8.9385986328125
2.2051875,138.0,0.8985507246376812,-6.124874714882143,2.6332062853581104,-11.174049377441406,0.0,-6.60474967956543
6.8199375,427.0,0.892271662763466,-19.293122058778295,10.253562181870231,-31.58349609375,0.0,-20.67615509033203
4.0399375,253.0,0.8972332015810277,-12.829810079498964,5.223648594134656,-24.9422664642334,0.0,-12.936166763305664
5.56,348.0,0.8936781609195402,-11.318149266135654,8.289636976223987,-28.94977188110352,0.0,-8.942249298095703
1.3836875,87.0,0.896551724137931,-16.50564122811342,8.26515214896411,-24.757835388183597,0.0,-20.15746116638184
6.7005,419.0,0.8949880668257757,-13.312879130045571,9.912861117250497,-27.496734619140625,0.0,-9.9351806640625
1.4199375,89.0,0.898876404494382,-13.993274188041688,11.167154922155886,-27.775611877441406,0.0,-15.80312728881836
7.33,459.0,0.8932461873638344,-13.4526139701285,6.940459118513363,-24.70933532714844,0.0,-12.161251068115234
3.996,250.0,0.888,-17.38545673817128,6.327886925837565,-22.54352569580078,0.0,-20.52848052978516
1.4099375,89.0,0.8876404494382022,-11.870248577262782,8.185722695917761,-22.66864776611328,0.0,-11.951873779296877
3.1765,199.0,0.8844221105527639,-15.258674881675027,7.799215844087985,-22.477279663085938,0.0,-19.589094161987305
3.05,191.0,0.8900523560209425,-7.8422747892491955,4.114708954725519,-16.548843383789062,0.0,-7.548322677612305
1.66,104.0,0.8942307692307693,-6.822434168989941,3.926156254947424,-14.327709197998049,0.0,-6.5241241455078125
6.9170625,433.0,0.8937644341801386,-14.690009617374232,8.928509024173927,-31.762630462646484,0.0,-11.652515411376951
1.6399375,103.0,0.8932038834951457,-13.786827584971553,7.6314975141248835,-21.007923126220703,0.0,-18.47361183166504
2.8299375,177.0,0.8983050847457628,-19.1610852007596,11.416846365480236,-31.587966918945312,0.0,-22.30240631103516
1.3424375,84.0,0.8452380952380952,-13.451342972231584,12.197952161318414,-36.52632141113281,0.0,-9.137163162231444
8.96075,561.0,0.8894830659536542,-13.460142422295764,5.12748769569971,-18.40948867797852,0.0,-15.90692901611328
1.567,98.0,0.8877551020408163,-10.653364817301432,7.5267636067190065,-25.541229248046875,0.0,-8.596202850341797
1.6665,105.0,0.8952380952380953,-14.009564034482263,10.373722416251736,-32.4219856262207,0.0,-11.193010330200195
6.8299375,427.0,0.8992974238875878,-9.256862178444862,4.872877177567514,-21.90876579284668,0.0,-8.598409652709961
2.6605,167.0,0.8922155688622755,-12.929226945710662,5.98260506583754,-18.01597595214844,0.0,-16.2047119140625
1.49,94.0,0.8723404255319149,-9.266729168775605,5.16546259688152,-13.927780151367188,0.0,-12.495868682861328
5.6899375,356.0,0.898876404494382,-16.111312580108642,9.544792337699423,-29.94696807861328,0.0,-15.714712142944336
7.61,476.0,0.8949579831932774,-12.011691644158162,7.037089687667004,-28.46145439147949,0.0,-11.243036270141602
8.371125,524.0,0.898854961832061,-8.839429470637295,4.238413708703851,-20.73374938964844,0.0,-7.928165435791016
3.2166875,202.0,0.8960396039603961,-17.84853759259809,7.311564357737657,-23.3789176940918,0.0,-21.79983901977539
7.5699375,474.0,0.8987341772151899,-13.710804795995005,8.459177968149636,-33.01190185546875,0.0,-11.747072219848633
2.7099375,170.0,0.8411764705882353,-18.329617673700508,12.88055115337559,-39.917259216308594,0.0,-13.846609115600586
5.3799375,337.0,0.8991097922848664,-16.04856309796324,8.642363396488024,-29.727792739868164,0.0,-14.444128036499023
2.07,130.0,0.8923076923076924,-16.557019759868755,6.32499915135726,-22.90115165710449,0.0,-19.249731063842773
1.4399375,90.0,0.9,-8.1560046819993,5.162993409511222,-20.846607208251957,0.0,-5.3719329833984375
6.1199375,383.0,0.8981723237597912,-10.571698310763336,6.007909125795295,-28.565540313720703,0.0,-10.15475082397461
3.4,213.0,0.8967136150234741,-6.136765894465421,4.2524709747037095,-18.95493507385254,0.0,-5.301118850708008
4.99,312.0,0.8974358974358975,-12.838818080084664,7.3611906923152945,-36.12168884277344,0.0,-11.69480800628662
3.93,246.0,0.8902439024390244,-16.65153032241891,7.801010622878028,-33.074249267578125,0.0,-15.46607780456543
3.8,238.0,0.8949579831932774,-12.0185213671044,7.036624062830856,-30.16587257385254,0.0,-10.699090957641602
5.4199375,339.0,0.8938053097345132,-13.304203530742784,9.42098385799961,-33.44980239868164,0.0,-10.19927978515625
2.301375,144.0,0.8888888888888888,-13.755947142839432,7.966357244742351,-22.234619140625,0.0,-17.19179916381836
1.9399375,122.0,0.8934426229508197,-11.12737064186586,4.113371058702774,-14.376670837402344,0.0,-13.12139892578125
2.56,161.0,0.9006211180124224,-5.794995353961813,3.784590847419437,-13.917928695678713,0.0,-6.245643615722656
2.85,179.0,0.8770949720670391,-9.535395725517516,4.504092456520251,-14.213199615478516,0.0,-11.736377716064451
5.15,322.0,0.8944099378881988,-17.752326409022015,7.637719343873978,-26.508975982666016,0.0,-18.31001663208008
10.74,672.0,0.8928571428571429,-17.12784653345744,8.84666028283913,-27.16479110717773,0.0,-18.125843048095703
9.287375,581.0,0.9001721170395869,-13.074068463327324,5.449444413612871,-25.642379760742188,0.0,-12.544967651367188
11.3499375,710.0,0.8901408450704226,-16.088610018355936,9.340780990481944,-33.778907775878906,0.0,-13.406980514526367
1.68,106.0,0.8867924528301887,-6.639807264855567,4.85775620828585,-17.459701538085938,0.0,-5.693443298339844
1.4023125,88.0,0.875,-2.353059248490767,1.1241794100131517,-4.213397979736328,0.0,-2.2390670776367188
2.36325,148.0,0.8986486486486487,-14.232234581968838,6.422896575882483,-19.691749572753903,0.0,-17.870868682861328
2.3935625,150.0,0.9,-13.984343620582862,8.406794301059133,-27.04540634155273,0.0,-12.33757781982422
0.87,55.0,0.8727272727272727,-8.857731580734253,7.441624352624088,-18.878257751464844,0.0,-6.753013610839844
3.624375,227.0,0.8766519823788547,-17.387344427444226,9.092001790397932,-26.63686752319336,0.0,-22.98129272460937
1.4875,93.0,0.8817204301075269,-15.624594083646448,10.170534161152265,-30.43927001953125,0.0,-20.408601760864254
4.29625,269.0,0.8996282527881041,-7.053417119112882,3.637103962103943,-16.718605041503906,0.0,-6.733323097229004
14.5,907.0,0.8996692392502756,-12.938488488103827,6.304075381404377,-29.49403190612793,0.0,-12.456918716430664
8.54,534.0,0.8951310861423221,-17.084243574900608,10.45272062236971,-38.179386138916016,0.0,-13.674314498901367
2.8649375,180.0,0.8944444444444445,-15.71043502618067,5.70179307673165,-20.53229141235352,0.0,-18.0420036315918
1.55,97.0,0.8865979381443299,-13.169510176015455,8.196735025649692,-23.36741828918457,0.0,-13.030805587768556
6.8799375,430.0,0.9,-11.24125597951332,6.79509014289727,-27.60741806030273,0.0,-9.394481658935549
5.155,323.0,0.8978328173374613,-7.4124002062041185,3.927329861317737,-17.005868911743164,0.0,-6.832862854003906
7.0099375,439.0,0.8451025056947609,-20.662979267356853,10.681988256251254,-39.93814468383789,0.0,-18.05162239074707
1.8295,115.0,0.8869565217391304,-5.053457783717735,3.24242328807474,-11.11554718017578,0.0,-4.022731781005859
7.4,463.0,0.8984881209503239,-11.040467436497028,5.246217732115083,-21.55389404296875,0.0,-11.103313446044922
4.1375,259.0,0.7915057915057915,-17.294862896058618,10.132028018855372,-39.93010711669922,0.0,-14.367630004882812
2.7109375,170.0,0.9,-10.164812499401616,4.533640373473656,-18.282855987548828,0.0,-11.244918823242188
4.17,261.0,0.896551724137931,-19.361232879834297,9.501744214060198,-26.97482109069824,0.0,-25.163673400878903
5.376375,337.0,0.887240356083086,-12.02165433953837,7.019338057620525,-25.551921844482425,0.0,-9.340679168701172
2.4399375,153.0,0.8954248366013072,-12.571118278224972,6.809326621376752,-24.97240257263184,0.0,-10.932104110717772
9.87,617.0,0.8962722852512156,-13.432445608901288,7.762291066936478,-25.5580997467041,0.0,-10.307100296020508
6.46,404.0,0.8886138613861386,-26.035179913874124,10.819313584419367,-35.768455505371094,0.0,-31.752641677856445
5.9621875,373.0,0.8927613941018767,-16.199747927554018,9.791689836104114,-31.571212768554688,0.0,-12.837665557861328
5.3499375,335.0,0.8955223880597015,-8.40291337966919,7.033824615370063,-30.759944915771484,0.0,-5.827754974365234
5.34,334.0,0.8952095808383234,-16.337968009770115,9.40279838933138,-35.19755554199219,0.0,-14.992189407348633
1.7799375,112.0,0.8928571428571429,-10.46738956451416,6.480112053913655,-22.38165664672852,0.0,-11.349239349365234
4.0506875,254.0,0.8937007874015748,-19.492876212502367,8.031282751090119,-24.985694885253903,0.0,-23.676734924316406
3.05,191.0,0.8952879581151832,-21.145195319638614,13.123889515406912,-37.29615783691406,0.0,-21.05057907104492
2.704,170.0,0.9,-10.941556706148036,8.408063005154345,-30.67008399963379,0.0,-7.873014450073242
1.3164375,83.0,0.891566265060241,-10.820771062696302,8.686829752268407,-27.359344482421875,0.0,-8.38319206237793
2.134625,134.0,0.8955223880597015,-15.408021306991577,10.588990138333758,-28.37596893310547,0.0,-14.262287139892578
1.81,114.0,0.8508771929824561,-9.11032930354482,7.032038861092992,-21.97093963623047,0.0,-9.898212432861328
6.25,391.0,0.8976982097186701,-17.903695772176455,8.91837042001838,-29.565746307373047,0.0,-17.966609954833984
17.276125,1080.0,0.8916666666666667,-15.66607481420721,9.087639439385256,-30.217737197875977,0.0,-12.792242050170898
2.2599375,142.0,0.8732394366197183,-14.47855398731847,8.95056627514437,-24.127220153808597,0.0,-20.56818199157715
2.81,176.0,0.8977272727272727,-14.347883139984518,8.207000762774397,-29.290712356567383,0.0,-11.246362686157228
7.7099375,482.0,0.8962655601659751,-16.15969380625972,10.62789598685094,-35.068721771240234,0.0,-12.901992797851562
3.587875,225.0,0.8933333333333333,-17.46939245385317,7.900416578198187,-24.3812255859375,0.0,-22.09813690185547
3.3206875,208.0,0.8990384615384616,-10.942637550639596,7.911905002742334,-26.638601303100582,0.0,-8.71198844909668
2.0410625,128.0,0.875,-11.545614761965616,4.569913422878798,-25.89435768127441,0.0,-11.98236846923828
3.0599375,192.0,0.8958333333333334,-11.79758363546327,7.617667790327507,-28.74185562133789,0.0,-10.556840896606444
5.4226875,339.0,0.8997050147492626,-21.531415814259013,12.430396954854816,-39.8839111328125,0.0,-16.312345504760742
1.49,94.0,0.8829787234042553,-17.322241564831103,9.17313710716327,-26.78968811035156,0.0,-21.14887237548828
1.7779375,112.0,0.875,-22.78818157741002,10.51241606887259,-33.405113220214844,0.0,-25.59502220153809
1.05,66.0,0.8939393939393939,-13.36596314381745,8.088655915258064,-26.76078414916992,0.0,-12.79975128173828
1.8999375,119.0,0.8991596638655462,-12.12433344404274,6.880726319558475,-24.98288345336914,0.0,-11.715984344482422
3.61,226.0,0.8716814159292036,-11.553129622173794,9.03075517582343,-33.28333282470703,0.0,-8.44987678527832
3.007375,188.0,0.898936170212766,-15.89190380389874,10.528706955455414,-27.11822509765625,0.0,-20.790550231933597
1.7175625,108.0,0.8796296296296297,-20.651710690950093,10.076171328815864,-31.105541229248047,0.0,-26.041065216064453
4.9405,309.0,0.889967637540453,-10.82797607421875,4.647287405173876,-15.414459228515623,0.0,-13.181037902832031
3.2599375,204.0,0.8921568627450981,-18.70650197123433,8.990917389465638,-26.353899002075195,0.0,-24.691801071166992
3.18475,200.0,0.9,-16.716417121887208,7.508067094716755,-24.29784393310547,0.0,-19.11680793762207
1.3899375,87.0,0.8505747126436781,-17.352369256921715,9.38093592497036,-25.60522079467773,0.0,-22.9480037689209
6.6706875,417.0,0.894484412470024,-11.069438453653865,7.753361589405025,-29.193775177001957,0.0,-9.164005279541016
1.6015625,101.0,0.900990099009901,-6.039088343525981,2.647619225308365,-11.746810913085938,0.0,-6.038841247558594
3.4,213.0,0.8967136150234741,-15.2119694554993,6.010641823509442,-31.005046844482425,0.0,-15.11716079711914
8.6683125,542.0,0.8985239852398524,-11.946524817840764,6.636726722854478,-27.24037170410156,0.0,-10.12873077392578
1.485,93.0,0.8709677419354839,-19.819785954039773,11.667425363779731,-30.97907829284668,0.0,-26.70573234558105
7.3899375,462.0,0.8917748917748918,-13.995488833455209,8.587838590456766,-32.23845672607422,0.0,-13.418811798095703
7.1599375,448.0,0.8950892857142857,-9.417597392550729,7.267200429795301,-26.070899963378903,0.0,-7.283317565917969
5.92,371.0,0.894878706199461,-12.045130609029746,6.952817293017522,-33.59764099121094,0.0,-11.100330352783203
5.0895,319.0,0.8996865203761756,-10.295274940517306,4.30598024448279,-18.09286117553711,0.0,-10.05020523071289
3.339125,209.0,0.8995215311004785,-13.576562678560297,5.481242444238869,-17.927978515625,0.0,-16.121192932128906
2.2109375,139.0,0.8920863309352518,-16.73494755837225,5.329962670206769,-20.605064392089844,0.0,-18.711923599243164
5.91,370.0,0.9,-8.90565457501569,4.33303888554898,-19.682804107666016,0.0,-9.059026718139648
6.43,402.0,0.8980099502487562,-12.656419577030594,5.140994364601279,-21.82909393310547,0.0,-13.020800590515137
5.5699375,349.0,0.8968481375358166,-15.876951954997004,8.695123064229238,-27.520164489746094,0.0,-15.873188018798828
8.97475,561.0,0.8805704099821747,-17.654028351972944,10.372540611272212,-31.43862533569336,0.0,-13.923479080200195
4.4799375,280.0,0.9,-10.530619939168297,6.283970373987544,-23.24319076538086,0.0,-9.442586898803713
6.230375,390.0,0.9,-15.109448055256468,5.612870467488773,-21.081581115722656,0.0,-17.623661041259766
3.2924375,206.0,0.8980582524271845,-12.408355197390994,8.112374317664047,-28.12323570251465,0.0,-9.82624626159668
1.98,124.0,0.8870967741935484,-18.90184142372825,8.462572734757197,-27.02746963500977,0.0,-23.78416633605957
2.2850625,143.0,0.8951048951048951,-9.642041772603989,7.052930077493203,-18.014080047607422,0.0,-6.840709686279297
2.33,146.0,0.8972602739726028,-10.33688920872812,8.078670238686303,-34.05813980102539,0.0,-7.687538146972656
9.6955,606.0,0.8976897689768977,-10.23600710139555,4.051161394385484,-14.99566650390625,0.0,-12.184341430664062
10.6885625,669.0,0.8998505231689088,-10.901111029311272,5.176988722638638,-22.55239486694336,0.0,-11.298696517944336
2.3774375,149.0,0.8993288590604027,-13.89796957329138,8.278665465898825,-29.85816192626953,0.0,-15.181983947753906
1.46,92.0,0.8804347826086957,-10.267371613302348,7.676637621990797,-22.234115600585938,0.0,-8.271621704101562
4.4699375,280.0,0.9,-6.235950061253139,3.606021687739913,-15.110183715820312,0.0,-5.787172317504883
10.56,661.0,0.8895612708018155,-15.288839210458354,8.207148574397083,-24.60523223876953,0.0,-16.919456481933594
3.25,204.0,0.8970588235294118,-11.199423013489104,8.06454101012791,-35.882423400878906,0.0,-9.097497940063477
3.4214375,214.0,0.897196261682243,-9.576494018236795,4.834293529115176,-15.011558532714844,0.0,-11.50571632385254
10.1226875,633.0,0.8957345971563981,-11.021914315602135,5.891048509567166,-29.72171211242676,0.0,-9.843057632446287
2.66,167.0,0.8982035928143712,-10.323754399617512,6.348345098293409,-26.65843391418457,0.0,-9.033812522888184
1.46,92.0,0.8804347826086957,-11.545777214898004,9.28992026194329,-23.61565399169922,0.0,-10.75967025756836
1.09,69.0,0.8985507246376812,-16.17624658153903,8.303131457007748,-26.90938949584961,0.0,-18.76107215881348
2.91,182.0,0.8901098901098901,-11.441968152552477,6.767226815627551,-24.623611450195312,0.0,-9.475715637207031
3.119625,195.0,0.8974358974358975,-23.70333577837263,13.52712801000133,-38.84357452392578,0.0,-18.982837677001957
8.81,551.0,0.9001814882032668,-13.682507334216949,7.587889325196138,-31.405746459960938,0.0,-12.090089797973633
5.75725,360.0,0.8972222222222223,-19.01453243172944,9.139606214352924,-31.68594741821289,0.0,-20.662578582763672
7.861,492.0,0.8841463414634146,-13.28844187067843,7.204117979010071,-21.28833770751953,0.0,-14.70293426513672
3.4099375,214.0,0.897196261682243,-9.562746077775955,4.225954073770951,-19.74881362915039,0.0,-8.711732864379883
2.124875,133.0,0.8947368421052632,-10.060275182002732,6.44717393588308,-21.52378463745117,0.0,-9.48065185546875
1.8080625,114.0,0.8596491228070176,-12.92488989538076,6.235110567920688,-18.62803268432617,0.0,-16.87372589111328
3.7124375,233.0,0.8841201716738197,-18.1822313243903,11.80596662430894,-38.15940856933594,0.0,-12.371566772460938
4.8199375,302.0,0.8973509933774835,-12.64310434207705,4.590364167495499,-21.779373168945312,0.0,-11.917695999145508
5.2099375,326.0,0.8987730061349694,-13.449229393395957,6.691927800315293,-30.47374153137207,0.0,-12.792346954345703
2.0299375,127.0,0.8818897637795275,-11.828437277248929,7.348061820085263,-24.033462524414062,0.0,-14.21466064453125
3.2703125,205.0,0.8975609756097561,-11.619458965633228,5.462218753569398,-18.798423767089844,0.0,-11.00771141052246
2.873125,180.0,0.8888888888888888,-10.800843048095704,6.683651164496478,-24.670360565185547,0.0,-8.694360733032227
3.6471875,228.0,0.881578947368421,-16.595458396038605,8.509331959586099,-24.09199523925781,0.0,-22.30435562133789
9.72,608.0,0.899671052631579,-11.721992408989552,7.510311435492307,-35.37939453125,0.0,-9.522859573364258
6.9599375,435.0,0.8988505747126436,-8.240757964151289,4.559977961182786,-20.5589599609375,0.0,-7.775177001953125
1.5525,98.0,0.8877551020408163,-13.389468708257564,8.138474781888315,-25.49995803833008,0.0,-14.325515747070312
1.4608125,92.0,0.8913043478260869,-12.576215488154714,5.984558957084823,-23.12092018127441,0.0,-13.641918182373049
2.1025625,132.0,0.8712121212121212,-11.341640870467476,6.272114440118508,-16.919734954833984,0.0,-15.513717651367188
7.1179375,445.0,0.898876404494382,-9.075856533050535,7.20967610131911,-27.885276794433597,0.0,-7.170322418212891
2.14,134.0,0.8805970149253731,-10.947939791921842,7.82377894246361,-22.41240692138672,0.0,-7.158836364746094
4.2150625,264.0,0.8863636363636364,-12.21842314239241,8.159115859533038,-23.794692993164062,0.0,-9.156841278076172
4.1099375,257.0,0.8988326848249028,-9.249887615055233,7.336135464810297,-32.554901123046875,0.0,-7.611881256103516
8.045,503.0,0.8986083499005965,-11.929641364949994,5.038261549567437,-25.406753540039062,0.0,-11.90732765197754
2.9499375,185.0,0.8810810810810811,-13.465832283160438,8.149802203832067,-26.823936462402344,0.0,-11.501270294189451
2.7859375,175.0,0.8971428571428571,-8.353304698968389,5.1662375982016,-20.02798843383789,0.0,-7.788806915283203
5.1066875,320.0,0.9,-11.16389986541536,5.082734257223945,-21.84751510620117,0.0,-11.373947143554688
4.6499375,291.0,0.9003436426116839,-8.291364192052653,5.310101195483003,-20.2152042388916,0.0,-8.337461948394775
6.66,417.0,0.8992805755395683,-14.58555379231771,7.4223397003187825,-31.798507690429688,0.0,-13.818951606750488
18.0983125,1132.0,0.8869257950530035,-18.51616999827533,9.947210717047868,-29.056055068969727,0.0,-24.522403717041016
1.2099375,76.0,0.881578947368421,-16.799453194461652,12.017052206147696,-33.61223220825195,0.0,-21.799972534179688
1.6899375,106.0,0.8962264150943396,-12.787081045853464,9.463108462115793,-28.02300262451172,0.0,-14.12698745727539
3.0799375,193.0,0.8963730569948186,-10.218562286024149,6.125937264191828,-26.556570053100582,0.0,-9.801351547241213
9.848375,616.0,0.8993506493506493,-13.033968367731529,6.556054625825605,-29.94371223449707,0.0,-11.57968807220459
1.9563125,123.0,0.8780487804878049,-12.814401732550728,7.152077226715504,-24.18501853942871,0.0,-12.01405906677246
4.6670625,292.0,0.8972602739726028,-9.625500904694768,3.513850488834694,-16.389694213867188,0.0,-9.995569229125977
0.98,62.0,0.8870967741935484,-15.521549502286044,8.992796348390746,-25.45639419555664,0.0,-19.599964141845703
7.4598125,467.0,0.8993576017130621,-16.287512125287737,7.9368865620609474,-32.1322021484375,0.0,-17.30563735961914
2.8399375,178.0,0.8876404494382022,-9.54224843616727,5.433948806219809,-21.73702812194824,0.0,-8.726858139038086
4.09,256.0,0.8984375,-10.760855110831884,8.03464459968299,-27.55717086791992,0.0,-9.102401733398438
5.201125,326.0,0.8895705521472392,-17.58186116711847,7.250024766671011,-24.46772003173828,0.0,-21.707462310791016
5.7958125,363.0,0.8898071625344353,-12.556668373084287,7.2210544091826465,-20.744009017944336,0.0,-16.19402503967285
4.650875,291.0,0.9003436426116839,-6.601505345060625,3.705470563786631,-15.52223014831543,0.0,-6.016542434692383
9.7699375,611.0,0.8968903436988543,-12.91592952978872,10.49966202610617,-30.40264892578125,0.0,-8.323585510253906
10.0799375,630.0,0.8984126984126984,-18.399884486788157,7.881625071260754,-28.725830078125,0.0,-17.734975814819336
5.7075625,357.0,0.8907563025210085,-17.188348794133407,10.152088785027464,-28.341739654541016,0.0,-17.922277450561523
4.17,261.0,0.896551724137931,-11.905175151987972,8.467009897966069,-28.786964416503903,0.0,-9.643861770629885
2.5,157.0,0.8980891719745223,-10.358058523624502,6.814808461130888,-28.91626739501953,0.0,-8.89715576171875
2.5946875,163.0,0.8957055214723927,-14.63173068059634,10.16466451117734,-38.4665412902832,0.0,-12.263738632202148
4.4799375,280.0,0.9,-10.063382284981865,5.638083588167079,-20.609283447265625,0.0,-9.20372200012207
3.09,194.0,0.8762886597938144,-15.692005505281337,9.012748151465066,-28.692119598388672,0.0,-13.14830207824707
11.2001875,701.0,0.9001426533523538,-9.743843290205048,4.7913184754050135,-22.992412567138672,0.0,-8.980182647705078
5.6416875,353.0,0.8980169971671388,-9.7937324656297,5.02967029134793,-23.8917293548584,0.0,-9.06057357788086
4.0,251.0,0.896414342629482,-9.6808693101671,3.2085034391126426,-12.952533721923828,0.0,-11.031822204589844
1.0799375,68.0,0.8970588235294118,-17.780268997442526,9.182770227344026,-31.03330421447754,0.0,-19.11443519592285
6.275,393.0,0.8931297709923665,-15.237233210832644,8.122619203212572,-38.64379501342773,0.0,-13.628299713134766
2.201125,138.0,0.8840579710144928,-17.739791510535067,11.190514323231875,-29.5738468170166,0.0,-20.384462356567383
1.8299375,115.0,0.8869565217391304,-13.024087961982278,10.79123700096654,-29.531543731689453,0.0,-8.311859130859375
7.530375,471.0,0.8980891719745223,-14.549831083762166,5.95212714397925,-20.202896118164062,0.0,-17.77690887451172
2.7455,172.0,0.877906976744186,-10.218716008773702,8.27993695963368,-27.52363395690918,0.0,-7.36915397644043
3.7848125,237.0,0.8945147679324894,-8.848304676559737,6.81090500104745,-20.26955795288086,0.0,-7.982898712158203
2.8034375,176.0,0.8920454545454546,-18.188638067549203,7.987155998381822,-24.52695083618164,0.0,-22.779926300048828
9.28,581.0,0.8898450946643718,-12.62130783789393,7.486653768423707,-23.8223876953125,0.0,-10.448257446289062
4.5199375,283.0,0.8939929328621908,-15.115263942673272,8.65217736910673,-30.54578018188477,0.0,-13.952354431152344
1.5480625,97.0,0.8969072164948454,-15.957461521543305,7.479475314658767,-23.16581344604492,0.0,-19.77356338500977
6.346,397.0,0.889168765743073,-14.162442128989245,8.897301725207765,-27.53724670410156,0.0,-11.28156280517578
1.997375,125.0,0.896,-11.984769667897906,11.297220161024605,-34.854618072509766,0.0,-6.071615219116211
2.61775,164.0,0.8902439024390244,-20.140834756093483,10.601181185488011,-29.9278564453125,0.0,-26.830684661865234
4.95975,310.0,0.896774193548387,-14.912731012852072,9.649791958426452,-29.00313949584961,0.0,-12.40570831298828
1.2,76.0,0.881578947368421,-8.187876146231124,6.048946133402076,-18.50928497314453,0.0,-9.597698211669922
2.8799375,180.0,0.8888888888888888,-18.42525359392166,9.226770221707152,-30.24608612060547,0.0,-17.335805892944336
4.5550625,285.0,0.6631578947368421,-17.89235702393547,11.609950687315154,-39.6722412109375,0.0,-13.978126525878906
1.9668125,123.0,0.8617886178861789,-21.248343485706258,7.921652771626102,-26.384811401367188,0.0,-24.800931930541992
4.1199375,258.0,0.8953488372093024,-12.19971551110734,5.701155038740469,-31.48747062683105,0.0,-12.030973434448242
2.3199375,145.0,0.8827586206896552,-9.20185913145542,6.047368383911158,-21.300552368164062,0.0,-7.717119216918945
1.9499375,122.0,0.860655737704918,-20.74453858875093,10.879961066459543,-30.067115783691406,0.0,-27.690460205078125
11.33825,709.0,0.8970380818053597,-13.932232409903088,4.635607104981285,-21.89249610900879,0.0,-14.42665195465088
11.14,697.0,0.8938307030129125,-15.304895900034406,7.002541296351319,-32.86870574951172,0.0,-14.92711067199707
5.906375,370.0,0.9,-9.40898179291963,3.961561993281302,-18.519287109375,0.0,-9.448265075683594
2.4199375,152.0,0.8947368421052632,-7.428657980526195,4.956957231780307,-17.418014526367188,0.0,-6.248010635375977
6.3581875,398.0,0.8994974874371859,-19.49874858749645,7.076004807666435,-32.68244171142578,0.0,-18.891298294067383
1.5323125,96.0,0.8854166666666666,-17.91451716703527,7.078311060571469,-23.262359619140625,0.0,-21.057144165039062
1.5799375,99.0,0.898989898989899,-8.148891534698144,4.573156589815392,-15.013713836669922,0.0,-9.444393157958984
8.05,504.0,0.8948412698412699,-14.372404601780117,9.031615263565593,-37.348106384277344,0.0,-10.921552658081056
10.68,668.0,0.8967065868263473,-19.94125154778635,8.242101751628056,-27.685516357421875,0.0,-24.85168838500977
4.2150625,264.0,0.8901515151515151,-17.944861343059134,9.64995534824694,-30.67573928833008,0.0,-16.468849182128906
1.8999375,119.0,0.8823529411764706,-17.515171341668992,9.483700531226464,-26.72150421142578,0.0,-23.418102264404297
6.289875,394.0,0.8984771573604061,-10.362460244173384,7.619006058597623,-30.431245803833008,0.0,-8.228410720825195
6.79,425.0,0.8988235294117647,-10.202879296547456,5.8222322876031605,-22.278932571411133,0.0,-9.9430570602417
2.54,159.0,0.89937106918239,-9.785895634364415,5.78410635320636,-26.66986846923828,0.0,-8.431304931640625
3.2599375,204.0,0.8970588235294118,-13.86557141288382,10.11341079260032,-31.52899932861328,0.0,-12.850025177001951
2.2899375,144.0,0.8958333333333334,-10.41506214289702,4.292211557091879,-20.72693252563477,0.0,-10.415735244750977
3.317625,208.0,0.8990384615384616,-12.573678531748726,7.528763168056026,-26.585857391357425,0.0,-10.86041259765625
4.6899375,294.0,0.8979591836734694,-13.343899576049862,7.274191692859686,-28.956144332885746,0.0,-11.781367778778076
4.233125,265.0,0.8981132075471698,-14.020682579329034,5.693659958308083,-25.68241310119629,0.0,-13.571555137634276
5.46725,342.0,0.8976608187134503,-8.366824438983532,4.412339967303891,-18.906185150146484,0.0,-7.492746353149414
1.5299375,96.0,0.875,-10.704047702607657,7.698079280922311,-24.02142333984375,0.0,-10.489574432373049
1.75775,110.0,0.8818181818181818,-12.447990968055333,5.2052971627775975,-17.62371063232422,0.0,-14.082843780517578
1.43,90.0,0.9,-18.696790907118057,9.475957668709812,-30.05253219604492,0.0,-20.73705673217773
2.5374375,159.0,0.8867924528301887,-15.352795715873125,8.853834335106791,-24.644451141357425,0.0,-17.751365661621094
2.33,146.0,0.8904109589041096,-19.880321209247292,15.083189377404532,-37.25954055786133,0.0,-16.23005247116089
8.010375,501.0,0.8962075848303394,-10.864047226767765,8.82750157425728,-35.211055755615234,0.0,-8.419425964355469
2.9171875,183.0,0.8852459016393442,-14.17802443916415,9.41698298125699,-30.91445541381836,0.0,-11.682358741760254
4.86,304.0,0.8980263157894737,-10.629341418926533,6.062308999253908,-24.0537109375,0.0,-10.078731536865234
2.6289375,165.0,0.8909090909090909,-22.41779868456782,11.3139375516866,-33.49555969238281,0.0,-27.43269920349121
1.93,121.0,0.9008264462809916,-11.459134443090596,6.890745518284137,-20.262569427490234,0.0,-8.773822784423828
5.879375,368.0,0.8994565217391305,-16.98202008423128,7.050861635104453,-30.00159072875977,0.0,-16.359424591064453
3.1724375,199.0,0.8994974874371859,-17.578130253200424,8.675691798398118,-26.55795669555664,0.0,-22.23941421508789
5.74,359.0,0.8969359331476323,-10.27459954919282,4.348392599226985,-17.96031951904297,0.0,-9.799880981445312
4.652875,291.0,0.9003436426116839,-22.16217542604636,10.934376339695609,-32.80626678466797,0.0,-28.15420913696289
5.206625,326.0,0.8957055214723927,-15.840898827330706,6.168930956774837,-22.286548614501957,0.0,-18.125871658325195
6.4,401.0,0.9002493765586035,-10.90299401851242,6.619217811075875,-25.631134033203125,0.0,-9.41756820678711
4.1099375,257.0,0.8832684824902723,-16.85984091821746,11.670294332936855,-38.586368560791016,0.0,-16.207008361816406
1.2399375,78.0,0.8717948717948718,-12.783475931952982,7.325199172539973,-20.889137268066406,0.0,-14.102163314819336
1.0799375,68.0,0.8970588235294118,-7.269126767017802,4.672240600968845,-15.16807746887207,0.0,-6.650421142578125
5.07,317.0,0.8801261829652997,-12.540737876755362,9.907895976371789,-32.21043395996094,0.0,-8.260528564453125
2.23,140.0,0.8785714285714286,-18.8865285733851,10.919314231315504,-28.404436111450195,0.0,-26.530866622924805
3.3884375,212.0,0.8962264150943396,-18.87231227473209,8.457247315336348,-31.74399185180664,0.0,-18.389915466308597
4.6901875,294.0,0.8979591836734694,-6.628285491105282,3.2124010175264472,-15.109973907470703,0.0,-6.309178352355957
3.6655,230.0,0.9,-12.575748204033156,6.849257645861764,-24.72840881347656,0.0,-10.80826187133789
1.8299375,115.0,0.8782608695652174,-9.710577256608715,6.049294510122835,-19.99291229248047,0.0,-8.721656799316406
5.91,370.0,0.9,-11.673009823750448,6.406724871130602,-26.753135681152344,0.0,-10.967434883117676
5.5799375,349.0,0.8997134670487106,-12.850218529913835,9.410825612873763,-30.285350799560547,0.0,-10.677457809448242
1.82925,115.0,0.8956521739130435,-19.21280244253214,12.508276108911316,-35.01233673095703,0.0,-23.02723503112793
1.6899375,106.0,0.8962264150943396,-8.806017905787417,5.104033941483135,-16.9439697265625,0.0,-9.489028930664062
6.31,395.0,0.8987341772151899,-11.932231070290149,5.23547583806207,-21.19449615478516,0.0,-11.267669677734377
9.543125,597.0,0.8860971524288107,-13.795184054311598,8.967884264452584,-31.6871280670166,0.0,-10.049570083618164
6.1028125,382.0,0.8952879581151832,-15.385835407770168,9.3689089801656,-27.931798934936523,0.0,-16.002683639526367
5.85,366.0,0.8989071038251366,-14.59658629698594,7.687859046998686,-32.97883605957031,0.0,-13.950464248657228
2.62,164.0,0.8963414634146342,-10.112603868756976,4.698614812297645,-17.620716094970703,0.0,-10.99734878540039
1.8725,118.0,0.8983050847457628,-17.013510758022093,9.28724973661716,-25.911212921142575,0.0,-22.62649726867676
3.8925,244.0,0.8975409836065574,-22.065537639948875,8.647154147854051,-35.48023986816406,0.0,-24.72309684753418
3.999375,250.0,0.9,-10.370884806315104,5.064335023491568,-15.282318115234377,0.0,-13.234676361083984
3.56,223.0,0.8968609865470852,-16.1160382938385,8.019304331158873,-25.272855758666992,0.0,-18.155664443969727
12.6925625,794.0,0.8967254408060453,-22.17725853705674,10.4077775468307,-37.68278503417969,0.0,-20.44499969482422
8.67,542.0,0.8985239852398524,-10.92236115065933,7.20048731246677,-26.928089141845703,0.0,-8.800514221191406
3.72,233.0,0.8884120171673819,-13.146806661633478,9.182988271445392,-28.64188766479492,0.0,-9.081451416015623
12.088625,756.0,0.8888888888888888,-13.845914346831185,6.309973180508042,-21.57881546020508,0.0,-14.60892105102539
3.236625,203.0,0.8916256157635468,-14.00611208288709,10.272316701755647,-27.61296272277832,0.0,-10.41673469543457
2.2099375,139.0,0.8776978417266187,-11.811785525962955,5.869807873862359,-17.365772247314453,0.0,-15.286272048950195
3.1299375,196.0,0.8979591836734694,-7.634022008288991,5.66848857642204,-20.64926147460937,0.0,-6.133004188537598
6.6299375,415.0,0.8987951807228916,-11.08412524778146,5.727192268919114,-25.797626495361328,0.0,-10.414506912231444
9.05,566.0,0.8992932862190812,-16.392827069595427,7.3566941839010465,-31.976316452026367,0.0,-15.437932968139648
10.4399375,653.0,0.8989280245022971,-8.448134768354425,3.837714646915581,-19.32085418701172,0.0,-8.15566635131836
6.0,376.0,0.8696808510638298,-14.658098757449276,8.9953840798368,-39.91640853881836,0.0,-13.0559663772583
3.5325,221.0,0.8914027149321267,-13.637091447859246,5.580980403804624,-26.264652252197266,0.0,-13.48349380493164
5.0299375,315.0,0.8793650793650793,-21.04926200205669,9.02257146626314,-30.182031631469727,0.0,-26.76202964782715
2.3354375,146.0,0.8972602739726028,-17.298829231553405,6.237038487369953,-22.34412002563477,0.0,-19.47808074951172
1.8999375,119.0,0.8991596638655462,-11.835983704183704,5.723946199204286,-25.840017318725582,0.0,-10.49110984802246
3.28,206.0,0.8932038834951457,-8.829894221347312,5.48536271280018,-20.575098037719727,0.0,-9.250558853149414
2.7498125,172.0,0.8953488372093024,-20.379776161986516,12.695645090678834,-38.53212356567383,0.0,-15.82343864440918
2.97,186.0,0.8978494623655914,-8.224903552118176,5.900567396343951,-22.239023208618164,0.0,-7.748308181762695
5.2463125,328.0,0.8932926829268293,-16.700748658424352,10.136309857165944,-27.5156364440918,0.0,-20.577991485595703
2.63325,165.0,0.896969696969697,-12.787616291561642,7.611052522145917,-22.94879531860352,0.0,-12.28481101989746
7.71175,482.0,0.8921161825726142,-18.57768019742744,9.377304327321712,-27.61566162109375,0.0,-24.79774284362793
1.7599375,110.0,0.9,-11.05896549032192,6.735960214837722,-25.010643005371094,0.0,-10.652801513671877
3.0399375,190.0,0.9,-10.501168345847326,6.707817542426425,-32.01966094970703,0.0,-8.851024627685547
4.5699375,286.0,0.8986013986013986,-10.320736747771386,5.420357218002577,-22.235708236694336,0.0,-9.5428466796875
1.14,72.0,0.8888888888888888,-13.87553146481514,9.666500516402053,-29.970462799072266,0.0,-12.975597381591797
3.3,207.0,0.8985507246376812,-11.041609241116433,5.737888103264601,-20.49246025085449,0.0,-10.350683212280272
1.27,80.0,0.9,-6.442731062571208,4.857190789003899,-14.096359252929688,0.0,-6.014484405517578
1.92,121.0,0.9008264462809916,-16.40672842953183,11.926127043043834,-33.473934173583984,0.0,-12.20526123046875
7.902125,494.0,0.8906882591093117,-11.334853263334796,7.753221612757429,-32.03662109375,0.0,-9.06294059753418
4.3799375,274.0,0.8795620437956204,-7.201763469648559,4.6311961635725485,-19.930194854736328,0.0,-6.396221160888672
3.3105,207.0,0.893719806763285,-14.32637003305796,8.905724283263623,-24.825305938720703,0.0,-14.792488098144531
2.0099375,126.0,0.8968253968253969,-16.06792007716356,8.564082252343775,-24.366535186767575,0.0,-21.68392562866211
3.1199375,195.0,0.8974358974358975,-9.859622911725726,5.68664895996223,-22.859355926513672,0.0,-8.622489929199219
8.1975,513.0,0.5536062378167641,-16.561495186577382,9.969622477460668,-39.680450439453125,0.0,-16.688310623168945
4.280125,268.0,0.7761194029850746,-20.032693019280067,9.657156371602143,-39.96467590332031,0.0,-21.537935256958008
14.25,891.0,0.8877665544332211,-21.83085030219347,9.76946832537617,-31.52207946777344,0.0,-28.187274932861328
3.6756875,230.0,0.8913043478260869,-13.73808735172923,7.5382754866999075,-22.06772994995117,0.0,-16.1956787109375
3.55,222.0,0.8918918918918919,-11.601498690518468,6.740914026168617,-20.86974334716797,0.0,-12.084867477416992
4.55,285.0,0.6807017543859649,-17.591729945743207,10.293456323305602,-39.83955764770508,0.0,-17.529783248901367
2.0099375,126.0,0.8809523809523809,-2.7275613664506797,1.60382867041294,-5.329189300537109,0.0,-3.170379638671875
4.795375,300.0,0.9,-12.657895653336135,5.493565186722437,-21.547611236572266,0.0,-13.538830757141112
5.1099375,320.0,0.890625,-20.97675891006202,12.857685812814168,-34.84501266479492,0.0,-28.55698013305664
5.0599375,317.0,0.8927444794952681,-15.671466631939891,10.133432508879968,-29.69970703125,0.0,-13.702728271484377
4.4449375,278.0,0.8992805755395683,-14.693732780456545,7.468225464809148,-32.87411880493164,0.0,-13.86121940612793
4.502125,282.0,0.8865248226950354,-12.54160888671875,8.021117695888224,-20.504234313964844,0.0,-18.02772331237793
8.14,509.0,0.8939096267190569,-11.20161277435638,9.224632804958562,-32.853851318359375,0.0,-8.026866912841797
4.0958125,256.0,0.89453125,-21.42213011829093,11.037352890673182,-33.34672546386719,0.0,-23.353628158569336
0.8949375,56.0,0.8928571428571429,-6.844747009277344,3.66747165943898,-12.081640243530272,0.0,-7.942444801330566
5.508375,345.0,0.8985507246376812,-12.2190795160109,6.924226322719517,-28.154319763183597,0.0,-13.11285400390625
0.7799375,49.0,0.8979591836734694,-7.632666067643599,8.3362140543565,-23.76806640625,0.0,-3.283365249633789
7.0,438.0,0.8972602739726028,-7.351480314143135,2.1269054509715533,-9.944961547851562,0.0,-7.870491027832031
3.81,239.0,0.899581589958159,-12.91932732338129,10.84870889253039,-30.6501579284668,0.0,-7.653003692626953
8.1899375,512.0,0.8984375,-12.517444734988006,6.266800170629331,-27.195043563842773,0.0,-11.475387573242188
3.3499375,210.0,0.9,-14.893914611251263,11.303027188035568,-35.421382904052734,0.0,-10.670917510986328
1.4499375,91.0,0.9010989010989012,-15.27113407414134,6.857014867061699,-20.58423614501953,0.0,-19.094850540161133
1.49,94.0,0.8617021276595744,-8.76838246098271,4.131178899090913,-12.86138153076172,0.0,-10.706901550292969
4.6503125,291.0,0.8969072164948454,-10.111509155039586,5.867329158404469,-17.262161254882812,0.0,-10.420059204101562
2.4499375,154.0,0.8961038961038961,-13.687421826348787,8.803992293468745,-31.422283172607425,0.0,-12.342713356018066
5.350125,335.0,0.8985074626865671,-15.306225291914322,5.78239968288633,-27.19015312194824,0.0,-15.868448257446287
3.37,211.0,0.9004739336492891,-8.426162508914345,5.409235805855359,-25.876813888549805,0.0,-7.118190765380859
2.6899375,169.0,0.8994082840236687,-14.405374175623844,9.6211878855516,-26.6533317565918,0.0,-15.294809341430664
5.3395625,334.0,0.8862275449101796,-20.291589073232704,10.698277887644716,-31.805408477783203,0.0,-25.531814575195312
6.6399375,415.0,0.8987951807228916,-16.740662254532925,9.688622026478228,-33.859867095947266,0.0,-17.084590911865234
4.6484375,291.0,0.8694158075601375,-15.160752790247498,6.492725765812863,-20.592819213867188,0.0,-18.8816032409668
2.4353125,153.0,0.8888888888888888,-7.435229638043572,4.302246331734724,-23.089317321777344,0.0,-7.235478401184082
2.67325,168.0,0.8928571428571429,-9.859526901245117,7.35678849880466,-23.040359497070312,0.0,-7.324666976928711
1.5299375,96.0,0.8854166666666666,-10.057914329977596,7.589412418716779,-23.061595916748047,0.0,-8.936012268066406
6.853125,429.0,0.8951048951048951,-11.134452551603315,4.699869159551175,-18.3829345703125,0.0,-11.085403442382812
10.2041875,638.0,0.8996865203761756,-11.255895332176928,6.65281165038861,-30.672691345214844,0.0,-9.241995811462402
1.93425,121.0,0.9008264462809916,-11.505211051450956,8.033972499842843,-24.09645271301269,0.0,-8.290735244750977
3.09,194.0,0.8969072164948454,-19.641383412240565,11.810350365229157,-33.02069091796875,0.0,-22.27360343933105
2.36,148.0,0.8986486486486487,-16.78607848891638,7.399578544352107,-23.418331146240234,0.0,-21.399837493896484
1.9599375,123.0,0.8943089430894309,-18.624169739809904,11.966214591101044,-36.75047302246094,0.0,-18.2791690826416
1.7099375,107.0,0.8785046728971962,-13.16803126639508,9.660348306143025,-28.761335372924805,0.0,-11.532098770141602
5.6176875,352.0,0.8977272727272727,-9.116842867452888,5.048641761507603,-18.29697608947754,0.0,-9.950977325439451
3.0305,190.0,0.9,-18.493253629807143,8.135758211451535,-25.641223907470703,0.0,-23.983814239501957
2.0599375,129.0,0.8992248062015504,-6.970032609742264,4.49676127036477,-15.454351425170898,0.0,-6.642833709716797
1.99,125.0,0.896,-5.090951238359724,3.2311567328648545,-11.545997619628906,0.0,-4.902032852172852
4.4099375,276.0,0.8985507246376812,-8.448311744197722,4.956738880279504,-20.544666290283203,0.0,-7.183451652526856
5.7883125,362.0,0.8895027624309392,-23.013308921956128,10.927784865667189,-33.41272735595703,0.0,-30.61924743652344
3.1111875,195.0,0.882051282051282,-12.61637706534807,10.483981763746382,-31.54375457763672,0.0,-8.428339004516602
5.138625,322.0,0.8850931677018633,-14.643367111473752,7.557588367129267,-22.3768310546875,0.0,-16.98180389404297
2.5605,161.0,0.9006211180124224,-17.508686789150897,9.325461068566812,-29.829090118408203,0.0,-16.69680404663086
4.3100625,270.0,0.8925925925925926,-14.545611971146831,7.017135660970328,-21.57503890991211,0.0,-17.923870086669922
1.1199375,70.0,0.8714285714285714,-10.463322248615205,5.771501222840812,-17.981021881103516,0.0,-10.704483032226562
3.97,249.0,0.891566265060241,-15.205837395814088,9.124921609223549,-25.48114776611328,0.0,-18.8618106842041
7.8695625,492.0,0.8414634146341463,-17.96763607384502,11.53196756658448,-39.96532440185547,0.0,-14.030523300170898
1.6499375,104.0,0.8846153846153846,-10.414485910664434,7.418371864236711,-26.49996566772461,0.0,-8.061202049255371
2.2199375,139.0,0.8992805755395683,-15.331106994628906,8.609988070833182,-31.79703521728516,0.0,-13.951183319091797
6.9300625,434.0,0.8847926267281107,-13.234737048546473,5.384974991195288,-19.01592254638672,0.0,-15.54677963256836
4.1054375,257.0,0.8988326848249028,-20.463410464200106,6.860093000265746,-25.630207061767575,0.0,-24.049362182617188
11.5899375,725.0,0.8896551724137931,-19.77685656288797,8.350947624339318,-28.70206642150879,0.0,-23.6993350982666
2.18,137.0,0.8978102189781022,-9.684293529851647,7.870453767225572,-29.230167388916016,0.0,-8.348857879638672
2.8399375,178.0,0.898876404494382,-10.435960173606873,7.051927852723559,-24.431171417236328,0.0,-7.709737777709961
5.7475,360.0,0.9,-10.992567006452584,5.087313206888963,-22.79681205749512,0.0,-11.143513679504396
13.542625,847.0,0.89728453364817,-18.26227048321774,9.213121366152018,-33.139739990234375,0.0,-15.986822128295898
1.6299375,102.0,0.8921568627450981,-24.557036012083618,9.668037676995352,-30.49525451660156,0.0,-29.185848236083984
3.947125,247.0,0.8987854251012146,-12.356115495836413,5.4682029378577415,-17.827716827392578,0.0,-15.015588760375977
5.0299375,315.0,0.8984126984126984,-10.927920021353678,5.28445094316232,-21.27658462524414,0.0,-11.261833190917969
3.531375,221.0,0.8914027149321267,-14.984846599210943,6.256891656165429,-21.159648895263672,0.0,-17.151382446289062
5.86,367.0,0.8937329700272479,-10.236589280570426,7.91062050630531,-32.72833251953125,0.0,-8.37763786315918
3.8199375,239.0,0.899581589958159,-17.921113302541333,9.683166567872126,-32.403602600097656,0.0,-15.200414657592772
7.2199375,452.0,0.8982300884955752,-10.845943718708208,5.441181066653574,-23.162372589111328,0.0,-10.06509780883789
5.4199375,339.0,0.8967551622418879,-16.740720441466884,8.285758772937942,-29.67957878112793,0.0,-18.2285270690918
1.9599375,123.0,0.8943089430894309,-8.61233832619407,4.688284473124314,-18.32304954528809,0.0,-9.051849365234377
0.956,60.0,0.8666666666666667,-11.041959542494554,6.138476201979423,-18.733566284179688,0.0,-13.031511306762695
2.75,172.0,0.8953488372093024,-15.420206119487812,9.710813123429318,-32.456398010253906,0.0,-13.137252807617188
1.9499375,122.0,0.8770491803278688,-19.81569880191411,8.40858105068773,-26.317115783691406,0.0,-24.76802444458008
4.9399375,309.0,0.8996763754045307,-14.383601977670793,12.221398626791212,-39.55599212646485,0.0,-9.656457901000977
1.81,114.0,0.8947368421052632,-17.091687202453613,10.67941891385872,-32.51495361328125,0.0,-18.057260513305664
2.4030625,151.0,0.8675496688741722,-5.99269607776904,2.763227392063101,-10.27947998046875,0.0,-6.5816802978515625
1.2599375,79.0,0.8987341772151899,-13.05878126117545,6.762757046232609,-20.34374237060547,0.0,-16.351829528808594
2.7333125,171.0,0.9005847953216374,-13.34774822383732,8.839493637216892,-28.452260971069336,0.0,-13.350824356079102
2.166,136.0,0.875,-21.185568096257057,9.360811476651776,-27.40458297729492,0.0,-25.93579864501953
2.34,147.0,0.8775510204081632,-21.32475894366124,9.248778327035843,-29.004356384277344,0.0,-26.376781463623047
1.4615,92.0,0.8695652173913043,-17.24976336956024,10.486539176837644,-30.33020401000977,0.0,-19.014833450317383
3.322125,208.0,0.8942307692307693,-9.15626331042218,5.800426009069142,-17.046459197998047,0.0,-8.346160888671875
12.428875,777.0,0.8931788931788932,-17.76751997560177,12.584214749196404,-37.90428161621094,0.0,-13.76584815979004
9.6999375,607.0,0.899505766062603,-8.014871370224725,4.6612307683195295,-19.60050773620605,0.0,-7.593013763427734
5.3499375,335.0,0.8985074626865671,-18.801719684537463,10.145466427464818,-34.42988586425781,0.0,-18.93018913269043
3.54,222.0,0.8963963963963963,-13.971438508536949,8.4210189597772,-28.797517776489254,0.0,-12.087564468383787
5.8299375,365.0,0.8931506849315068,-13.792582073094655,7.61997507795194,-21.00433349609375,0.0,-18.6011905670166
3.61,226.0,0.8982300884955752,-18.147702780850416,8.044400062621868,-30.393314361572266,0.0,-19.184898376464844
8.3275625,521.0,0.9001919385796545,-13.73109758535682,6.06101990651133,-30.88456916809082,0.0,-13.535161972045898
2.411125,151.0,0.8940397350993378,-10.434055794609918,6.758968193847706,-24.55257797241211,0.0,-10.776432037353516
2.235375,140.0,0.9,-25.910395516289604,9.385444772994468,-33.114017486572266,0.0,-30.13957405090332
4.8799375,305.0,0.8885245901639345,-15.011717567584611,6.123360540606187,-28.3851318359375,0.0,-13.807537078857422
6.18,387.0,0.6950904392764858,-15.133520066073393,9.806447982970155,-39.708309173583984,0.0,-15.61235237121582
1.7225,108.0,0.8796296296296297,-13.552959964149876,9.532016181838152,-25.268489837646484,0.0,-10.819923400878906
3.5099375,220.0,0.8090909090909091,-18.333116252770584,11.350452694085044,-39.55445861816406,0.0,-17.484647750854492
2.07,130.0,0.8923076923076924,-14.22831048636601,8.784346177296722,-29.84043884277344,0.0,-12.104108810424805
8.2374375,515.0,0.8970873786407767,-11.44921876651384,6.780248712221715,-28.963497161865234,0.0,-10.136930465698242
1.3499375,85.0,0.8941176470588236,-12.342614324469317,7.01050714157311,-21.426342010498047,0.0,-11.79776382446289
4.5,282.0,0.8936170212765957,-12.422557361542232,8.881948433546567,-35.03837585449219,0.0,-10.886966705322266
8.463375,529.0,0.8979206049149339,-12.722776762309827,5.503057435224388,-23.25093078613281,0.0,-12.486373901367188
9.99,625.0,0.8992,-10.92538200663502,5.397208655356049,-24.69806861877441,0.0,-9.841407775878906
1.7281875,109.0,0.8715596330275229,-20.64318102786416,10.765820362289228,-30.44979476928711,0.0,-27.968448638916016
13.6249375,852.0,0.8931924882629108,-16.434393726103252,10.96823892507092,-35.474693298339844,0.0,-12.323894500732422
6.465,405.0,0.8987654320987655,-11.64541406945868,6.578642943854101,-26.81629180908203,0.0,-9.689239501953123
7.33,459.0,0.8910675381263616,-14.634222016649316,10.232413826812028,-34.17673110961914,0.0,-11.14818000793457
3.5699375,224.0,0.8839285714285714,-13.579277231235697,5.697296902289568,-18.935657501220703,0.0,-17.392126083374023
5.86,367.0,0.8937329700272479,-16.846499024367915,9.052628416293745,-32.8724365234375,0.0,-15.61795425415039
4.1561875,260.0,0.9,-9.980871176108336,4.291377496508849,-18.267623901367188,0.0,-9.847064971923828
2.8299375,177.0,0.8983050847457628,-8.931686125461411,4.501215830243961,-16.934782028198242,0.0,-8.587114334106445
5.631,352.0,0.8863636363636364,-12.65188745351938,5.524950221188179,-17.87096405029297,0.0,-15.619588851928713
1.8399375,115.0,0.8782608695652174,-13.944876094855884,7.1669561524045085,-24.23434829711914,0.0,-15.034603118896484
7.18,449.0,0.89086859688196,-15.923859729766846,10.016864954456096,-36.2786979675293,0.0,-13.637226104736328
2.934625,184.0,0.8967391304347826,-8.046478236805308,4.976767451911456,-21.498401641845703,0.0,-7.074470520019531
2.2199375,139.0,0.8992805755395683,-16.992220016479493,9.219703290932534,-29.47431755065918,0.0,-15.93691062927246
8.78875,550.0,0.8854545454545455,-15.35245779456544,9.297994001246083,-31.24753761291504,0.0,-12.23756217956543
3.5274375,221.0,0.8959276018099548,-9.863498793707954,6.150967861862631,-25.50025749206543,0.0,-8.994386672973633
2.278125,143.0,0.8811188811188811,-8.049984553503611,4.324857183053598,-14.07147216796875,0.0,-9.476058959960938
2.18,137.0,0.8978102189781022,-12.532951866708151,7.101206537696063,-29.183666229248047,0.0,-10.806262969970703
2.5339375,159.0,0.8930817610062893,-11.97973044489471,7.880592228882292,-28.71947479248047,0.0,-11.650351524353027
2.2805625,143.0,0.8951048951048951,-12.704621762037275,8.354686890435202,-24.1356258392334,0.0,-11.60158348083496
3.0249375,190.0,0.8894736842105263,-19.64236789906519,7.758282551493047,-26.15955352783203,0.0,-23.19860076904297
3.85,241.0,0.9004149377593361,-12.65417365324662,6.9503235001215184,-28.14474296569824,0.0,-13.142885208129885
3.93,246.0,0.8902439024390244,-15.60663138785863,7.661824103160177,-31.38473129272461,0.0,-16.20560073852539
10.8399375,678.0,0.8997050147492626,-14.636722767939332,5.7783352644403205,-25.76636505126953,0.0,-14.879737854003906
2.4475625,153.0,0.8888888888888888,-14.44408784193151,4.840280865414674,-18.478668212890625,0.0,-16.869808197021484
1.30025,82.0,0.8658536585365854,-7.583101514359595,3.871841945412674,-15.95517349243164,0.0,-7.656669616699219
1.98,124.0,0.8951612903225806,-9.73892084757487,4.85438429095067,-18.529067993164062,0.0,-9.598066329956056
3.1299375,196.0,0.8979591836734694,-8.515944643454118,6.117200931941997,-21.08736991882324,0.0,-6.699309349060059
9.0206875,564.0,0.8971631205673759,-16.907027572511215,9.292759606792862,-37.000465393066406,0.0,-15.308780670166016
5.8999375,369.0,0.8970189701897019,-15.905905248175214,9.615052555038062,-31.029682159423828,0.0,-12.692237854003906
3.8199375,239.0,0.6736401673640168,-17.972850198331088,9.041524583043543,-39.88531494140625,0.0,-16.393096923828125
2.0399375,128.0,0.8984375,-10.70787068242612,6.068052575683927,-17.80350112915039,0.0,-11.055484771728516
2.92,183.0,0.8961748633879781,-14.731130925620477,6.672573141509399,-28.599464416503903,0.0,-15.270574569702148
3.05,191.0,0.8900523560209425,-12.28455296684714,7.501999966057959,-20.022579193115234,0.0,-15.843805313110352
3.1899375,200.0,0.9,-8.887210167778862,6.9829349817489215,-24.24700164794922,0.0,-6.219246864318848
2.2990625,144.0,0.8472222222222222,-12.969533013515784,9.057587185616155,-28.64888000488281,0.0,-10.156578063964844
8.1199375,508.0,0.8976377952755905,-14.5572800050702,7.632946450442288,-32.03056335449219,0.0,-12.04851531982422
6.25,391.0,0.9002557544757033,-11.495623187585313,5.317765767359052,-22.27998352050781,0.0,-11.39559555053711
7.471,467.0,0.8950749464668094,-17.312752018704938,8.46900178579893,-36.107177734375,0.0,-17.182571411132812
10.8199375,677.0,0.8995568685376661,-13.502854900015594,6.486779651504282,-32.34784698486328,0.0,-13.268117904663086
2.73375,171.0,0.8888888888888888,-13.595412103753342,4.802122537440488,-17.585330963134766,0.0,-15.568099975585938
2.5975,163.0,0.8834355828220859,-15.02982666095098,7.344175630722785,-28.422706604003903,0.0,-13.051522254943848
9.0,563.0,0.8863232682060391,-10.766695099029846,7.78458429329978,-27.138206481933597,0.0,-8.678565979003906
6.6999375,419.0,0.8973747016706444,-12.70944931152019,9.426392196174865,-33.225337982177734,0.0,-10.53412628173828
3.2199375,202.0,0.8861386138613861,-10.60710223959811,5.001749967294759,-25.176502227783203,0.0,-10.032562255859377
2.988875,187.0,0.8770053475935828,-7.680493029152474,3.5758546267700315,-12.085582733154297,0.0,-9.382400512695312
2.642625,166.0,0.891566265060241,-17.867779474000674,9.49915065409922,-26.47661590576172,0.0,-24.118762969970703
1.99,125.0,0.888,-21.70031353374859,11.13917447074674,-31.559816360473636,0.0,-28.373628616333008
3.0299375,190.0,0.8947368421052632,-20.670517169728,10.169522574666416,-29.912227630615234,0.0,-26.00669288635254
10.705125,670.0,0.8970149253731343,-14.6721927687253,6.551674337207841,-22.715869903564453,0.0,-15.072837829589844
2.31,145.0,0.896551724137931,-12.969559772198016,11.224658491556776,-33.07084655761719,0.0,-6.892241477966309
7.68,481.0,0.8981288981288982,-14.661623385217457,10.978246501622566,-35.77409362792969,0.0,-10.344820022583008
6.157625,385.0,0.8935064935064935,-14.96748844967332,6.293004230165125,-24.8637809753418,0.0,-16.317856788635254
2.2763125,143.0,0.8951048951048951,-20.62295565009117,11.614718329696204,-32.007713317871094,0.0,-26.307580947875977
5.462,342.0,0.8918128654970761,-16.653634718597914,10.285725274484747,-32.683441162109375,0.0,-15.117189407348633
1.6776875,105.0,0.8952380952380953,-11.550865051594188,5.131006562300822,-15.373176574707031,0.0,-14.18453598022461
2.46,154.0,0.8961038961038961,-8.216603749040244,5.779173716926885,-24.579736709594727,0.0,-7.251767158508301
4.46,279.0,0.899641577060932,-10.101768866003273,5.779569319718545,-27.33717918395996,0.0,-8.507841110229492
2.4499375,154.0,0.8961038961038961,-13.316790000252102,9.06461743542069,-30.3122673034668,0.0,-10.799633026123049
7.8244375,490.0,0.889795918367347,-13.804273719087654,5.355832370225575,-18.758655548095703,0.0,-16.73197364807129
6.604125,413.0,0.8983050847457628,-18.925897315506024,8.238898231010303,-26.23485946655273,0.0,-23.812259674072266
17.5209375,1096.0,0.8968978102189781,-15.79144410708671,8.25140915456081,-29.78792953491211,0.0,-12.88766098022461
8.0825,506.0,0.8932806324110671,-15.311880605410686,9.841153960287322,-32.53961181640625,0.0,-12.880921363830566
2.1449375,135.0,0.8962962962962963,-10.067454440534608,5.881908157863728,-18.099822998046875,0.0,-11.306137084960938
2.3120625,145.0,0.8758620689655172,-7.873233614944097,2.526807493517305,-10.151405334472656,0.0,-8.8270263671875
2.4199375,152.0,0.8947368421052632,-10.659805129556094,7.098358839670175,-22.03720092773437,0.0,-7.52130126953125
11.6399375,728.0,0.8997252747252747,-11.096921632490083,4.397510640533761,-24.04835319519043,0.0,-10.437768936157228
6.128125,384.0,0.8984375,-13.041724395751952,4.726634835930557,-17.892684936523438,0.0,-14.392242431640623
3.6899375,231.0,0.8831168831168831,-13.651545814439364,7.118372536144204,-39.83771896362305,0.0,-12.492460250854492
1.822375,114.0,0.8859649122807017,-9.442789549874789,6.875754629963328,-24.200172424316406,0.0,-9.122577667236328
4.7799375,299.0,0.8996655518394648,-13.147223979567062,8.928325526640101,-30.70670509338379,0.0,-10.881956100463867
11.74425,735.0,0.8884353741496599,-13.752899421119398,8.41399279348075,-24.891923904418945,0.0,-11.218717575073242
2.68,168.0,0.8928571428571429,-16.752169036865233,6.883633110649269,-24.278854370117188,0.0,-18.185626983642575
4.79,300.0,0.8933333333333333,-9.763374470952732,5.446258138101615,-18.77764892578125,0.0,-8.278594970703125
3.4625,217.0,0.8894009216589862,-10.07689696395953,3.98380487113054,-16.32767105102539,0.0,-10.382686614990234
3.28,206.0,0.8980582524271845,-8.013347398912584,5.632982844192434,-21.019737243652344,0.0,-6.340394973754883
7.3499375,460.0,0.8913043478260869,-14.27870295454816,8.07756709496638,-30.765520095825195,0.0,-12.499549865722656
1.6703125,105.0,0.8952380952380953,-14.990405143575463,10.944721055795016,-33.35124969482422,0.0,-11.862852096557615
2.99,187.0,0.8983957219251337,-12.248386735007877,7.746147752945719,-29.236587524414062,0.0,-9.7967529296875
3.61,226.0,0.8982300884955752,-12.76211175777642,6.376318344652993,-26.660118103027344,0.0,-12.207504272460938
2.1,132.0,0.8939393939393939,-7.878020706823317,4.893772051125541,-19.29341506958008,0.0,-7.054530143737793
9.1599375,573.0,0.8900523560209425,-20.247687422060498,9.435806381961449,-34.313018798828125,0.0,-18.47670555114746
1.3199375,83.0,0.891566265060241,-20.090905627688848,14.904101029454807,-34.66730499267578,0.0,-30.898046493530277
1.3799375,87.0,0.8850574712643678,-9.4127116265235,7.056248180484906,-27.630977630615234,0.0,-7.729469299316406
4.0099375,251.0,0.896414342629482,-13.75886244032118,10.29518326293232,-33.72771453857422,0.0,-10.854398727416992
5.3499375,335.0,0.8985074626865671,-7.319430931065962,3.1050154357671045,-12.902063369750977,0.0,-7.472314834594727
5.138625,322.0,0.8819875776397516,-15.373139515729015,8.695814631354619,-25.86954116821289,0.0,-17.4226016998291
7.9399375,497.0,0.8993963782696177,-12.030831170562127,8.492235537735935,-34.26272964477539,0.0,-9.626214027404783
6.74,422.0,0.8957345971563981,-14.218331634682952,8.932565066440901,-29.380245208740234,0.0,-11.121105194091797
1.2,76.0,0.8947368421052632,-21.147512576159308,11.284517470731242,-35.97043991088867,0.0,-23.30537414550781
3.3295,209.0,0.8899521531100478,-12.273535184962777,5.86403321546601,-17.737957000732422,0.0,-15.497846603393556
1.5899375,100.0,0.9,-9.510800743103028,6.290525282562058,-20.862573623657227,0.0,-8.212311744689941
2.5199375,158.0,0.8987341772151899,-11.247205908869354,4.740636772827579,-19.78969955444336,0.0,-11.768484115600586
5.73025,359.0,0.8997214484679665,-11.509835665440043,7.240987480354507,-35.06816101074219,0.0,-11.043008804321287
2.1899375,137.0,0.8978102189781022,-8.556993856662658,6.556456078507531,-21.793346405029297,0.0,-6.663841247558594
6.080625,381.0,0.9002624671916011,-8.398837331432643,5.488490090431523,-23.712995529174805,0.0,-6.849874496459961
5.3756875,336.0,0.8958333333333334,-11.601400825272368,6.586535600342411,-28.886892318725582,0.0,-10.191667556762695
5.3199375,333.0,0.8948948948948949,-13.813130340320152,8.166149402150305,-33.586666107177734,0.0,-12.008359909057615
3.85,241.0,0.9004149377593361,-11.17967142377581,4.915790249231058,-21.319589614868164,0.0,-10.405057907104492
4.14,259.0,0.8996138996138996,-9.248794498361743,5.273078019952824,-20.82401657104492,0.0,-8.891841888427734
4.36,273.0,0.8974358974358975,-10.28601584921078,7.590551140274394,-31.46905899047852,0.0,-8.297477722167969
2.4399375,153.0,0.8823529411764706,-13.28007909986708,8.655110025268934,-25.49183654785156,0.0,-12.590797424316406
3.5199375,220.0,0.8772727272727273,-12.439715133429807,9.086164649194012,-30.428691864013672,0.0,-8.934562683105469
2.81,176.0,0.8977272727272727,-7.704151395000989,5.799644897838815,-23.156757354736328,0.0,-6.087272644042969
1.46,92.0,0.8913043478260869,-7.61122847766411,7.728282210631866,-26.185523986816406,0.0,-5.026887893676758
3.0523125,191.0,0.900523560209424,-6.916543849678927,4.869447642322689,-14.333843231201172,0.0,-6.941802978515625
5.1099375,320.0,0.9,-10.550571137004429,6.215174980374232,-33.45843505859375,0.0,-9.632915496826172
2.5299375,159.0,0.89937106918239,-15.434934269298209,7.813529338129871,-31.904787063598636,0.0,-16.778520584106445
5.3,332.0,0.8975903614457831,-8.92727736658698,6.06432613802197,-23.8321533203125,0.0,-7.826624870300293
5.2,326.0,0.8987730061349694,-9.992523105478124,6.335131914311624,-26.341917037963867,0.0,-7.561765670776367
2.8924375,181.0,0.8950276243093923,-20.39118408862456,14.317614505945697,-35.65447235107422,0.0,-30.03370475769043
10.8266875,677.0,0.896602658788774,-15.937979649476205,10.591066952046376,-35.96678924560547,0.0,-11.874914169311523
5.2586875,329.0,0.8996960486322189,-6.977381512925431,4.950963871258331,-24.39313697814941,0.0,-5.733560562133789
1.4399375,90.0,0.9,-10.692838551085671,5.655432959944745,-21.475154876708984,0.0,-10.032249450683594
3.0375,190.0,0.8947368421052632,-16.878860092163087,9.856902681691116,-34.15970993041992,0.0,-15.798267364501951
1.5099375,95.0,0.8947368421052632,-8.927693355784697,3.893048506989739,-13.493553161621094,0.0,-9.559757232666016
8.1215,508.0,0.8976377952755905,-14.290932180588705,10.897258254390458,-36.56092834472656,0.0,-10.29844856262207
5.61,351.0,0.8945868945868946,-16.684310919160296,11.187051372026897,-37.36392211914063,0.0,-13.214638710021973
3.5149375,220.0,0.8909090909090909,-12.401084374408333,6.715920163528857,-21.59316635131836,0.0,-11.21782112121582
11.9703125,749.0,0.8998664886515354,-15.240009842711316,9.016615983504307,-36.96248626708984,0.0,-13.521839141845703
3.4014375,213.0,0.8967136150234741,-14.436171656503728,7.240868801126673,-26.333515167236328,0.0,-14.912956237792969
4.0599375,254.0,0.8937007874015748,-12.11208767827912,10.462488616415069,-32.83057403564453,0.0,-8.015951156616211
1.7699375,111.0,0.9009009009009008,-20.989060249328613,9.028937656384429,-28.331802368164062,0.0,-25.027008056640625
6.0760625,380.0,0.8947368421052632,-14.615417772180894,8.880376321659927,-26.10645294189453,0.0,-14.882841110229492
9.99825,625.0,0.8992,-8.136149294435766,5.348448756573838,-24.24185943603516,0.0,-7.321315765380859
2.94875,185.0,0.8972972972972973,-9.469058967498412,6.686220131675758,-20.71574211120605,0.0,-7.071451187133789
0.98,62.0,0.8870967741935484,-15.833532853560014,8.154375767324705,-25.003982543945312,0.0,-18.784637451171875
3.2599375,204.0,0.8970588235294118,-12.056872000459764,8.018339639887088,-32.37226486206055,0.0,-11.18664836883545
3.1299375,196.0,0.8877551020408163,-22.03902315819401,10.27401923886099,-30.391260147094727,0.0,-27.29170227050781
9.743875,609.0,0.8998357963875205,-11.6235315434254,6.436199330108704,-24.164522171020508,0.0,-10.643115043640137
1.79,112.0,0.875,-9.841533972292533,7.984296437494516,-23.618934631347656,0.0,-6.011690139770508
1.74,109.0,0.8990825688073395,-11.784077858438296,7.42751111329948,-24.716354370117188,0.0,-10.544193267822266
2.3899375,150.0,0.8933333333333333,-13.668410130401156,8.365194391386906,-30.48502922058105,0.0,-12.595888137817385
6.5899375,412.0,0.8980582524271845,-12.798223428468448,5.855068754246298,-31.561506271362305,0.0,-12.331506729125977
3.1599375,198.0,0.8939393939393939,-11.19633893373996,8.64211802238809,-32.9271125793457,0.0,-7.857040405273437
6.8799375,430.0,0.8976744186046511,-10.199872066319916,6.725306937136844,-29.21749496459961,0.0,-8.711494445800781
2.55,160.0,0.86875,-9.7156774122938,8.938090037766653,-26.661884307861328,0.0,-6.2926788330078125
1.8765625,118.0,0.8983050847457628,-11.788767292814434,5.62094280728038,-21.401687622070312,0.0,-12.663761138916016
3.6725,230.0,0.8826086956521739,-11.856103286367333,5.206108826700771,-17.0164794921875,0.0,-14.89992904663086
1.8,113.0,0.8849557522123894,-16.05726314544678,13.015781768803526,-37.58195495605469,0.0,-11.89552879333496
5.510375,345.0,0.8927536231884058,-11.559068580726525,7.775934363569694,-28.358591079711918,0.0,-9.844470977783203
2.3899375,150.0,0.9,-9.445123206244574,5.748200625528665,-19.24928092956543,0.0,-9.015064239501951
9.73,609.0,0.8949096880131363,-16.069576809384408,8.729854735787015,-25.33565139770508,0.0,-20.42704391479492
4.75,297.0,0.898989898989899,-17.606628539410423,11.373261815177576,-33.57713317871094,0.0,-16.703258514404297
2.36,148.0,0.8986486486486487,-11.42102693256579,4.760348200166952,-17.83173370361328,0.0,-12.38641357421875
9.6720625,605.0,0.8975206611570248,-17.2899833454392,9.556742660488906,-34.56340789794922,0.0,-14.502897262573242
13.97,874.0,0.8958810068649885,-16.066288859146916,8.25183719637691,-34.498329162597656,0.0,-13.904582977294922
2.54,159.0,0.8930817610062893,-9.979707086589974,10.412537317892046,-30.40219116210937,0.0,-4.65806770324707
14.46,904.0,0.8971238938053098,-14.323145978106815,5.126111905244773,-26.156185150146484,0.0,-13.787834167480469
1.55,97.0,0.8969072164948454,-17.003359169795594,9.531108520577863,-27.8990478515625,0.0,-19.891929626464844
3.07,192.0,0.8854166666666666,-16.0839615316952,11.76306757208044,-36.10564804077149,0.0,-12.84849739074707
1.4375,90.0,0.9,-8.892077504852672,5.172238655442867,-17.781105041503906,0.0,-8.897537231445312
2.1899375,137.0,0.8978102189781022,-13.215871733378588,6.148228474090348,-18.657691955566406,0.0,-16.648616790771484
5.465875,342.0,0.8976608187134503,-14.071188786907385,6.781076381342649,-21.58185577392578,0.0,-14.576587677001951
10.0799375,630.0,0.8666666666666667,-14.79337229396834,9.893946278149205,-39.93034362792969,0.0,-12.367635726928713
2.2899375,144.0,0.8819444444444444,-15.951669647937685,9.802032957120472,-30.141298294067383,0.0,-15.264116287231444
1.72,108.0,0.8981481481481481,-14.555814251457292,9.75970298110023,-34.17801284790039,0.0,-12.33635711669922
7.59125,475.0,0.8926315789473684,-12.60034037086199,6.437161592303673,-26.79079246520996,0.0,-11.223562240600586
2.10875,132.0,0.8863636363636364,-18.65111445565509,11.84120136372095,-38.453590393066406,0.0,-19.215238571166992
3.5083125,220.0,0.9,-14.029127304000085,5.24343964975911,-18.684749603271484,0.0,-16.668495178222656
2.6999375,169.0,0.8994082840236687,-17.403059884121543,7.212163690925872,-23.228923797607425,0.0,-21.139137268066406
3.4140625,214.0,0.8878504672897196,-19.65912265777588,10.669094305832946,-30.269105911254883,0.0,-26.432409286499023
6.0799375,380.0,0.9,-12.467295813978764,10.804852229495964,-31.164100646972656,0.0,-8.20351791381836
4.2,263.0,0.8897338403041825,-15.897978350647495,4.951520660956144,-20.082496643066406,0.0,-18.016775131225582
5.102,319.0,0.8996865203761756,-18.27255371306416,10.529205101192924,-37.97709274291992,0.0,-18.57691192626953
1.8450625,116.0,0.896551724137931,-15.012811183929443,5.495649441350025,-19.219284057617188,0.0,-17.04967498779297
3.7430625,234.0,0.8888888888888888,-15.377196036852324,9.093091563876818,-25.758995056152344,0.0,-16.785722732543945
5.3445,335.0,0.8985074626865671,-7.338987077985491,3.96054330331932,-17.37693977355957,0.0,-6.852231979370117
6.5899375,412.0,0.8980582524271845,-9.692075528325262,6.46873803802287,-21.75665283203125,0.0,-8.640377044677734
3.9499375,247.0,0.8987854251012146,-9.227951298962845,3.8806427381094895,-18.79440689086914,0.0,-9.352542877197266
3.3408125,209.0,0.8851674641148325,-6.504587163151921,3.2297438282665807,-10.604969024658203,0.0,-7.798076629638672
4.09,256.0,0.89453125,-18.995465707570705,8.001669533892933,-30.040075302124023,0.0,-18.112611770629883
5.33,334.0,0.8952095808383234,-15.13334205397794,8.022145300313726,-23.84990692138672,0.0,-19.60556030273437
3.6399375,228.0,0.8903508771929824,-10.054075241088867,6.737710296987361,-23.643573760986328,0.0,-7.892427444458008
4.6025,288.0,0.8993055555555556,-9.589815058763422,6.506866046847963,-24.193679809570312,0.0,-7.318710327148437
3.67,230.0,0.9,-20.855854909777065,9.68065927877374,-28.792240142822266,0.0,-26.694408416748047
3.382875,212.0,0.8867924528301887,-13.420305860803484,4.828715268309999,-18.42824935913086,0.0,-15.621036529541016
15.17,949.0,0.8893572181243414,-17.378848652139094,7.658706670772607,-27.314910888671875,0.0,-17.026874542236328
3.603375,226.0,0.8849557522123894,-11.214190101623537,5.31726474204125,-16.434741973876953,0.0,-14.547063827514648
2.36,148.0,0.8986486486486487,-13.992762343327804,10.668376323039642,-29.935874938964844,0.0,-10.398792266845703
8.3899375,525.0,0.8990476190476191,-12.11875125109139,6.426376192596769,-29.93972396850586,0.0,-11.498319625854492
4.1599375,260.0,0.9,-12.063857698033,5.341268689417917,-20.822832107543945,0.0,-12.06540298461914
4.332625,271.0,0.8892988929889298,-14.341381872343325,6.915633487632536,-21.39752960205078,0.0,-18.23552703857422
4.8199375,302.0,0.8973509933774835,-12.323416298165972,8.10036189718827,-30.073583602905277,0.0,-11.547754287719728
4.5199375,283.0,0.872791519434629,-14.988791214792352,9.785908000921529,-31.1236515045166,0.0,-12.705083847045898
3.504875,220.0,0.9,-11.167794169801654,4.363624250211206,-20.993331909179688,0.0,-11.581182479858398
1.36,86.0,0.8837209302325582,-14.81075123736733,9.540101575575209,-29.952880859375,0.0,-13.917146682739258
2.31,145.0,0.8896551724137931,-10.996541873429171,6.482736048420067,-21.99298858642578,0.0,-10.344718933105469
2.25,141.0,0.8936170212765957,-13.18681850130596,8.248071971793175,-22.90707397460937,0.0,-14.93271255493164
6.719375,420.0,0.8976190476190476,-17.184590848118305,10.166879276589327,-34.90884017944336,0.0,-13.146183013916016
2.275,143.0,0.8951048951048951,-12.4483530074358,8.481678238934817,-34.6563720703125,0.0,-11.087187767028809
6.5506875,410.0,0.8878048780487805,-17.15496007688753,8.976725971017045,-25.70518112182617,0.0,-23.05315971374512
2.6685625,167.0,0.8862275449101796,-9.63695630511722,6.0084621850074535,-19.93006134033203,0.0,-8.818599700927734
2.1895625,137.0,0.8832116788321168,-12.126536534837454,7.54863877067034,-23.176815032958984,0.0,-10.07135009765625
6.4699375,405.0,0.8962962962962963,-16.624959349303865,8.791641888213224,-34.70029830932617,0.0,-15.473814010620115
3.7203125,233.0,0.8884120171673819,-18.203646176103238,12.47602911752711,-33.64667510986328,0.0,-18.47234916687012
12.49,781.0,0.8988476312419974,-13.06541797985718,7.440288262244312,-31.81425666809082,0.0,-11.932279586791992
4.5699375,286.0,0.8916083916083916,-20.077173487345377,8.59973287373992,-29.06836700439453,0.0,-23.43954467773437
2.4499375,154.0,0.8701298701298701,-14.419993329404006,7.688494656588436,-31.61016273498535,0.0,-14.53364372253418
3.9399375,247.0,0.8987854251012146,-12.167561165921322,7.216309622612297,-33.70045471191406,0.0,-11.08258819580078
6.5099375,407.0,0.8992628992628993,-9.274115974134435,3.5576935264237046,-15.752382278442385,0.0,-9.729803085327148
2.46,154.0,0.8896103896103896,-13.978235537118286,5.443315490402592,-27.41327667236328,0.0,-14.979839324951172
2.61,164.0,0.8841463414634146,-18.24950136645087,6.7227935081060535,-24.012813568115234,0.0,-21.756881713867188
2.4275,152.0,0.875,-18.69827233221298,9.933798938882765,-28.235580444335938,0.0,-25.00446319580078
1.970625,124.0,0.8951612903225806,-8.336225853309974,5.523354797002555,-22.97464179992676,0.0,-7.085870742797852
1.5,94.0,0.8723404255319149,-22.60338704178973,11.38040249915745,-32.560970306396484,0.0,-28.37952423095703
9.324,583.0,0.8987993138936535,-12.193835196604256,4.71976907292101,-24.72199058532715,0.0,-11.314826965332031
1.8799375,118.0,0.8983050847457628,-13.914720049444234,7.858480565766583,-30.750213623046875,0.0,-14.24945068359375
3.4799375,218.0,0.8990825688073395,-13.525553878472776,7.111511079212227,-20.609174728393555,0.0,-17.297407150268555
10.25,641.0,0.9001560062402496,-11.963859627523703,6.702354263757004,-29.63969612121582,0.0,-9.722963333129885
4.5824375,287.0,0.8327526132404182,-11.663792225107487,8.644264425020063,-39.35309600830078,0.0,-8.600340843200684
3.6999375,232.0,0.896551724137931,-7.117127262628996,3.3420466143916205,-13.406974792480469,0.0,-7.021001815795898
2.9914375,187.0,0.8983957219251337,-10.11809235527402,6.2389631270363015,-18.89822769165039,0.0,-9.565074920654297
4.1255,258.0,0.8992248062015504,-13.466087571505842,5.611834642856683,-23.20315742492676,0.0,-13.555095672607422
5.31,332.0,0.8885542168674698,-13.964251301652292,11.14739722432592,-34.232749938964844,0.0,-9.70441436767578
2.57975,162.0,0.8950617283950617,-11.367243799669987,4.166349586836114,-14.521183013916016,0.0,-13.162822723388672
3.62,227.0,0.8986784140969163,-13.318047261705583,5.936220224332144,-25.36430549621582,0.0,-13.306857109069824
5.3899375,337.0,0.8991097922848664,-11.848795824711866,5.607278889565444,-24.972187042236328,0.0,-11.625102996826172
2.4095625,151.0,0.8741721854304636,-15.9634340170658,5.547119735763571,-20.113380432128903,0.0,-18.29388236999512
14.14,884.0,0.8993212669683258,-14.104710474554098,7.319201412847455,-33.35036087036133,0.0,-14.018205642700195
1.2399375,78.0,0.8974358974358975,-12.188773563929969,8.317712626515421,-21.92176055908203,0.0,-16.094581604003906
2.30775,145.0,0.8758620689655172,-2.9667198601670157,1.1259697465993137,-4.7357025146484375,0.0,-3.1401329040527344
6.46,404.0,0.8985148514851485,-13.701796739226202,8.509760159519667,-35.55707550048828,0.0,-12.489582061767578
4.0590625,254.0,0.8976377952755905,-9.95433015154119,4.167971950761251,-17.85791778564453,0.0,-9.972293853759766
3.652125,229.0,0.8951965065502183,-14.925306943567788,9.093682996477613,-26.297452926635746,0.0,-14.090452194213867
9.2199375,577.0,0.8977469670710572,-9.526336007136637,6.643539329382462,-24.07750701904297,0.0,-7.475856781005859
6.7774375,424.0,0.8891509433962265,-13.221147344978798,7.422083076447889,-27.97283935546875,0.0,-11.697704315185549
3.0599375,192.0,0.875,-14.484172310147969,12.607644647930735,-38.4146728515625,0.0,-8.495147705078125
2.2599375,142.0,0.8943661971830986,-10.802171256598523,6.840187486159561,-23.705686569213867,0.0,-9.574033737182615
4.337625,272.0,0.8933823529411765,-15.631643883975936,8.429356202159363,-25.02688980102539,0.0,-17.746761322021484
1.23,77.0,0.8961038961038961,-13.432396211485932,6.737637298471682,-20.119304656982425,0.0,-16.014530181884766
2.09,131.0,0.8854961832061069,-14.1038844667632,6.228199238121227,-18.641868591308597,0.0,-17.281463623046875
1.8399375,115.0,0.8956521739130435,-17.101515834771313,10.317874464466096,-32.68609619140625,0.0,-16.367244720458984
8.3803125,524.0,0.8931297709923665,-13.001096040774614,6.850103248328368,-27.92197799682617,0.0,-11.60675048828125
2.8438125,178.0,0.8876404494382022,-17.520003342930274,7.994110373776662,-25.77433013916016,0.0,-21.18122673034668
5.0299375,315.0,0.8984126984126984,-10.708032466497524,8.576869649354752,-27.86153793334961,0.0,-7.098331451416016
8.1654375,511.0,0.9001956947162426,-12.92358109847359,5.164777458313752,-22.63504409790039,0.0,-12.998701095581056
3.4538125,216.0,0.8981481481481481,-10.478337808982614,7.813683477633446,-32.86972427368164,0.0,-8.260412216186523
5.23,327.0,0.8990825688073395,-24.46956170659487,10.37180291531889,-31.41448211669922,0.0,-30.319904327392575
2.37,149.0,0.8926174496644296,-18.38719758055264,13.81638444574748,-34.523162841796875,0.0,-14.803991317749023
1.15775,73.0,0.8904109589041096,-6.041672310462364,4.033751693961918,-12.571355819702148,0.0,-7.401987075805664
3.7063125,232.0,0.896551724137931,-9.205956477385302,4.304401061934581,-19.101526260375977,0.0,-8.717806816101074
3.32125,208.0,0.8894230769230769,-16.517542029715873,5.649958726216723,-20.62189674377441,0.0,-19.35749244689941
5.0399375,315.0,0.8984126984126984,-12.94257908069624,9.023513554393256,-27.32171630859375,0.0,-12.46463394165039
3.5299375,221.0,0.9004524886877828,-16.598787892403916,9.6446469776232,-33.08171844482422,0.0,-15.705520629882812
2.09,131.0,0.900763358778626,-21.358576968564822,15.90760667615618,-39.16099548339844,0.0,-25.61000633239746
7.6524375,479.0,0.8956158663883089,-13.865242444551908,7.932253776264085,-23.67327880859375,0.0,-14.24465560913086
1.7018125,107.0,0.897196261682243,-7.238594075043996,5.216812772277547,-17.44977378845215,0.0,-6.713738441467285
1.99,125.0,0.896,-11.6943291085107,6.024319982027887,-23.758132934570312,0.0,-12.700305938720703
3.5825,224.0,0.8973214285714286,-11.48935745723212,5.597516948002848,-23.86633682250977,0.0,-11.202326774597168
9.56,598.0,0.8896321070234113,-15.082411959655303,6.216651435176368,-21.749500274658203,0.0,-18.08820915222168
3.735,234.0,0.8974358974358975,-20.450825881958007,10.813597769849018,-35.236087799072266,0.0,-24.45039749145508
0.7321875,46.0,0.8913043478260869,-7.4413325612137955,6.508558688612623,-22.33638381958008,0.0,-5.203456878662109
1.8633125,117.0,0.8974358974358975,-11.078892044793992,7.627302346783078,-24.347339630126957,0.0,-10.397117614746094
7.3199375,458.0,0.8908296943231441,-15.487231815562527,9.61127952910302,-34.57029342651367,0.0,-13.286338806152344
2.1635,136.0,0.8970588235294118,-16.622315344263296,9.48538188299865,-26.611480712890625,0.0,-21.96215438842773
2.37,149.0,0.8993288590604027,-12.909162122811844,9.69981596740313,-24.455841064453125,0.0,-11.238250732421877
1.0299375,65.0,0.8923076923076924,-13.572813691764042,6.938177912773416,-22.00442123413086,0.0,-15.879079818725586
9.7198125,608.0,0.8881578947368421,-15.35487156620732,8.717571674242913,-31.679994583129883,0.0,-13.706113815307615
6.14,384.0,0.8671875,-14.321475575994086,11.02298857542702,-39.95212936401367,0.0,-11.004571914672852
12.34125,772.0,0.8911917098445595,-15.552310566569483,9.197754508281925,-29.032772064208984,0.0,-11.700763702392578
11.56,723.0,0.8990318118948825,-8.489673426701472,4.654785018030996,-22.4403133392334,0.0,-8.471612930297852
5.5,344.0,0.8866279069767442,-16.639404221831775,6.734384980270112,-22.043262481689453,0.0,-20.41461181640625
3.8170625,239.0,0.899581589958159,-12.523118848578877,7.370725906414245,-32.277732849121094,0.0,-10.06916618347168
8.040375,503.0,0.8946322067594433,-12.235929514567058,8.37312795810535,-35.22601318359375,0.0,-10.194040298461914
6.6899375,419.0,0.7016706443914081,-21.42203427334221,8.643602115516698,-39.96687316894531,0.0,-21.01182174682617
4.238,265.0,0.8981132075471698,-18.195128761419728,12.62073601482578,-36.85076904296875,0.0,-12.88796043395996
2.1199375,133.0,0.8947368421052632,-13.06768103206859,11.21955603547275,-32.64435195922852,0.0,-8.520381927490234
6.958125,435.0,0.7241379310344828,-17.372933784363763,9.571412566814269,-39.97831726074219,0.0,-15.42679214477539
2.4499375,154.0,0.8961038961038961,-10.786212782928908,4.154051735840353,-14.50006103515625,0.0,-13.179855346679688
3.9725,249.0,0.8995983935742972,-20.193984525544305,11.05979087371682,-33.796287536621094,0.0,-17.92023468017578
4.5505,285.0,0.8982456140350877,-10.156449444592,5.447662730909178,-20.455358505249023,0.0,-10.81598663330078
2.475875,155.0,0.8838709677419355,-19.29895800569632,8.46561500621554,-26.391504287719727,0.0,-24.33003807067871
8.0199375,502.0,0.8844621513944223,-17.203939532374477,9.155867100285649,-26.41148376464844,0.0,-23.254018783569336
5.3499375,335.0,0.8955223880597015,-14.191601028442385,4.403192066614753,-18.103248596191406,0.0,-15.82708740234375
1.97,124.0,0.8951612903225806,-18.89855463869937,10.120047475604087,-28.924510955810547,0.0,-24.817291259765625
10.114875,633.0,0.8957345971563981,-16.585477778520534,6.99963074352622,-26.644302368164062,0.0,-15.434654235839844
7.2199375,452.0,0.8982300884955752,-14.33541350998902,7.259988686993583,-32.412437438964844,0.0,-13.932750701904297
3.74425,235.0,0.8978723404255319,-6.217481802990086,3.906100506724189,-16.944366455078125,0.0,-5.729164123535156
2.004875,126.0,0.8968253968253969,-4.149388237337096,2.239368465148315,-7.1090087890625,0.0,-4.904975891113281
2.134625,134.0,0.8955223880597015,-11.305798196792605,4.846802467202297,-19.66400718688965,0.0,-12.29698371887207
2.5166875,158.0,0.8860759493670886,-13.099011720929829,10.915742950245464,-27.64703369140625,0.0,-8.086004257202148
7.3899375,462.0,0.8896103896103896,-13.70317487415026,10.01385515218504,-30.250587463378903,0.0,-10.27862548828125
4.7099375,295.0,0.8983050847457628,-8.840374028907632,4.630428554028838,-20.162248611450195,0.0,-8.801935195922852
2.0980625,132.0,0.8939393939393939,-9.615174600633525,4.920426275961362,-15.003440856933594,0.0,-12.405370712280272
5.56,348.0,0.8994252873563219,-12.03001619527896,9.360194899569214,-29.43035888671875,0.0,-8.66696548461914
4.87,305.0,0.898360655737705,-16.334082004797718,11.064369501571434,-34.43080139160156,0.0,-11.718886375427246
3.2899375,206.0,0.8883495145631068,-13.857161933607092,10.211490722429334,-27.68931198120117,0.0,-9.920063018798828
3.6899375,231.0,0.8917748917748918,-13.872746310187775,6.879549034740863,-20.03989028930664,0.0,-17.84952163696289
3.8004375,238.0,0.8823529411764706,-10.164084134783064,5.789057312427313,-19.33154296875,0.0,-9.575489044189451
4.55,285.0,0.8982456140350877,-9.66170185804367,5.073896144056733,-21.7125244140625,0.0,-9.27515983581543
2.0724375,130.0,0.9,-14.782586839463976,8.768990594811994,-27.682876586914062,0.0,-15.80167007446289
1.67,105.0,0.8952380952380953,-11.46017054294018,7.9267209754996335,-24.139480590820312,0.0,-8.778715133666992
3.0299375,190.0,0.8842105263157894,-21.892844529378984,12.111779118064248,-33.60047912597656,0.0,-29.75126075744629
4.3795,274.0,0.8978102189781022,-7.387656180839229,3.5357403653630786,-17.540306091308594,0.0,-7.223001480102539
7.2899375,456.0,0.8947368421052632,-13.409630756752165,6.255741824891834,-20.074413299560547,0.0,-16.747407913208008
1.598125,100.0,0.9,-16.72300499810113,8.299016883111845,-25.77989196777344,0.0,-20.03954696655273
2.86,179.0,0.8994413407821229,-10.388940112190957,6.108737333634615,-24.598630905151367,0.0,-8.93150520324707
2.8399375,178.0,0.898876404494382,-17.449298048019408,10.959189088852026,-28.752485275268555,0.0,-25.59148597717285
9.54,597.0,0.8592964824120602,-17.176309291847037,10.212347922957374,-39.98093795776367,0.0,-14.011924743652344
12.0123125,751.0,0.8934753661784287,-16.055330256591432,6.998874994300427,-23.930709838867188,0.0,-18.479251861572266
3.4074375,213.0,0.8967136150234741,-8.440750261875971,7.38979634356432,-26.62461471557617,0.0,-5.2151641845703125
2.425375,152.0,0.8947368421052632,-19.4572856426239,10.072674567423691,-37.46378326416016,0.0,-20.749835968017575
2.6,163.0,0.8957055214723927,-9.570706667965403,6.9464674436544005,-23.449935913085938,0.0,-6.730884552001953
2.0984375,132.0,0.8939393939393939,-10.908649913335251,7.071656703846786,-24.602725982666016,0.0,-9.201184272766112
3.2599375,204.0,0.8921568627450981,-9.213400453001588,7.241870616749988,-18.70382308959961,0.0,-6.541988372802734
4.3725,274.0,0.8978102189781022,-8.27134329322877,3.878739322053958,-16.092510223388672,0.0,-7.778291702270508
7.7676875,486.0,0.8950617283950617,-14.034090414814566,7.868690922406427,-23.96637725830078,0.0,-14.052116394042969
9.37,586.0,0.8924914675767918,-18.063646057595715,11.015230756182552,-32.091896057128906,0.0,-18.21315574645996
3.5775625,224.0,0.8973214285714286,-10.080546554641344,3.853016268566265,-13.330062866210938,0.0,-11.87906265258789
3.656125,229.0,0.8995633187772926,-18.90638103299928,5.738010186309348,-23.93861389160156,0.0,-21.333724975585938
3.3,207.0,0.8888888888888888,-7.480122358902641,5.532306910319529,-22.220827102661133,0.0,-6.389836311340332
2.87875,180.0,0.8833333333333333,-12.0315897239829,5.317068235247476,-17.367916107177734,0.0,-14.781902313232422
3.92,246.0,0.8902439024390244,-14.173422155859264,7.796178997905225,-28.6435546875,0.0,-12.153339385986328
8.0599375,504.0,0.8968253968253969,-13.431367924783082,9.53006588530391,-28.963865280151367,0.0,-9.647847175598145
1.36,86.0,0.8953488372093024,-12.249112513158227,5.968107547555534,-21.112518310546875,0.0,-14.396980285644531
5.6899375,356.0,0.8904494382022472,-13.062728262098052,8.339414053622496,-33.677677154541016,0.0,-10.198200225830078
4.09,256.0,0.8984375,-10.304239123800526,6.006380044345784,-23.976184844970703,0.0,-8.582548141479492
4.5299375,284.0,0.8943661971830986,-15.557901893075057,8.44959388407782,-24.073078155517575,0.0,-20.139183044433597
3.2799375,205.0,0.8731707317073171,-16.91138644724585,7.331979634779106,-27.067127227783203,0.0,-17.481090545654297
4.43,277.0,0.8989169675090253,-10.886053767070234,7.958296289012929,-24.0355224609375,0.0,-8.548961639404297
1.68,106.0,0.8867924528301887,-7.848668402813851,6.515365779381064,-22.499420166015625,0.0,-5.607021331787109
20.51225,1283.0,0.8924395946999221,-23.25016240115769,8.143195936159747,-32.397804260253906,0.0,-25.627906799316406
3.8141875,239.0,0.8828451882845189,-21.88671648106869,8.170704718614981,-28.470308303833008,0.0,-25.2351016998291
4.91,307.0,0.8925081433224755,-10.951939332224155,7.568100111777576,-29.268186569213867,0.0,-8.20564079284668
1.3499375,85.0,0.8941176470588236,-5.061323015313399,2.056744796946877,-8.138713836669922,0.0,-5.7276153564453125
3.8894375,244.0,0.8975409836065574,-12.586574223487888,7.961896245775616,-31.21971893310547,0.0,-10.823223114013672
4.9825,312.0,0.8974358974358975,-9.340789808545791,4.323921082198263,-17.80205535888672,0.0,-9.779500961303713
5.4831875,343.0,0.8979591836734694,-11.875813589467633,7.2470147338641695,-21.134639739990234,0.0,-12.425613403320312
1.15,72.0,0.8888888888888888,-8.195349514484406,3.8293416567409615,-11.587223052978516,0.0,-10.379922866821287
5.1299375,321.0,0.8909657320872274,-8.981959002834934,5.521318897633001,-19.54108428955078,0.0,-7.191164016723633
13.706625,857.0,0.8996499416569428,-12.644604459037732,7.057679873149937,-27.71055603027344,0.0,-12.145687103271484
2.14,134.0,0.8731343283582089,-7.145869687072232,5.8331858094433455,-23.91487693786621,0.0,-6.050447463989258
3.75,235.0,0.8893617021276595,-19.059819326446387,9.948874506365277,-29.782127380371094,0.0,-23.67933654785156
4.602625,288.0,0.8993055555555556,-15.936129544232342,9.683958204597234,-35.05777359008789,0.0,-14.967445373535156
2.4399375,153.0,0.8954248366013072,-3.5494785448060417,2.061923101872244,-8.134212493896484,0.0,-3.523719787597656
3.3284375,209.0,0.8947368421052632,-9.696198366542552,3.8306508931332495,-13.458545684814451,0.0,-11.566207885742188
5.189375,325.0,0.8984615384615384,-10.54789292975648,6.059720267748099,-23.518234252929688,0.0,-10.577411651611328
5.1899375,325.0,0.8923076923076924,-11.761936766525794,8.341740789590224,-28.76401901245117,0.0,-8.892936706542969
14.9609375,936.0,0.8899572649572649,-11.059489132261792,4.768758351485888,-17.347991943359375,0.0,-11.35305404663086
6.635375,415.0,0.891566265060241,-14.041205431963949,8.60437035298791,-30.13030433654785,0.0,-12.59588623046875
1.801625,113.0,0.8849557522123894,-24.94753910064697,10.31898268929944,-32.52488708496094,0.0,-29.96763229370117
7.7183125,483.0,0.8964803312629399,-20.85954947174284,12.14797097297248,-38.612152099609375,0.0,-17.757787704467773
5.5799375,349.0,0.8997134670487106,-14.52509861842842,7.869244006711045,-22.182811737060547,0.0,-19.444095611572266
1.86,117.0,0.8974358974358975,-7.293394125075567,4.676338445794967,-16.645837783813477,0.0,-6.386453628540039
2.1180625,133.0,0.8872180451127819,-18.93212492991302,10.153731039567008,-30.240196228027344,0.0,-24.927085876464844
3.2899375,206.0,0.8980582524271845,-13.895645079741607,7.06530285591834,-29.94014549255371,0.0,-12.277132034301758
2.745625,172.0,0.872093023255814,-21.798558769226076,14.04573556940814,-35.636940002441406,0.0,-31.494159698486328
3.0,188.0,0.8829787234042553,-16.24704979126712,9.85621810190054,-30.72930145263672,0.0,-14.758886337280272
6.4099375,401.0,0.8977556109725686,-15.043013106452094,7.774694342507374,-25.00060272216797,0.0,-14.269882202148438
4.3199375,270.0,0.9,-7.84526630291723,4.392710905589077,-18.04576110839844,0.0,-7.365192413330078
13.615,851.0,0.6874265569917744,-19.95349301232232,10.642593302765968,-39.90757751464844,0.0,-19.278770446777344
6.6999375,419.0,0.8949880668257757,-15.309072682698568,9.063493064332102,-30.450706481933597,0.0,-13.129783630371094
2.6899375,169.0,0.8994082840236687,-12.113139428590474,11.831637928585026,-31.07069396972656,0.0,-5.495478630065918
2.1599375,135.0,0.8962962962962963,-8.959469755819022,5.974560390801257,-20.86019325256348,0.0,-8.032369613647461
8.2959375,519.0,0.8921001926782274,-6.611070146828439,4.181357600251055,-21.61552047729492,0.0,-5.499456405639648
1.5099375,95.0,0.8736842105263158,-12.948825330619352,7.178895125816483,-19.353965759277344,0.0,-17.56295394897461
7.27,455.0,0.8989010989010989,-14.668111085308793,7.088002105207417,-27.648286819458008,0.0,-14.187108993530272
7.9119375,495.0,0.8828282828282829,-20.31759973521636,10.04176022164056,-34.51448059082031,0.0,-20.267534255981445
2.7099375,170.0,0.9,-13.906058168099596,8.434121590734101,-34.27293014526367,0.0,-11.639118194580078
3.3613125,211.0,0.8815165876777251,-16.994079292461436,9.930554801358712,-29.638322830200195,0.0,-16.6195068359375
11.1970625,700.0,0.8871428571428571,-15.791409865669582,8.177979813171822,-24.432601928710938,0.0,-18.739974975585938
2.55,160.0,0.8875,-12.196531645009216,8.099816060155783,-21.87459945678711,0.0,-10.321239471435549
3.3959375,213.0,0.8967136150234741,-9.664323417304074,4.833068979565651,-21.86185073852539,0.0,-8.662555694580078
5.0599375,317.0,0.8990536277602523,-13.92615582650168,10.218941540990553,-33.03108215332031,0.0,-10.970172882080078
6.55,410.0,0.9,-7.391553067256441,3.83182324268588,-18.80383682250977,0.0,-6.772796630859375
1.8,113.0,0.8938053097345132,-12.297457628911085,6.915385015682279,-18.687721252441406,0.0,-16.77181625366211
3.9459375,247.0,0.8906882591093117,-12.978512009707364,8.728567217207743,-27.453937530517575,0.0,-10.634342193603516
3.74,234.0,0.8931623931623932,-11.16816596437299,7.603632115726904,-28.334789276123047,0.0,-10.350826263427734
2.3799375,149.0,0.8859060402684564,-20.161378994132534,8.98598200371175,-33.09498977661133,0.0,-21.48771476745605
2.31,145.0,0.8689655172413793,-10.709287416367305,7.116667982078746,-25.58291244506836,0.0,-7.488923072814941
3.6499375,229.0,0.8995633187772926,-8.364688058501308,6.369052651003991,-34.88444137573242,0.0,-6.799196243286133
1.0799375,68.0,0.8970588235294118,-10.747533204125576,5.346467243141176,-17.463043212890625,0.0,-11.92353057861328
8.2,513.0,0.898635477582846,-18.601528455275,9.56400512417896,-39.26669692993164,0.0,-17.051929473876953
2.66,167.0,0.8982035928143712,-15.702992299397788,7.041177990817136,-22.63631629943848,0.0,-18.88875770568848
1.31,82.0,0.5365853658536586,-19.66155353459445,14.268776689523367,-39.72539520263672,0.0,-19.478550910949707
2.5683125,161.0,0.8881987577639752,-19.00029251792214,8.089617275503125,-28.086055755615234,0.0,-20.522846221923828
1.4099375,89.0,0.8876404494382022,-11.579351883900316,6.082389109255296,-18.398658752441406,0.0,-14.27334976196289
3.1099375,195.0,0.7076923076923077,-13.028206068536509,10.536653810399164,-39.737606048583984,0.0,-9.976045608520508
1.71,107.0,0.897196261682243,-9.74327278137207,8.4910200207771,-28.74723052978516,0.0,-7.12522029876709
3.79,237.0,0.8987341772151899,-12.326921758517411,6.930099708160611,-32.682861328125,0.0,-12.394058227539062
9.1238125,571.0,0.8949211908931699,-20.611462471769748,10.910803208304875,-38.67603302001953,0.0,-19.10370635986328
8.92,558.0,0.899641577060932,-14.669852340363889,10.523079310569262,-38.37728118896485,0.0,-11.130473136901855
2.31,145.0,0.896551724137931,-13.50383346264179,8.011476928879839,-28.372562408447266,0.0,-14.094208717346191
4.05,254.0,0.8976377952755905,-11.329187635789838,6.95239192918377,-27.536029815673828,0.0,-10.040252685546877
5.4,338.0,0.8875739644970414,-19.223213246663413,10.230932583135232,-31.101621627807617,0.0,-20.90155601501465
2.80475,176.0,0.8977272727272727,-15.529671258564235,8.226961331527617,-23.347124099731445,0.0,-20.37526130676269
3.1155,195.0,0.8871794871794871,-13.69868368909538,8.70387567837987,-25.20826911926269,0.0,-12.318628311157228
7.8799375,493.0,0.8985801217038539,-13.698727243909987,6.205858250794895,-30.591724395751957,0.0,-12.631744384765623
2.9599375,185.0,0.8972972972972973,-10.354072800601822,7.619109117176008,-31.424325942993164,0.0,-8.29705810546875
9.5299375,596.0,0.8959731543624161,-16.467820067530713,9.193931448098985,-29.6821403503418,0.0,-14.98398208618164
5.5035,344.0,0.8982558139534884,-10.31492920292234,8.490945634982312,-27.039066314697266,0.0,-6.743186950683594
6.0289375,377.0,0.896551724137931,-15.74392476730798,6.622919746566049,-22.482044219970703,0.0,-17.724382400512695
1.6599375,104.0,0.8653846153846154,-18.028594515058728,12.273610888607426,-35.79889678955078,0.0,-16.894577026367188
6.4499375,404.0,0.8910891089108911,-13.76650030877855,9.995337336417537,-29.211750030517575,0.0,-13.081756591796877
3.4699375,217.0,0.8986175115207373,-9.802088047907905,5.858674506114111,-25.6389102935791,0.0,-7.854410171508789
1.0399375,65.0,0.8923076923076924,-16.307808448528423,7.696264913140311,-22.88409423828125,0.0,-19.766189575195312
1.4449375,91.0,0.9010989010989012,-12.24903207871972,10.04537022730603,-31.463274002075195,0.0,-9.87267017364502
1.9599375,123.0,0.8943089430894309,-5.893821404196999,3.6999847060547935,-12.860389709472656,0.0,-5.06098747253418
1.62,102.0,0.8725490196078431,-15.355393549029747,11.490686910695374,-39.31579208374024,0.0,-13.199090957641602
1.5618125,98.0,0.8979591836734694,-11.18028974533081,7.9215759879031316,-23.121601104736328,0.0,-9.422517776489258
4.3199375,270.0,0.9,-11.175153324142896,6.909829598290793,-30.99102783203125,0.0,-9.737197875976562
1.09,69.0,0.8695652173913043,-20.83283898035685,11.167825961791198,-31.815114974975582,0.0,-24.97330665588379
3.5910625,225.0,0.8977777777777778,-16.334152608814804,8.50967992137149,-26.15719985961914,0.0,-15.716804504394531
6.62025,414.0,0.8888888888888888,-26.04669434091319,10.544838519020225,-36.33960723876953,0.0,-31.887420654296875
5.0199375,314.0,0.8980891719745223,-18.9719482651839,11.24903930879012,-38.3794059753418,0.0,-15.798345565795898
1.72,108.0,0.8981481481481481,-15.928215262816124,10.290950593241163,-27.205921173095703,0.0,-21.47480010986328
3.28,206.0,0.8786407766990292,-11.956406419448433,8.374841573909439,-25.37978744506836,0.0,-8.43597412109375
5.653375,354.0,0.8954802259887006,-15.107657880813166,9.624180818063644,-28.43963050842285,0.0,-13.990976333618164
2.3499375,147.0,0.8979591836734694,-15.559117938532976,10.217746975579276,-27.463191986083984,0.0,-15.874073028564451
9.0078125,563.0,0.8969804618117229,-13.215552199713075,8.56003220315967,-32.69021224975586,0.0,-10.62637710571289
10.28025,643.0,0.895800933125972,-18.70561594102118,8.35815237558693,-26.460094451904297,0.0,-24.20446014404297
2.4699375,155.0,0.896774193548387,-15.566044965236308,10.79885375040608,-30.47079467773437,0.0,-13.268856048583984
6.4,401.0,0.9002493765586035,-12.301586896098552,7.719870770609592,-29.42814826965332,0.0,-10.897504806518556
5.7799375,362.0,0.8922651933701657,-13.809780817651896,7.494163383004992,-30.435714721679688,0.0,-13.093254089355469
2.5299375,159.0,0.89937106918239,-12.644045903132511,5.435916413587888,-26.325794219970703,0.0,-13.018112182617188
3.3499375,210.0,0.8809523809523809,-14.402214761682458,9.052370225214236,-26.06993103027344,0.0,-13.07366943359375
2.4199375,152.0,0.8947368421052632,-11.550465359407312,7.2268573922618655,-25.494956970214844,0.0,-11.33408546447754
6.3105,395.0,0.8987341772151899,-10.521851085609114,5.380249305915014,-21.31662368774414,0.0,-10.46463394165039
1.3899375,87.0,0.896551724137931,-12.336855912819887,7.212509184230339,-19.88563537597656,0.0,-16.446699142456055
1.79,112.0,0.8928571428571429,-11.900674953460694,9.846651921555404,-28.908870697021484,0.0,-8.503080368041992
2.17,136.0,0.8970588235294118,-14.928865010621118,8.806303413316744,-24.23747444152832,0.0,-20.70445251464844
2.0524375,129.0,0.8992248062015504,-12.933463984522326,8.417271647194646,-29.71628189086914,0.0,-10.733766555786133
9.5099375,595.0,0.8789915966386554,-20.74207491537353,11.266610349401956,-39.92734909057617,0.0,-17.65927505493164
6.2899375,394.0,0.8959390862944162,-13.244855683518535,8.883794131888628,-34.80298614501953,0.0,-11.315750122070312
4.9899375,312.0,0.8974358974358975,-15.224524416242328,7.1596367382229,-24.018970489501957,0.0,-16.96024513244629
2.36525,148.0,0.8783783783783784,-17.077612744844878,5.155126365383727,-20.32821273803711,0.0,-19.018287658691406
3.005625,188.0,0.8617021276595744,-15.531569563312296,5.821663405713346,-20.397571563720703,0.0,-18.49811363220215
2.5,157.0,0.8980891719745223,-14.64183404259648,9.13275414872231,-23.832489013671875,0.0,-21.13665771484375
7.7195,483.0,0.8985507246376812,-13.94085991767145,7.097285406070627,-30.21538734436035,0.0,-13.731233596801758
4.8,301.0,0.9003322259136213,-11.56414587999182,8.156810799723807,-25.144500732421875,0.0,-7.8432464599609375
5.31,332.0,0.8975903614457831,-8.058374212892264,5.6036325725215175,-23.336374282836918,0.0,-7.600093841552734
1.8399375,115.0,0.8956521739130435,-5.787192224298866,4.564260686993545,-20.038623809814453,0.0,-4.761674880981445
1.8799375,118.0,0.8813559322033898,-8.537917338884794,6.153789453950123,-22.904525756835938,0.0,-7.45396614074707
2.0299375,127.0,0.8582677165354331,-16.23806556211699,10.45790933512336,-35.718841552734375,0.0,-15.21457862854004
4.27,267.0,0.8913857677902621,-11.992898780758642,8.267434692782652,-29.234054565429688,0.0,-11.10169792175293
2.403625,151.0,0.9006622516556292,-17.755724612404318,6.175543504320142,-21.857139587402344,0.0,-20.440614700317383
3.1724375,199.0,0.8844221105527639,-12.709450580857016,6.257974944516259,-20.799413681030277,0.0,-12.070058822631836
10.5099375,657.0,0.898021308980213,-10.69811565269858,5.66298787627157,-26.976621627807617,0.0,-9.71811866760254
4.4375,278.0,0.8992805755395683,-14.199444061279296,4.910337054486684,-21.80653381347656,0.0,-15.24815559387207
12.1753125,761.0,0.8948751642575559,-15.167213353116432,7.260633942451816,-27.206737518310547,0.0,-14.007694244384766
1.8866875,118.0,0.8983050847457628,-11.099582582149866,8.623178882200063,-24.630577087402344,0.0,-7.665218353271484
6.8223125,427.0,0.8992974238875878,-19.999131093422573,6.694382799647337,-32.040313720703125,0.0,-19.887733459472656
2.9499375,185.0,0.8918918918918919,-13.567173165986032,10.544733479700136,-35.981903076171875,0.0,-9.95696258544922
2.1924375,138.0,0.855072463768116,-20.45264598070565,11.582081382129717,-39.78668212890625,0.0,-19.460494995117188
3.73,234.0,0.8888888888888888,-18.231589170602653,9.2216901768354,-32.19176483154297,0.0,-19.540433883666992
2.79,175.0,0.8971428571428571,-15.956128478809529,6.774228511633131,-21.17449951171875,0.0,-19.745262145996094
7.3799375,462.0,0.8982683982683982,-16.79143307467541,7.771295311009319,-31.79728507995605,0.0,-16.890539169311523
1.8,113.0,0.8761061946902655,-11.50457648074988,4.503513816791636,-15.839153289794922,0.0,-13.23688507080078
2.73,171.0,0.9005847953216374,-8.68915336163013,6.033186565154888,-21.806873321533203,0.0,-7.776357650756836
6.710125,420.0,0.8928571428571429,-20.836437886555988,9.246244572264532,-28.877906799316406,0.0,-26.265270233154297
2.2199375,139.0,0.8992805755395683,-11.172391021728515,5.880618642574092,-17.396724700927734,0.0,-14.304435729980469
1.18,74.0,0.8918918918918919,-23.49351319399747,12.38681489002728,-37.6743392944336,0.0,-24.711299896240234
6.0825,381.0,0.8818897637795275,-25.48099296433585,10.162666675382038,-39.98439407348633,0.0,-24.14051055908203
2.885,181.0,0.9005524861878453,-13.762440570293029,6.167549805008615,-21.974971771240234,0.0,-13.836124420166016
2.58375,162.0,0.8950617283950617,-11.282150005472117,4.957665389424743,-20.70868682861328,0.0,-10.403675079345703
4.23,265.0,0.8981132075471698,-15.572644325865417,9.127180183668257,-36.40809631347656,0.0,-15.357248306274414
2.7099375,170.0,0.8941176470588236,-16.85112862837942,11.63198456502108,-38.033241271972656,0.0,-12.058012008666992
7.2,451.0,0.9002217294900222,-15.30683609065164,8.564024053547735,-32.728065490722656,0.0,-16.2082576751709
8.3739375,524.0,0.898854961832061,-7.203707004555218,3.4748951398442607,-16.68868637084961,0.0,-6.5735931396484375
2.2675,142.0,0.8943661971830986,-16.373696229589267,8.001363029068857,-27.7915153503418,0.0,-16.86748504638672
6.3774375,399.0,0.8947368421052632,-12.67269630859546,7.18604397951562,-26.29708671569824,0.0,-11.360002517700195
13.3199375,833.0,0.8955582232893158,-19.99523992512885,10.379422987981302,-30.447906494140625,0.0,-26.84199905395508
2.5100625,157.0,0.89171974522293,-18.069874491010392,7.971294683415973,-24.919734954833984,0.0,-22.406784057617188
1.28,81.0,0.8888888888888888,-17.079014036390518,7.427336470317995,-22.99115753173828,0.0,-21.32451629638672
1.6245625,102.0,0.8921568627450981,-18.79947419218965,10.186126583726448,-32.23361587524414,0.0,-20.66875457763672
9.3499375,585.0,0.8940170940170941,-15.713779609928167,6.097345031672718,-22.28731155395508,0.0,-18.78388977050781
5.67,355.0,0.8985915492957747,-14.606951164975062,7.9327141763290205,-36.26011276245117,0.0,-14.042972564697266
3.99,250.0,0.9,-12.53122585720486,9.406139421416835,-28.3190860748291,0.0,-7.593652725219727
2.9399375,184.0,0.8967391304347826,-5.439269036957712,2.8775620475098265,-12.273040771484377,0.0,-5.452445983886719
2.9499375,185.0,0.8972972972972973,-15.347161752631866,7.660312208066478,-22.73008728027344,0.0,-20.84246635437012
1.049125,66.0,0.8787878787878788,-7.809984272923963,4.372053829772944,-12.817008972167969,0.0,-10.275135040283203
1.8199375,114.0,0.8947368421052632,-9.151151395311542,5.991003082810525,-17.86406707763672,0.0,-7.438899993896484
3.33,209.0,0.8995215311004785,-14.2636396428372,9.944785596710265,-26.32632064819336,0.0,-15.707717895507812
3.1541875,198.0,0.8888888888888888,-12.477781198241496,10.373257415422788,-32.81845474243164,0.0,-7.0354766845703125
4.28,268.0,0.8992537313432836,-10.95323940926073,8.044681021172805,-32.274147033691406,0.0,-7.454463958740234
1.2649375,80.0,0.875,-4.0879050118582585,1.8182581812862095,-6.297760009765625,0.0,-4.316764831542969
2.3244375,146.0,0.8904109589041096,-8.250571793776292,3.2546284877885165,-10.67926788330078,0.0,-9.801076889038086
2.4499375,154.0,0.8896103896103896,-10.179356749040368,7.761121038987842,-31.798316955566406,0.0,-8.326536178588867
1.14,72.0,0.6944444444444444,-20.17086826324463,11.380873492528147,-39.849609375,0.0,-23.17412567138672
2.2199375,139.0,0.8992805755395683,-9.979560897827149,5.804329275193641,-22.92361640930176,0.0,-9.41761589050293
12.07975,755.0,0.8966887417218543,-14.696273482532586,8.752434720210488,-26.551074981689453,0.0,-12.740158081054688
3.8266875,240.0,0.9,-14.36166422455399,4.411831346143935,-18.133617401123047,0.0,-16.510723114013672
11.5045,720.0,0.8944444444444445,-16.50607295065933,8.38487505536108,-32.96245574951172,0.0,-15.018705368041992
2.0399375,128.0,0.8984375,-9.551645876013714,6.366636373528812,-22.370847702026367,0.0,-9.583295822143556
1.85,116.0,0.896551724137931,-15.203562351373526,9.87197156212876,-30.70960235595703,0.0,-13.880084991455078
12.805,801.0,0.8963795255930087,-16.861575615439243,8.54479967985231,-39.98896026611328,0.0,-14.943121910095217
6.40975,401.0,0.885286783042394,-10.373483254875936,6.82773706850626,-28.12679100036621,0.0,-8.608430862426758
7.625,477.0,0.8511530398322851,-17.04454116868268,8.963148331993612,-39.86249542236328,0.0,-15.96796989440918
7.2399375,453.0,0.8940397350993378,-16.288496474277824,8.548333627267922,-28.17100524902344,0.0,-14.427490234375
8.150625,510.0,0.9,-13.19394647685531,9.866862858688554,-33.27599334716797,0.0,-10.131092071533203
2.3199375,145.0,0.896551724137931,-9.83205520923321,4.589500352927126,-18.779449462890625,0.0,-9.387524604797363
1.4799375,93.0,0.8817204301075269,-10.29989156490419,6.855197143127671,-22.310556411743164,0.0,-10.294818878173828
3.5481875,222.0,0.8963963963963963,-6.801031371456894,3.4002208922836146,-12.844009399414062,0.0,-6.770425796508789
2.2899375,144.0,0.8958333333333334,-16.85876133645228,10.909875445858946,-28.63586807250977,0.0,-19.111682891845703
2.46,154.0,0.8896103896103896,-8.737508063768818,6.891120269717431,-22.40848159790039,0.0,-6.481250762939453
3.6399375,228.0,0.8991228070175439,-8.916187909754312,4.194507142782451,-20.04989051818848,0.0,-8.52903938293457
1.34,84.0,0.8928571428571429,-7.3030570729573565,4.30468567922588,-14.889762878417969,0.0,-7.483982086181641
3.7609375,236.0,0.8983050847457628,-14.375832836582976,8.37238763411552,-34.02470397949219,0.0,-13.023895263671877
2.3115625,145.0,0.896551724137931,-7.42861328125,3.1443930637432325,-10.59210968017578,0.0,-9.106687545776367
7.1199375,445.0,0.898876404494382,-11.681228895187378,5.887729875594218,-24.25386047363281,0.0,-11.221128463745115
4.4500625,279.0,0.8924731182795699,-11.745720905472476,5.144462265823924,-16.70915985107422,0.0,-14.71762466430664
5.8199375,364.0,0.8983516483516484,-12.772769268864156,4.740734435273949,-21.082618713378903,0.0,-13.187921524047852
11.2356875,703.0,0.8975817923186344,-17.68378146212377,11.939186266900574,-38.05728912353516,0.0,-12.36332893371582
5.15125,322.0,0.8913043478260869,-11.781691773843267,8.27137880081819,-26.213512420654297,0.0,-8.5888671875
7.6664375,480.0,0.8979166666666667,-12.149844070045134,8.818138198059241,-28.91075134277344,0.0,-10.038963317871094
2.1599375,135.0,0.8962962962962963,-9.222047080678388,5.138137789959227,-18.724681854248047,0.0,-8.18050765991211
1.49,94.0,0.8936170212765957,-21.624458471934,11.628761415698431,-36.67847442626953,0.0,-24.464229583740234
3.9499375,247.0,0.8906882591093117,-13.445941014723344,8.79026863750737,-31.568458557128903,0.0,-10.744962692260742
3.211625,201.0,0.8855721393034826,-16.89867793308215,6.321453602215649,-21.052396774291992,0.0,-19.86767578125
7.9399375,497.0,0.89738430583501,-12.652165973133036,9.327808666206172,-36.11540985107422,0.0,-9.496490478515623
1.6499375,104.0,0.8942307692307693,-12.31375958842616,5.299558123006086,-16.655319213867188,0.0,-14.736434936523438
4.07,255.0,0.8862745098039215,-11.38987816329551,5.602793755422741,-29.06750869750977,0.0,-11.20207405090332
1.7599375,110.0,0.9,-7.89591284472533,4.49864961489808,-16.923480987548828,0.0,-7.8794403076171875
6.1299375,384.0,0.8932291666666666,-22.279054780743213,10.075176216181116,-32.17195129394531,0.0,-28.457141876220703
5.25,329.0,0.8936170212765957,-15.76929962391756,10.060873568280892,-31.186235427856445,0.0,-12.442630767822266
8.25,516.0,0.8992248062015504,-12.136568657283124,6.767694233213707,-31.443552017211918,0.0,-11.470748901367188
2.003,126.0,0.8968253968253969,-9.127704620361328,4.089234399680596,-13.129966735839844,0.0,-11.23261260986328
1.66,104.0,0.8942307692307693,-8.506244044150076,6.018586983779136,-18.35828971862793,0.0,-6.36152458190918
2.0324375,128.0,0.890625,-13.472355625085664,5.14450025834539,-18.130943298339844,0.0,-16.084096908569336
4.56,286.0,0.8986013986013986,-11.346350154060334,5.6304690828153126,-29.210468292236328,0.0,-10.648204803466797
3.464875,217.0,0.8894009216589862,-13.432517807718384,9.183402011521292,-35.682373046875,0.0,-11.794048309326172
2.3961875,150.0,0.9,-16.60723789356373,8.167836883396538,-23.54062271118164,0.0,-21.597660064697266
6.8501875,429.0,0.8951048951048951,-15.04397917787234,7.1816254626620415,-23.130062103271484,0.0,-15.969366073608398
3.72,233.0,0.8068669527896996,-17.566954475768068,11.25194605909657,-39.6236457824707,0.0,-17.02220916748047
2.2766875,143.0,0.8951048951048951,-18.3429606705904,9.868518470994935,-27.43318748474121,0.0,-25.52714157104492
6.8235,427.0,0.8969555035128806,-15.284153861103109,9.050984214059907,-28.59482192993164,0.0,-13.234466552734377
6.308,395.0,0.8911392405063291,-11.893471826206554,6.11575241943442,-19.362831115722656,0.0,-13.387216567993164
1.2599375,79.0,0.8607594936708861,-16.702679998734418,10.805020918770452,-31.771141052246094,0.0,-18.420766830444336
6.09,381.0,0.9002624671916011,-11.080229194796814,8.883837722990835,-28.801414489746094,0.0,-7.567150115966797
6.317,395.0,0.8987341772151899,-13.23059994334906,5.209842537688052,-26.235679626464844,0.0,-13.16353988647461
3.37,211.0,0.9004739336492891,-9.960645595349764,5.322856707029037,-26.020885467529297,0.0,-9.0882568359375
2.3199375,145.0,0.896551724137931,-9.696553597083458,7.53933186213968,-23.571245193481445,0.0,-7.024194717407227
3.392625,213.0,0.892018779342723,-7.498547554016113,4.152521683448058,-15.111501693725586,0.0,-6.983222961425781
4.4099375,276.0,0.8985507246376812,-14.34393444368916,6.866735168712963,-25.659988403320312,0.0,-14.541851043701172
3.68,231.0,0.8917748917748918,-11.894444419342337,9.203829257416324,-34.015235900878906,0.0,-8.9921236038208
3.5299375,221.0,0.8914027149321267,-15.730783811075431,6.94403801918589,-28.15214157104492,0.0,-13.557419776916504
5.33175,334.0,0.8982035928143712,-11.727629521687826,6.007986720210618,-26.787494659423828,0.0,-11.780557632446287
3.4485625,216.0,0.8842592592592593,-16.761743735268478,6.747713287474688,-21.7041130065918,0.0,-20.430259704589844
4.36,273.0,0.8974358974358975,-10.691713418765945,5.1046839134456095,-19.352954864501957,0.0,-10.122081756591797
9.2275,577.0,0.8474870017331022,-18.439802369700864,10.626624683951508,-39.83514022827149,0.0,-16.291820526123047
1.8028125,113.0,0.8761061946902655,-8.315797786519985,8.15222721741145,-26.48665428161621,0.0,-4.661134719848633
4.87,305.0,0.898360655737705,-13.381793989752332,7.000299826135707,-29.61756134033203,0.0,-12.90245246887207
6.283375,393.0,0.8956743002544529,-19.128835103728555,8.466630552551917,-29.92789459228516,0.0,-20.80342674255371
1.4699375,92.0,0.8913043478260869,-3.782794696528737,3.498429540061956,-14.487958908081056,0.0,-2.990963935852051
1.4699375,92.0,0.8913043478260869,-8.222989338200266,5.668460359470922,-17.319965362548828,0.0,-6.165788650512695
1.807125,113.0,0.8672566371681416,-17.056887685036173,8.507277458198947,-25.203353881835938,0.0,-21.99396705627441
12.31,770.0,0.8974025974025974,-12.884485098456508,6.669189238278612,-22.93670654296875,0.0,-12.279460906982422
6.5375,409.0,0.8924205378973105,-11.896252765394236,5.420812341649282,-23.1176872253418,0.0,-11.56316375732422
4.7120625,295.0,0.8915254237288136,-13.992249920341,12.359594884560677,-34.81900787353516,0.0,-7.475259780883789
4.67,292.0,0.8972602739726028,-11.731550624352376,8.010030417541547,-30.025287628173828,0.0,-8.86416244506836
6.4256875,402.0,0.8980099502487562,-11.070411005839086,5.118659319699307,-19.956178665161133,0.0,-11.468816757202148
4.2253125,265.0,0.8905660377358491,-12.193031262543242,9.170665519426162,-35.99467468261719,0.0,-8.235737800598145
4.21975,264.0,0.875,-12.70651555577398,7.853533027160909,-23.94575500488281,0.0,-10.446590423583984
2.3799375,149.0,0.8993288590604027,-9.798897444312251,4.093034663399991,-19.71109771728516,0.0,-9.543463706970217
8.25,516.0,0.8992248062015504,-12.703637575281077,8.929119827449,-35.665958404541016,0.0,-9.755623817443848
2.5775,162.0,0.8950617283950617,-13.297831410375135,7.449949285279158,-22.48740768432617,0.0,-11.91684341430664
3.007125,188.0,0.8776595744680851,-14.76573467832623,7.7556810355074175,-22.52835464477539,0.0,-19.07417678833008
1.15,72.0,0.8888888888888888,-9.0984006524086,4.063681452192944,-12.622615814208984,0.0,-11.506507873535156
4.0450625,253.0,0.7944664031620553,-16.8742572822381,8.841399966933995,-38.96849822998047,0.0,-14.28940773010254
10.4255625,652.0,0.8849693251533742,-15.972986951857754,7.84342875967139,-25.05077362060547,0.0,-18.12753677368164
2.33,146.0,0.8904109589041096,-16.911417858417217,6.656555387408982,-21.870162963867188,0.0,-20.18170928955078
10.0099375,626.0,0.8977635782747604,-15.215126071536243,9.75954391714496,-30.378366470336918,0.0,-10.904415130615234
5.861875,367.0,0.8828337874659401,-13.501100204609058,7.685979408910313,-37.537742614746094,0.0,-12.009247779846191
6.702125,419.0,0.8949880668257757,-16.57647097269694,10.22303793509218,-29.307111740112305,0.0,-15.728845596313477
1.395,88.0,0.875,-8.321519430581626,4.721627214903936,-16.40231704711914,0.0,-8.222118377685547
4.676625,293.0,0.89419795221843,-21.353955611017824,7.037707762514353,-28.035669326782227,0.0,-24.482500076293945
1.6499375,104.0,0.8942307692307693,-12.883914865473264,10.016865007036037,-28.697586059570312,0.0,-10.254329681396484
3.1299375,196.0,0.8775510204081632,-16.068566765896108,9.078429471091535,-29.3477840423584,0.0,-13.749202728271484
3.90075,244.0,0.8811475409836066,-14.249113162728245,9.010640549564751,-29.580060958862305,0.0,-12.140783309936523
4.0199375,252.0,0.8968253968253969,-14.322661788062712,10.071926236311027,-32.3317756652832,0.0,-11.909740447998049
4.6424375,291.0,0.8969072164948454,-10.792454197032242,6.383341886025201,-21.181072235107425,0.0,-9.649425506591797
1.8901875,119.0,0.8907563025210085,-5.251448001501696,2.2657041886380656,-7.442413330078125,0.0,-6.170434951782227
7.6401875,478.0,0.899581589958159,-8.062331137546273,5.138882273206675,-22.684965133666992,0.0,-6.869400024414063
3.079875,193.0,0.8860103626943006,-17.672322289985523,7.769100397377517,-39.58730697631836,0.0,-17.658958435058594
1.55,97.0,0.8969072164948454,-11.29915121231956,7.980091077319217,-27.15415382385254,0.0,-12.92426872253418
1.4799375,93.0,0.8924731182795699,-18.44374914054411,12.19550090937974,-30.821327209472656,0.0,-23.96422576904297
5.5249375,346.0,0.8988439306358381,-9.367231074636772,4.554601086755954,-17.46480941772461,0.0,-9.757080078125
5.54,347.0,0.8933717579250721,-10.211632464008948,8.405834597042624,-29.14443588256836,0.0,-7.950229644775391
2.9599375,185.0,0.8918918918918919,-10.98171501159668,7.950489147461139,-28.191627502441406,0.0,-9.214384078979492
3.4199375,214.0,0.897196261682243,-13.567769775787989,10.261931155076,-34.18840789794922,0.0,-9.868412017822266
4.1599375,260.0,0.8884615384615384,-9.306505789488424,6.7430889032968615,-24.42631149291992,0.0,-7.5391845703125
1.7099375,107.0,0.897196261682243,-14.87933393319448,5.5869504019397125,-18.883811950683597,0.0,-17.41883087158203
3.736125,234.0,0.8931623931623932,-21.82616975775176,8.630654961655372,-29.96910858154297,0.0,-26.707149505615234
3.8113125,239.0,0.899581589958159,-17.323934102612874,7.230465578700879,-23.02701187133789,0.0,-21.46830368041992
3.2321875,203.0,0.896551724137931,-7.944869114802434,4.553185123659962,-20.76067543029785,0.0,-6.996822357177734
2.61,164.0,0.8902439024390244,-15.690630063618698,8.087437021462835,-22.64878845214844,0.0,-20.515625
4.09,256.0,0.8984375,-10.830583655315897,6.52475588805622,-20.49320602416992,0.0,-9.134195327758787
1.703375,107.0,0.897196261682243,-6.686962227026622,4.326167252383129,-14.20587158203125,0.0,-7.091314315795898
7.17,449.0,0.8975501113585747,-13.845951459543876,10.486694015460348,-37.71399688720703,0.0,-11.56605339050293
2.2924375,144.0,0.8888888888888888,-10.625854820013046,4.14864960368121,-14.696647644042969,0.0,-12.87896728515625
1.1,69.0,0.8985507246376812,-10.386043179419731,8.50797861781005,-22.662254333496094,0.0,-6.897695541381836
7.3483125,460.0,0.9,-14.672927225269556,9.377033986719304,-36.9128532409668,0.0,-11.594083786010742
9.1073125,570.0,0.9,-11.688427075540346,5.614680164047123,-22.067771911621094,0.0,-11.65707015991211
1.1275,71.0,0.8732394366197183,-13.025952923682429,7.560824734413762,-24.641115188598636,0.0,-12.880184173583984
4.741625,297.0,0.8956228956228957,-9.028653618088342,4.297290047863167,-17.770877838134766,0.0,-8.996402740478516
2.3201875,146.0,0.8972602739726028,-12.80873634979015,6.9325579362349234,-19.7042236328125,0.0,-17.3946533203125
6.5774375,412.0,0.8859223300970874,-18.360263406413875,8.989753364405916,-31.03173828125,0.0,-16.781665802001953
7.3499375,460.0,0.8978260869565218,-12.647969996380748,7.960228370615498,-26.011165618896484,0.0,-9.947139739990234
1.66,104.0,0.875,-7.958659916133671,4.178958790459248,-13.805427551269531,0.0,-8.364147186279297
5.73,359.0,0.8997214484679665,-10.710000135581192,5.635356031177182,-25.448625564575195,0.0,-10.064775466918944
1.61,101.0,0.8910891089108911,-12.125836435953776,7.213355556711671,-22.79393768310547,0.0,-9.763830184936523
2.8299375,177.0,0.8813559322033898,-16.59956561602079,9.168462621123709,-25.878786087036133,0.0,-21.8635311126709
3.92,246.0,0.8983739837398373,-10.411588332232308,6.851300755901236,-26.792245864868164,0.0,-8.445486068725586
8.2585625,517.0,0.8955512572533849,-8.787100167820315,4.044803360619367,-20.944869995117188,0.0,-8.954504013061523
16.67,1042.0,0.8934740882917467,-14.64772393854553,9.43058185824194,-29.41203498840332,0.0,-11.12360954284668
3.3938125,213.0,0.8732394366197183,-22.91678354817052,8.176767197719894,-29.02500915527344,0.0,-27.11474609375
2.8473125,178.0,0.8932584269662921,-12.943847416331932,5.680805224000879,-18.82546615600586,0.0,-15.84786605834961
12.81,801.0,0.8976279650436954,-14.374140340197568,7.245014767192666,-24.03696060180664,0.0,-13.985004425048828
2.5224375,158.0,0.8987341772151899,-11.235145501687493,4.98059857302311,-20.68145751953125,0.0,-11.548051834106444
5.0599375,317.0,0.8958990536277602,-10.866400933601486,5.455112713997695,-23.859081268310547,0.0,-11.13056182861328
2.46,154.0,0.8961038961038961,-7.55286149011142,5.785032034978676,-25.13877487182617,0.0,-5.822145462036133
1.0199375,64.0,0.890625,-8.030010825709292,4.126631541335572,-11.884700775146484,0.0,-10.525516510009766
1.8999375,119.0,0.8991596638655462,-11.51641187935232,9.490226148375209,-28.18943214416504,0.0,-9.18198585510254
7.97,499.0,0.8977955911823647,-14.681520325796944,6.58425043709384,-22.379711151123047,0.0,-15.770658493041992
10.5750625,661.0,0.886535552193646,-18.02527414653895,8.945409254034747,-39.61067962646485,0.0,-17.428985595703125
6.431875,402.0,0.8781094527363185,-20.196563266829795,6.626195208013595,-25.137386322021484,0.0,-23.52373504638672
2.1,132.0,0.8939393939393939,-13.84783427998171,8.102895865998065,-24.015533447265625,0.0,-17.143978118896484
10.722625,671.0,0.9001490312965723,-9.694299119987235,6.345020444594672,-28.816255569458008,0.0,-8.270502090454102
5.940625,372.0,0.8790322580645161,-16.931688617857954,8.631534904846477,-27.47710418701172,0.0,-17.662723541259766
1.33,84.0,0.8928571428571429,-8.492151056925456,6.588126347295676,-27.473148345947266,0.0,-7.596687316894531
8.1565,510.0,0.9,-15.419491250530568,6.589264111576682,-30.154142379760746,0.0,-14.472238540649414
2.73,171.0,0.8947368421052632,-15.586353351867276,7.532630477794302,-26.317119598388672,0.0,-15.02471160888672
1.4191875,89.0,0.898876404494382,-7.888255167007446,5.1986253836519625,-16.51080322265625,0.0,-6.731609344482422
5.7674375,361.0,0.8947368421052632,-14.556125947934555,7.720748263950799,-34.070770263671875,0.0,-13.750476837158203
2.15,135.0,0.8814814814814815,-9.875499340666442,7.348721538690496,-23.129966735839844,0.0,-8.578056335449219
7.5880625,475.0,0.8926315789473684,-12.5392363026457,6.088438923337641,-24.54678726196289,0.0,-11.325994491577148
2.6299375,165.0,0.8848484848484849,-14.825015812704008,7.8580061946517885,-26.951196670532227,0.0,-12.851236343383787
3.3899375,212.0,0.8962264150943396,-10.475983699999356,5.122101926320753,-19.68429183959961,0.0,-10.34105396270752
3.5799375,224.0,0.8973214285714286,-10.361078632411672,4.63843071312455,-21.108139038085938,0.0,-10.416175842285156
3.4,213.0,0.892018779342723,-11.69886885191265,8.400674181885266,-32.96677780151367,0.0,-10.413663864135742
7.46,467.0,0.8993576017130621,-11.301795496259416,5.426059123542679,-23.719491958618164,0.0,-11.048117637634276
4.4354375,278.0,0.8992805755395683,-9.296243881225584,4.386032580259491,-19.33924865722656,0.0,-8.941253662109375
4.49,281.0,0.896797153024911,-14.018709281134226,10.032392216868589,-31.30723190307617,0.0,-10.062692642211914
2.300875,144.0,0.8958333333333334,-13.65285284944283,7.785758097135194,-24.97550201416016,0.0,-14.578399658203123
4.1899375,262.0,0.8969465648854962,-9.355813631098322,5.19217087609298,-20.751832962036133,0.0,-8.57391357421875
6.4140625,401.0,0.8952618453865336,-13.975593407506066,9.47345422951616,-37.922061920166016,0.0,-12.511863708496094
2.1060625,132.0,0.8787878787878788,-10.92318291499697,8.244541135490985,-28.069366455078125,0.0,-9.550743103027344
9.2599375,579.0,0.8998272884283247,-8.823186559548992,4.325401207992233,-17.4140625,0.0,-8.899833679199219
2.2099375,139.0,0.8992805755395683,-8.746763580322266,5.635629842160254,-19.943771362304688,0.0,-7.968814849853516
6.1715625,386.0,0.8989637305699482,-18.357240748336743,6.21859061826751,-24.509307861328125,0.0,-21.698387145996094
3.74975,235.0,0.8978723404255319,-14.91360142784661,7.0768572470492455,-21.954933166503903,0.0,-19.390914916992188
2.9499375,185.0,0.8972972972972973,-13.01050027594509,11.184631314052552,-39.59837341308594,0.0,-10.233570098876951
4.0599375,254.0,0.889763779527559,-13.816474695121292,7.898705251627203,-21.979225158691406,0.0,-17.96763038635254
6.66,417.0,0.8992805755395683,-12.135607869466146,7.186200970038413,-29.23288917541504,0.0,-9.816003799438477
2.92,183.0,0.8961748633879781,-14.248761677160497,9.790875721687389,-33.106201171875,0.0,-10.490825653076172
4.4399375,278.0,0.8992805755395683,-15.285511070251465,7.148911584364445,-29.647844314575195,0.0,-17.596363067626953
2.28225,143.0,0.8951048951048951,-11.77976568043232,5.850476274483811,-17.625627517700195,0.0,-14.47978973388672
11.868,742.0,0.8908355795148248,-21.28757838943181,10.18954818366375,-33.86711502075195,0.0,-20.194725036621094
2.841375,178.0,0.898876404494382,-6.109809303283692,2.792330809023898,-11.058063507080078,0.0,-5.576934814453125
1.0599375,67.0,0.8955223880597015,-18.938008308410645,9.732634595413582,-31.33271789550781,0.0,-23.345802307128903
11.2675,705.0,0.8992907801418439,-22.212885459514823,8.371884936304248,-35.774169921875,0.0,-23.88365173339844
1.4,88.0,0.8977272727272727,-12.480670711662196,7.88320517853861,-27.43683242797852,0.0,-13.485919952392578
11.31,707.0,0.8967468175388967,-13.073022676943229,6.666525619600388,-30.446273803710938,0.0,-12.24387550354004
2.5299375,159.0,0.8930817610062893,-17.0330709269349,12.230003414489609,-33.33135223388672,0.0,-12.827037811279297
4.9690625,311.0,0.9003215434083601,-14.34038269860404,5.907136660255717,-25.33892059326172,0.0,-14.78567123413086
2.1899375,137.0,0.8978102189781022,-13.1644854972033,8.632246123408297,-29.783781051635746,0.0,-15.193269729614258
4.1599375,260.0,0.9,-11.515845160199026,6.131078988977166,-25.654151916503903,0.0,-10.144224166870115
6.588,412.0,0.8932038834951457,-10.65183549341948,6.38590522486208,-27.64362525939941,0.0,-9.14146614074707
4.1435,259.0,0.8957528957528957,-18.098121626623744,8.076853479077904,-24.31946563720703,0.0,-22.381404876708984
1.6399375,103.0,0.883495145631068,-13.072963127723106,5.086997467139844,-18.8489990234375,0.0,-14.32358169555664
3.479,218.0,0.8669724770642202,-13.528194755473464,13.285143055520903,-39.96356964111328,0.0,-7.951892852783203
2.5199375,158.0,0.8987341772151899,-9.72486120546368,5.520918028675015,-21.197834014892575,0.0,-8.982512474060059
4.5,282.0,0.8971631205673759,-13.534176212054469,8.057662274699453,-32.995933532714844,0.0,-12.236661911010742
2.5899375,162.0,0.8950617283950617,-11.454426364240977,9.047429345060676,-30.5279483795166,0.0,-9.239710807800291
6.97,436.0,0.8990825688073395,-13.080192468604263,6.363987379389076,-28.997941970825195,0.0,-11.925779342651367
1.7039375,107.0,0.897196261682243,-17.192513664563496,9.34489728400334,-24.143898010253903,0.0,-22.93120002746582
2.0599375,129.0,0.8992248062015504,-13.725334890957535,10.875598506269329,-32.68888854980469,0.0,-9.65571403503418
3.92725,246.0,0.8983739837398373,-15.367352809301869,7.635226113035342,-28.83854866027832,0.0,-16.85358238220215
10.3074375,645.0,0.8992248062015504,-14.799616312158518,7.289088474021829,-30.09847640991211,0.0,-14.182461738586426
4.17,261.0,0.8888888888888888,-12.935409808981008,8.211319803137885,-24.23486328125,0.0,-10.823823928833008
5.25,329.0,0.8996960486322189,-9.350427086288864,7.530312018996459,-27.011993408203125,0.0,-6.660638809204102
1.4199375,89.0,0.8876404494382022,-12.252408474306517,7.682256317922423,-22.42503547668457,0.0,-11.934080123901367
4.2199375,264.0,0.8977272727272727,-13.498112433067352,10.202962856951178,-29.093017578125,0.0,-10.13290786743164
1.5,94.0,0.8936170212765957,-13.435998167310442,11.723070604890284,-31.27544593811035,0.0,-6.627392768859863
4.2099375,264.0,0.8977272727272727,-14.535562644024942,6.889000228051434,-30.72854232788086,0.0,-15.0811767578125
7.2169375,452.0,0.8982300884955752,-11.04448324118929,4.486340767692188,-19.55912399291992,0.0,-11.256488800048828
3.41275,214.0,0.897196261682243,-14.15197455883026,8.972560158288797,-31.90342330932617,0.0,-14.049749374389648
2.7643125,173.0,0.8901734104046243,-15.880372505683404,7.443953069204733,-25.80984115600586,0.0,-17.626689910888672
6.3899375,400.0,0.8925,-11.91553982432817,6.508444583466241,-20.533004760742188,0.0,-11.412017822265623
1.3199375,83.0,0.891566265060241,-7.8179108645464925,5.662750223561324,-17.679370880126953,0.0,-7.098684310913086
3.54,222.0,0.8963963963963963,-11.16804119090938,8.669615998447888,-26.876842498779297,0.0,-7.487857818603516
3.7599375,235.0,0.8936170212765957,-11.54223905290876,4.228192256366394,-15.119564056396484,0.0,-13.600887298583984
3.7799375,237.0,0.8987341772151899,-17.299408746996956,9.516508681644972,-32.77021026611328,0.0,-14.654861450195312
4.7283125,296.0,0.8885135135135135,-20.528700737898795,11.404733613137216,-35.80405044555664,0.0,-17.86420440673828
2.0199375,127.0,0.7007874015748031,-18.03497734498442,12.17642002905283,-39.829498291015625,0.0,-13.34897232055664
6.5899375,412.0,0.8932038834951457,-14.523663049158843,10.57709604302188,-34.470367431640625,0.0,-10.129573822021484
5.00825,314.0,0.8821656050955414,-19.060988395222687,8.161128479648056,-27.316165924072266,0.0,-23.607501983642575
2.594375,163.0,0.8957055214723927,-12.786221517275456,7.922737771356581,-23.710723876953125,0.0,-11.456356048583984
11.1599375,698.0,0.8954154727793696,-23.2028840423584,10.832483852312649,-36.4189567565918,0.0,-22.834392547607425
7.74,484.0,0.8987603305785123,-18.76696545611853,11.163274881627752,-39.45415496826172,0.0,-16.10338592529297
6.0324375,378.0,0.8783068783068783,-19.787480365799134,7.424801818515732,-36.7177619934082,0.0,-19.02152633666992
4.1899375,262.0,0.8969465648854962,-9.199499414322224,7.061467669805614,-27.80828285217285,0.0,-7.11585807800293
3.9975,250.0,0.896,-13.947204968758992,8.206469844815766,-33.73783874511719,0.0,-12.512422561645508
5.75,360.0,0.8833333333333333,-14.246230257382184,9.245236527817289,-28.0870418548584,0.0,-11.573541641235352
7.5751875,474.0,0.890295358649789,-17.352687817614225,6.324393383631631,-22.880006790161133,0.0,-20.704816818237305
2.15,135.0,0.8962962962962963,-17.884333492310578,11.747435663067836,-30.36382484436035,0.0,-20.41364479064941
8.5125,533.0,0.8986866791744841,-14.216168716207676,7.154647827160732,-26.76935577392578,0.0,-13.692813873291016
6.5494375,410.0,0.8951219512195122,-15.642516918338288,10.384986582205434,-29.298503875732425,0.0,-15.161735534667969
4.0745,255.0,0.8980392156862745,-12.66757095536811,7.968078773807657,-26.842056274414062,0.0,-10.721603393554688
1.75475,110.0,0.9,-12.142600868687484,6.997757739423477,-29.521638870239254,0.0,-10.937273025512695
3.61,226.0,0.8938053097345132,-16.994280083344716,6.901753569798906,-28.320749282836918,0.0,-17.018319129943848
8.7799375,549.0,0.8907103825136612,-19.384043621383075,7.475585167314346,-25.93903160095215,0.0,-23.644155502319336
2.5199375,158.0,0.8987341772151899,-9.07790198796232,6.618308573618772,-23.8670711517334,0.0,-7.667459487915039
1.402625,88.0,0.875,-13.951687106838474,5.883543586537324,-18.66357040405273,0.0,-16.919536590576172
2.38,149.0,0.8859060402684564,-15.501564025878906,10.167211821551769,-25.05144500732422,0.0,-21.634450912475582
9.802375,613.0,0.8939641109298532,-15.390606525170542,10.742868901842613,-32.517425537109375,0.0,-12.914593696594238
2.7699375,174.0,0.896551724137931,-9.577761576725887,6.897262698270087,-27.494325637817383,0.0,-7.953641891479492
1.84175,116.0,0.896551724137931,-13.339809637803295,4.835567216579898,-17.689613342285156,0.0,-15.73453140258789
1.2199375,77.0,0.8961038961038961,-12.27759021261464,7.241252484241859,-27.107267379760746,0.0,-11.030296325683594
3.0966875,194.0,0.8969072164948454,-16.568851054399865,6.316195174874015,-21.032032012939453,0.0,-19.75928497314453
6.3,394.0,0.8984771573604061,-16.369539659575555,8.586659153820943,-30.667781829833984,0.0,-16.5982666015625
1.796125,113.0,0.8938053097345132,-17.537895334829198,9.47219475928012,-31.96515655517578,0.0,-19.336883544921875
2.28,143.0,0.8881118881118881,-12.98908290712852,7.620835860868555,-24.951919555664062,0.0,-12.759685516357422
1.99,125.0,0.896,-14.580058864184789,7.0090844332880815,-24.53881072998047,0.0,-15.144800186157228
4.3938125,275.0,0.8981818181818182,-10.37023742768446,6.4915563119171935,-26.533905029296875,0.0,-8.655937194824219
3.4499375,216.0,0.8981481481481481,-18.90424126693883,10.982235997032967,-29.284259796142575,0.0,-27.068965911865234
4.5799375,287.0,0.8989547038327527,-13.213974087737329,4.834264778618101,-17.346824645996094,0.0,-15.457971572875977
3.1510625,197.0,0.8984771573604061,-14.9908559982386,7.177814719180513,-22.200660705566406,0.0,-19.468048095703125
7.7361875,484.0,0.6590909090909091,-13.833445792661566,8.512177030586965,-39.848876953125,0.0,-12.552640914916992
1.14,72.0,0.8888888888888888,-5.734684407711029,3.734049087927919,-11.577064514160156,0.0,-5.63536262512207
10.797125,675.0,0.8992592592592593,-12.493100557531518,5.205677611160057,-26.470727920532227,0.0,-12.384115219116213
4.363,273.0,0.8937728937728938,-16.30134240916518,8.403201570291465,-33.43960952758789,0.0,-14.349042892456056
4.93675,309.0,0.8122977346278317,-17.756845056298246,8.681152912287535,-39.94524002075195,0.0,-16.51605224609375
1.93,121.0,0.9008264462809916,-14.838842566953886,10.075241588754883,-27.831525802612305,0.0,-15.258478164672852
2.3499375,147.0,0.8979591836734694,-10.030455932472693,6.152217743535928,-22.71375846862793,0.0,-8.83317756652832
5.631,352.0,0.8806818181818182,-14.884756272838962,8.022149956328334,-25.99771499633789,0.0,-14.960872650146484
7.2829375,456.0,0.8991228070175439,-17.373312810572184,9.84859319360119,-29.472347259521484,0.0,-19.44707298278809
1.74,109.0,0.8990825688073395,-11.749709070945272,6.156214980514125,-23.634326934814453,0.0,-13.77131462097168
6.28325,393.0,0.8982188295165394,-15.294666625284949,8.444509594053741,-28.55797576904297,0.0,-13.59272003173828
5.0599375,317.0,0.8927444794952681,-9.63304715106007,6.841494824175289,-24.35898971557617,0.0,-7.091548919677734
2.4099375,151.0,0.8874172185430463,-11.337012532931656,7.546631947005406,-28.44187355041504,0.0,-11.525306701660156
1.8661875,117.0,0.8974358974358975,-11.342299524943034,6.405747886177891,-26.27378273010254,0.0,-12.034112930297852
4.4508125,279.0,0.8924731182795699,-19.90685092971985,10.85284108748442,-32.093223571777344,0.0,-18.02366065979004
3.31,207.0,0.8985507246376812,-8.61520408302225,7.168634810908854,-26.960208892822266,0.0,-6.473299026489258
4.7124375,295.0,0.8983050847457628,-12.454025052628428,8.500313417411714,-28.25111389160156,0.0,-9.959331512451172
3.0665,192.0,0.8854166666666666,-18.69363282147576,7.279529238709827,-24.534343719482425,0.0,-22.671724319458008
4.18,262.0,0.8931297709923665,-24.74279664520525,10.850855332206828,-33.90821838378906,0.0,-30.95431327819824
2.6474375,166.0,0.8975903614457831,-18.792988367528725,11.392738344819078,-36.02994155883789,0.0,-18.480928421020508
4.32525,271.0,0.9003690036900369,-10.315792529309382,6.524584428057575,-26.45458221435547,0.0,-9.33803939819336
7.3133125,458.0,0.8995633187772926,-17.93370854275898,5.567180821066391,-30.70023727416992,0.0,-17.86109161376953
9.6645625,605.0,0.8958677685950414,-13.855673124869371,7.415012498061279,-23.849369049072266,0.0,-13.322813034057615
8.2199375,514.0,0.8988326848249028,-13.04267136049477,6.971918904338915,-36.22604370117188,0.0,-12.642915725708008
10.2899375,644.0,0.8944099378881988,-12.49889780084292,8.856806767375305,-27.298423767089844,0.0,-10.189088821411133
6.15,385.0,0.8961038961038961,-12.01077973186106,9.952086614510163,-31.56521987915039,0.0,-7.959861755371094
2.72,171.0,0.8947368421052632,-13.703324386496949,9.377438761988788,-28.86436080932617,0.0,-9.218292236328123
5.07,317.0,0.889589905362776,-18.821136866900936,9.783206800692092,-30.160295486450195,0.0,-19.892736434936523
1.3799375,87.0,0.896551724137931,-18.259892977201023,10.64852198516366,-27.43301010131836,0.0,-25.353271484375
10.18,637.0,0.8995290423861853,-11.87082486044466,5.6559666281147365,-23.45599365234375,0.0,-11.687325477600098
2.5199375,158.0,0.8987341772151899,-16.08008395450216,10.509595709912936,-28.47093963623047,0.0,-16.764789581298828
1.8799375,118.0,0.8983050847457628,-15.176557612868974,11.048217983749703,-28.00581741333008,0.0,-15.692729949951172
1.2,76.0,0.881578947368421,-9.700250540206682,4.879014598087461,-19.29689216613769,0.0,-8.916608810424805
1.5299375,96.0,0.8958333333333334,-13.630199831585552,5.217849865820624,-18.14419937133789,0.0,-15.838741302490234
3.43,215.0,0.8930232558139535,-16.61629504462083,10.798026795050305,-33.658260345458984,0.0,-14.62240219116211
2.0599375,129.0,0.8837209302325582,-11.798982887937312,7.994183294607272,-29.786863327026367,0.0,-9.920618057250977
2.3824375,149.0,0.8859060402684564,-13.402418859077224,7.068382352186512,-22.99449920654297,0.0,-12.398540496826172
5.8931875,369.0,0.8997289972899729,-13.084819403039404,4.8699758377566456,-23.42731285095215,0.0,-13.158592224121094
1.91,120.0,0.9,-10.13426759507921,5.557065498681945,-16.798599243164062,0.0,-12.946044921875
4.4199375,277.0,0.8808664259927798,-16.010190541626976,8.682169399607494,-31.295684814453125,0.0,-14.806455612182615
3.4499375,216.0,0.8842592592592593,-12.15508036588499,5.389140953353189,-17.24142074584961,0.0,-15.226097106933594
5.2875,331.0,0.8972809667673716,-14.913972209198306,12.715134707439406,-39.460426330566406,0.0,-8.784932136535645
2.1,132.0,0.8939393939393939,-15.775854272357488,11.921722322093949,-32.61727523803711,0.0,-17.70431900024414
2.5299375,159.0,0.8805031446540881,-12.129367038181847,5.578953501343714,-17.517452239990234,0.0,-15.62230110168457
1.3799375,87.0,0.896551724137931,-11.727378307244717,5.636844182293845,-19.495136260986328,0.0,-12.352705001831056
2.8,176.0,0.8977272727272727,-11.226311575008344,5.553974361719617,-21.646297454833984,0.0,-11.504852294921877
2.3199375,145.0,0.896551724137931,-8.58829860687256,7.313635144209803,-32.12628555297852,0.0,-7.059597015380859
1.958125,123.0,0.8861788617886179,-7.966948272985056,4.371702936650665,-14.378684997558594,0.0,-7.796730041503906
6.5699375,411.0,0.8978102189781022,-10.490211962361323,6.050747205185649,-27.80024719238281,0.0,-9.336021423339844
6.89675,432.0,0.8912037037037037,-17.392950271011948,7.932196347550931,-26.39066505432129,0.0,-19.463510513305664
7.61,476.0,0.8970588235294118,-8.483864393390594,5.454540340677718,-25.343212127685547,0.0,-7.396839141845703
1.9499375,122.0,0.8934426229508197,-9.438054627234784,7.061385373952166,-21.94324111938477,0.0,-5.791128158569336
9.221875,577.0,0.8890814558058926,-17.56539084153798,10.767471673596306,-37.54582214355469,0.0,-14.612417221069336
1.4199375,89.0,0.8876404494382022,-13.186215412767629,6.713688969816062,-20.80527877807617,0.0,-13.725387573242188
9.5199375,595.0,0.8957983193277311,-16.499873374237577,9.044021481294806,-32.39611053466797,0.0,-13.71584129333496
3.889625,244.0,0.8975409836065574,-7.902402346536993,4.864905752641521,-19.696292877197266,0.0,-6.543521881103516
2.54,159.0,0.89937106918239,-14.444862552456089,10.364985809170268,-36.35243988037109,0.0,-11.74164581298828
2.62,164.0,0.8902439024390244,-16.83004756822978,8.558276001353246,-25.188945770263672,0.0,-22.74430084228516
3.7099375,232.0,0.896551724137931,-15.055408211854788,10.51587349774367,-34.83009338378906,0.0,-12.49461555480957
3.3499375,210.0,0.9,-12.909362873703085,5.618372224256912,-19.0698356628418,0.0,-15.603866577148438
4.2199375,264.0,0.8977272727272727,-11.68540302711197,5.696249593913361,-23.825138092041016,0.0,-11.323070526123049
6.6399375,415.0,0.8963855421686747,-24.175664240314116,8.366611536526074,-39.70400238037109,0.0,-24.38482666015625
2.3425,147.0,0.8979591836734694,-11.494819756710168,6.494392019974212,-25.078855514526367,0.0,-10.332230567932127
4.05,254.0,0.8976377952755905,-15.412146702147366,8.52347710584565,-34.41500473022461,0.0,-13.680920600891112
2.2399375,140.0,0.9,-11.61266449519566,5.9996071068067485,-24.7290153503418,0.0,-10.776311874389648
5.1511875,322.0,0.8819875776397516,-19.70956758714058,9.95268585272367,-32.54521179199219,0.0,-17.283945083618164
3.58,224.0,0.8973214285714286,-19.72963011442725,7.647742527659052,-31.65416717529297,0.0,-21.744842529296875
5.75575,360.0,0.9,-15.97760890442648,7.958167711572543,-26.977006912231445,0.0,-15.969104766845703
5.8299375,365.0,0.863013698630137,-17.455175230238172,11.598933801620197,-39.991607666015625,0.0,-13.456329345703123
3.6468125,228.0,0.8903508771929824,-19.688054108267348,13.120825856347665,-35.65933990478516,0.0,-14.88251495361328
5.6375,353.0,0.8923512747875354,-15.556671590653677,6.957386415726496,-30.11062431335449,0.0,-14.022192001342772
1.75,110.0,0.9,-7.416857478594539,4.927423016764251,-19.316051483154297,0.0,-6.495857238769531
3.7599375,235.0,0.8893617021276595,-23.483539234508168,11.04311252502056,-34.28080749511719,0.0,-28.52702140808105
2.17,136.0,0.8970588235294118,-13.123804264381285,10.013869356683584,-30.32452392578125,0.0,-9.291927337646484
1.105875,70.0,0.9,-6.780598625304207,5.489142297585071,-15.918140411376951,0.0,-6.8067169189453125
1.93,121.0,0.8842975206611571,-18.689438579238463,9.98287603130037,-28.366455078125,0.0,-23.907920837402344
1.8451875,116.0,0.896551724137931,-5.624217766981858,3.0607204813340463,-13.21128273010254,0.0,-5.576297760009766
3.1299375,196.0,0.8979591836734694,-11.317335150458597,7.760564944268825,-25.51666259765625,0.0,-9.033203125
6.23,390.0,0.8897435897435897,-15.685490643943764,7.843396351987188,-24.312883377075195,0.0,-17.980600357055664
3.0599375,192.0,0.8958333333333334,-10.739905490431674,5.361007850369202,-24.171730041503903,0.0,-10.582489013671877
4.31,270.0,0.9,-15.989771941071185,10.685780338614771,-32.15496063232422,0.0,-13.426694869995115
2.28,143.0,0.8951048951048951,-16.01806503534317,8.011213252631267,-32.87275314331055,0.0,-15.751773834228516
1.4625,92.0,0.8913043478260869,-9.965824034155869,4.406705915439062,-14.297367095947266,0.0,-12.016239166259766
1.54,97.0,0.8865979381443299,-15.140428498733876,9.929088298442306,-32.06866455078125,0.0,-15.638164520263672
11.1400625,697.0,0.7776183644189383,-18.609392336813727,9.776762838088157,-39.90714263916016,0.0,-15.903303146362305
6.4716875,405.0,0.891358024691358,-11.406299691451224,9.1098676654054,-33.76109313964844,0.0,-8.743204116821289
6.07,380.0,0.8973684210526316,-9.95732633529171,6.262684728145208,-28.775466918945312,0.0,-8.874340057373047
2.75,172.0,0.8895348837209303,-9.742877112494575,6.5573246661242015,-18.77193069458008,0.0,-8.549827575683594
4.0199375,252.0,0.8928571428571429,-8.995533142089844,7.30393909277545,-23.676010131835938,0.0,-6.454597473144531
3.9499375,247.0,0.8987854251012146,-11.888431403014035,6.742739326551248,-27.354692459106445,0.0,-11.024321556091309
2.1599375,135.0,0.8740740740740741,-12.661131729513912,7.919609661627877,-24.80029296875,0.0,-12.448171615600586
2.0099375,126.0,0.8968253968253969,-14.647188389195804,9.10259865584134,-27.390316009521484,0.0,-16.834247589111328
2.1599375,135.0,0.8666666666666667,-15.023427099244207,9.900208979988514,-27.20046615600586,0.0,-12.843658447265623
4.43,277.0,0.8989169675090253,-11.788568665224863,8.060153094038998,-26.49284172058105,0.0,-10.599653244018556
5.5278125,346.0,0.8988439306358381,-11.098261597072195,5.530974314600945,-24.40768814086914,0.0,-9.5805025100708
3.73,234.0,0.8974358974358975,-19.783735184442428,9.349001492862238,-37.8595085144043,0.0,-21.52157020568848
4.93,309.0,0.8996763754045307,-11.950649549635196,5.611585886760212,-20.88580894470215,0.0,-13.295671463012695
2.49,156.0,0.8974358974358975,-11.90279152733939,7.575505966383653,-26.89693069458008,0.0,-10.88908576965332
2.55675,160.0,0.8875,-11.28971347002916,7.658589198186705,-20.67215347290039,0.0,-14.352720260620115
1.6899375,106.0,0.8962264150943396,-4.579614217657792,2.758261955752789,-10.883352279663086,0.0,-3.619327545166016
3.1324375,196.0,0.8724489795918368,-10.816206725717288,7.235840078340087,-22.83202743530273,0.0,-7.686763763427734
3.036625,190.0,0.9,-12.459708453618992,6.407479081734568,-19.36561584472656,0.0,-15.85711669921875
2.7799375,174.0,0.896551724137931,-16.06313064770821,12.10726383798308,-33.86882019042969,0.0,-14.773500442504885
1.74,109.0,0.8899082568807339,-18.544461673068017,10.545042762958673,-34.024993896484375,0.0,-18.170454025268555
9.9218125,621.0,0.8985507246376812,-19.704191467667997,11.218626711364706,-33.34809875488281,0.0,-19.194021224975582
2.9993125,188.0,0.898936170212766,-14.611604746982191,6.338842538536119,-20.88161849975586,0.0,-18.30625534057617
1.745,110.0,0.9,-10.631507642341385,4.062519566819238,-14.556373596191406,0.0,-12.21381378173828
8.4,526.0,0.8992395437262357,-12.790171246195948,6.350744185574029,-31.229755401611328,0.0,-11.532371520996094
2.82225,177.0,0.8983050847457628,-15.341169921107262,9.180042567729917,-26.48003387451172,0.0,-14.945148468017578
1.91,120.0,0.8916666666666667,-14.148416822201735,9.052896974700404,-23.99488067626953,0.0,-16.768856048583984
1.2399375,78.0,0.8974358974358975,-5.313493238176618,3.244232228962522,-10.93317413330078,0.0,-5.260837554931641
5.0859375,318.0,0.89937106918239,-10.1460502531145,5.614773576345923,-25.547882080078125,0.0,-10.195234298706056
1.36,86.0,0.872093023255814,-15.602529729207356,10.8094781971699,-31.267166137695312,0.0,-18.335132598876957
8.13475,509.0,0.899803536345776,-10.095415960753328,5.07660156730718,-24.860828399658203,0.0,-9.174286842346191
7.07,442.0,0.8981900452488688,-10.883766318448544,8.542739879695096,-27.528060913085938,0.0,-7.468097686767578
7.37,461.0,0.8915401301518439,-12.441021448214268,8.743132790002706,-24.340110778808597,0.0,-10.121681213378906
8.6499375,541.0,0.8964879852125693,-9.402946185082504,5.746033477136864,-25.04638671875,0.0,-8.174869537353516
1.6399375,103.0,0.8932038834951457,-10.313390441562818,5.352326889001701,-15.097030639648438,0.0,-13.191402435302734
2.9125625,183.0,0.8852459016393442,-13.951834313663436,8.42872480938712,-24.84176254272461,0.0,-12.878246307373049
2.1899375,137.0,0.8832116788321168,-10.976155115553173,5.059747514344695,-15.434669494628906,0.0,-13.2374267578125
2.62,164.0,0.8963414634146342,-12.599526463722697,8.083440489996677,-26.792879104614254,0.0,-10.443574905395508
6.98,437.0,0.8924485125858124,-13.069290408110009,8.05013785162013,-32.048580169677734,0.0,-11.61056423187256
1.9499375,122.0,0.8934426229508197,-15.99568279511338,7.038909952604408,-21.260906219482425,0.0,-19.15503692626953
4.138,259.0,0.8918918918918919,-16.62269534486713,9.139700585742558,-26.618709564208984,0.0,-18.95820999145508
1.8299375,115.0,0.7304347826086957,-17.02297894159953,11.772182042761198,-39.9649658203125,0.0,-14.347183227539062
4.40325,276.0,0.8913043478260869,-14.788578901833636,11.972216906330804,-37.51508331298828,0.0,-10.392452239990234
8.1899375,512.0,0.896484375,-13.867285369008714,8.877855889817774,-33.69427490234375,0.0,-11.352703094482422
1.4848125,93.0,0.8924731182795699,-5.948893650468573,4.454210085237581,-15.437911987304688,0.0,-4.655906677246094
5.43,340.0,0.8970588235294118,-14.30824393600714,8.817332587238242,-25.527740478515625,0.0,-11.38922119140625
8.0099375,501.0,0.8982035928143712,-10.847138578626843,5.125296684296076,-25.177988052368164,0.0,-10.056468963623049
13.05,816.0,0.7818627450980392,-12.89822753507142,7.501975535239781,-39.29442596435547,0.0,-12.328447341918944
5.3,332.0,0.8975903614457831,-8.88644100035597,4.456758928185353,-21.28685760498047,0.0,-8.705267906188965
6.31,395.0,0.8784810126582279,-16.964229435329823,8.165876064048586,-39.32797622680664,0.0,-15.295977592468262
2.3799375,149.0,0.8993288590604027,-8.369623027630706,5.506557662651885,-23.72119140625,0.0,-8.49483871459961
1.644875,103.0,0.8737864077669902,-18.326305156283908,8.666079470296378,-25.19242477416992,0.0,-23.631628036499023
2.05,129.0,0.8914728682170543,-20.68702233355978,10.446408421121978,-28.255783081054688,0.0,-26.61954498291016
8.1,507.0,0.8994082840236687,-14.731721183709933,10.405137962782328,-37.21383285522461,0.0,-10.85815715789795
1.9019375,119.0,0.8991596638655462,-6.087824259962991,4.099171933165439,-15.355323791503906,0.0,-5.166534423828125
12.8790625,805.0,0.8993788819875776,-9.038207936682095,5.087057476215671,-22.392662048339844,0.0,-8.396505355834961
6.2599375,392.0,0.8877551020408163,-15.356034344640271,7.735634425631956,-33.85040664672852,0.0,-13.480019569396973
2.677375,168.0,0.8869047619047619,-17.213795834739738,10.914542581624907,-32.415401458740234,0.0,-18.30078125
2.27,142.0,0.8802816901408451,-21.166671783447267,14.164565044712113,-38.76435470581055,0.0,-20.529373168945312
2.991375,187.0,0.8983957219251337,-19.64727079300653,8.837386040471255,-27.942516326904297,0.0,-25.34934425354004
3.37,211.0,0.9004739336492891,-16.23695902573435,7.425752708020258,-22.843963623046875,0.0,-19.62553024291992
1.75,110.0,0.9,-11.257542311543164,3.540380635644916,-13.702163696289062,0.0,-12.379295349121094
16.97,1061.0,0.8991517436380773,-12.290508598151696,5.450698243969587,-25.131296157836918,0.0,-13.004308700561523
6.0916875,381.0,0.8976377952755905,-14.373356501261393,8.448419234476734,-33.551353454589844,0.0,-12.316274642944336
3.0234375,189.0,0.8994708994708994,-14.16365151124842,9.094957432779918,-27.84537696838379,0.0,-13.868907928466797
1.9686875,124.0,0.8870967741935484,-15.925960922241211,7.270823370001794,-22.14449691772461,0.0,-20.390514373779297
2.8,176.0,0.8977272727272727,-9.945016619525378,4.143118643922569,-16.51648712158203,0.0,-10.58504867553711
1.23,77.0,0.8961038961038961,-12.922433714935744,8.298351463632878,-25.28412628173828,0.0,-12.484020233154297
3.8899375,244.0,0.8934426229508197,-10.652122418814844,6.464601947843118,-20.096120834350582,0.0,-9.239217758178713
2.0199375,127.0,0.8976377952755905,-6.937938690185547,4.969084842665036,-14.285770416259766,0.0,-5.89171028137207
3.1299375,196.0,0.8877551020408163,-15.768740533412188,9.57717494514874,-30.03144073486328,0.0,-13.656246185302734
3.0419375,191.0,0.8848167539267016,-12.127605821959364,9.762588223351306,-31.188377380371094,0.0,-7.608146667480469
3.0799375,193.0,0.8911917098445595,-14.973937711050343,9.728297671247626,-36.74958038330078,0.0,-12.445310592651367
4.7099375,295.0,0.8983050847457628,-12.595025390049196,8.222790755497373,-30.64787101745605,0.0,-10.976900100708008
2.5099375,157.0,0.8980891719745223,-15.632654257699953,9.800840083067998,-28.67898368835449,0.0,-14.375356674194336
10.5229375,658.0,0.8996960486322189,-15.396893546387956,7.537297669999368,-29.269506454467773,0.0,-15.416847229003906
5.75,360.0,0.9,-11.677542483365094,6.27535944844609,-26.251686096191406,0.0,-10.434127807617188
3.1099375,195.0,0.8974358974358975,-12.101081444876534,7.099382902519361,-33.06700897216797,0.0,-11.306983947753906
3.73,234.0,0.8974358974358975,-7.944782947358631,5.222390553925859,-20.67443084716797,0.0,-6.188661575317383
4.4699375,280.0,0.8928571428571429,-13.79569857788086,8.250424355997383,-22.80711936950684,0.0,-16.671730041503906
1.99,125.0,0.896,-19.70979060445513,10.290809152189768,-27.77224349975586,0.0,-25.63628387451172
3.14,197.0,0.8984771573604061,-12.732725434384104,7.480932839122411,-24.994903564453125,0.0,-10.225837707519531
2.18,137.0,0.8832116788321168,-12.729896356251617,5.206495748254088,-16.935218811035156,0.0,-15.243732452392578
11.17,699.0,0.8969957081545065,-12.810844616076212,9.263650677312912,-28.76070213317871,0.0,-9.209470748901367
1.72,108.0,0.8981481481481481,-11.084576007017157,6.04328304378703,-20.972421646118164,0.0,-11.462221145629885
2.6411875,166.0,0.8975903614457831,-17.836868785371717,11.17363608657473,-29.68138313293457,0.0,-20.84636878967285
2.43,152.0,0.8947368421052632,-12.428603663164026,6.593449968325662,-23.00906753540039,0.0,-12.009927749633787
3.645,228.0,0.8991228070175439,-13.17393743003287,6.561830311187313,-19.62549591064453,0.0,-16.95055389404297
3.711375,232.0,0.8879310344827587,-11.128998950847144,7.934842679564429,-26.325458526611328,0.0,-8.128557205200195
6.36,398.0,0.8919597989949749,-12.07953994106239,7.263292146397348,-28.665313720703125,0.0,-10.35686492919922
2.4136875,151.0,0.9006622516556292,-11.967424224404729,5.383444116614929,-16.39434814453125,0.0,-14.85563850402832
2.792125,175.0,0.8971428571428571,-10.503547455854475,7.316723952419336,-28.59052276611328,0.0,-8.05078125
4.35425,273.0,0.8974358974358975,-9.82894441254285,5.799440712939638,-27.782100677490234,0.0,-9.54470443725586
2.090875,131.0,0.8931297709923665,-11.56604734241453,3.55224402093817,-14.934581756591797,0.0,-12.41463851928711
3.229625,202.0,0.8762376237623762,-15.624127425716422,8.284839247692044,-24.070430755615234,0.0,-21.19052505493164
3.8199375,239.0,0.895397489539749,-13.131946572633549,8.586212378881736,-27.65021514892578,0.0,-11.60128402709961
5.43,340.0,0.9,-13.48419644474204,7.29981210872907,-30.84396743774414,0.0,-12.357675552368164
1.7433125,109.0,0.8990825688073395,-8.076738668947804,4.433545087988996,-17.064105987548828,0.0,-9.122770309448242
10.015125,626.0,0.8993610223642172,-15.061229214575109,9.129932267486218,-29.11024475097656,0.0,-13.636760711669922
4.3799375,274.0,0.8978102189781022,-11.085918628103364,7.591070439201034,-25.557971954345703,0.0,-8.370035171508789
6.1101875,382.0,0.8979057591623036,-12.819723868856626,6.907829294219683,-25.929292678833008,0.0,-12.300386428833008
2.1216875,133.0,0.8796992481203008,-14.972709036280966,8.229247091052002,-24.57162857055664,0.0,-16.917949676513672
2.6625,167.0,0.8922155688622755,-11.921859613200962,6.72277979846848,-21.715408325195312,0.0,-13.404918670654297
1.5325,96.0,0.8958333333333334,-8.199987056643463,4.779326840035521,-12.45193862915039,0.0,-11.41961669921875
6.5099375,407.0,0.8869778869778869,-17.896010744934927,11.713726366322218,-38.020164489746094,0.0,-14.269140243530272
7.4799375,468.0,0.8910256410256411,-15.029568436620332,9.928978189997077,-30.63397979736328,0.0,-10.83941650390625
2.5899375,162.0,0.8950617283950617,-15.972238803731983,9.629278300036365,-35.437034606933594,0.0,-14.056886672973633
2.74,172.0,0.8953488372093024,-11.341986036919929,3.809158122193598,-18.263107299804688,0.0,-11.702420234680176
1.31,82.0,0.8902439024390244,-6.933531565208957,7.728523909849094,-25.20731735229492,0.0,-4.102642059326172
2.6625,167.0,0.8922155688622755,-12.56005994425524,8.907829766450272,-36.93009948730469,0.0,-10.528100967407228
3.05,191.0,0.8952879581151832,-13.04400788692006,10.561870854595368,-28.632593154907227,0.0,-6.776390075683594
1.6899375,106.0,0.8962264150943396,-7.842183203446238,4.75227109899382,-15.012054443359377,0.0,-8.37784194946289
12.07,755.0,0.8980132450331125,-8.683258849962623,6.063755070535336,-25.506681442260746,0.0,-6.913890838623047
1.1199375,70.0,0.8714285714285714,-7.717341438668673,3.294534184191879,-10.845813751220703,0.0,-9.094104766845703
2.583875,162.0,0.8765432098765432,-13.233500601540149,5.406023884832939,-18.28939437866211,0.0,-16.224456787109375
2.27575,143.0,0.8951048951048951,-17.076722890138626,9.405426941969552,-29.103302001953125,0.0,-17.772863388061523
2.2399375,140.0,0.9,-13.877692737276591,9.1478152837657,-32.48082733154297,0.0,-12.216840744018556
3.3685625,211.0,0.9004739336492891,-15.205708443491082,7.21850511764655,-22.210243225097656,0.0,-19.201417922973636
3.9499375,247.0,0.8987854251012146,-13.04666267429386,6.118027983503829,-27.364931106567383,0.0,-13.59745979309082
12.1899375,762.0,0.89501312335958,-13.938220149960337,9.68989777971825,-34.18335723876953,0.0,-11.284749984741213
8.56,536.0,0.8824626865671642,-12.18658701713191,8.798940055531009,-26.92179679870605,0.0,-10.17530632019043
1.87,117.0,0.8888888888888888,-11.74109253516564,7.026395770886257,-25.97954559326172,0.0,-11.312063217163086
2.7784375,174.0,0.896551724137931,-14.917342675037872,9.558309273365536,-26.38705444335937,0.0,-15.888240814208984
3.6899375,231.0,0.9004329004329005,-11.072390767244192,7.281880542664167,-26.788501739501957,0.0,-9.049320220947266
5.4799375,343.0,0.8979591836734694,-11.346261334109617,4.227749434603919,-16.28371810913086,0.0,-12.275384902954102
2.4399375,153.0,0.8888888888888888,-14.02713381542879,6.908516553108891,-20.480792999267575,0.0,-18.699316024780277
2.4799375,155.0,0.896774193548387,-15.43569239609533,9.114320222822386,-26.058820724487305,0.0,-14.038732528686523
1.1,69.0,0.8985507246376812,-17.76297818460772,12.866284328980852,-33.58585739135742,0.0,-20.943065643310547
2.49,156.0,0.8846153846153846,-11.65340991642164,9.98125867221961,-29.30302047729492,0.0,-6.6776123046875
4.0399375,253.0,0.8932806324110671,-14.188429359841136,10.39056595582008,-33.36323928833008,0.0,-10.872867584228516
1.2599375,79.0,0.8987341772151899,-4.283042048064756,2.322631973379951,-7.549135208129883,0.0,-4.740346908569336
2.5099375,157.0,0.8980891719745223,-14.51684710320006,9.976291856630452,-38.50563049316406,0.0,-12.281938552856444
5.8799375,368.0,0.8994565217391305,-20.11095127094188,8.864666954888255,-34.15822219848633,0.0,-21.356460571289062
5.85,366.0,0.8852459016393442,-12.66078336150558,6.908692356161536,-26.116426467895508,0.0,-10.58867073059082
2.325375,146.0,0.8972602739726028,-11.644170921267444,5.86715421264218,-22.63169860839844,0.0,-10.898555755615234
1.74,109.0,0.8073394495412844,-20.73860775340687,12.397649066769407,-39.86600112915039,0.0,-17.074649810791016
4.6385,290.0,0.8896551724137931,-15.477225880290186,10.416838450249625,-29.24240493774414,0.0,-12.050193786621094
1.6274375,102.0,0.8921568627450981,-18.27206712240701,11.636104242040858,-32.8919792175293,0.0,-15.929039001464844
2.545375,160.0,0.9,-14.139015939500595,5.349591055222135,-18.79111862182617,0.0,-17.08491325378418
3.4,213.0,0.8967136150234741,-12.662792775019302,6.592107222155369,-30.226268768310547,0.0,-12.303081512451172
1.3199375,83.0,0.891566265060241,-11.834781749828442,7.218011621245332,-21.77060890197754,0.0,-11.53525161743164
4.7099375,295.0,0.8983050847457628,-13.500773174357864,7.0042202258914585,-31.96501350402832,0.0,-12.689374923706056
3.49,219.0,0.8995433789954338,-15.183674671928287,6.940927601016566,-28.54159545898437,0.0,-15.552674293518066
4.33,271.0,0.9003690036900369,-7.192637083960361,3.977671947106514,-14.86434555053711,0.0,-6.613252639770508
4.0099375,251.0,0.900398406374502,-6.2864002210904015,3.309951364692997,-12.706388473510742,0.0,-6.011667251586914
1.1599375,73.0,0.8904109589041096,-7.262354894784781,4.392269997484981,-16.094560623168945,0.0,-7.988691329956055
2.0375625,128.0,0.8984375,-19.41990510691767,11.882946307314308,-31.458181381225582,0.0,-27.946165084838867
3.2,201.0,0.8855721393034826,-29.90767120511344,10.190720230905736,-36.69685363769531,0.0,-35.33708190917969
2.2275,140.0,0.8857142857142857,-12.5753022163145,6.282043870194912,-18.156742095947266,0.0,-16.150623321533203
7.05,441.0,0.9002267573696145,-10.090021109400828,5.3379899377282864,-26.243446350097656,0.0,-8.796398162841797
4.1599375,260.0,0.9,-10.994077861818491,7.962550586798607,-27.37104034423828,0.0,-8.342327117919922
5.9608125,373.0,0.8981233243967829,-19.21346013083387,11.48814417200697,-31.888351440429688,0.0,-19.47357177734375
1.92,121.0,0.8925619834710744,-9.294351012618453,5.132088192598302,-17.76693344116211,0.0,-8.905420303344727
2.725,171.0,0.9005847953216374,-13.692064508215172,8.085706233139955,-27.825927734375,0.0,-13.4066162109375
2.7699375,174.0,0.896551724137931,-12.56673272450765,6.189825833351187,-21.31985855102539,0.0,-13.510528564453123
5.54,347.0,0.8933717579250721,-14.275554121694258,8.505071564716312,-31.1859188079834,0.0,-12.776647567749023
1.8265,115.0,0.8869565217391304,-9.357890110389858,4.416167834748497,-15.151973724365234,0.0,-10.55312728881836
2.23,140.0,0.8928571428571429,-13.275336944580078,10.116451381483872,-26.840789794921875,0.0,-9.853759765625
3.0990625,194.0,0.8917525773195877,-13.975474528494598,7.316004233294208,-21.30968475341797,0.0,-18.92866897583008
3.18,199.0,0.8994974874371859,-14.625509666996962,9.349710804048362,-28.192502975463867,0.0,-13.56114387512207
7.7799375,487.0,0.893223819301848,-12.089680340646328,5.035079168059227,-18.08948135375977,0.0,-13.219825744628906
3.6931875,231.0,0.8961038961038961,-13.761051362263409,8.32615795491361,-24.174701690673828,0.0,-15.53616714477539
2.399625,150.0,0.8866666666666667,-13.215382138589272,7.634024793450712,-23.066768646240234,0.0,-12.159786224365234
4.2899375,269.0,0.895910780669145,-13.264433556077886,8.259806216399848,-36.36468505859375,0.0,-12.907581329345703
2.31,145.0,0.896551724137931,-9.7905334179218,6.689996516748082,-26.619802474975582,0.0,-8.420785903930664
14.306625,895.0,0.8994413407821229,-17.635639140916908,8.028777984704552,-32.61444091796875,0.0,-16.9748477935791
1.92,121.0,0.9008264462809916,-8.748409516220793,5.630392522116439,-18.17923927307129,0.0,-8.109697341918945
5.5299375,346.0,0.8959537572254336,-13.302649418000252,7.235364316826435,-31.05415725708008,0.0,-12.827455520629885
6.2099375,389.0,0.8894601542416453,-14.806710954346409,10.378398396657404,-39.24624252319336,0.0,-11.68558406829834
10.9325,684.0,0.8991228070175439,-10.974943629319103,5.568180204898888,-25.85331344604492,0.0,-9.9530029296875
6.7599375,423.0,0.8983451536643026,-10.600499554684289,6.286500257205977,-26.294626235961918,0.0,-8.599662780761719
4.0199375,252.0,0.8968253968253969,-9.37295988808691,4.35300348956656,-22.451984405517575,0.0,-9.89579963684082
1.2175,77.0,0.8961038961038961,-14.525586916052776,5.850340616772922,-19.77396774291992,0.0,-16.943904876708984
2.0099375,126.0,0.873015873015873,-14.984493671764026,11.172282855677114,-30.30148696899414,0.0,-11.581119537353516
6.3061875,395.0,0.8962025316455696,-11.545506202568442,7.890951826942291,-27.72750473022461,0.0,-9.082145690917969
3.79,237.0,0.890295358649789,-14.957033455654344,9.453052684232496,-28.460826873779297,0.0,-11.62009048461914
3.1388125,197.0,0.8984771573604061,-15.968218808793752,7.780374273867705,-23.629474639892575,0.0,-20.94095993041992
5.90725,370.0,0.8945945945945946,-15.043938489839029,8.536795269431627,-26.81305313110352,0.0,-12.403972625732422
4.0799375,255.0,0.8901960784313725,-14.495310804392272,10.154125646325792,-34.50495910644531,0.0,-11.42922019958496
7.5299375,471.0,0.8959660297239915,-12.948956941541338,8.111705760755994,-34.200439453125,0.0,-11.668567657470703
5.2530625,329.0,0.8996960486322189,-10.843913748457624,5.729189899514608,-22.85985946655273,0.0,-10.383264541625977
2.6995,169.0,0.8875739644970414,-15.514899597167968,7.854400210228369,-22.86465835571289,0.0,-20.25874900817871
1.8378125,115.0,0.8869565217391304,-12.197115206250958,5.1728636141612885,-16.600780487060547,0.0,-14.704071044921877
2.72,171.0,0.8888888888888888,-10.533887097710055,5.7865553692756855,-28.695714950561523,0.0,-10.467632293701172
2.1514375,135.0,0.8962962962962963,-15.913716781237891,10.024968724273096,-31.20841217041016,0.0,-15.787078857421877
4.4,276.0,0.894927536231884,-8.304858149787192,4.675436400860816,-22.98276138305664,0.0,-7.7696533203125
2.1486875,135.0,0.8814814814814815,-23.72168395098518,10.435428681597296,-31.59778213500977,0.0,-29.00986862182617
2.2199375,139.0,0.8992805755395683,-14.37423175048828,8.545152232041223,-26.23785400390625,0.0,-13.333606719970703
3.68,231.0,0.8961038961038961,-9.168692694769966,6.2001806365242444,-25.966079711914062,0.0,-8.066312789916992
6.3075,395.0,0.8987341772151899,-12.719451281050562,6.499280406223483,-28.68536758422852,0.0,-11.57512664794922
4.3899375,275.0,0.6727272727272727,-12.329622008349444,9.273626065142674,-38.88419723510742,0.0,-10.063732147216797
5.4631875,342.0,0.7222222222222222,-16.247298947230043,9.01332739726238,-39.0580940246582,0.0,-15.356212615966797
2.9599375,185.0,0.8972972972972973,-11.337643818682936,9.511015602159064,-33.74628448486328,0.0,-8.781804084777832
9.2899375,581.0,0.9001721170395869,-14.19508648101048,7.975824181591126,-27.88661003112793,0.0,-12.89035987854004
4.62,289.0,0.8996539792387543,-13.187867340674767,6.284756829096694,-25.539554595947266,0.0,-12.112308502197266
6.296875,394.0,0.8959390862944162,-17.246852745077767,12.48378951960019,-30.880895614624023,0.0,-23.202550888061523
1.5375,97.0,0.8969072164948454,-9.859623130710643,4.539751348309933,-17.067195892333984,0.0,-9.78180694580078
3.652625,229.0,0.8908296943231441,-14.261664484061448,9.001238080944704,-28.149322509765625,0.0,-11.802078247070312
4.49,281.0,0.896797153024911,-16.23014097365122,8.573744856435182,-25.234569549560547,0.0,-21.1790771484375
2.6833125,168.0,0.8988095238095238,-17.961066517608845,7.241694810108972,-23.886619567871094,0.0,-21.56000518798828
3.5199375,220.0,0.9,-20.714152798508152,11.991383049409263,-33.47992706298828,0.0,-24.293954849243164
8.9499375,560.0,0.9,-11.575209649782332,5.736667647369533,-27.878929138183597,0.0,-10.514012336730955
2.75,172.0,0.872093023255814,-14.860355695088703,9.4995774569357,-29.179096221923828,0.0,-13.232593536376951
3.3499375,210.0,0.9,-10.217742657535291,7.795924083874823,-29.49454689025879,0.0,-7.594717025756836
3.3799375,212.0,0.8962264150943396,-13.05523093374152,7.215417990681821,-21.401649475097656,0.0,-16.113338470458984
6.3,394.0,0.8984771573604061,-13.181526442705575,5.2828716031678775,-22.27686309814453,0.0,-12.845741271972656
4.93,309.0,0.8996763754045307,-14.743292753644983,7.5529538633167235,-31.74126434326172,0.0,-13.39765167236328
5.2399375,328.0,0.899390243902439,-15.591690690638655,4.818280536339789,-26.71034240722656,0.0,-16.18531036376953
5.09,319.0,0.8996865203761756,-10.417063264481282,7.388107349974943,-28.40458869934082,0.0,-9.457429885864258
2.14,134.0,0.8955223880597015,-18.60834242502848,9.799639670255068,-27.455753326416016,0.0,-24.62205696105957
11.8799375,743.0,0.8936742934051144,-16.163233139428748,9.399374826939116,-29.21682548522949,0.0,-13.18425750732422
2.68,168.0,0.8988095238095238,-6.882415518855417,3.145086546055277,-12.78081512451172,0.0,-7.2982177734375
1.365875,86.0,0.8837209302325582,-12.972397603486714,8.978750877057424,-26.272476196289062,0.0,-16.14189338684082
1.72,108.0,0.8981481481481481,-15.040518839334704,7.958643855671761,-29.467533111572266,0.0,-14.733437538146973
1.1299375,71.0,0.9014084507042254,-16.565716445446014,7.679310961213468,-25.19190216064453,0.0,-17.773651123046875
6.8994375,432.0,0.8981481481481481,-5.400427223480854,3.138435267498735,-13.01760482788086,0.0,-5.079154968261719
1.6,101.0,0.900990099009901,-4.733587474613399,4.397892618443387,-14.3233642578125,0.0,-2.659883499145508
2.0654375,130.0,0.9,-11.950612630599585,6.351745090444288,-19.968830108642575,0.0,-12.89898681640625
8.0,501.0,0.8962075848303394,-16.471673188071474,6.1448722959341335,-25.22995376586914,0.0,-15.389888763427734
3.0936875,194.0,0.8969072164948454,-12.548655455139862,7.781305313531988,-25.9246883392334,0.0,-10.268512725830078
8.8899375,556.0,0.8525179856115108,-14.902288254806262,8.114525101316369,-39.5490837097168,0.0,-14.155072212219238
4.79,300.0,0.8866666666666667,-13.453234701228322,10.061625964285565,-30.75999641418457,0.0,-10.00959014892578
3.6899375,231.0,0.8917748917748918,-17.658933898777637,10.900766982509936,-36.11225128173828,0.0,-15.572688102722168
7.1735625,449.0,0.89086859688196,-14.355619602203369,7.4534443985356384,-27.556781768798828,0.0,-13.244354248046877
3.3249375,208.0,0.8990384615384616,-15.97725386798063,12.226125641003884,-33.85194396972656,0.0,-11.0908203125
8.236125,515.0,0.8893203883495145,-13.338442531735616,4.253117055336616,-16.746055603027344,0.0,-15.075620651245115
4.5899375,287.0,0.8989547038327527,-13.261349493218948,10.603686395055917,-32.60783386230469,0.0,-8.975400924682617
1.7699375,111.0,0.9009009009009008,-14.551126708984375,7.663261486264344,-20.99596405029297,0.0,-19.030176162719727
2.4306875,152.0,0.8881578947368421,-23.92447649637858,13.882577162704276,-36.97944259643555,0.0,-34.15524673461914
4.178875,262.0,0.8969465648854962,-8.591929066434819,4.811681853596428,-20.3001651763916,0.0,-7.89299201965332
3.812375,239.0,0.899581589958159,-13.392087980758312,11.74730031243196,-33.538089752197266,0.0,-8.145641326904297
6.1914375,387.0,0.8992248062015504,-10.55251077673901,4.980632613458368,-22.42259979248047,0.0,-10.45661163330078
10.5199375,658.0,0.8966565349544073,-20.12602580118988,9.753193008730006,-28.96282196044922,0.0,-26.89097213745117
4.1,257.0,0.8988326848249028,-12.45730195726667,7.298818351460842,-28.710498809814453,0.0,-12.086180686950684
3.97,249.0,0.8995983935742972,-10.39852239404406,6.031532452714687,-22.226511001586918,0.0,-9.528814315795898
5.5299375,346.0,0.8988439306358381,-10.20664349399579,4.565280317652116,-19.465564727783203,0.0,-10.274903297424316
16.7099375,1045.0,0.8937799043062201,-17.866837348366193,9.747381362002304,-29.346843719482425,0.0,-19.20600700378418
5.09,319.0,0.8996865203761756,-15.92868521819962,7.70925297528679,-22.61937713623047,0.0,-20.95977020263672
10.0399375,628.0,0.8949044585987261,-14.145422199018483,8.266994871685847,-29.61430931091309,0.0,-12.043977737426758
3.462125,217.0,0.8894009216589862,-18.006759495315155,11.445297782252734,-33.2518310546875,0.0,-14.189491271972656
6.86,429.0,0.8997668997668997,-8.30697297802861,4.653482678431203,-18.21176147460937,0.0,-8.165616989135742
1.2199375,77.0,0.8701298701298701,-11.73284115008454,7.823700701976716,-23.48892593383789,0.0,-9.332340240478516
8.1860625,512.0,0.7109375,-13.920794489619496,9.21693430225379,-39.78643035888672,0.0,-12.543383598327637
1.446625,91.0,0.9010989010989012,-10.599020143834556,7.378577213998327,-24.25888061523437,0.0,-8.508905410766602
5.7718125,361.0,0.8919667590027701,-14.631012306450316,7.439278029355784,-24.30828094482422,0.0,-15.369256973266602
4.93,309.0,0.8770226537216829,-23.94171325570983,10.042917495085693,-32.8216552734375,0.0,-30.2947998046875
2.72,171.0,0.8947368421052632,-12.931594686570511,9.667496388298522,-33.76356506347656,0.0,-10.980955123901367
7.93,496.0,0.8971774193548387,-18.181711908404747,9.378663567544434,-28.556968688964844,0.0,-20.610782623291016
2.3213125,146.0,0.8972602739726028,-10.059821820441092,7.623720423214335,-24.683574676513672,0.0,-8.195854187011719
2.9399375,184.0,0.8967391304347826,-10.357316508437648,6.457529897729105,-21.840726852416992,0.0,-8.866552352905273
3.6675625,230.0,0.8956521739130435,-20.06489685206737,7.479047851417594,-25.7099723815918,0.0,-23.119382858276367
4.5899375,287.0,0.8989547038327527,-15.387498334396716,6.607943063552283,-29.3637638092041,0.0,-15.896807670593262
3.28,206.0,0.8932038834951457,-12.55689401211946,5.759519915338088,-26.079986572265625,0.0,-12.519575119018556
3.4211875,214.0,0.897196261682243,-19.362854212522507,9.385582777383256,-30.38155746459961,0.0,-19.640344619750977
2.7291875,171.0,0.8888888888888888,-7.086794702630294,4.808436343296635,-17.371843338012695,0.0,-5.769191741943359
4.46,279.0,0.899641577060932,-18.719452261449806,8.431338492887189,-28.559993743896484,0.0,-21.19380187988281
2.2375,140.0,0.9,-19.316697922963943,8.415740572424466,-25.832035064697266,0.0,-24.149168014526367
11.0575,692.0,0.8959537572254336,-12.64693104990067,7.349250889709318,-29.16320037841797,0.0,-11.421417236328123
5.6269375,352.0,0.5738636363636364,-17.56347867757967,7.477096654403522,-37.07232666015625,0.0,-17.335023880004883
2.73,171.0,0.9005847953216374,-7.234425941070953,4.806027024154894,-19.801204681396484,0.0,-6.167580604553223
3.0599375,192.0,0.8958333333333334,-6.959202034528865,3.9213272150150154,-14.150104522705078,0.0,-6.949588775634766
8.6299375,540.0,0.9,-12.780957763577684,9.225458535718486,-28.54764938354492,0.0,-9.660573959350586
3.7085625,232.0,0.896551724137931,-12.479394325843224,5.684543017099048,-21.43954467773437,0.0,-13.348493576049805
7.74,484.0,0.8987603305785123,-10.497193992000886,7.024128593692693,-28.874601364135746,0.0,-8.942838668823242
1.3799375,87.0,0.8735632183908046,-13.418433666229248,7.514937897865238,-25.780540466308597,0.0,-13.220258712768556
2.4699375,155.0,0.896774193548387,-9.282612286025673,6.129063128948725,-20.00695037841797,0.0,-8.115325927734375
3.81,239.0,0.899581589958159,-14.285367921341296,8.081758069054588,-27.752124786376957,0.0,-14.04565715789795
6.855375,429.0,0.8927738927738927,-14.91952180488925,8.497808880334423,-28.621456146240234,0.0,-14.259960174560549
2.251625,141.0,0.8581560283687943,-13.979821480995367,7.101463858045647,-20.280452728271484,0.0,-18.498085021972656
3.8135,239.0,0.899581589958159,-18.413188588342003,10.329737577364243,-30.98779296875,0.0,-18.6309814453125
3.8999375,244.0,0.8975409836065574,-10.94308699864775,7.543285612121276,-29.01129531860352,0.0,-8.020679473876953
7.8999375,494.0,0.8967611336032388,-15.11264930621765,9.17314180914523,-28.241783142089844,0.0,-12.776283264160156
11.8625,742.0,0.8733153638814016,-13.842191436776409,8.815148371213974,-39.99359893798828,0.0,-12.049495220184326
2.1350625,134.0,0.8880597014925373,-9.37236426858341,5.477124304598269,-16.369491577148438,0.0,-9.17822265625
4.8991875,307.0,0.8990228013029316,-17.284850977469183,10.89879999287078,-29.331954956054688,0.0,-22.23747062683105
1.1299375,71.0,0.9014084507042254,-16.288957357406616,9.943439285184724,-35.06461334228516,0.0,-15.272710800170898
10.825625,677.0,0.8906942392909897,-13.82046593243803,7.066617583068338,-26.717308044433597,0.0,-12.750991821289062
2.6,163.0,0.8957055214723927,-13.835568179822948,7.277622040996296,-24.66657829284668,0.0,-17.164649963378906
3.49,219.0,0.8995433789954338,-14.980854421702738,9.681947496976246,-27.532154083251957,0.0,-15.373600006103516
10.3199375,645.0,0.8945736434108527,-11.50694201847916,8.20531277399019,-36.29765319824219,0.0,-9.342561721801758
3.27,205.0,0.8975609756097561,-9.520749112834102,5.337195262000448,-19.946823120117188,0.0,-9.133472442626951
9.2199375,577.0,0.8994800693240901,-13.309936666764276,7.299103584376115,-31.31333541870117,0.0,-12.435359954833984
1.92,121.0,0.8925619834710744,-7.060247315300836,5.004561703384612,-16.22620391845703,0.0,-5.375524520874023
4.5606875,286.0,0.8951048951048951,-18.43589083850384,9.416038699221948,-27.03458023071289,0.0,-24.580638885498047
3.8799375,243.0,0.897119341563786,-5.046133671331843,3.3823255560012444,-11.150764465332031,0.0,-5.138603210449219
3.1099375,195.0,0.8974358974358975,-15.52141374043056,10.774158101031947,-38.94786834716797,0.0,-12.623281478881836
6.6899375,419.0,0.8997613365155132,-10.255870773558277,4.81795263236386,-22.081785202026367,0.0,-9.597333908081056
1.4499375,91.0,0.9010989010989012,-10.303483404764314,7.282609934397176,-21.91403579711914,0.0,-9.568326950073242
5.375,336.0,0.8928571428571429,-20.401561082204186,9.965820347691276,-32.84659957885742,0.0,-21.81056022644043
0.99,62.0,0.8709677419354839,-16.665460869118018,8.778927858238237,-26.383790969848636,0.0,-19.861225128173828
6.8399375,428.0,0.8925233644859814,-16.58585540411984,9.499697705725774,-26.267189025878903,0.0,-22.238502502441406
2.0799375,130.0,0.8769230769230769,-7.023939567699767,2.861614070710554,-10.238662719726562,0.0,-7.667873382568359
2.8738125,180.0,0.9,-10.77360811351258,4.8612249281241855,-22.48688697814941,0.0,-10.185688018798828
2.79,175.0,0.8914285714285715,-12.809222037975603,6.648686949857103,-22.81831169128418,0.0,-12.928094863891602
1.76375,111.0,0.7477477477477478,-11.02507988803358,8.79473303686198,-37.92873764038086,0.0,-9.63254165649414
1.97,124.0,0.8951612903225806,-14.155788713747317,9.250117837444174,-27.80646324157715,0.0,-10.198556900024414
3.1899375,200.0,0.9,-8.424385621812608,4.073817321201251,-24.540239334106445,0.0,-8.41228199005127
6.34,397.0,0.8916876574307305,-16.44275174976069,7.180055645746706,-23.91110038757324,0.0,-20.430328369140625
1.891625,119.0,0.8991596638655462,-18.626275499290397,12.486950876151532,-39.72007751464844,0.0,-15.52235221862793
2.97,186.0,0.8978494623655914,-12.973715228234935,11.665607027755106,-31.186283111572266,0.0,-7.033260345458984
7.81,489.0,0.8997955010224948,-16.07395801977678,7.089048343310025,-30.90970039367676,0.0,-15.06630516052246
2.92,183.0,0.8743169398907104,-17.95928622484207,10.074886311654712,-39.948768615722656,0.0,-16.115121841430664
2.669375,167.0,0.8982035928143712,-16.032635294596354,9.986514786110824,-25.144363403320312,0.0,-23.30349540710449
3.3899375,212.0,0.8962264150943396,-7.713013548600046,5.36860640431518,-20.569808959960938,0.0,-6.519472122192383
2.2045,138.0,0.8913043478260869,-22.883669411263813,11.600464685269932,-34.790714263916016,0.0,-29.74401092529297
5.8999375,369.0,0.8943089430894309,-14.67530299100009,9.007201424828494,-30.134178161621094,0.0,-11.640325546264648
12.5849375,787.0,0.8996188055908514,-15.666528653290312,6.818765268440788,-35.36894989013672,0.0,-14.529834747314451
6.7215625,421.0,0.9002375296912114,-14.505419839340654,9.427719103427467,-32.64737701416016,0.0,-12.724777221679688
5.9499375,372.0,0.8978494623655914,-17.685329665680847,9.230306449530715,-35.972877502441406,0.0,-16.370386123657227
3.3,207.0,0.8985507246376812,-13.438284576580088,10.118414053315584,-31.525074005126957,0.0,-12.167722702026367
1.9674375,123.0,0.8943089430894309,-6.19537915316495,4.914227143835796,-15.551071166992188,0.0,-4.139495849609375
4.0299375,252.0,0.8809523809523809,-18.29666760161116,11.884910276713926,-39.9299201965332,0.0,-12.827248573303224
2.8899375,181.0,0.9005524861878453,-12.15960907497289,8.361627245816319,-31.713380813598636,0.0,-9.56585693359375
3.72925,234.0,0.8974358974358975,-9.348297400701613,3.806086934022974,-16.764719009399414,0.0,-9.83920669555664
2.1378125,134.0,0.8955223880597015,-6.522925345102946,4.844871102307837,-17.197429656982422,0.0,-5.1649932861328125
2.7981875,175.0,0.88,-9.210024672669247,6.385375621554873,-19.222900390625,0.0,-8.404006958007812
2.6264375,165.0,0.896969696969697,-10.187013703423576,6.850396257977336,-19.66175842285156,0.0,-8.537565231323242
3.17,199.0,0.8994974874371859,-7.955728882517895,6.42745076763796,-27.797378540039062,0.0,-6.7840118408203125
8.1,507.0,0.8954635108481263,-15.479516071369996,7.861882508742811,-31.126850128173828,0.0,-14.43995475769043
5.34,334.0,0.8982035928143712,-17.59719139734904,10.95314099928435,-30.98970603942871,0.0,-18.47672462463379
9.536625,597.0,0.8877721943048577,-14.895504145352346,7.436163848391681,-31.23748207092285,0.0,-12.847818374633787
8.5199375,533.0,0.8930581613508443,-10.56075907554947,6.924633715388829,-22.723655700683597,0.0,-8.285270690917969
12.58925,787.0,0.8919949174078781,-12.187091653503243,6.06563242349965,-19.54808807373047,0.0,-13.302093505859377
4.9961875,313.0,0.8977635782747604,-13.081261341257877,6.699408466859618,-31.00974464416504,0.0,-12.392351150512695
4.561875,286.0,0.8846153846153846,-13.599463572144035,9.85454057368563,-28.47568702697754,0.0,-10.587736129760742
2.3199375,145.0,0.896551724137931,-11.063302582960862,5.606082598032849,-18.60479736328125,0.0,-11.654726028442385
3.0355,190.0,0.8842105263157894,-13.3764450663612,5.987254735530074,-20.820053100585938,0.0,-14.536691665649414
6.7225625,421.0,0.9002375296912114,-6.849252962499936,4.518509106883007,-22.59673309326172,0.0,-5.827583312988281
4.395,275.0,0.8981818181818182,-13.470297716889789,8.264468995282732,-25.823963165283203,0.0,-11.853717803955078
4.80375,301.0,0.9003322259136213,-9.512268277551856,5.898397673548114,-21.766056060791016,0.0,-8.599105834960938
3.67,230.0,0.9,-14.931983505470166,7.597443254198578,-30.54647445678711,0.0,-13.699810028076172
4.4099375,276.0,0.8985507246376812,-18.04101970118861,7.344428078495958,-33.80411529541016,0.0,-18.33454132080078
7.5141875,470.0,0.9,-8.949196646399532,4.26301082099031,-19.13467025756836,0.0,-8.784828186035156
1.56,98.0,0.8979591836734694,-14.392802498557351,5.963458624915637,-19.16761016845703,0.0,-17.685670852661133
8.0099375,501.0,0.9001996007984032,-10.350286509139575,6.55017227592028,-26.799257278442383,0.0,-8.625242233276367
1.700625,107.0,0.897196261682243,-22.070340534051255,14.602807420465226,-38.93839645385742,0.0,-28.557497024536133
4.500625,282.0,0.8971631205673759,-18.78353550123132,9.118604538913706,-28.462810516357425,0.0,-23.004608154296875
2.98,187.0,0.8983957219251337,-14.772456600552513,9.027589515472664,-31.46744537353516,0.0,-11.058987617492676
3.98,249.0,0.8995983935742972,-13.477682228599276,8.048517206259906,-36.30730438232422,0.0,-11.818197250366213
1.6893125,106.0,0.8962264150943396,-3.475366612484581,3.026478295968682,-11.748821258544922,0.0,-2.710681915283203
3.1099375,195.0,0.8923076923076924,-26.276358133074883,11.834133849719512,-39.16576766967773,0.0,-29.239038467407227
2.8799375,180.0,0.9,-10.57597405233501,6.161972390960807,-23.11240768432617,0.0,-10.522981643676758
11.9334375,746.0,0.8981233243967829,-16.531434210022883,7.281783096498625,-32.31962585449219,0.0,-16.220245361328125
4.7555,298.0,0.8993288590604027,-13.1702806558182,6.961121752305409,-20.98345184326172,0.0,-16.58272933959961
3.1711875,199.0,0.8944723618090452,-14.038752159375823,5.737578043671968,-21.91766357421875,0.0,-14.61912727355957
4.7035,294.0,0.8945578231292517,-9.735307671724616,4.459909933885538,-19.852020263671875,0.0,-9.63851547241211
4.49,281.0,0.900355871886121,-10.104022678179232,4.843042862163784,-19.498685836791992,0.0,-9.83763313293457
2.98,187.0,0.8877005347593583,-18.170324107250536,11.268598075551942,-32.971527099609375,0.0,-19.486024856567383
2.507875,157.0,0.8726114649681529,-10.254229552554389,4.581341906702208,-14.047088623046877,0.0,-12.856468200683594
1.9399375,122.0,0.8934426229508197,-10.38018599343956,6.478566206076729,-25.84150695800781,0.0,-10.576301574707031
8.91275,558.0,0.899641577060932,-13.464960227449575,6.009658583474301,-28.60724639892578,0.0,-12.742406845092772
3.3,207.0,0.8888888888888888,-17.684971363648124,7.826375655106394,-24.411357879638672,0.0,-22.49196052551269
4.8068125,301.0,0.893687707641196,-6.86049021043742,3.4465681632145246,-11.634872436523438,0.0,-7.224807739257812
3.2899375,206.0,0.883495145631068,-14.496039180965214,10.73775834741802,-32.995323181152344,0.0,-9.59621810913086
2.4699375,155.0,0.8903225806451613,-10.09149004065472,7.945068420225136,-27.43802261352539,0.0,-7.013084411621094
3.4925,219.0,0.8949771689497716,-14.310318888450157,10.833166802410195,-30.86565589904785,0.0,-11.038827896118164
2.4499375,154.0,0.8961038961038961,-13.144553737363951,10.04670444498135,-30.36638832092285,0.0,-10.315146446228027
5.6591875,354.0,0.8926553672316384,-9.61200436459312,5.780256847126014,-22.534423828125,0.0,-9.503787994384766
1.8899375,119.0,0.8991596638655462,-18.22582924031766,9.460150237436654,-32.84814453125,0.0,-18.07821273803711
14.1899375,887.0,0.8985343855693348,-19.13070027771379,11.502388073276254,-38.34363555908203,0.0,-16.552772521972656
2.68,168.0,0.875,-9.82377777618616,6.340111821458822,-18.328662872314453,0.0,-8.838581085205078
1.37,86.0,0.8953488372093024,-12.966783548330332,10.879574939520952,-35.68799591064453,0.0,-9.129343032836914
4.698875,294.0,0.8877551020408163,-20.380560191655068,7.259042411886277,-26.83255386352539,0.0,-24.3870849609375
3.4710625,217.0,0.8986175115207373,-7.832163942777194,3.261997281264465,-12.715904235839844,0.0,-8.0606689453125
2.09,131.0,0.8931297709923665,-15.654908628545256,9.764221848669193,-24.90771102905273,0.0,-21.56081771850586
5.1599375,323.0,0.8978328173374613,-13.869133794718776,6.331966234357449,-34.865623474121094,0.0,-14.330890655517578
2.0199375,127.0,0.8976377952755905,-22.37224501057675,13.312878475484151,-38.26729965209961,0.0,-21.727428436279297
1.34,84.0,0.8928571428571429,-8.329018351236979,4.558822589648019,-15.47763442993164,0.0,-8.051624298095703
2.865125,180.0,0.8944444444444445,-8.146048528067073,6.303309407893988,-22.347339630126957,0.0,-6.299846649169922
19.07,1192.0,0.8984899328859061,-15.536466244110764,5.93042200989653,-32.32539749145508,0.0,-14.985496520996094
12.0024375,751.0,0.8921438082556591,-16.419109042722788,9.553041494853431,-32.54289627075195,0.0,-14.285284042358398
2.7549375,173.0,0.8959537572254336,-11.774320885442918,8.137102713594668,-21.202911376953125,0.0,-13.474605560302734
2.036,128.0,0.8984375,-12.12375664089037,7.260252279892123,-21.40977478027344,0.0,-10.453227996826172
1.830875,115.0,0.8869565217391304,-14.67267406688017,8.863067848744048,-22.76955795288086,0.0,-20.688926696777344
3.13025,196.0,0.8775510204081632,-20.50383673157803,8.756540789417429,-27.095373153686523,0.0,-25.29623031616211
1.8199375,114.0,0.8947368421052632,-18.940151850382488,8.26767976162479,-26.31491470336914,0.0,-22.947948455810547
13.7530625,860.0,0.8941860465116279,-13.074004020740524,6.77020683219722,-26.933609008789062,0.0,-12.206974029541016
2.9814375,187.0,0.8877005347593583,-11.40621068104204,3.947662711412552,-14.762367248535156,0.0,-13.102481842041016
6.1099375,382.0,0.8848167539267016,-15.931353117587298,8.268091086333875,-30.529460906982425,0.0,-13.71482276916504
6.2899375,394.0,0.8934010152284264,-18.046135452660646,9.52284346233393,-35.05073547363281,0.0,-15.964332580566406
2.2199375,139.0,0.8992805755395683,-9.471768463134763,7.75301596520623,-25.3349723815918,0.0,-6.1109161376953125
2.423125,152.0,0.8947368421052632,-18.278312472736133,9.763754275007516,-29.027708053588867,0.0,-20.01865577697754
2.8999375,182.0,0.8956043956043956,-13.44826659688189,8.000132316643525,-28.490785598754883,0.0,-13.64216423034668
2.7799375,174.0,0.8908045977011494,-16.442242837721302,9.958671951340357,-30.759897232055664,0.0,-14.787233352661133
2.62,164.0,0.8963414634146342,-12.808545326700017,10.162795283974402,-34.10966873168945,0.0,-8.361566543579102
3.8799375,243.0,0.8847736625514403,-11.522731639063636,7.420475531761641,-22.193439483642575,0.0,-9.768905639648438
2.2881875,144.0,0.8958333333333334,-6.531904235366703,4.029277859459629,-12.140541076660156,0.0,-6.532905578613281
1.14,72.0,0.875,-12.218338012695312,5.817325561742928,-19.357749938964844,0.0,-14.620830535888672
3.6499375,229.0,0.8995633187772926,-9.90872223863324,7.113502021595025,-33.0123176574707,0.0,-8.01645278930664
2.7813125,174.0,0.896551724137931,-9.866460335560332,4.04562881553045,-15.230052947998049,0.0,-10.860557556152344
2.8608125,179.0,0.6033519553072626,-9.60036454377351,9.318077338058568,-39.50907516479492,0.0,-5.965641021728516
4.1325625,259.0,0.8996138996138996,-10.99116861564407,4.973930396312023,-19.368288040161133,0.0,-11.846879959106444
1.8299375,115.0,0.8956521739130435,-15.356297835562993,10.226956282883984,-31.89154052734375,0.0,-13.175933837890623
9.8325,615.0,0.8943089430894309,-13.267887850674716,8.908803344453814,-29.12963104248047,0.0,-10.743001937866213
8.25,516.0,0.8992248062015504,-16.746692258736182,8.80403425711892,-32.928489685058594,0.0,-15.037960052490234
3.31,207.0,0.8888888888888888,-15.972236799157184,9.525310058194872,-26.50591468811035,0.0,-21.68748664855957
1.61,101.0,0.900990099009901,-12.324059287270346,6.510686015058946,-18.382328033447266,0.0,-16.33957290649414
1.81,114.0,0.8859649122807017,-13.00765823137642,10.172504010439155,-27.530555725097656,0.0,-13.231529235839844
2.413625,151.0,0.9006622516556292,-19.17530362746295,7.439763435649294,-25.625362396240234,0.0,-23.03773307800293
1.633,103.0,0.8932038834951457,-12.460900648780491,10.545696654074147,-35.02989959716797,0.0,-8.475661277770996
1.97,124.0,0.8951612903225806,-14.049118712141707,8.857482244102254,-24.63593292236328,0.0,-13.419334411621094
2.1599375,135.0,0.8814814814814815,-17.985590958795626,10.362368973583632,-27.775190353393555,0.0,-23.63783073425293
4.6299375,290.0,0.9,-12.050257503757988,6.724458187831283,-23.933773040771484,0.0,-11.168983459472656
5.2899375,331.0,0.9003021148036254,-10.512646668709364,5.714424611805307,-19.63880157470703,0.0,-11.353601455688477
1.8899375,119.0,0.8991596638655462,-16.961819925040842,7.262402646098957,-27.44837951660156,0.0,-17.971630096435547
6.0399375,378.0,0.8994708994708994,-10.524229077731862,5.563646214671154,-25.640830993652344,0.0,-9.310461044311523
6.43,402.0,0.8980099502487562,-15.67307001467887,6.39351585385449,-31.530223846435547,0.0,-14.76956558227539
1.73,109.0,0.8990825688073395,-13.44185276420749,7.45869970602728,-20.840717315673828,0.0,-18.338329315185547
1.43,90.0,0.8888888888888888,-9.483180952072145,5.421324536240596,-17.822404861450195,0.0,-9.966937065124512
5.7168125,358.0,0.8994413407821229,-10.55099433993701,5.344060200077042,-25.267120361328125,0.0,-10.714044570922852
1.913625,120.0,0.8833333333333333,-20.52864893427435,7.470751248428322,-27.45401763916016,0.0,-23.36813163757324
1.9268125,121.0,0.9008264462809916,-6.5183594029977785,5.557000311121596,-21.07509994506836,0.0,-4.16375732421875
2.99,187.0,0.8983957219251337,-16.98395846003578,11.501484999109826,-32.13182830810547,0.0,-11.631647109985352
7.177375,449.0,0.8975501113585747,-10.8653993772218,7.073077584627524,-26.60831451416016,0.0,-8.747573852539062
1.23,77.0,0.8961038961038961,-6.166870835898579,5.162053319620829,-18.294828414916992,0.0,-4.814506530761719
7.3,457.0,0.8949671772428884,-17.664714939145412,10.019607317483716,-29.773317337036133,0.0,-16.841962814331055
1.1,69.0,0.8840579710144928,-7.670809261134414,4.465800186111999,-12.487052917480469,0.0,-10.125118255615234
1.28,81.0,0.8888888888888888,-7.012738386789958,4.38840511312168,-12.263591766357422,0.0,-7.223609924316406
1.7346875,109.0,0.8990825688073395,-9.235503683284838,9.155339341643051,-23.67816162109375,0.0,-4.386280059814453
3.10275,194.0,0.8969072164948454,-10.55298076278862,4.930419182270983,-19.418155670166016,0.0,-10.694665908813477
4.3265,271.0,0.8929889298892989,-10.106073064252366,6.221654546043972,-18.535850524902344,0.0,-9.27879524230957
1.7099375,107.0,0.897196261682243,-13.24537299076716,9.844112033205104,-27.685157775878903,0.0,-12.773674011230469
5.5699375,349.0,0.8997134670487106,-15.863366931866688,7.412331067268403,-30.1114501953125,0.0,-14.883357048034668
16.49,1031.0,0.9000969932104753,-12.34592633411802,7.47762718199491,-33.960227966308594,0.0,-10.495492935180664
2.46,154.0,0.8961038961038961,-11.369081400442814,7.556806610335404,-25.407060623168945,0.0,-11.207622528076172
4.0050625,251.0,0.8924302788844621,-14.459543722016472,5.97589109540885,-19.962841033935547,0.0,-18.554733276367188
3.592,225.0,0.8933333333333333,-15.091574872904156,8.532660417044898,-26.947904586791992,0.0,-15.467374801635742
1.4799375,93.0,0.8817204301075269,-14.70930178572492,10.967338866793272,-26.9937686920166,0.0,-13.712373733520508
5.591375,350.0,0.8971428571428571,-13.71154532462928,5.95124339453849,-24.63203239440918,0.0,-14.365110397338867
3.3505625,210.0,0.8904761904761904,-19.45755862679711,8.859491036215399,-26.553943634033203,0.0,-24.750038146972656
6.6374375,415.0,0.8963855421686747,-16.561723114341817,8.966860041819666,-33.01398468017578,0.0,-16.414172172546387
3.9599375,248.0,0.8991935483870968,-16.71351951975459,8.93237034051189,-29.047992706298828,0.0,-14.975540161132812
2.5965625,163.0,0.8957055214723927,-10.297139912435451,5.334495778549245,-16.216812133789062,0.0,-12.521678924560549
3.17,199.0,0.8994974874371859,-13.86743530614416,6.679385410739196,-27.5850830078125,0.0,-12.846778869628906
5.18,324.0,0.8981481481481481,-15.050465531365568,6.6657178448166094,-26.011615753173828,0.0,-15.474820137023926
7.2099375,451.0,0.8980044345898004,-15.032076432969834,10.248804021663087,-39.98723220825195,0.0,-11.073652267456056
4.2399375,265.0,0.8981132075471698,-9.144813625752423,7.595727135474202,-30.053985595703125,0.0,-6.683639526367188
6.0299375,377.0,0.8912466843501327,-8.629011653718495,6.154613708512787,-26.006328582763672,0.0,-7.979396820068359
8.646125,541.0,0.7486136783733827,-16.074545514142073,9.120427403421138,-39.96509552001953,0.0,-13.940118789672852
2.3155625,145.0,0.8827586206896552,-12.633125007152556,6.413735975989708,-26.02825164794922,0.0,-11.548990249633787
2.18,137.0,0.8978102189781022,-6.831897425457714,4.565876623784286,-19.64544677734375,0.0,-6.939224243164063
4.6505625,291.0,0.9003436426116839,-13.379945238127965,8.34238633755793,-31.09313201904297,0.0,-11.130762100219728
6.0299375,377.0,0.8992042440318302,-11.446167656102364,6.365082330666502,-23.940637588500977,0.0,-10.12870979309082
5.66,354.0,0.8926553672316384,-15.093492779550672,5.919116110209631,-31.48318862915039,0.0,-15.055278778076172
8.3964375,525.0,0.8838095238095238,-10.27830197071207,4.77741346618792,-16.919307708740234,0.0,-10.035364151000977
9.0088125,564.0,0.8971631205673759,-15.669046728036149,10.279174077246545,-36.07164764404297,0.0,-12.27577304840088
1.6675,105.0,0.8952380952380953,-17.855637915590975,13.397948126421651,-37.49917984008789,0.0,-17.268548488616943
1.4313125,90.0,0.8888888888888888,-15.17982325553894,8.277635163603676,-23.86811637878418,0.0,-19.19499397277832
2.34,147.0,0.8979591836734694,-13.61931360129154,7.836304127166668,-29.153705596923828,0.0,-14.886503219604492
4.9891875,312.0,0.8910256410256411,-14.63243414515214,8.179406965061128,-24.29879379272461,0.0,-14.197883605957031
3.61,226.0,0.8982300884955752,-8.971922531503761,3.7933828440357735,-15.852960586547852,0.0,-8.987386703491211
2.79,175.0,0.8971428571428571,-10.912606719193183,6.6216871796345655,-24.011423110961918,0.0,-9.794717788696287
6.3899375,400.0,0.9,-8.698410087161594,5.76339929712071,-24.74345016479492,0.0,-7.390966415405273
3.365,211.0,0.9004739336492891,-20.57202896820872,10.272759571976188,-35.146095275878906,0.0,-20.42000961303711
7.43,465.0,0.8946236559139785,-13.240452592189497,7.793640646766998,-32.21718215942383,0.0,-13.515131950378418
5.55,347.0,0.8962536023054755,-13.9079108468206,7.768602542170281,-27.37078666687012,0.0,-12.36713981628418
1.33,84.0,0.8928571428571429,-13.6675954691569,7.677707437797499,-20.573490142822266,0.0,-18.445083618164062
1.37,86.0,0.8953488372093024,-15.197808228529892,12.21464835538502,-33.13778305053711,0.0,-16.384033203125
4.4,276.0,0.894927536231884,-24.094502815833454,9.566109112163227,-37.51548767089844,0.0,-26.362436294555664
7.2453125,453.0,0.8984547461368654,-11.645823916873416,8.099573283647695,-29.08095932006836,0.0,-9.074577331542969
8.87,555.0,0.8828828828828829,-17.388944839944646,8.654040036773017,-26.65177154541016,0.0,-20.38347625732422
1.5940625,100.0,0.9,-6.8866017659505205,5.126052668182895,-13.924503326416016,0.0,-8.622373580932617
2.68,168.0,0.8690476190476191,-14.58385671328192,5.133273308708862,-18.537532806396484,0.0,-16.919328689575195
3.3319375,209.0,0.8995215311004785,-25.943088003929624,10.135390974176278,-34.61688232421875,0.0,-31.312231063842773
3.10925,195.0,0.8871794871794871,-14.077095175065056,7.000004354947876,-29.17623519897461,0.0,-13.52020263671875
7.4625,467.0,0.8993576017130621,-17.841553724379768,6.61422662398552,-35.181983947753906,0.0,-17.540298461914062
7.2099375,451.0,0.8980044345898004,-17.127856440602997,9.542321091707214,-35.69704818725586,0.0,-17.030855178833008
2.79,175.0,0.8971428571428571,-15.038779738602363,12.500993234661932,-31.943265914916992,0.0,-7.938041687011719
9.81,614.0,0.8957654723127035,-11.875933522311124,6.846338391736451,-29.74345588684082,0.0,-9.782501220703123
2.17,136.0,0.8897058823529411,-20.629417009590085,12.522099457359596,-34.81410598754883,0.0,-22.272220611572266
1.19725,75.0,0.8933333333333333,-8.762739209986444,5.661116568244117,-19.99838256835937,0.0,-8.04339599609375
4.4399375,278.0,0.8920863309352518,-16.74834276783851,10.12268046634616,-31.04769515991211,0.0,-15.850690841674805
2.67175,167.0,0.8862275449101796,-14.100734788018304,6.222174422866797,-18.814472198486328,0.0,-17.789371490478516
5.5560625,348.0,0.8994252873563219,-18.56122390454569,10.259929991149187,-32.61952590942383,0.0,-16.219745635986328
4.36,273.0,0.8681318681318682,-17.076060363512,8.390156759468033,-32.88532257080078,0.0,-15.588560104370115
9.5525,598.0,0.8862876254180602,-20.442948888382823,12.925595230313258,-39.28237533569336,0.0,-16.639080047607422
9.6499375,604.0,0.8990066225165563,-13.689154524829506,5.962208185539479,-32.029415130615234,0.0,-13.388938903808594
10.083375,631.0,0.8874801901743264,-20.45875585079193,9.037766442697258,-29.11534309387207,0.0,-26.173093795776367
8.1,507.0,0.8974358974358975,-11.74164789220789,5.870073061961157,-19.96588516235352,0.0,-10.57976531982422
8.496,532.0,0.8928571428571429,-13.080788220857318,8.589758128530505,-31.54203414916992,0.0,-11.98700714111328
5.002,313.0,0.8945686900958466,-16.832429041181292,12.74381944588676,-35.998130798339844,0.0,-11.815299987792969
2.56,161.0,0.8944099378881988,-8.24650944603814,4.5518443608171975,-16.3441162109375,0.0,-8.511026382446289
4.18,262.0,0.8969465648854962,-9.072839631425571,6.169439621095462,-26.05531311035156,0.0,-7.923519134521484
1.4199375,89.0,0.898876404494382,-3.992379999160767,2.2065226484168345,-8.320541381835938,0.0,-4.434787750244141
2.6349375,165.0,0.896969696969697,-14.416154165525692,10.307698260974009,-30.882591247558597,0.0,-10.96342945098877
2.1899375,137.0,0.8978102189781022,-21.7041725996064,12.414906803229869,-33.06578826904297,0.0,-30.042673110961918
2.4099375,151.0,0.9006622516556292,-13.848315827986774,9.982720105780729,-25.26997375488281,0.0,-14.287946701049805
4.0466875,253.0,0.8814229249011858,-11.426439310937718,3.599793028429532,-14.746807098388672,0.0,-13.122604370117188
6.8199375,427.0,0.8992974238875878,-8.361271897951761,3.901407997486445,-17.602075576782227,0.0,-7.952374458312988
10.4799375,655.0,0.8870229007633588,-20.25551381332739,10.473942141013753,-33.19231414794922,0.0,-18.66897392272949
1.282875,81.0,0.8765432098765432,-5.592378105915768,4.777687207596919,-13.463397979736328,0.0,-3.2501220703125
4.4426875,278.0,0.8920863309352518,-11.285291825571369,6.721604654779109,-20.49319076538086,0.0,-9.867321014404297
1.2199375,77.0,0.8961038961038961,-13.73533342886662,9.570115629252758,-23.7617301940918,0.0,-18.838546752929688
5.85,366.0,0.8879781420765027,-20.88663804274339,12.19930464129685,-35.9017333984375,0.0,-20.48468780517578
9.23,577.0,0.8197573656845754,-19.237697173878708,10.62527519547598,-39.97845458984375,0.0,-16.422597885131836
5.2199375,327.0,0.8960244648318043,-19.792650515715824,11.070747932956824,-31.412353515625,0.0,-26.20221710205078
1.8899375,119.0,0.8907563025210085,-16.97517265463775,8.693444921647561,-24.348901748657227,0.0,-21.549161911010746
3.555,223.0,0.874439461883408,-21.23840442559658,9.760429121479213,-30.934186935424805,0.0,-24.8168888092041
2.5799375,162.0,0.8888888888888888,-16.209464444054497,11.185871550486636,-31.605648040771484,0.0,-14.98745346069336
2.4099375,151.0,0.9006622516556292,-7.3020554290098305,4.9541860287761565,-19.801374435424805,0.0,-6.212249755859375
2.04475,128.0,0.8984375,-7.985496968808381,4.174047279611831,-16.711698532104492,0.0,-8.038581848144531
1.1099375,70.0,0.9,-11.637050053429984,7.209782999402141,-23.23795318603516,0.0,-10.54610824584961
3.319,208.0,0.8846153846153846,-15.648341790489528,9.660017984394091,-32.632286071777344,0.0,-12.245397567749023
1.6499375,104.0,0.8846153846153846,-11.89097197159477,9.727879387421908,-27.246299743652344,0.0,-7.578899383544922
4.17,261.0,0.9003831417624522,-9.94070370450933,7.441079851523862,-30.09088134765625,0.0,-8.52482795715332
13.8,863.0,0.8980301274623407,-15.712277499783424,7.686742851858855,-29.903282165527344,0.0,-13.615764617919922
2.2399375,140.0,0.8857142857142857,-14.580602738165087,11.543477127481763,-34.949649810791016,0.0,-8.815242767333984
3.9375,247.0,0.8947368421052632,-14.553236327020292,8.948817362406082,-29.611106872558597,0.0,-12.088546752929688
2.18,137.0,0.8978102189781022,-5.008178183702919,3.397638233622503,-14.843524932861328,0.0,-4.418369293212891
1.2163125,77.0,0.8961038961038961,-12.770412058070086,6.509046848594964,-18.405593872070312,0.0,-16.81920623779297
8.1199375,508.0,0.8956692913385826,-15.84087933550824,7.759622680736149,-25.517053604125977,0.0,-17.176908493041992
1.1899375,75.0,0.8933333333333333,-9.741872844411366,7.840645103974189,-25.1243839263916,0.0,-6.884645462036133
10.6,663.0,0.8989441930618401,-10.018225692262586,6.729007676733322,-25.097808837890625,0.0,-7.861867904663086
2.4225625,152.0,0.881578947368421,-13.193878202296014,8.04523171735689,-23.9458065032959,0.0,-10.656282424926758
2.67,167.0,0.8982035928143712,-15.112398389180502,9.012552726647725,-36.18495178222656,0.0,-12.87221336364746
6.37,399.0,0.8972431077694235,-16.131071682082876,12.542374790797778,-39.30515670776367,0.0,-10.980621337890623
3.707875,232.0,0.8922413793103449,-14.231847845989725,6.89060795472661,-20.76446533203125,0.0,-18.569522857666016
2.581625,162.0,0.8950617283950617,-9.448240069685312,5.127022170514389,-21.07290267944336,0.0,-9.29572296142578
5.74,359.0,0.8885793871866295,-11.904938892137292,8.732254146939422,-25.663375854492188,0.0,-8.526844024658203
1.72,108.0,0.8888888888888888,-19.002493381500244,8.599085871130386,-27.22480773925781,0.0,-23.81084632873535
3.37,211.0,0.9004739336492891,-4.102571627968236,2.498034401166891,-8.8433837890625,0.0,-3.510641098022461
2.7958125,175.0,0.8971428571428571,-11.6527931553543,7.615680731547656,-26.523662567138672,0.0,-9.721858978271484
3.5921875,225.0,0.8933333333333333,-14.360558656910758,8.05632824318574,-23.14361953735352,0.0,-19.79479217529297
4.0599375,254.0,0.8976377952755905,-10.0183154741923,4.3774191277685,-18.854825973510746,0.0,-10.1717529296875
1.9024375,119.0,0.8823529411764706,-15.92936857314337,9.350707861306772,-30.691930770874023,0.0,-18.492876052856445
5.553625,348.0,0.8994252873563219,-10.116278297984945,4.760591212667324,-20.45250129699707,0.0,-10.179548263549805
3.98,249.0,0.6746987951807228,-12.983997713951837,9.45127627020272,-39.33629608154297,0.0,-9.715423583984377
6.27,392.0,0.8086734693877551,-12.757719449064332,9.71594831049713,-39.578369140625,0.0,-9.212125778198242
3.8899375,244.0,0.889344262295082,-7.786398206438337,4.160507499190797,-13.953216552734377,0.0,-8.153812408447266
4.4153125,276.0,0.8985507246376812,-7.35463330053514,4.4708171937983225,-14.362419128417969,0.0,-7.3611297607421875
4.9488125,310.0,0.8903225806451613,-13.789766823036084,5.521909652684641,-19.35801696777344,0.0,-17.077831268310547
4.8068125,301.0,0.893687707641196,-16.26865429505983,7.000313087359063,-24.703754425048828,0.0,-17.922252655029297
2.4,151.0,0.8874172185430463,-11.51729894040236,8.800474096503347,-26.496906280517575,0.0,-9.38569450378418
2.25,141.0,0.900709219858156,-12.321841878215158,9.387897064064198,-30.422569274902344,0.0,-8.354812622070312
2.49,156.0,0.8974358974358975,-12.567640222821916,7.349330378693337,-20.079891204833984,0.0,-17.017757415771484
4.85425,304.0,0.8947368421052632,-11.696462462930118,7.512340179961235,-28.90387344360352,0.0,-10.106918334960938
2.7799375,174.0,0.896551724137931,-14.549995984786596,8.69177235645005,-27.911163330078125,0.0,-11.96908950805664
4.4499375,279.0,0.8924731182795699,-15.201622989761782,6.198305482619665,-21.291210174560547,0.0,-17.236770629882812
1.4099375,89.0,0.8876404494382022,-17.12964374204225,9.859521858615196,-29.32206916809082,0.0,-20.13582801818848
6.109125,382.0,0.8979057591623036,-8.839053690607276,4.14989801132603,-17.451744079589844,0.0,-9.114768981933594
16.92,1058.0,0.8979206049149339,-16.60994405244526,6.372252977337263,-32.58217239379883,0.0,-15.745824813842772
12.2785625,768.0,0.8958333333333334,-15.703710971876632,9.23498145017606,-29.791412353515625,0.0,-12.98556137084961
5.4099375,339.0,0.8849557522123894,-11.427357406616212,7.22820506957107,-24.58115005493164,0.0,-9.797183990478516
4.54,284.0,0.897887323943662,-18.13881898019828,9.508636003973844,-29.73372459411621,0.0,-16.260560989379883
4.615,289.0,0.8927335640138409,-9.82676544485166,5.7256878350453375,-18.446224212646484,0.0,-8.554941177368164
2.3093125,145.0,0.896551724137931,-15.65760034414438,7.784698161095968,-26.16265106201172,0.0,-16.454238891601562
1.0,63.0,0.8571428571428571,-8.438592628196433,6.9153090182135895,-17.439483642578125,0.0,-6.653364181518555
1.14,72.0,0.8888888888888888,-15.728269666433334,12.358467762237709,-34.216163635253906,0.0,-16.339006423950195
6.0119375,376.0,0.8829787234042553,-14.049041661871485,8.313722284011648,-29.47676467895508,0.0,-11.601478576660156
3.693125,231.0,0.8917748917748918,-18.10378735736736,7.318018543515534,-24.7724666595459,0.0,-22.43575859069824
3.1099375,195.0,0.8974358974358975,-24.461051690237863,13.102086151001854,-36.402130126953125,0.0,-32.74317169189453
5.5899375,350.0,0.9,-14.153063014196972,10.551123663141324,-33.11229705810547,0.0,-10.013683319091797
3.1599375,198.0,0.8787878787878788,-12.796211012478532,9.251388790101734,-32.61677932739258,0.0,-9.329254150390623
9.6,601.0,0.8985024958402662,-18.92648666876334,10.254316470710146,-37.630001068115234,0.0,-15.382186889648438
6.2830625,393.0,0.8854961832061069,-15.867674767285928,10.246274265943049,-32.766090393066406,0.0,-14.626047134399414
3.163875,198.0,0.8939393939393939,-4.92389799646065,1.266384028301008,-6.446701049804688,0.0,-5.175304412841797
2.4415625,153.0,0.8954248366013072,-12.25494434885735,8.684956867399775,-27.197216033935547,0.0,-9.80185317993164
5.340125,334.0,0.8802395209580839,-14.186612576854472,4.899134743315598,-18.351119995117188,0.0,-16.75531005859375
12.86,804.0,0.8955223880597015,-15.906530731254154,9.79728195248298,-36.60393524169922,0.0,-12.761834144592283
1.8225,114.0,0.8859649122807017,-13.696525857000069,9.263942353309943,-35.75428771972656,0.0,-10.868230819702148
3.287,206.0,0.8932038834951457,-11.507644259411355,6.855891391919973,-19.320423126220703,0.0,-14.424964904785156
5.1599375,323.0,0.8978328173374613,-10.398905879053576,8.027653718388418,-30.386388778686523,0.0,-7.687788963317871
3.1199375,195.0,0.8974358974358975,-10.406619938441684,5.669846396945709,-22.680879592895508,0.0,-10.161169052124023
2.5970625,163.0,0.8773006134969326,-16.20957856078248,9.919356885675905,-28.152515411376957,0.0,-19.910518646240234
7.05,441.0,0.9002267573696145,-11.427916173670694,7.320846399199887,-31.878875732421875,0.0,-9.587196350097656
2.46,154.0,0.8766233766233766,-14.749413836443866,7.123116674958653,-26.16395568847656,0.0,-13.986865997314451
3.284375,206.0,0.8980582524271845,-18.25963648203257,9.471974418761048,-30.39538955688477,0.0,-18.5496826171875
6.135,384.0,0.8984375,-12.646290953262993,7.570926354659208,-25.02088928222656,0.0,-9.489753723144531
2.4399375,153.0,0.8954248366013072,-15.087322109807149,9.636874950222577,-29.74827003479004,0.0,-13.178659439086914
1.75,110.0,0.9,-8.264794783158736,5.405756998363148,-16.906349182128906,0.0,-6.785297393798828
2.8999375,182.0,0.8736263736263736,-13.039495060278934,8.978580766135899,-25.23223114013672,0.0,-11.225749969482422
1.6999375,107.0,0.897196261682243,-7.796705404917399,4.8239354002671,-17.7352294921875,0.0,-8.410871505737305
6.05,379.0,0.8944591029023746,-14.971346886108758,10.387052072944837,-32.686668395996094,0.0,-12.323959350585938
2.985,187.0,0.893048128342246,-13.962806530341416,7.781230086450141,-26.12589263916016,0.0,-12.522228240966797
3.099,194.0,0.8969072164948454,-10.402065682685238,9.147376943513974,-27.892898559570312,0.0,-6.908012390136719
4.8545625,304.0,0.8782894736842105,-16.826338407252166,8.445849172425124,-26.0147705078125,0.0,-19.24376678466797
3.8525,241.0,0.9004149377593361,-11.009708017797514,6.130090017240935,-23.245288848876957,0.0,-11.166278839111328
4.14425,260.0,0.8961538461538462,-10.559414982284087,7.7272525570050545,-25.15707015991211,0.0,-8.652534484863281
4.9599375,310.0,0.9,-19.485074101383116,12.337008588553156,-33.76904296875,0.0,-24.75318145751953
18.25,1141.0,0.8904469763365469,-21.64497064980935,10.430903035046429,-33.55315017700195,0.0,-22.24759864807129
1.5299375,96.0,0.8958333333333334,-17.39504776444546,8.88816560964224,-27.465606689453125,0.0,-20.53753662109375
3.5299375,221.0,0.6108597285067874,-21.90260177894875,14.974163445425829,-39.95907211303711,0.0,-14.866558074951172
10.87,680.0,0.9,-12.585535409403782,6.732611109160106,-27.67196655273437,0.0,-11.95541000366211
3.9636875,248.0,0.8991935483870968,-6.918956251956957,3.3046480077635607,-13.942153930664062,0.0,-6.934413909912109
14.22425,890.0,0.9,-16.159006516436364,9.88905792814657,-31.863380432128903,0.0,-13.917198181152344
1.2599375,79.0,0.8734177215189873,-10.376901488373244,5.535326007211175,-16.275238037109375,0.0,-13.086299896240234
1.14,72.0,0.8611111111111112,-16.750921772372337,11.080764296965285,-31.91559600830078,0.0,-14.146482467651367
9.139375,572.0,0.8741258741258742,-17.389801248550416,10.342913623036477,-39.925575256347656,0.0,-15.759844779968262
7.3,457.0,0.899343544857768,-12.827718553751923,6.706387576115756,-27.91340446472168,0.0,-12.216825485229492
2.18,137.0,0.8832116788321168,-10.42488985613358,8.315810203216643,-26.128490447998047,0.0,-7.852092742919922
1.5899375,100.0,0.9,-18.26901601155599,8.698269653347648,-24.46308708190918,0.0,-23.308778762817383
9.72,608.0,0.8980263157894737,-20.88503367036253,9.274077038714866,-32.8011474609375,0.0,-21.86930656433105
3.5199375,220.0,0.9,-12.004378655944208,7.194075621710001,-29.965744018554688,0.0,-9.979777336120604
6.5375,409.0,0.8924205378973105,-14.769537405771752,5.700306138640352,-27.225181579589844,0.0,-14.756610870361328
1.5625,98.0,0.8775510204081632,-11.273504656414651,9.80341946091058,-26.853853225708008,0.0,-6.206705093383789
4.56,286.0,0.8881118881118881,-9.794983593497689,6.822139274230896,-33.90452575683594,0.0,-7.932765007019043
2.9559375,185.0,0.8972972972972973,-12.055337905883787,7.538360420858885,-27.135297775268555,0.0,-8.970457077026367
3.67,230.0,0.9,-9.446152101968222,6.677962728000329,-23.11327362060547,0.0,-8.310855865478516
1.8799375,118.0,0.8983050847457628,-16.05926610838692,8.540843081927754,-24.297929763793945,0.0,-20.213106155395508
6.1978125,388.0,0.8994845360824743,-21.69257347085073,8.80030785861183,-30.459571838378903,0.0,-25.09540557861328
3.1099375,195.0,0.8871794871794871,-13.130033250488989,8.901229842632961,-29.635400772094727,0.0,-11.288202285766602
3.3641875,211.0,0.8862559241706162,-21.506513136593416,9.914905474222,-31.038780212402344,0.0,-26.239715576171875
2.33,146.0,0.8698630136986302,-12.637816181333044,8.756081797651275,-24.739971160888672,0.0,-11.36825180053711
2.86,179.0,0.88268156424581,-10.189861708049532,5.028831756002319,-14.717033386230469,0.0,-13.105754852294922
2.8999375,182.0,0.8956043956043956,-12.676115562579383,5.828069420125097,-23.25278854370117,0.0,-14.372802734375
3.86,242.0,0.8966942148760331,-20.89590830297514,7.529057611996755,-34.29283905029297,0.0,-23.300132751464844
9.33,584.0,0.898972602739726,-11.243729713076636,5.4735488113467134,-25.41544342041016,0.0,-9.95024871826172
2.36,148.0,0.8986486486486487,-7.705413474176163,3.716246075102798,-16.270301818847656,0.0,-7.824562072753906
6.3349375,396.0,0.898989898989899,-10.09504624163167,3.822370032284022,-18.92109680175781,0.0,-9.883831024169922
4.9335625,309.0,0.8996763754045307,-17.357643690040643,10.549446107005789,-33.891754150390625,0.0,-15.33292007446289
2.8899375,181.0,0.9005524861878453,-15.501298799105218,8.69463998684123,-25.795692443847656,0.0,-15.985191345214844
0.8899375,56.0,0.8928571428571429,-21.256256675720216,12.675082786197748,-33.39666748046875,0.0,-30.01195907592773
3.33,209.0,0.8947368421052632,-13.365649871010191,10.48867524172618,-33.04389953613281,0.0,-8.405418395996094
2.335,146.0,0.8972602739726028,-9.705829241803585,4.862821703707075,-13.975730895996094,0.0,-12.68071746826172
3.120125,196.0,0.8928571428571429,-17.466524026053293,8.418224340320108,-24.38446044921875,0.0,-22.71645736694336
4.3799375,274.0,0.8978102189781022,-10.28003755429896,6.832540769427324,-26.30556869506836,0.0,-8.291402816772461
3.4671875,217.0,0.8940092165898618,-14.625746461534009,5.994643653243319,-19.8170166015625,0.0,-18.13828468322754
1.1599375,73.0,0.8767123287671232,-12.691415667533876,9.619155664556066,-29.39990234375,0.0,-9.786043167114258
2.6198125,164.0,0.8963414634146342,-9.602171748673834,5.792854411401714,-22.61192512512207,0.0,-8.511919021606445
8.34875,522.0,0.8888888888888888,-10.623524168442035,6.231336809807393,-32.11576461791992,0.0,-8.794915199279785
5.540875,347.0,0.899135446685879,-11.82717871054625,6.43242893338763,-30.12542152404785,0.0,-11.286483764648438
1.4199375,89.0,0.898876404494382,-8.541338968276978,4.669948190070739,-18.053783416748047,0.0,-9.222389221191406
16.92,1058.0,0.8950850661625709,-12.075770316682874,5.324319068474726,-17.883258819580078,0.0,-14.197402954101562
2.28,143.0,0.8951048951048951,-11.203053325414658,7.312260694479778,-27.122089385986328,0.0,-11.594881057739258
3.8453125,241.0,0.8962655601659751,-10.784795019361708,4.303040451575346,-15.03005599975586,0.0,-13.204574584960938
3.98,249.0,0.8995983935742972,-11.959136945860726,5.175678331168958,-22.12940216064453,0.0,-11.832748413085938
3.8236875,239.0,0.8870292887029289,-12.845431786663127,7.13846075614302,-25.89505386352539,0.0,-12.27958869934082
2.1199375,133.0,0.8947368421052632,-17.941602835134297,10.346768877138896,-32.03844451904297,0.0,-19.210880279541016
2.5,157.0,0.821656050955414,-12.493119291556898,8.378896316362102,-39.65951156616211,0.0,-10.017026901245115
1.3499375,85.0,0.8823529411764706,-11.188970209757487,7.66919443289614,-21.50005340576172,0.0,-8.509082794189453
1.4199375,89.0,0.898876404494382,-16.747632384300232,10.73147000721067,-26.958080291748047,0.0,-24.21658706665039
5.82975,365.0,0.8986301369863013,-15.57735736195634,8.051185598691998,-24.063018798828125,0.0,-19.676109313964844
2.553625,160.0,0.9,-8.334187269210815,5.908343356932163,-18.288280487060547,0.0,-6.505294799804688
5.585875,350.0,0.88,-12.819262603660682,5.722990269735188,-19.117477416992188,0.0,-15.524450302124023
5.18,324.0,0.8981481481481481,-12.978666980651646,6.484136933707311,-28.88653945922852,0.0,-12.499732971191406
8.87,555.0,0.8810810810810811,-16.584875157518134,7.39857397834375,-26.75080680847168,0.0,-15.32649040222168
9.5899375,600.0,0.8966666666666666,-18.68106951589478,8.628938542432008,-36.49056243896485,0.0,-16.82107162475586
10.469625,655.0,0.899236641221374,-11.402153666031584,5.616923856307478,-25.95086669921875,0.0,-10.076461791992188
4.2696875,267.0,0.898876404494382,-16.650542163848876,10.775946672961576,-36.53656768798828,0.0,-15.160747528076172
4.74,297.0,0.8956228956228957,-9.156353197599712,4.000867408755189,-20.38846969604492,0.0,-8.770418167114258
3.8004375,238.0,0.8991596638655462,-11.978820854258316,5.163472713457105,-19.536697387695312,0.0,-12.544824600219728
1.09,69.0,0.8840579710144928,-19.08728771522397,11.925406998863451,-31.644041061401367,0.0,-23.977968215942383
2.3026875,144.0,0.8819444444444444,-12.337877829243816,10.086201183392328,-31.2668571472168,0.0,-8.365478515625
3.5874375,225.0,0.8977777777777778,-11.047260558251107,6.832250387855921,-23.2239933013916,0.0,-10.497246742248535
3.43,215.0,0.8976744186046511,-17.06876755749006,9.521509589988352,-25.7544059753418,0.0,-23.67792510986328
2.87,180.0,0.9,-9.697186517126768,5.2561153641374,-21.137937545776367,0.0,-9.581268310546877
2.81,176.0,0.8920454545454546,-15.925755276042183,8.783349164236178,-29.31537628173828,0.0,-17.536510467529297
3.67,230.0,0.9,-11.572731368207702,5.529572889250692,-21.004364013671875,0.0,-11.026962280273438
7.142125,447.0,0.8993288590604027,-10.73070033628549,5.597622549720731,-27.049882888793945,0.0,-9.7252197265625
5.66,354.0,0.8926553672316384,-12.421263459362562,4.985510133378119,-17.520849227905273,0.0,-14.01507568359375
2.56,161.0,0.8944099378881988,-22.214479446411133,14.075197388637216,-37.50421905517578,0.0,-28.049484252929688
1.97,124.0,0.8951612903225806,-6.789818634858003,4.271392439766969,-14.228164672851562,0.0,-6.495170593261719
1.99,125.0,0.888,-8.70961586204735,5.899839821027508,-17.67081069946289,0.0,-8.701744079589844
7.4984375,469.0,0.8976545842217484,-12.571226378234718,4.935674463721077,-19.98542022705078,0.0,-12.229499816894531
2.87,180.0,0.9,-10.154591148282275,6.723094482087746,-22.16761779785156,0.0,-10.054115295410156
2.0,126.0,0.8968253968253969,-16.033589827275907,9.114732972961846,-26.124805450439453,0.0,-18.70852279663086
6.1661875,386.0,0.8989637305699482,-11.03382158416836,5.677942930403902,-28.829769134521484,0.0,-10.217985153198242
13.0,813.0,0.8929889298892989,-12.223496116554111,7.359291637452291,-31.138925552368164,0.0,-11.363399505615234
2.6,163.0,0.8957055214723927,-9.376942961183312,4.621691328681256,-14.423576354980469,0.0,-11.86453628540039
11.62,727.0,0.8995873452544704,-20.480396105608808,7.349551270815597,-32.53215026855469,0.0,-22.102428436279297
3.059375,192.0,0.890625,-14.822002879360266,7.224287001409705,-21.22303009033203,0.0,-19.26158905029297
2.34,147.0,0.891156462585034,-9.776194303090335,4.265503022867873,-18.75954818725586,0.0,-9.76187515258789
2.7599375,173.0,0.884393063583815,-14.821457233304292,10.417814478321615,-31.45301055908203,0.0,-15.525314331054688
3.4199375,214.0,0.897196261682243,-8.758242110411325,6.754916772969037,-28.59938240051269,0.0,-7.293102264404297
4.1,257.0,0.8910505836575876,-19.072484228808808,12.69854928337815,-34.1854362487793,0.0,-21.892837524414062
4.8334375,303.0,0.8976897689768977,-18.298660839305203,8.44823823810561,-36.33964538574219,0.0,-17.072649002075195
3.814625,239.0,0.891213389121339,-15.67613547060971,9.39351927651486,-27.92666244506836,0.0,-16.33556365966797
3.641875,228.0,0.8903508771929824,-11.705643658567531,5.6345107977186135,-17.999652862548828,0.0,-13.893932342529297
2.1299375,134.0,0.8805970149253731,-11.925263873601365,8.002474239012713,-23.137989044189453,0.0,-9.716758728027344
1.74,109.0,0.8990825688073395,-10.999567421115174,8.454218046900571,-22.92226219177246,0.0,-8.028474807739258
4.466875,280.0,0.8928571428571429,-15.526889137268066,8.838834606614261,-27.46643829345703,0.0,-13.894906997680664
2.7699375,174.0,0.896551724137931,-7.235195575616299,4.559756073636304,-18.756000518798828,0.0,-6.149415969848633
6.61925,414.0,0.8985507246376812,-10.066991964975992,3.846915468154296,-18.061710357666016,0.0,-10.006587982177734
5.1614375,323.0,0.8947368421052632,-19.47260427639971,9.819562591362043,-37.43253326416016,0.0,-17.495012283325195
8.09,506.0,0.8972332015810277,-9.68252993680307,5.920440537474221,-27.320158004760746,0.0,-8.460502624511719
7.18325,449.0,0.8997772828507795,-11.180981064787003,7.477954330399435,-31.44355583190918,0.0,-9.050724983215332
5.3489375,335.0,0.8985074626865671,-15.850841325778898,7.095885447187023,-29.48175430297852,0.0,-15.793201446533203
7.3799375,462.0,0.8982683982683982,-12.885912465474693,6.9798810529368565,-27.36888885498047,0.0,-12.43545150756836
5.14,322.0,0.8944099378881988,-11.98804705672794,8.48307877930278,-22.673763275146484,0.0,-8.488519668579102
5.86,367.0,0.8910081743869209,-7.19833553675847,5.370956070579017,-24.720050811767575,0.0,-5.870429992675781
5.3914375,337.0,0.8813056379821959,-18.10200914068254,10.784089228836562,-30.019611358642575,0.0,-21.838245391845703
2.6076875,163.0,0.8895705521472392,-18.098042586754108,11.271030160490064,-34.05060577392578,0.0,-16.21776008605957
2.0599375,129.0,0.8992248062015504,-5.224531206591376,3.5676254896736825,-11.971746444702148,0.0,-3.883733749389648
3.5,219.0,0.8949771689497716,-12.570183384175204,8.49269065631338,-31.446474075317383,0.0,-11.761693954467772
2.4799375,155.0,0.8838709677419355,-10.69944584978758,7.723095075595779,-22.371620178222656,0.0,-9.946792602539062
6.2475,391.0,0.9002557544757033,-16.109296067194506,7.876168479611905,-27.60343360900879,0.0,-15.311147689819336
1.25,79.0,0.8987341772151899,-9.91749556635467,6.739135475226293,-23.09612464904785,0.0,-13.320890426635742
1.9599375,123.0,0.8943089430894309,-7.367827554182573,3.9314418099917514,-17.172693252563477,0.0,-7.307745933532715
1.27,80.0,0.875,-16.94058974129813,8.366386569088732,-24.0408935546875,0.0,-21.89803504943848
1.5964375,100.0,0.9,-5.149614164564345,1.9935945372612127,-7.152633666992188,0.0,-5.966453552246094
3.2099375,201.0,0.900497512437811,-11.030593987986528,7.764536960135993,-27.311323165893555,0.0,-8.885759353637695
15.5099375,970.0,0.8948453608247423,-25.08741993618451,8.552792927706546,-31.024707794189453,0.0,-29.44991111755371
3.9913125,250.0,0.896,-14.173072593552726,5.971213295741922,-19.517112731933597,0.0,-16.933990478515625
7.2,451.0,0.8957871396895787,-18.43003860794672,7.322298024475512,-26.33719062805176,0.0,-20.585474014282227
11.33,709.0,0.8956276445698167,-11.736064622533602,8.33118905898784,-29.29083633422852,0.0,-8.827922821044922
3.0649375,192.0,0.8958333333333334,-14.918534500654353,7.619608671160031,-30.67256736755371,0.0,-12.674869537353516
3.2099375,201.0,0.900497512437811,-12.622481014188482,7.219662203922034,-29.74852561950684,0.0,-11.352561950683594
4.9205625,308.0,0.8993506493506493,-18.384303433800437,10.76661000596145,-32.789398193359375,0.0,-14.704303741455078
2.8258125,177.0,0.8757062146892656,-7.696602975168536,3.722979958724887,-11.34084701538086,0.0,-9.573081970214844
1.9915625,125.0,0.888,-8.301490749324763,2.81472096297119,-10.98025131225586,0.0,-9.263626098632812
6.3825,399.0,0.8897243107769424,-18.89077581486232,6.684439108690392,-25.48019790649414,0.0,-22.95764541625977
6.873625,430.0,0.9,-20.437093448885346,10.777433571767396,-39.71327209472656,0.0,-22.74042320251465
6.2833125,393.0,0.8854961832061069,-19.69897226629586,13.225895854458834,-35.1544189453125,0.0,-18.205535888671875
1.37,86.0,0.8953488372093024,-11.178234447132455,5.393332634827882,-17.593387603759766,0.0,-13.429824829101562
3.6911875,231.0,0.9004329004329005,-14.025566156093891,7.552390670388511,-21.37742805480957,0.0,-19.26596450805664
4.665,292.0,0.886986301369863,-15.22547502407236,8.987697820497802,-30.431381225585938,0.0,-14.682323455810549
1.2599375,79.0,0.8987341772151899,-10.024352866159358,5.774778671241468,-16.29885482788086,0.0,-11.45157241821289
2.91,182.0,0.8956043956043956,-16.677719268330765,10.855683977500782,-30.91287612915039,0.0,-12.903915405273438
3.74,234.0,0.8974358974358975,-9.478581010727655,6.472718915702522,-24.75771141052246,0.0,-7.262752532958984
2.75,172.0,0.8953488372093024,-12.734851341742974,9.344224594140544,-26.53263282775879,0.0,-8.889803886413574
5.6999375,357.0,0.8991596638655462,-19.87195174790617,11.11098500980918,-35.95174789428711,0.0,-18.429912567138672
8.0825,506.0,0.8992094861660079,-12.934441178447598,8.2213306448192,-32.797813415527344,0.0,-11.97311305999756
3.391625,212.0,0.8962264150943396,-12.524515794452867,6.5443095444126325,-23.009422302246094,0.0,-11.59002685546875
2.1599375,135.0,0.8962962962962963,-5.890377895891174,4.180374418628269,-16.48430633544922,0.0,-5.059200286865234
8.6,538.0,0.8996282527881041,-13.48709911157277,5.890998556973762,-27.24789810180664,0.0,-13.311847686767578
1.9455625,122.0,0.8934426229508197,-17.195085140543245,8.143944485731295,-23.36075210571289,0.0,-21.580585479736328
2.23,140.0,0.8928571428571429,-12.970374542236328,8.760687977857476,-26.81872940063477,0.0,-13.275749206542969
2.6125,164.0,0.8963414634146342,-15.645790625591667,6.939905275166449,-26.101768493652344,0.0,-15.852495193481444
1.8999375,119.0,0.8991596638655462,-6.8198263221812025,4.207418577099864,-19.292484283447266,0.0,-6.960622787475586
6.7015,419.0,0.8997613365155132,-11.867444895939109,7.230102174779171,-24.57645797729492,0.0,-9.371784210205078
15.5799375,974.0,0.8891170431211499,-13.88321992816881,4.835341988291805,-18.95999526977539,0.0,-16.181781768798828
10.6664375,667.0,0.8875562218890555,-21.22525448734696,7.731736050836076,-39.2039794921875,0.0,-20.105037689208984
5.2,326.0,0.8987730061349694,-10.495376001039055,6.790438387422185,-25.53913116455078,0.0,-9.11404800415039
13.8399375,865.0,0.8959537572254336,-16.240919174686557,8.190756514225962,-28.485008239746094,0.0,-15.884117126464844
9.8199375,614.0,0.8876221498371335,-14.598312605411634,8.828599626695851,-30.441036224365234,0.0,-12.430255889892578
6.75,422.0,0.8981042654028436,-10.377584663733328,6.410346832553345,-27.01178359985352,0.0,-8.803970336914062
1.97,124.0,0.8951612903225806,-21.43259318240054,10.29530875038365,-30.853689193725582,0.0,-28.129789352416992
1.74,109.0,0.8990825688073395,-10.944741755115745,9.0079804435445,-27.56722068786621,0.0,-8.350692749023438
5.4499375,341.0,0.8914956011730205,-13.920050294775711,7.010507319176663,-21.4454345703125,0.0,-18.566913604736328
12.0399375,753.0,0.899070385126162,-16.917468744331483,8.282899867009014,-32.170684814453125,0.0,-17.668439865112305
6.4524375,404.0,0.8886138613861386,-13.755387797661148,10.11598038814186,-29.298545837402344,0.0,-9.01346206665039
2.3971875,150.0,0.88,-12.777703169620398,4.815046266001659,-17.884132385253906,0.0,-14.86488914489746
5.4895,344.0,0.8982558139534884,-16.2130544039038,8.541412570906136,-27.877456665039062,0.0,-16.021087646484375
10.992125,688.0,0.8822674418604651,-20.240959821069456,8.233695323792094,-39.87548065185547,0.0,-20.173730850219727
2.2399375,140.0,0.8928571428571429,-14.098843368530272,7.219269070800392,-27.83759117126465,0.0,-14.549886703491213
2.4199375,152.0,0.8947368421052632,-17.751868598601398,11.228562186365478,-34.28864669799805,0.0,-14.913652420043944
5.994,375.0,0.8853333333333333,-18.925510986741767,10.502801844592094,-35.97056198120117,0.0,-16.6611270904541
2.3168125,145.0,0.8827586206896552,-17.26191034913063,7.813789063694863,-23.364490509033203,0.0,-20.98517417907715
18.1205625,1133.0,0.8976169461606355,-18.33121887702154,8.973338885435144,-34.51630401611328,0.0,-16.055509567260742
6.97,436.0,0.8990825688073395,-13.570970175217608,9.077698416431272,-37.71967697143555,0.0,-11.546955108642578
3.6,226.0,0.8982300884955752,-12.438425618439473,3.9652132506044695,-15.776123046875,0.0,-14.077972412109377
3.3899375,212.0,0.8962264150943396,-14.64453060752467,9.034712319836382,-31.281177520751957,0.0,-15.661733627319336
2.25,141.0,0.900709219858156,-18.79376207186481,7.635486933954426,-24.15263557434082,0.0,-22.12555503845215
4.3899375,275.0,0.8981818181818182,-11.738418864817756,7.72291377486941,-22.93490982055664,0.0,-11.604255676269531
1.3199375,83.0,0.8554216867469879,-10.592194409437582,8.144198904799943,-23.087905883789062,0.0,-11.052196502685549
2.49,156.0,0.8974358974358975,-16.259768186296736,8.856011443821185,-24.478487014770508,0.0,-22.100976943969727
2.166,136.0,0.8970588235294118,-4.039298792354396,1.6605689649342683,-6.210865020751953,0.0,-4.654523849487305
6.0099375,376.0,0.7978723404255319,-13.834240778287253,9.84845387423048,-39.97769546508789,0.0,-11.66054344177246
3.05,191.0,0.900523560209424,-11.13461523277815,8.804563535877017,-31.06442070007324,0.0,-8.676641464233398
5.49,344.0,0.8982558139534884,-11.78538843420331,5.782476961585264,-25.684326171875,0.0,-11.51410675048828
3.6084375,226.0,0.8982300884955752,-8.623235373661435,4.666786963881124,-18.64661026000977,0.0,-8.592378616333008
5.27325,330.0,0.8939393939393939,-12.874149594064486,8.018651914493509,-28.807416915893555,0.0,-10.594606399536133
2.6498125,166.0,0.891566265060241,-11.2556169097488,7.569852366296597,-19.734703063964844,0.0,-12.380905151367188
8.2989375,519.0,0.8998073217726397,-12.42843924855267,6.429752164628006,-36.00550079345703,0.0,-11.793497085571287
2.0599375,129.0,0.8914728682170543,-14.070139047373896,6.693674804678962,-20.068622589111328,0.0,-18.211742401123047
4.8899375,306.0,0.8954248366013072,-17.24644852380683,10.57099882498708,-35.261680603027344,0.0,-15.123861312866213
3.831875,240.0,0.9,-5.734136581420898,3.398220469043127,-14.151044845581056,0.0,-5.103684425354004
3.61,226.0,0.6061946902654868,-13.188305211763312,10.385615919597042,-38.02913284301758,0.0,-11.724228858947754
9.1575,573.0,0.8987783595113438,-7.024074613700793,3.1152336449713265,-13.684083938598633,0.0,-6.945520401000977
3.1220625,196.0,0.8877551020408163,-12.780426814638336,7.783072111130831,-21.75722885131836,0.0,-17.431116104125977
2.28,143.0,0.8951048951048951,-5.394801139831543,3.247446178293884,-11.523324966430664,0.0,-5.309539794921875
3.5199375,220.0,0.8727272727272727,-12.069559892018637,8.908782334687135,-29.709753036499023,0.0,-8.698583602905273
5.66,354.0,0.8983050847457628,-9.615602835169378,4.560241030190838,-19.019874572753903,0.0,-9.150997161865234
4.25,266.0,0.7180451127819549,-15.97340367102498,8.521901478718556,-39.56031799316406,0.0,-16.008506774902344
2.49,156.0,0.8653846153846154,-14.607423344364872,11.333805286930692,-33.66796112060547,0.0,-9.585424423217772
4.25,266.0,0.8984962406015038,-11.393262887100796,4.9802686171249135,-20.153209686279297,0.0,-11.178375244140623
1.3799375,87.0,0.8850574712643678,-7.01267485185103,4.0014160393060045,-14.844493865966797,0.0,-6.695404052734375
10.2134375,639.0,0.8998435054773083,-12.933836178986924,4.278340328135771,-20.5327091217041,0.0,-13.227140426635742
3.14,197.0,0.8934010152284264,-5.044282122091814,3.1034326424974297,-11.154781341552734,0.0,-4.647785186767578
2.3499375,147.0,0.891156462585034,-11.012930848216282,8.139385718036959,-25.43885803222656,0.0,-9.436077117919922
3.6399375,228.0,0.8991228070175439,-12.296218983719989,7.923119314400238,-27.917449951171875,0.0,-9.970848083496094
7.28,456.0,0.8969298245614035,-19.59992642973921,7.993234343468454,-35.751949310302734,0.0,-19.96678924560547
2.1899375,137.0,0.8832116788321168,-16.744180442873112,9.886095885567636,-31.20450592041016,0.0,-17.308731079101562
5.67,355.0,0.5295774647887324,-17.979223479615882,12.40168757402727,-39.95508193969727,0.0,-15.624147415161133
6.2049375,388.0,0.8994845360824743,-15.968027721503402,6.719075895710732,-31.65511512756348,0.0,-15.879308700561523
3.31,207.0,0.8985507246376812,-6.4227674135597805,3.927902761829008,-14.124137878417969,0.0,-6.075876235961914
7.689875,481.0,0.896049896049896,-17.23448063879168,11.16152677478388,-37.244415283203125,0.0,-12.424112319946287
8.3401875,522.0,0.8946360153256705,-20.81831510572413,9.26248011393223,-31.09864997863769,0.0,-22.84821891784668
4.05,254.0,0.8779527559055118,-15.049890740569932,11.661367229655507,-30.89866065979004,0.0,-11.413488388061523
2.73,171.0,0.9005847953216374,-8.140763555254255,6.581308320609857,-26.18248748779297,0.0,-6.378086090087891
8.6875,543.0,0.8987108655616943,-10.810984775668285,5.094071715399105,-26.76571655273437,0.0,-10.516700744628906
3.696875,232.0,0.8922413793103449,-13.906316296489916,9.992814467788437,-35.481163024902344,0.0,-10.097005844116213
7.2199375,452.0,0.8982300884955752,-12.492022730446802,5.855881298968207,-24.149572372436523,0.0,-12.341253280639648
4.0299375,252.0,0.8968253968253969,-16.142918080355212,9.212794290070574,-31.673667907714844,0.0,-14.51309585571289
4.5,282.0,0.8936170212765957,-15.17803570580861,9.439311821752284,-25.66307830810547,0.0,-17.879179000854492
2.6899375,169.0,0.8875739644970414,-12.560488052368164,8.435658912713956,-25.71633529663086,0.0,-10.072834014892578
4.1299375,259.0,0.8996138996138996,-14.189180022145546,11.632462661461288,-35.46100234985352,0.0,-10.454978942871094
2.65925,167.0,0.8982035928143712,-17.264371706644695,8.96694309820226,-34.7593879699707,0.0,-18.01192855834961
0.73,46.0,0.8695652173913043,-9.330480098724363,5.873628484058825,-17.742767333984375,0.0,-10.690507888793944
6.0099375,376.0,0.8962765957446809,-16.67644315657347,9.523227090209376,-33.94887161254883,0.0,-15.369901657104492
2.25,141.0,0.8865248226950354,-15.24246063232422,7.592245563603501,-24.75470733642578,0.0,-14.457107543945312
3.422375,214.0,0.8878504672897196,-14.277133319252416,5.898734923511534,-19.329784393310547,0.0,-18.01773452758789
3.3899375,212.0,0.8915094339622641,-17.663709115729763,8.236190168657606,-26.070131301879883,0.0,-20.884878158569336
4.87,305.0,0.8852459016393442,-18.991992809154368,12.499256064199091,-36.418235778808594,0.0,-17.08384132385254
7.221625,452.0,0.8938053097345132,-15.156925923753493,8.690468304303028,-30.12496566772461,0.0,-12.721794128417969
3.0069375,188.0,0.898936170212766,-16.87712344333265,9.186528215407916,-24.092002868652344,0.0,-22.662242889404297
3.8048125,238.0,0.8865546218487395,-7.31910065565064,4.115691769605982,-11.448596954345703,0.0,-9.768505096435549
3.4423125,216.0,0.8981481481481481,-13.077050317194043,8.47657862770973,-25.016023635864254,0.0,-10.27313232421875
7.2,451.0,0.9002217294900222,-17.229977889601233,8.610040321443273,-31.383411407470703,0.0,-18.69196510314941
6.289,394.0,0.8959390862944162,-10.075886399482531,6.110252149104257,-20.33164978027344,0.0,-9.806243896484377
2.23,140.0,0.9,-8.02527948409792,5.6727448414792505,-17.082740783691406,0.0,-5.88255500793457
2.2914375,144.0,0.875,-25.58677777789888,10.038200093897808,-33.196510314941406,0.0,-30.41128158569336
2.8799375,180.0,0.8944444444444445,-13.394912743420337,7.025549683826007,-30.26513671875,0.0,-12.209758758544922
5.5899375,350.0,0.8885714285714286,-17.67268956052529,12.523120107071293,-36.79741668701172,0.0,-13.406042098999023
4.1,257.0,0.8988326848249028,-9.860793076552351,5.025288218045415,-20.952842712402344,0.0,-10.506393432617188
