client_id	path	sentence_id	sentence	sentence_domain	up_votes	down_votes	age	gender	accents	variant	locale	segment
17e43953917efb0a49bd62ad49a19c9d2ea1d5fd586397a17c9f1ab52ef82d5eff5d58465c69477330db5defdf7ff6017b3038d820a742a602b07c013072ec67	common_voice_nb-NO_42575691.mp3	0d835d62f043e85da570dca33a7aa29d1b5dd5bebebbce54448b3fb506e3d01b	Det målet har vært nådd de fire siste årene.	general	4	0	thirties	male_masculine	Østlandet		nb-NO	
17e43953917efb0a49bd62ad49a19c9d2ea1d5fd586397a17c9f1ab52ef82d5eff5d58465c69477330db5defdf7ff6017b3038d820a742a602b07c013072ec67	common_voice_nb-NO_42575692.mp3	09eb1766a251e40f7f5c7e55a1e330fc0742e2c242b658979fe2cdf69e724a6a	Men mangel på kvalifisert arbeidskraft er en utfordring.	general	4	0	thirties	male_masculine	Østlandet		nb-NO	
17e43953917efb0a49bd62ad49a19c9d2ea1d5fd586397a17c9f1ab52ef82d5eff5d58465c69477330db5defdf7ff6017b3038d820a742a602b07c013072ec67	common_voice_nb-NO_42575693.mp3	0f9671e3cb2d24617e3f7ce8667472e9b14c28f13b62b861982c6bb05851f4fd	Samtidig fortsetter trenden med at nordmenn drikker mindre melk.	general	4	0	thirties	male_masculine	Østlandet		nb-NO	
17e43953917efb0a49bd62ad49a19c9d2ea1d5fd586397a17c9f1ab52ef82d5eff5d58465c69477330db5defdf7ff6017b3038d820a742a602b07c013072ec67	common_voice_nb-NO_42575694.mp3	01071b13a08bbf7f1fd8a2b5bf6373f4560d2a69e3486da0b01977a21796dbf0	De er skjønt enige om at melderutinene på sykehuset må innskjerpes umiddelbart.		4	0	thirties	male_masculine	Østlandet		nb-NO	
17e43953917efb0a49bd62ad49a19c9d2ea1d5fd586397a17c9f1ab52ef82d5eff5d58465c69477330db5defdf7ff6017b3038d820a742a602b07c013072ec67	common_voice_nb-NO_42575695.mp3	0f0e5e79536e4ebbe485120434b2c6f39da8b96860e12e843b8d156a173069d9	Nils bestilte en elefant på Internett, men angret dagen derpå.		4	2	thirties	male_masculine	Østlandet		nb-NO	
17e43953917efb0a49bd62ad49a19c9d2ea1d5fd586397a17c9f1ab52ef82d5eff5d58465c69477330db5defdf7ff6017b3038d820a742a602b07c013072ec67	common_voice_nb-NO_42575771.mp3	093fcceeca8c39d3f6a4b90de2a9fcde8ed53831dbdcdc3d53ae6633e8d38dbd	Hyllene er stappfulle av kunstbøker og skjønnlitteratur.		4	0	thirties	male_masculine	Østlandet		nb-NO	
17e43953917efb0a49bd62ad49a19c9d2ea1d5fd586397a17c9f1ab52ef82d5eff5d58465c69477330db5defdf7ff6017b3038d820a742a602b07c013072ec67	common_voice_nb-NO_42575772.mp3	081fcc8d7910e26dbf584f68b03712398aa9927cce0bf366974e8e4462f5a74b	Han kan ikke si noe om når saken blir avgjort.		4	0	thirties	male_masculine	Østlandet		nb-NO	
17e43953917efb0a49bd62ad49a19c9d2ea1d5fd586397a17c9f1ab52ef82d5eff5d58465c69477330db5defdf7ff6017b3038d820a742a602b07c013072ec67	common_voice_nb-NO_42575773.mp3	010b1c70fe6d6ecb7249396a5d550575495103339033b081b2ebc03b47a6fae4	Også tidligere statssekretærer og sykehustopper skal møte i høringen.	general	4	0	thirties	male_masculine	Østlandet		nb-NO	
17e43953917efb0a49bd62ad49a19c9d2ea1d5fd586397a17c9f1ab52ef82d5eff5d58465c69477330db5defdf7ff6017b3038d820a742a602b07c013072ec67	common_voice_nb-NO_42575774.mp3	0bca40609664b4c7ade77dd4c06e9778fb731f66cc74495bc19c5c229a36deea	Hun røper at hun for tiden studerer sopp og er en ivrig soppsanker.		4	0	thirties	male_masculine	Østlandet		nb-NO	
17e43953917efb0a49bd62ad49a19c9d2ea1d5fd586397a17c9f1ab52ef82d5eff5d58465c69477330db5defdf7ff6017b3038d820a742a602b07c013072ec67	common_voice_nb-NO_42575775.mp3	11a5b5b13b37ca0f677a6a057fa19622a2f26575cf7033d6a55d2e8d1a38363b	Slependen		4	0	thirties	male_masculine	Østlandet		nb-NO	
17e43953917efb0a49bd62ad49a19c9d2ea1d5fd586397a17c9f1ab52ef82d5eff5d58465c69477330db5defdf7ff6017b3038d820a742a602b07c013072ec67	common_voice_nb-NO_42575791.mp3	0a06120bee4ddf0c5da06154077d8e215049aca4bafccd840135a7f53b67eae3	Boka omfatter temaene jordbruk, skogbruk, kirke, okkupasjon og utvandring.		4	0	thirties	male_masculine	Østlandet		nb-NO	
17e43953917efb0a49bd62ad49a19c9d2ea1d5fd586397a17c9f1ab52ef82d5eff5d58465c69477330db5defdf7ff6017b3038d820a742a602b07c013072ec67	common_voice_nb-NO_42575792.mp3	0cd461087696513a7e6548f158c3cd4c83bdcefc45d0a7559ba7ef4dca3cf37b	Regningen vil de sende til arbeidsgiverne.	general	4	0	thirties	male_masculine	Østlandet		nb-NO	
17e43953917efb0a49bd62ad49a19c9d2ea1d5fd586397a17c9f1ab52ef82d5eff5d58465c69477330db5defdf7ff6017b3038d820a742a602b07c013072ec67	common_voice_nb-NO_42575793.mp3	061971a5de545d04735d3b6af57e691b5e8d54b1e1d7f3a0e6c66bcc9fdbcc2a	Jeg har fem boller i ovnen!		4	0	thirties	male_masculine	Østlandet		nb-NO	
17e43953917efb0a49bd62ad49a19c9d2ea1d5fd586397a17c9f1ab52ef82d5eff5d58465c69477330db5defdf7ff6017b3038d820a742a602b07c013072ec67	common_voice_nb-NO_42575794.mp3	0d7afefa09ef05859c619e66adfb6bb698a02daa7bfcea511298183b36273f7b	Mennesker kan overleve flere dager på bare vann.		4	0	thirties	male_masculine	Østlandet		nb-NO	
17e43953917efb0a49bd62ad49a19c9d2ea1d5fd586397a17c9f1ab52ef82d5eff5d58465c69477330db5defdf7ff6017b3038d820a742a602b07c013072ec67	common_voice_nb-NO_42575795.mp3	0ec9796fada3e0f0fbae645087706a7b83acfd51f0e498fc76f042c70d43093d	Det er et langt rally, sa han.	general	4	0	thirties	male_masculine	Østlandet		nb-NO	
17e43953917efb0a49bd62ad49a19c9d2ea1d5fd586397a17c9f1ab52ef82d5eff5d58465c69477330db5defdf7ff6017b3038d820a742a602b07c013072ec67	common_voice_nb-NO_42576461.mp3	02036e0ad67f06fbd986110efb76853f466030e4060412e6735d2d3e16e8189e	atskilt		4	0	thirties	male_masculine	Østlandet		nb-NO	
17e43953917efb0a49bd62ad49a19c9d2ea1d5fd586397a17c9f1ab52ef82d5eff5d58465c69477330db5defdf7ff6017b3038d820a742a602b07c013072ec67	common_voice_nb-NO_42576462.mp3	02afc2a785cc59bc4086f9b363f60b59a0f5e7a8a98ab4ec352f1a2b8c479263	Medisineringen øker også.	general	4	0	thirties	male_masculine	Østlandet		nb-NO	
17e43953917efb0a49bd62ad49a19c9d2ea1d5fd586397a17c9f1ab52ef82d5eff5d58465c69477330db5defdf7ff6017b3038d820a742a602b07c013072ec67	common_voice_nb-NO_42576463.mp3	11b37773d43e26f7e7223a30a0ac706f1917d86fe8b0d71df9f9623030c30f44	Totalt var det tre jordras som gikk i området.	general	4	0	thirties	male_masculine	Østlandet		nb-NO	
17e43953917efb0a49bd62ad49a19c9d2ea1d5fd586397a17c9f1ab52ef82d5eff5d58465c69477330db5defdf7ff6017b3038d820a742a602b07c013072ec67	common_voice_nb-NO_42576464.mp3	073e21df8c6aeeae36b6a8b290e525dc64ae07824b6706656342c85ca319b36c	Nye dopingavsløringer kan komme.	general	4	0	thirties	male_masculine	Østlandet		nb-NO	
17e43953917efb0a49bd62ad49a19c9d2ea1d5fd586397a17c9f1ab52ef82d5eff5d58465c69477330db5defdf7ff6017b3038d820a742a602b07c013072ec67	common_voice_nb-NO_42576465.mp3	010b153c427ad96dab64454df185549b3a21cba7154d40e76e43d14152319f4b	Mannen står som eier.	general	4	0	thirties	male_masculine	Østlandet		nb-NO	
17e43953917efb0a49bd62ad49a19c9d2ea1d5fd586397a17c9f1ab52ef82d5eff5d58465c69477330db5defdf7ff6017b3038d820a742a602b07c013072ec67	common_voice_nb-NO_42576466.mp3	063d97896a04accb33a062e5f9ce8764530a052ca5cf71129e702f3d7a1ef7c7	Blant annet gjør det at pressekonferanser blir en innviklet affære.	general	4	0	thirties	male_masculine	Østlandet		nb-NO	
17e43953917efb0a49bd62ad49a19c9d2ea1d5fd586397a17c9f1ab52ef82d5eff5d58465c69477330db5defdf7ff6017b3038d820a742a602b07c013072ec67	common_voice_nb-NO_42576467.mp3	0131573fa9bb057b44db3659bd853ef56b94771bd2903068fba9c365b5094099	Hvor mange mennesker kan sitte i et auditorium.		4	0	thirties	male_masculine	Østlandet		nb-NO	
17e43953917efb0a49bd62ad49a19c9d2ea1d5fd586397a17c9f1ab52ef82d5eff5d58465c69477330db5defdf7ff6017b3038d820a742a602b07c013072ec67	common_voice_nb-NO_42576468.mp3	0ea59b056910b4bb115deba926cdb049def6878ad9624d66c1f827c40044c442	Men ikke alle er like bastante.	general	4	0	thirties	male_masculine	Østlandet		nb-NO	
17e43953917efb0a49bd62ad49a19c9d2ea1d5fd586397a17c9f1ab52ef82d5eff5d58465c69477330db5defdf7ff6017b3038d820a742a602b07c013072ec67	common_voice_nb-NO_42576469.mp3	0576b56c3f9d3177ee2107ae92e0fdef2400f891092fd0e4eeba7cbe752fa69f	En av atomubåtene står i fare for å synke.		4	0	thirties	male_masculine	Østlandet		nb-NO	
17e43953917efb0a49bd62ad49a19c9d2ea1d5fd586397a17c9f1ab52ef82d5eff5d58465c69477330db5defdf7ff6017b3038d820a742a602b07c013072ec67	common_voice_nb-NO_42605080.mp3	019fd9266b98a55f82fee0e5ead19c8cac9dd61617683e6ce1e913853a3ee92b	musikklinjen		4	0	thirties	male_masculine	Østlandet		nb-NO	
17e43953917efb0a49bd62ad49a19c9d2ea1d5fd586397a17c9f1ab52ef82d5eff5d58465c69477330db5defdf7ff6017b3038d820a742a602b07c013072ec67	common_voice_nb-NO_42605081.mp3	08a65d4411f38d60ff0708281cffc01652d134b6cf678aea4cd64a763d4197bc	balanse		4	0	thirties	male_masculine	Østlandet		nb-NO	
17e43953917efb0a49bd62ad49a19c9d2ea1d5fd586397a17c9f1ab52ef82d5eff5d58465c69477330db5defdf7ff6017b3038d820a742a602b07c013072ec67	common_voice_nb-NO_42605082.mp3	003384dabd10bd7e35dacba74e053a4f829b8b37914cb14c82f4e3dfa81f8874	sirkulasjon		4	0	thirties	male_masculine	Østlandet		nb-NO	
17e43953917efb0a49bd62ad49a19c9d2ea1d5fd586397a17c9f1ab52ef82d5eff5d58465c69477330db5defdf7ff6017b3038d820a742a602b07c013072ec67	common_voice_nb-NO_42605083.mp3	0231e98d6a788a273d9520e1f083a89ddb1e60f07bf4a75f452d57552e3ccaa1	Sammenlagt vurderes cannabis som litt mindre farlig enn alkohol.	general	4	0	thirties	male_masculine	Østlandet		nb-NO	
17e43953917efb0a49bd62ad49a19c9d2ea1d5fd586397a17c9f1ab52ef82d5eff5d58465c69477330db5defdf7ff6017b3038d820a742a602b07c013072ec67	common_voice_nb-NO_42605084.mp3	06fd7da5e3cdf684cda57847948bca07a6f9d20ea62fd7fa21a37bda59a3026f	Lørdag får sykkelprofilen svar på om operasjonen var vellykket.	general	4	0	thirties	male_masculine	Østlandet		nb-NO	
17e43953917efb0a49bd62ad49a19c9d2ea1d5fd586397a17c9f1ab52ef82d5eff5d58465c69477330db5defdf7ff6017b3038d820a742a602b07c013072ec67	common_voice_nb-NO_42605085.mp3	0e277c110d73d62639cc7a02b0451bfc868b8ee2842ab129d86b6a5f85ad765c	organisten		4	0	thirties	male_masculine	Østlandet		nb-NO	
17e43953917efb0a49bd62ad49a19c9d2ea1d5fd586397a17c9f1ab52ef82d5eff5d58465c69477330db5defdf7ff6017b3038d820a742a602b07c013072ec67	common_voice_nb-NO_42605086.mp3	05d028b7adce337d377f8fc8d515dff1d3f0c97d9261357f5d12624647a9bd51	Svensken har pådratt seg en forkjølelse.	general	4	0	thirties	male_masculine	Østlandet		nb-NO	
17e43953917efb0a49bd62ad49a19c9d2ea1d5fd586397a17c9f1ab52ef82d5eff5d58465c69477330db5defdf7ff6017b3038d820a742a602b07c013072ec67	common_voice_nb-NO_42605087.mp3	0fb240080501363aecea3d279d66235ee16ef92c2cd25bf185141ae82e26f1ae	budsjettposten		4	0	thirties	male_masculine	Østlandet		nb-NO	
17e43953917efb0a49bd62ad49a19c9d2ea1d5fd586397a17c9f1ab52ef82d5eff5d58465c69477330db5defdf7ff6017b3038d820a742a602b07c013072ec67	common_voice_nb-NO_42605088.mp3	07efc32194d6a6f7e5d863a5fc4c96d7b8516d745cd2e59ba8c716f553a61000	Det er nok nå, kommer det fra belgieren.	general	4	0	thirties	male_masculine	Østlandet		nb-NO	
17e43953917efb0a49bd62ad49a19c9d2ea1d5fd586397a17c9f1ab52ef82d5eff5d58465c69477330db5defdf7ff6017b3038d820a742a602b07c013072ec67	common_voice_nb-NO_42605095.mp3	124be3609c24fe99cc53bfb132043e1030b5bdc632f3406ccadcaf5a07f3d135	Denne byen har ventet så lenge på dette.	general	4	0	thirties	male_masculine	Østlandet		nb-NO	
17e43953917efb0a49bd62ad49a19c9d2ea1d5fd586397a17c9f1ab52ef82d5eff5d58465c69477330db5defdf7ff6017b3038d820a742a602b07c013072ec67	common_voice_nb-NO_42605096.mp3	0c2fa4bf45c1e8a11db044649b4763a72ce7a5f5691a51fa7cb553fed0fe288c	Denne setningen er ikke som andre setninger.		4	0	thirties	male_masculine	Østlandet		nb-NO	
17e43953917efb0a49bd62ad49a19c9d2ea1d5fd586397a17c9f1ab52ef82d5eff5d58465c69477330db5defdf7ff6017b3038d820a742a602b07c013072ec67	common_voice_nb-NO_42605097.mp3	0bad52011840b81bab2c63e0526e7ea7c96a6b1029b97fc61a0252b184248223	ferdigbehandlede		4	0	thirties	male_masculine	Østlandet		nb-NO	
17e43953917efb0a49bd62ad49a19c9d2ea1d5fd586397a17c9f1ab52ef82d5eff5d58465c69477330db5defdf7ff6017b3038d820a742a602b07c013072ec67	common_voice_nb-NO_42605098.mp3	05e35898f46e5d497ddd8eb44a8d8e245f42b607918d7fbb15dcf4eade4924a7	Det er deprimerende å se hvordan middelalderkunst forvitrer i kjellerne.		4	0	thirties	male_masculine	Østlandet		nb-NO	
17e43953917efb0a49bd62ad49a19c9d2ea1d5fd586397a17c9f1ab52ef82d5eff5d58465c69477330db5defdf7ff6017b3038d820a742a602b07c013072ec67	common_voice_nb-NO_42605099.mp3	0a1245115e54cfc426babfeba9525d3375c1366cdffbb0db725af60d8a390d44	La lokk på utbruddet?	general	4	0	thirties	male_masculine	Østlandet		nb-NO	
17e43953917efb0a49bd62ad49a19c9d2ea1d5fd586397a17c9f1ab52ef82d5eff5d58465c69477330db5defdf7ff6017b3038d820a742a602b07c013072ec67	common_voice_nb-NO_42605100.mp3	0d8dcd3de01c2e575d2a8f80e6d485207004da0a363fe1153e0be76cbf28ed24	Er det flere spørsmål?		4	0	thirties	male_masculine	Østlandet		nb-NO	
17e43953917efb0a49bd62ad49a19c9d2ea1d5fd586397a17c9f1ab52ef82d5eff5d58465c69477330db5defdf7ff6017b3038d820a742a602b07c013072ec67	common_voice_nb-NO_42605101.mp3	0f5d5c03232c286ce7ba5d94990d45fc10d8436c3e6244418d92cc8e7682c51e	Jeg er helt gele i beina.		4	0	thirties	male_masculine	Østlandet		nb-NO	
17e43953917efb0a49bd62ad49a19c9d2ea1d5fd586397a17c9f1ab52ef82d5eff5d58465c69477330db5defdf7ff6017b3038d820a742a602b07c013072ec67	common_voice_nb-NO_42605102.mp3	050324f490a2b5dc799e9daf41b4b488620e1d0f80fe39acb7f5149e367a975e	plastposen		4	0	thirties	male_masculine	Østlandet		nb-NO	
17e43953917efb0a49bd62ad49a19c9d2ea1d5fd586397a17c9f1ab52ef82d5eff5d58465c69477330db5defdf7ff6017b3038d820a742a602b07c013072ec67	common_voice_nb-NO_42605103.mp3	0a4a94233d3c63433e9c30412c540722ca9dbed74198541da5d0e6400805ab26	SørbØvåg		4	0	thirties	male_masculine	Østlandet		nb-NO	
17e43953917efb0a49bd62ad49a19c9d2ea1d5fd586397a17c9f1ab52ef82d5eff5d58465c69477330db5defdf7ff6017b3038d820a742a602b07c013072ec67	common_voice_nb-NO_42605104.mp3	12d6aec6133409e1d73230171242cf524ae81a29181fb4feaba5c4f1fac9857f	Vinduet stod på gløtt.		4	0	thirties	male_masculine	Østlandet		nb-NO	
17e43953917efb0a49bd62ad49a19c9d2ea1d5fd586397a17c9f1ab52ef82d5eff5d58465c69477330db5defdf7ff6017b3038d820a742a602b07c013072ec67	common_voice_nb-NO_42609973.mp3	020104317efaec9050a98d512e3255c33f7c608d3e820c3afa3078d260471d46	Herfra kan man utnytte jordrotasjonen og spare drivstoff for rakett og satellitt.		4	0	thirties	male_masculine	Østlandet		nb-NO	
17e43953917efb0a49bd62ad49a19c9d2ea1d5fd586397a17c9f1ab52ef82d5eff5d58465c69477330db5defdf7ff6017b3038d820a742a602b07c013072ec67	common_voice_nb-NO_42609974.mp3	0de95cd6d095bc02ce3cb5ff9515c40453bcb7dd02141496fef38320daaf1b53	Det er veldig vanlig at tak er skrå.		4	0	thirties	male_masculine	Østlandet		nb-NO	
17e43953917efb0a49bd62ad49a19c9d2ea1d5fd586397a17c9f1ab52ef82d5eff5d58465c69477330db5defdf7ff6017b3038d820a742a602b07c013072ec67	common_voice_nb-NO_42609975.mp3	0982d51a9547e213f80bbc314bc2ec4a358ee0de63beb7eccbf993e75b4d4139	Tre av fire døde tilhører disse gruppene, viser tallene.	general	4	0	thirties	male_masculine	Østlandet		nb-NO	
17e43953917efb0a49bd62ad49a19c9d2ea1d5fd586397a17c9f1ab52ef82d5eff5d58465c69477330db5defdf7ff6017b3038d820a742a602b07c013072ec67	common_voice_nb-NO_42609976.mp3	03b57993ad9a5ec8c600ae235c1323b700ac2cc26f84ec017499b1344e7e5b33	fire fem fire tre nittiseks åtte hundre og tolv		4	0	thirties	male_masculine	Østlandet		nb-NO	
17e43953917efb0a49bd62ad49a19c9d2ea1d5fd586397a17c9f1ab52ef82d5eff5d58465c69477330db5defdf7ff6017b3038d820a742a602b07c013072ec67	common_voice_nb-NO_42609977.mp3	01bd868a4e5ccfe2dfe717219cbc03851e0db7827d850ea540f186d38307bd6c	Så får vi se hvordan våren blir.		4	0	thirties	male_masculine	Østlandet		nb-NO	
17e43953917efb0a49bd62ad49a19c9d2ea1d5fd586397a17c9f1ab52ef82d5eff5d58465c69477330db5defdf7ff6017b3038d820a742a602b07c013072ec67	common_voice_nb-NO_42609988.mp3	08315a3b4a2c0fead866ef4b92d74ec271a346cc382d1ecbce0c77309c007101	I denne undersøkelsen er det ingen store generasjonsskiller.	general	4	0	thirties	male_masculine	Østlandet		nb-NO	
17e43953917efb0a49bd62ad49a19c9d2ea1d5fd586397a17c9f1ab52ef82d5eff5d58465c69477330db5defdf7ff6017b3038d820a742a602b07c013072ec67	common_voice_nb-NO_42609989.mp3	1272df212acb7486cda7091a9ad47512f67c8a98911a7bb3cc5528463e278209	En sterk og særpreget kvinneskikkelse står levende frem.		4	0	thirties	male_masculine	Østlandet		nb-NO	
17e43953917efb0a49bd62ad49a19c9d2ea1d5fd586397a17c9f1ab52ef82d5eff5d58465c69477330db5defdf7ff6017b3038d820a742a602b07c013072ec67	common_voice_nb-NO_42609990.mp3	0823266abbd257302bd25a9dde6b4b1433d7d045d5b4f72c53ab9e2a5b215b10	Vi demonstrerer fordi ingen lytter til oss.	general	4	0	thirties	male_masculine	Østlandet		nb-NO	
17e43953917efb0a49bd62ad49a19c9d2ea1d5fd586397a17c9f1ab52ef82d5eff5d58465c69477330db5defdf7ff6017b3038d820a742a602b07c013072ec67	common_voice_nb-NO_42609991.mp3	0b3d6a94642315931f37ee8fb475480b4440684b2cca8d5cdaa1bfc5801f1f40	Vi må satse radikalt på hjelp til mennesker på flukt i eget land.		4	0	thirties	male_masculine	Østlandet		nb-NO	
17e43953917efb0a49bd62ad49a19c9d2ea1d5fd586397a17c9f1ab52ef82d5eff5d58465c69477330db5defdf7ff6017b3038d820a742a602b07c013072ec67	common_voice_nb-NO_42609992.mp3	11b8f0bab2b6c2dd52ced363693701ad37b53272dacc0d077b7a48a260bd9a6a	Widerøes kunder får tilgang til nær sagt hele verden.	general	4	0	thirties	male_masculine	Østlandet		nb-NO	
17e43953917efb0a49bd62ad49a19c9d2ea1d5fd586397a17c9f1ab52ef82d5eff5d58465c69477330db5defdf7ff6017b3038d820a742a602b07c013072ec67	common_voice_nb-NO_42609993.mp3	115e819bc5d13af250895e577e9feac788d05940cfb76c1ee9ce67d44ba71841	To av tre er ekteskap mellom to kvinner.	general	4	0	thirties	male_masculine	Østlandet		nb-NO	
17e43953917efb0a49bd62ad49a19c9d2ea1d5fd586397a17c9f1ab52ef82d5eff5d58465c69477330db5defdf7ff6017b3038d820a742a602b07c013072ec67	common_voice_nb-NO_42609994.mp3	0813c488c8133e77add6fb4f44b783c158c61c280fd1fba08db9ba1482e0e1b6	Jeg har ofte vanskelig for å rive meg løs.		4	0	thirties	male_masculine	Østlandet		nb-NO	
17e43953917efb0a49bd62ad49a19c9d2ea1d5fd586397a17c9f1ab52ef82d5eff5d58465c69477330db5defdf7ff6017b3038d820a742a602b07c013072ec67	common_voice_nb-NO_42609995.mp3	020565a99be13b3d0bde9be6911fb340edfde690d3c5ae58d0b968aac24bf808	Det er all grunn til stor bekymring.	general	4	0	thirties	male_masculine	Østlandet		nb-NO	
17e43953917efb0a49bd62ad49a19c9d2ea1d5fd586397a17c9f1ab52ef82d5eff5d58465c69477330db5defdf7ff6017b3038d820a742a602b07c013072ec67	common_voice_nb-NO_42609996.mp3	04912206b1153964845682bc9f0cf79a262bfef529046ff8287a47e3e414827a	Han advarer også mot konsesjonsfritt salg av nabobruk.	general	4	0	thirties	male_masculine	Østlandet		nb-NO	
17e43953917efb0a49bd62ad49a19c9d2ea1d5fd586397a17c9f1ab52ef82d5eff5d58465c69477330db5defdf7ff6017b3038d820a742a602b07c013072ec67	common_voice_nb-NO_42609997.mp3	0d84415d12dd1018b3762afc8cf25860a52eb7232ffa7f684733efb38c550059	For dem vil fristelsen til misbruk bli stor.		4	0	thirties	male_masculine	Østlandet		nb-NO	
17e43953917efb0a49bd62ad49a19c9d2ea1d5fd586397a17c9f1ab52ef82d5eff5d58465c69477330db5defdf7ff6017b3038d820a742a602b07c013072ec67	common_voice_nb-NO_42610003.mp3	0e9ea2e9a5b705dbc7d538923804edd450b080b0bcb5063a211aaf4efebea76d	Havnen bør ligge et stykke ute i fjorden.		4	0	thirties	male_masculine	Østlandet		nb-NO	
17e43953917efb0a49bd62ad49a19c9d2ea1d5fd586397a17c9f1ab52ef82d5eff5d58465c69477330db5defdf7ff6017b3038d820a742a602b07c013072ec67	common_voice_nb-NO_42610004.mp3	1265191d1494c78ab8b779e41e974685a085f498cc592fc48e0b315f7cfff533	Det satte et tomt dieselaggregat en stopper for.	general	4	0	thirties	male_masculine	Østlandet		nb-NO	
17e43953917efb0a49bd62ad49a19c9d2ea1d5fd586397a17c9f1ab52ef82d5eff5d58465c69477330db5defdf7ff6017b3038d820a742a602b07c013072ec67	common_voice_nb-NO_42610005.mp3	0331d95b07695d0d807955d6ee02f8462087d36b51f1530f9bd3464bed03f10e	Men de vet ennå ikke hva som fører til hva.	general	4	0	thirties	male_masculine	Østlandet		nb-NO	
17e43953917efb0a49bd62ad49a19c9d2ea1d5fd586397a17c9f1ab52ef82d5eff5d58465c69477330db5defdf7ff6017b3038d820a742a602b07c013072ec67	common_voice_nb-NO_42610006.mp3	0ee9ed614cb604d87d500ebeb6e9095cba2fb74b51912be6cc7a33ceeedb5fe1	I ungdomspartiene er meningene delte.	general	4	0	thirties	male_masculine	Østlandet		nb-NO	
17e43953917efb0a49bd62ad49a19c9d2ea1d5fd586397a17c9f1ab52ef82d5eff5d58465c69477330db5defdf7ff6017b3038d820a742a602b07c013072ec67	common_voice_nb-NO_42610007.mp3	100bc7d2681ec5c08ee4f6f2726c25a5c3b88a35a94da6e88f8362e073453181	Bo og leve		4	0	thirties	male_masculine	Østlandet		nb-NO	
17e43953917efb0a49bd62ad49a19c9d2ea1d5fd586397a17c9f1ab52ef82d5eff5d58465c69477330db5defdf7ff6017b3038d820a742a602b07c013072ec67	common_voice_nb-NO_42610008.mp3	033e49f16d188b70ad9298e38dc6edc0a5d6f2d44357fa55d24c3815ffbfd20e	Man kan til og med velge bakgrunnsmusikk til biografien om ham.		4	0	thirties	male_masculine	Østlandet		nb-NO	
17e43953917efb0a49bd62ad49a19c9d2ea1d5fd586397a17c9f1ab52ef82d5eff5d58465c69477330db5defdf7ff6017b3038d820a742a602b07c013072ec67	common_voice_nb-NO_42610009.mp3	0eef7891747daed63b3157470fca4590794d2abfb0a0a6a382816c9c38d29499	Hva er murstein laget av?		4	0	thirties	male_masculine	Østlandet		nb-NO	
17e43953917efb0a49bd62ad49a19c9d2ea1d5fd586397a17c9f1ab52ef82d5eff5d58465c69477330db5defdf7ff6017b3038d820a742a602b07c013072ec67	common_voice_nb-NO_42610010.mp3	100a953f86daf5143bb767c5da29f27c6b50b33755c664b2580122b118e975c7	Han smiler med store, hvite fortenner.		4	0	thirties	male_masculine	Østlandet		nb-NO	
17e43953917efb0a49bd62ad49a19c9d2ea1d5fd586397a17c9f1ab52ef82d5eff5d58465c69477330db5defdf7ff6017b3038d820a742a602b07c013072ec67	common_voice_nb-NO_42610011.mp3	13c4245bbc37df92075eee3e466fda98c3e9d4590a6a5c2395d5e9fd334ee75e	Man bør ha separate skjærefjøler for kjøtt.	general	4	0	thirties	male_masculine	Østlandet		nb-NO	
17e43953917efb0a49bd62ad49a19c9d2ea1d5fd586397a17c9f1ab52ef82d5eff5d58465c69477330db5defdf7ff6017b3038d820a742a602b07c013072ec67	common_voice_nb-NO_42610012.mp3	066cf816621d8f2b1f431af5b87fdcd2bdfdba6844cc0d4240d7cc24a120331c	Det kan bety kroken på døra for flere kommunesammenslåinger.	general	4	0	thirties	male_masculine	Østlandet		nb-NO	
17e43953917efb0a49bd62ad49a19c9d2ea1d5fd586397a17c9f1ab52ef82d5eff5d58465c69477330db5defdf7ff6017b3038d820a742a602b07c013072ec67	common_voice_nb-NO_42610013.mp3	07f1ffbc464c30ef8df85c3de875110f554b3440b6459f3b649404da3aaea29a	Da var vi bare et par hundre meter fra anlegget.	general	4	0	thirties	male_masculine	Østlandet		nb-NO	
17e43953917efb0a49bd62ad49a19c9d2ea1d5fd586397a17c9f1ab52ef82d5eff5d58465c69477330db5defdf7ff6017b3038d820a742a602b07c013072ec67	common_voice_nb-NO_42610014.mp3	0df88960a676491af4e4954a85f732e814ae72ff5d7e17d2682294ec3ced06d2	Nå er det uansett for sent, mener fagfolk.	general	4	0	thirties	male_masculine	Østlandet		nb-NO	
17e43953917efb0a49bd62ad49a19c9d2ea1d5fd586397a17c9f1ab52ef82d5eff5d58465c69477330db5defdf7ff6017b3038d820a742a602b07c013072ec67	common_voice_nb-NO_42610015.mp3	0d5aec53ac0b6fe3446bf5bc269c35fc6adb11bba380448f19ae7a27dc999008	Aslaug Ingebrigtsen		4	0	thirties	male_masculine	Østlandet		nb-NO	
17e43953917efb0a49bd62ad49a19c9d2ea1d5fd586397a17c9f1ab52ef82d5eff5d58465c69477330db5defdf7ff6017b3038d820a742a602b07c013072ec67	common_voice_nb-NO_42610016.mp3	039449bb9d98213715184b2f3f12814e2b0e7d1a79d9bd805522bc460b035da3	Men problemet er å tilpasse informasjonen til den enkelte.		4	0	thirties	male_masculine	Østlandet		nb-NO	
17e43953917efb0a49bd62ad49a19c9d2ea1d5fd586397a17c9f1ab52ef82d5eff5d58465c69477330db5defdf7ff6017b3038d820a742a602b07c013072ec67	common_voice_nb-NO_42610017.mp3	02b22fd15c03325e19ea8cb69a4fd3757ab73521e2ea672641b47f364b823d60	Hvis dere elsker meg, gjør dere det jeg ber dere om.		4	2	thirties	male_masculine	Østlandet		nb-NO	
17e43953917efb0a49bd62ad49a19c9d2ea1d5fd586397a17c9f1ab52ef82d5eff5d58465c69477330db5defdf7ff6017b3038d820a742a602b07c013072ec67	common_voice_nb-NO_42610023.mp3	0d366efb1e92ca7e7e26d7f07d0209cb59d3a69708ce46555d9ec0e9d40a2668	Det er en situasjon vi ikke kan leve med, sier han.		4	0	thirties	male_masculine	Østlandet		nb-NO	
17e43953917efb0a49bd62ad49a19c9d2ea1d5fd586397a17c9f1ab52ef82d5eff5d58465c69477330db5defdf7ff6017b3038d820a742a602b07c013072ec67	common_voice_nb-NO_42610024.mp3	097b74568d61b5bfb61ffaf05984807a6ae9c1c68596cb5f748480bba08b2341	Her legger vi til rette for en god start		4	0	thirties	male_masculine	Østlandet		nb-NO	
17e43953917efb0a49bd62ad49a19c9d2ea1d5fd586397a17c9f1ab52ef82d5eff5d58465c69477330db5defdf7ff6017b3038d820a742a602b07c013072ec67	common_voice_nb-NO_42610025.mp3	03cf1c49456f7fdeba83fd8012be130ddedb67e203d925527b857d809cf49d51	Hvorfor det er slik, har han ikke noe klart svar på.	general	4	0	thirties	male_masculine	Østlandet		nb-NO	
17e43953917efb0a49bd62ad49a19c9d2ea1d5fd586397a17c9f1ab52ef82d5eff5d58465c69477330db5defdf7ff6017b3038d820a742a602b07c013072ec67	common_voice_nb-NO_42610026.mp3	0cc93cb66eb878551390a7d9ad9bedde0201e30ea8edca3625267eab18da3831	Flertallet vippet en kort periode i opposisjonens favør.	general	4	0	thirties	male_masculine	Østlandet		nb-NO	
17e43953917efb0a49bd62ad49a19c9d2ea1d5fd586397a17c9f1ab52ef82d5eff5d58465c69477330db5defdf7ff6017b3038d820a742a602b07c013072ec67	common_voice_nb-NO_42610027.mp3	0ede180d247dffda7a4421c47f9f6da9afedb75c385a254dc03bf1de45808d2b	Han ble skrevet ut etter en uke.	general	4	0	thirties	male_masculine	Østlandet		nb-NO	
17e43953917efb0a49bd62ad49a19c9d2ea1d5fd586397a17c9f1ab52ef82d5eff5d58465c69477330db5defdf7ff6017b3038d820a742a602b07c013072ec67	common_voice_nb-NO_42610028.mp3	04ca4d0b196e125e7450d9a4704b72719175d0a96258012399c0045a04c4a192	Hjemme lager jeg ofte ramen for å bruke opp rester.	general	4	0	thirties	male_masculine	Østlandet		nb-NO	
17e43953917efb0a49bd62ad49a19c9d2ea1d5fd586397a17c9f1ab52ef82d5eff5d58465c69477330db5defdf7ff6017b3038d820a742a602b07c013072ec67	common_voice_nb-NO_42610029.mp3	125c8100a9a4c5effba45afc3918d64f93c0a86f6e9c8868df5418511fee7e81	Jeg putter dem i bilen min	general	4	0	thirties	male_masculine	Østlandet		nb-NO	
17e43953917efb0a49bd62ad49a19c9d2ea1d5fd586397a17c9f1ab52ef82d5eff5d58465c69477330db5defdf7ff6017b3038d820a742a602b07c013072ec67	common_voice_nb-NO_42610030.mp3	0f50e31d3a5f5f6f90c4eeeea5233dd72f6a3eb200463058b60b44e512c7de20	Mange av kundene våre er også i regionen.	general	4	0	thirties	male_masculine	Østlandet		nb-NO	
17e43953917efb0a49bd62ad49a19c9d2ea1d5fd586397a17c9f1ab52ef82d5eff5d58465c69477330db5defdf7ff6017b3038d820a742a602b07c013072ec67	common_voice_nb-NO_42610031.mp3	062d4547ae7c4739b31d37c1079b1dfe63df2b9011eb858b86822bfcf59da3c0	Aprilsnarr!		4	0	thirties	male_masculine	Østlandet		nb-NO	
17e43953917efb0a49bd62ad49a19c9d2ea1d5fd586397a17c9f1ab52ef82d5eff5d58465c69477330db5defdf7ff6017b3038d820a742a602b07c013072ec67	common_voice_nb-NO_42610032.mp3	11fd2d9821fbb9f67a4205ec81eb432202d2e1004769319b5c6dc9ad96e4a94b	Allergi er ordentlig kjedelig.		4	0	thirties	male_masculine	Østlandet		nb-NO	
17e43953917efb0a49bd62ad49a19c9d2ea1d5fd586397a17c9f1ab52ef82d5eff5d58465c69477330db5defdf7ff6017b3038d820a742a602b07c013072ec67	common_voice_nb-NO_42610038.mp3	094c51a6c57864e8b7c8b610536cb06aca3e4602ed30df778ecdd10f604a3aa1	Men gjort er gjort.		4	0	thirties	male_masculine	Østlandet		nb-NO	
17e43953917efb0a49bd62ad49a19c9d2ea1d5fd586397a17c9f1ab52ef82d5eff5d58465c69477330db5defdf7ff6017b3038d820a742a602b07c013072ec67	common_voice_nb-NO_42610039.mp3	0736298ab5f60b30476474f0d71139e04528af080c191dd0e5aece26592e40b4	Alt dette gjør at jeg tar det roligere.	general	4	0	thirties	male_masculine	Østlandet		nb-NO	
17e43953917efb0a49bd62ad49a19c9d2ea1d5fd586397a17c9f1ab52ef82d5eff5d58465c69477330db5defdf7ff6017b3038d820a742a602b07c013072ec67	common_voice_nb-NO_42610040.mp3	04f2dffbbb23e885e9a91cbd123948d0431ce7427749ddbfb7c95370cd45cfb3	Han skammer seg over det han bærer på og over det han mangler.		4	0	thirties	male_masculine	Østlandet		nb-NO	
17e43953917efb0a49bd62ad49a19c9d2ea1d5fd586397a17c9f1ab52ef82d5eff5d58465c69477330db5defdf7ff6017b3038d820a742a602b07c013072ec67	common_voice_nb-NO_42610041.mp3	1165835d3f090487e0863c529a96a30f0d83a5ce571f4b6cecb879b9ff792e71	Dette gjelder innen alle de premierte kategoriene.	general	4	0	thirties	male_masculine	Østlandet		nb-NO	
17e43953917efb0a49bd62ad49a19c9d2ea1d5fd586397a17c9f1ab52ef82d5eff5d58465c69477330db5defdf7ff6017b3038d820a742a602b07c013072ec67	common_voice_nb-NO_42610042.mp3	007c926f24301fbd7b027a9b5d1c04b299ce2bda13448eefba98b5f98dd82153	De er kritiske til kommunereformen, men frykter tvangssammenslåing.	general	4	0	thirties	male_masculine	Østlandet		nb-NO	
17e43953917efb0a49bd62ad49a19c9d2ea1d5fd586397a17c9f1ab52ef82d5eff5d58465c69477330db5defdf7ff6017b3038d820a742a602b07c013072ec67	common_voice_nb-NO_42610043.mp3	0a2c8438e9df8b325eaa10a7c132b84b9cc107735f2dde2af5aacc289330272f	De regionale variasjonene er store.	general	4	0	thirties	male_masculine	Østlandet		nb-NO	
17e43953917efb0a49bd62ad49a19c9d2ea1d5fd586397a17c9f1ab52ef82d5eff5d58465c69477330db5defdf7ff6017b3038d820a742a602b07c013072ec67	common_voice_nb-NO_42610044.mp3	089555169fb1090427fa2f78c97fe4197cf8b2e4777ad363b137967fd1437cb0	Vi ser en stadig økende petroleumsaktivitet i dette området.	general	4	0	thirties	male_masculine	Østlandet		nb-NO	
17e43953917efb0a49bd62ad49a19c9d2ea1d5fd586397a17c9f1ab52ef82d5eff5d58465c69477330db5defdf7ff6017b3038d820a742a602b07c013072ec67	common_voice_nb-NO_42610045.mp3	04cc241585a89240f0e2e7bcf99c6741a1cbd9a85e8331c6dd63cc57bcc81f8a	De opplyser at tilstanden til personen som ble reddet, er stabil.	general	4	0	thirties	male_masculine	Østlandet		nb-NO	
17e43953917efb0a49bd62ad49a19c9d2ea1d5fd586397a17c9f1ab52ef82d5eff5d58465c69477330db5defdf7ff6017b3038d820a742a602b07c013072ec67	common_voice_nb-NO_42610046.mp3	118f7df74cb542124fd4ceff947978cf6ba908bdf154a4fb56cf27daddedb050	bransjen		4	0	thirties	male_masculine	Østlandet		nb-NO	
17e43953917efb0a49bd62ad49a19c9d2ea1d5fd586397a17c9f1ab52ef82d5eff5d58465c69477330db5defdf7ff6017b3038d820a742a602b07c013072ec67	common_voice_nb-NO_42610047.mp3	100d729a57ac96480b17595efebf021a91bb037a5437ae739bf215f0637f4779	industrier		4	0	thirties	male_masculine	Østlandet		nb-NO	
17e43953917efb0a49bd62ad49a19c9d2ea1d5fd586397a17c9f1ab52ef82d5eff5d58465c69477330db5defdf7ff6017b3038d820a742a602b07c013072ec67	common_voice_nb-NO_42613475.mp3	135a007abbf58f6bd8d6c208e5ba9bdff2d09a68ad815f8c461492162bfd08d1	Du gjør en viktig jobb.		4	2	thirties	male_masculine	Østlandet		nb-NO	
17e43953917efb0a49bd62ad49a19c9d2ea1d5fd586397a17c9f1ab52ef82d5eff5d58465c69477330db5defdf7ff6017b3038d820a742a602b07c013072ec67	common_voice_nb-NO_42613476.mp3	07c376faac4136a2ef1f81228e4d027e8f897d9a6fb7a9eaa8266b323b82ebea	Vi må bli enda flinkere til å se enkeltmennesket.	general	4	0	thirties	male_masculine	Østlandet		nb-NO	
17e43953917efb0a49bd62ad49a19c9d2ea1d5fd586397a17c9f1ab52ef82d5eff5d58465c69477330db5defdf7ff6017b3038d820a742a602b07c013072ec67	common_voice_nb-NO_42613477.mp3	0f9cf72fe2bbbb952faeb2db50fe8ec5ce7b768287d70ab05911de438eb44125	Slike påstander er injurierende mot de uavhengige forskerne som har jobbet med den.		4	0	thirties	male_masculine	Østlandet		nb-NO	
17e43953917efb0a49bd62ad49a19c9d2ea1d5fd586397a17c9f1ab52ef82d5eff5d58465c69477330db5defdf7ff6017b3038d820a742a602b07c013072ec67	common_voice_nb-NO_42613478.mp3	07b929cb9a0fd6780ff38bc2290778964196f70dbeaafcc01a12e5d74b3bb700	Poenget er at ingen har vunnet mer enn andre.		4	0	thirties	male_masculine	Østlandet		nb-NO	
17e43953917efb0a49bd62ad49a19c9d2ea1d5fd586397a17c9f1ab52ef82d5eff5d58465c69477330db5defdf7ff6017b3038d820a742a602b07c013072ec67	common_voice_nb-NO_42613479.mp3	159e1e8659e683fc4dc01ef7fab931d8620631f3da8644f01cda0889f4b76e9f	Funnene var de samme for både brus og fruktjuice.	general	4	0	thirties	male_masculine	Østlandet		nb-NO	
17e43953917efb0a49bd62ad49a19c9d2ea1d5fd586397a17c9f1ab52ef82d5eff5d58465c69477330db5defdf7ff6017b3038d820a742a602b07c013072ec67	common_voice_nb-NO_42613495.mp3	11ef030b2da9de53436d3fc830c5fc1ae7dba2987dc6dea853e6bb3023025589	fem tre åtte en nitten fire hundre og fjorten		4	0	thirties	male_masculine	Østlandet		nb-NO	
17e43953917efb0a49bd62ad49a19c9d2ea1d5fd586397a17c9f1ab52ef82d5eff5d58465c69477330db5defdf7ff6017b3038d820a742a602b07c013072ec67	common_voice_nb-NO_42613496.mp3	08ebc53469bc07a8f8a4ca7fe65e07f41af3353667de2ee895ced29e0a67b49b	Det er jobben hans, og han får meget bra betalt for det.		4	0	thirties	male_masculine	Østlandet		nb-NO	
17e43953917efb0a49bd62ad49a19c9d2ea1d5fd586397a17c9f1ab52ef82d5eff5d58465c69477330db5defdf7ff6017b3038d820a742a602b07c013072ec67	common_voice_nb-NO_42613497.mp3	09a08018d6f4735e6344aa69ec7113aabc11383f3371801652aef0cf97b7b058	Alle disse skal tilsynelatende være i god behold.	general	4	0	thirties	male_masculine	Østlandet		nb-NO	
17e43953917efb0a49bd62ad49a19c9d2ea1d5fd586397a17c9f1ab52ef82d5eff5d58465c69477330db5defdf7ff6017b3038d820a742a602b07c013072ec67	common_voice_nb-NO_42613498.mp3	0548f7314776f66ff0a8d14cb9f9a950c1fb3867bf0da6ca263b97e81300e3f3	Gyldendalprisen får han for hele sitt forfatterskap.	general	4	0	thirties	male_masculine	Østlandet		nb-NO	
17e43953917efb0a49bd62ad49a19c9d2ea1d5fd586397a17c9f1ab52ef82d5eff5d58465c69477330db5defdf7ff6017b3038d820a742a602b07c013072ec67	common_voice_nb-NO_42613499.mp3	0971ea1c98af8e6a87c4fd55cc6c65c9c36aa2679d17eafd2415ef01350f289e	Vi tror det var uflaks, og derfor altså ikke meningen.		4	0	thirties	male_masculine	Østlandet		nb-NO	
17e43953917efb0a49bd62ad49a19c9d2ea1d5fd586397a17c9f1ab52ef82d5eff5d58465c69477330db5defdf7ff6017b3038d820a742a602b07c013072ec67	common_voice_nb-NO_42613510.mp3	03421365eccc3fd0ae641b46ac8eb6395a30baa49373bcf233614d8490e3f686	Personlig synes han det er vanskelig at saken kommer opp.		4	0	thirties	male_masculine	Østlandet		nb-NO	
17e43953917efb0a49bd62ad49a19c9d2ea1d5fd586397a17c9f1ab52ef82d5eff5d58465c69477330db5defdf7ff6017b3038d820a742a602b07c013072ec67	common_voice_nb-NO_42613511.mp3	0fd0b8a1fcec11993a4ac525e03d7fd6a5308e214354edb3dbdbe3206852ee94	Det er viktig for konkurransekraft og videre vekst.	general	4	0	thirties	male_masculine	Østlandet		nb-NO	
17e43953917efb0a49bd62ad49a19c9d2ea1d5fd586397a17c9f1ab52ef82d5eff5d58465c69477330db5defdf7ff6017b3038d820a742a602b07c013072ec67	common_voice_nb-NO_42613512.mp3	142b8b21d8072cfcad788a2a0c24c57e176a955f1bf503e8bff017b54e43a21f	Hun sluttet aldri å smile til livet.		4	2	thirties	male_masculine	Østlandet		nb-NO	
17e43953917efb0a49bd62ad49a19c9d2ea1d5fd586397a17c9f1ab52ef82d5eff5d58465c69477330db5defdf7ff6017b3038d820a742a602b07c013072ec67	common_voice_nb-NO_42613513.mp3	09e33039d57411a158470bfd4cb70dbd1e5a083daf0928f647bc69895967b972	Kritikerne berømmer også filmen for de mange, gode kvinnelige hovedrollene.	general	4	0	thirties	male_masculine	Østlandet		nb-NO	
17e43953917efb0a49bd62ad49a19c9d2ea1d5fd586397a17c9f1ab52ef82d5eff5d58465c69477330db5defdf7ff6017b3038d820a742a602b07c013072ec67	common_voice_nb-NO_42613514.mp3	1297f4a16c20cd6c900012759f3a4953a5e8693670e7f80fc84fde7533e7273e	Vi planlegger på sikt med ham.	general	4	0	thirties	male_masculine	Østlandet		nb-NO	
17e43953917efb0a49bd62ad49a19c9d2ea1d5fd586397a17c9f1ab52ef82d5eff5d58465c69477330db5defdf7ff6017b3038d820a742a602b07c013072ec67	common_voice_nb-NO_42613525.mp3	0089ce5e86eb79f6fb162dc9ceeb0c142b33f5ebe214ca20393f5d29ce23dd25	Vi har også prøvd å utvikle en båt med eldrift.	general	4	0	thirties	male_masculine	Østlandet		nb-NO	
17e43953917efb0a49bd62ad49a19c9d2ea1d5fd586397a17c9f1ab52ef82d5eff5d58465c69477330db5defdf7ff6017b3038d820a742a602b07c013072ec67	common_voice_nb-NO_42613526.mp3	0f5edca9981ba0ac0f96c162d73ab9f2a698378b46630de79e0d6e08e57a5f21	Ugressmiddelet inneholder det omstridte virkestoffet glyfosat.	general	4	0	thirties	male_masculine	Østlandet		nb-NO	
17e43953917efb0a49bd62ad49a19c9d2ea1d5fd586397a17c9f1ab52ef82d5eff5d58465c69477330db5defdf7ff6017b3038d820a742a602b07c013072ec67	common_voice_nb-NO_42613527.mp3	0e35ef4211d1d940b5b71d0035578afdeb115a857ee638a04068126dd2cc78e3	Ikke, dette er bare tull og tøv		4	0	thirties	male_masculine	Østlandet		nb-NO	
17e43953917efb0a49bd62ad49a19c9d2ea1d5fd586397a17c9f1ab52ef82d5eff5d58465c69477330db5defdf7ff6017b3038d820a742a602b07c013072ec67	common_voice_nb-NO_42613528.mp3	06d07d150368cb4a387f8a1c54ba3c83c35f4c7dd40ee9e802fe12730a720596	Hommelstø		4	0	thirties	male_masculine	Østlandet		nb-NO	
17e43953917efb0a49bd62ad49a19c9d2ea1d5fd586397a17c9f1ab52ef82d5eff5d58465c69477330db5defdf7ff6017b3038d820a742a602b07c013072ec67	common_voice_nb-NO_42613529.mp3	125c9a74fbc2c328b8d9706dd29c452b922571f45e59e21bf8b0113cabc50400	Lovforslaget ble til slutt lagt på is.	general	4	0	thirties	male_masculine	Østlandet		nb-NO	
17e43953917efb0a49bd62ad49a19c9d2ea1d5fd586397a17c9f1ab52ef82d5eff5d58465c69477330db5defdf7ff6017b3038d820a742a602b07c013072ec67	common_voice_nb-NO_42613538.mp3	13d16bb0db2a09575197ab9883f17e31a0fded252b06c8714009e23b203e0db2	Likevel klarte ikke trioen å holde unna for hovedfeltet.	general	4	0	thirties	male_masculine	Østlandet		nb-NO	
17e43953917efb0a49bd62ad49a19c9d2ea1d5fd586397a17c9f1ab52ef82d5eff5d58465c69477330db5defdf7ff6017b3038d820a742a602b07c013072ec67	common_voice_nb-NO_42613540.mp3	107d84b2e4fb598af764538e97f95fff0e556f5bae8dcc0ac25a8b58b156aa8a	For tiden er det adskillig flere rykter enn det er reelle forhandlinger om oppkjøp.		4	0	thirties	male_masculine	Østlandet		nb-NO	
17e43953917efb0a49bd62ad49a19c9d2ea1d5fd586397a17c9f1ab52ef82d5eff5d58465c69477330db5defdf7ff6017b3038d820a742a602b07c013072ec67	common_voice_nb-NO_42613541.mp3	089e5847c289c94a8d64999ac6be92114ea3638bd2466b0399a25a7a511d8eba	Vi skal tilbringe mye tid her		4	0	thirties	male_masculine	Østlandet		nb-NO	
17e43953917efb0a49bd62ad49a19c9d2ea1d5fd586397a17c9f1ab52ef82d5eff5d58465c69477330db5defdf7ff6017b3038d820a742a602b07c013072ec67	common_voice_nb-NO_42613543.mp3	05cfac90c74a425b094cfeed43b7302ee01484d3f64f7f25957e19641d14a3a1	Brukt med både positivt og negativt fortegn.	general	4	0	thirties	male_masculine	Østlandet		nb-NO	
17e43953917efb0a49bd62ad49a19c9d2ea1d5fd586397a17c9f1ab52ef82d5eff5d58465c69477330db5defdf7ff6017b3038d820a742a602b07c013072ec67	common_voice_nb-NO_42613544.mp3	13ed3fd292c853ab03643fa194ef26629c67b4d07c47b6c636e9091be22daf11	Det tilsvarer et femtedels oljefond.	general	4	0	thirties	male_masculine	Østlandet		nb-NO	
17e43953917efb0a49bd62ad49a19c9d2ea1d5fd586397a17c9f1ab52ef82d5eff5d58465c69477330db5defdf7ff6017b3038d820a742a602b07c013072ec67	common_voice_nb-NO_42613555.mp3	0da23e4fb0c8b76cf288f4c82a08a5f7ee1a469ce937dbed353f1cd79116d16e	Mange kommuner har egne minnesmerker for de drepte.	general	4	0	thirties	male_masculine	Østlandet		nb-NO	
17e43953917efb0a49bd62ad49a19c9d2ea1d5fd586397a17c9f1ab52ef82d5eff5d58465c69477330db5defdf7ff6017b3038d820a742a602b07c013072ec67	common_voice_nb-NO_42613556.mp3	00f2d81c0bc113daca2d95fdf6b69e143d3aedb04d747fc810b762a9ceb7bda2	Da vil dommen bli kunngjort.	general	4	0	thirties	male_masculine	Østlandet		nb-NO	
17e43953917efb0a49bd62ad49a19c9d2ea1d5fd586397a17c9f1ab52ef82d5eff5d58465c69477330db5defdf7ff6017b3038d820a742a602b07c013072ec67	common_voice_nb-NO_42613557.mp3	0c1f4c9b4c2e985ae816885d536fb3f25e64b4383eb5b3c83689bdf72440c55d	Men forsvarsplanen betyr også betydelige kutt.	general	4	0	thirties	male_masculine	Østlandet		nb-NO	
17e43953917efb0a49bd62ad49a19c9d2ea1d5fd586397a17c9f1ab52ef82d5eff5d58465c69477330db5defdf7ff6017b3038d820a742a602b07c013072ec67	common_voice_nb-NO_42613558.mp3	02e561ad40cef890bc97ccffcf818e2734c54561027b52e8f5cf38128e8956a9	Her skal politimesteren ha sitt kontor og sin stab.	general	4	0	thirties	male_masculine	Østlandet		nb-NO	
17e43953917efb0a49bd62ad49a19c9d2ea1d5fd586397a17c9f1ab52ef82d5eff5d58465c69477330db5defdf7ff6017b3038d820a742a602b07c013072ec67	common_voice_nb-NO_42613559.mp3	026c8a2d1373838ca603a2ff106ee8fcf9cc920428ed26b2aba50e039ad46777	Forhandlingsdokumentet ble overlevert på et møte mellom partene onsdag formiddag.	general	4	0	thirties	male_masculine	Østlandet		nb-NO	
17e43953917efb0a49bd62ad49a19c9d2ea1d5fd586397a17c9f1ab52ef82d5eff5d58465c69477330db5defdf7ff6017b3038d820a742a602b07c013072ec67	common_voice_nb-NO_42613565.mp3	09befef635260944c3c46a47094802d9d4c12f42d372bcffb4c720f078a668b4	Nordfold		4	0	thirties	male_masculine	Østlandet		nb-NO	
17e43953917efb0a49bd62ad49a19c9d2ea1d5fd586397a17c9f1ab52ef82d5eff5d58465c69477330db5defdf7ff6017b3038d820a742a602b07c013072ec67	common_voice_nb-NO_42613566.mp3	017e6a24e880ebefe61f8b77af183d409c733949f7c4b39dfb2f897139093b2f	Sju personer har omkommet i trafikken så langt i år.	general	4	0	thirties	male_masculine	Østlandet		nb-NO	
17e43953917efb0a49bd62ad49a19c9d2ea1d5fd586397a17c9f1ab52ef82d5eff5d58465c69477330db5defdf7ff6017b3038d820a742a602b07c013072ec67	common_voice_nb-NO_42613567.mp3	05eab5b04b21dbc1ab151637b83f541979db183270a3bba8e76d026ef913a1a6	Politiet er varslet om saken.	general	4	0	thirties	male_masculine	Østlandet		nb-NO	
17e43953917efb0a49bd62ad49a19c9d2ea1d5fd586397a17c9f1ab52ef82d5eff5d58465c69477330db5defdf7ff6017b3038d820a742a602b07c013072ec67	common_voice_nb-NO_42613568.mp3	0c73aacb398b50f25806be82faf01c0c123b10edcee78ea7a07e6095c4d33b4a	En gang for lenge siden eksisterte det mange forskjellige kongedømmer		4	0	thirties	male_masculine	Østlandet		nb-NO	
17e43953917efb0a49bd62ad49a19c9d2ea1d5fd586397a17c9f1ab52ef82d5eff5d58465c69477330db5defdf7ff6017b3038d820a742a602b07c013072ec67	common_voice_nb-NO_42613569.mp3	0481c4404554772e44e1fd71103fe5d1f610d7f6685c393756a556e29a27c2e6	duften		4	0	thirties	male_masculine	Østlandet		nb-NO	
17e43953917efb0a49bd62ad49a19c9d2ea1d5fd586397a17c9f1ab52ef82d5eff5d58465c69477330db5defdf7ff6017b3038d820a742a602b07c013072ec67	common_voice_nb-NO_42613575.mp3	128b07c39cc06d5a469a3f29913070049f5e8bc60bb7032ba6db745d271ef5c2	Faren for utsettelse av tilbudet er dermed borte.	general	4	0	thirties	male_masculine	Østlandet		nb-NO	
17e43953917efb0a49bd62ad49a19c9d2ea1d5fd586397a17c9f1ab52ef82d5eff5d58465c69477330db5defdf7ff6017b3038d820a742a602b07c013072ec67	common_voice_nb-NO_42613576.mp3	131f906e8558d816e19081b97a283b8d4ada440250a4ecb6eebdc407bcb5a877	Fortsatt er medlemmene splittet over vedtaket.	general	4	0	thirties	male_masculine	Østlandet		nb-NO	
17e43953917efb0a49bd62ad49a19c9d2ea1d5fd586397a17c9f1ab52ef82d5eff5d58465c69477330db5defdf7ff6017b3038d820a742a602b07c013072ec67	common_voice_nb-NO_42613577.mp3	1564e97804d2bfdb70fb43f1cba330ab67d878c58277571dfcdfa814e7f5f2f2	kontakter		4	0	thirties	male_masculine	Østlandet		nb-NO	
17e43953917efb0a49bd62ad49a19c9d2ea1d5fd586397a17c9f1ab52ef82d5eff5d58465c69477330db5defdf7ff6017b3038d820a742a602b07c013072ec67	common_voice_nb-NO_42613578.mp3	07a9a684ff27c1a38a1b8e400be8914cab3bee234c1a53ef1600e28c972b90c3	Hun skrev boken		4	0	thirties	male_masculine	Østlandet		nb-NO	
17e43953917efb0a49bd62ad49a19c9d2ea1d5fd586397a17c9f1ab52ef82d5eff5d58465c69477330db5defdf7ff6017b3038d820a742a602b07c013072ec67	common_voice_nb-NO_42613579.mp3	0f401cb413332359739c83216a5f59aa8f71ecf639ee0e1959121ddbf9603c4d	På fredager er det tomt på kontoret.		4	0	thirties	male_masculine	Østlandet		nb-NO	
17e43953917efb0a49bd62ad49a19c9d2ea1d5fd586397a17c9f1ab52ef82d5eff5d58465c69477330db5defdf7ff6017b3038d820a742a602b07c013072ec67	common_voice_nb-NO_42613585.mp3	15f3a52d4326001c19ae0159cd0c872f9f9efc0838a1a8307b60ecdfc7fc1ad1	Forslaget innebærer at seksualundervisning i skolen kan straffes.	general	4	0	thirties	male_masculine	Østlandet		nb-NO	
17e43953917efb0a49bd62ad49a19c9d2ea1d5fd586397a17c9f1ab52ef82d5eff5d58465c69477330db5defdf7ff6017b3038d820a742a602b07c013072ec67	common_voice_nb-NO_42613586.mp3	1022ad4c2f0896a8d4b33083e05375fdc4b5e50ef0b32b9988d11ee193b9f578	Fotball er en ganske teit sport spør du meg.		4	0	thirties	male_masculine	Østlandet		nb-NO	
17e43953917efb0a49bd62ad49a19c9d2ea1d5fd586397a17c9f1ab52ef82d5eff5d58465c69477330db5defdf7ff6017b3038d820a742a602b07c013072ec67	common_voice_nb-NO_42613587.mp3	0db960d31fab5578961287d742e51f01f66f4c8e8a8c321b7fd4393e7134b6e4	Alle er ansatt i hver sin butikk.	general	4	0	thirties	male_masculine	Østlandet		nb-NO	
17e43953917efb0a49bd62ad49a19c9d2ea1d5fd586397a17c9f1ab52ef82d5eff5d58465c69477330db5defdf7ff6017b3038d820a742a602b07c013072ec67	common_voice_nb-NO_42613588.mp3	0e4ada72b47042e7060cb73437215fd7384304ce9636653526541abf89f93ae0	Ti personer ble evakuert fra to hus i området.	general	4	0	thirties	male_masculine	Østlandet		nb-NO	
17e43953917efb0a49bd62ad49a19c9d2ea1d5fd586397a17c9f1ab52ef82d5eff5d58465c69477330db5defdf7ff6017b3038d820a742a602b07c013072ec67	common_voice_nb-NO_42613589.mp3	07c8d3ab9a6ddd088c0e5c74102ca808115122f4916aff486157b051748db13c	Det er lettere å skape en rollefigur som ikke har eksistert.		4	0	thirties	male_masculine	Østlandet		nb-NO	
17e43953917efb0a49bd62ad49a19c9d2ea1d5fd586397a17c9f1ab52ef82d5eff5d58465c69477330db5defdf7ff6017b3038d820a742a602b07c013072ec67	common_voice_nb-NO_42613590.mp3	0e40950303eda128cb2d802d5ece002d72c3f416aeb62d2285465ce88b3eccc9	kafeer		4	0	thirties	male_masculine	Østlandet		nb-NO	
17e43953917efb0a49bd62ad49a19c9d2ea1d5fd586397a17c9f1ab52ef82d5eff5d58465c69477330db5defdf7ff6017b3038d820a742a602b07c013072ec67	common_voice_nb-NO_42613591.mp3	151739c024bc9a94814160c1e80a285f662a2f89a55f52548754260b585cc323	På grunn av uværet ble mennenes slopestylekonkurranse avlyst.	general	4	0	thirties	male_masculine	Østlandet		nb-NO	
17e43953917efb0a49bd62ad49a19c9d2ea1d5fd586397a17c9f1ab52ef82d5eff5d58465c69477330db5defdf7ff6017b3038d820a742a602b07c013072ec67	common_voice_nb-NO_42613592.mp3	08349e29f33189d7d258c029b88e28ed61d679d4f9278421468a8af1004fd977	Laserteknologien dreper mellom to og tre lakselus i sekundet.	general	4	0	thirties	male_masculine	Østlandet		nb-NO	
17e43953917efb0a49bd62ad49a19c9d2ea1d5fd586397a17c9f1ab52ef82d5eff5d58465c69477330db5defdf7ff6017b3038d820a742a602b07c013072ec67	common_voice_nb-NO_42613593.mp3	122ee2f8105d5c0ccfc74ccd292b8f33ad662275ecc8f5f8b1094340a76e4dd1	Han ble en viktig stemme blant de allierte.	history_law_government	4	0	thirties	male_masculine	Østlandet		nb-NO	
17e43953917efb0a49bd62ad49a19c9d2ea1d5fd586397a17c9f1ab52ef82d5eff5d58465c69477330db5defdf7ff6017b3038d820a742a602b07c013072ec67	common_voice_nb-NO_42613598.mp3	05f34b61876497ec3d9a30cf6beab0e73d168fed2f3a3666137b531275ad4e80	Enger var den store seierskvinnen den gang.	general	4	0	thirties	male_masculine	Østlandet		nb-NO	
17e43953917efb0a49bd62ad49a19c9d2ea1d5fd586397a17c9f1ab52ef82d5eff5d58465c69477330db5defdf7ff6017b3038d820a742a602b07c013072ec67	common_voice_nb-NO_42613599.mp3	039ac006764613f3f9c54474d5b8c4b526b57723fae8287b94d80fbb3d6a328d	Det er ikke spesifisert hvor alvorlig barnas tilstand var.	general	4	0	thirties	male_masculine	Østlandet		nb-NO	
17e43953917efb0a49bd62ad49a19c9d2ea1d5fd586397a17c9f1ab52ef82d5eff5d58465c69477330db5defdf7ff6017b3038d820a742a602b07c013072ec67	common_voice_nb-NO_42613600.mp3	0340c028d49a02001aa37f15c9cc70fb82b8958b402ac3702db7dd03beabaa4c	to tre seks en åttiåtte ett hundre og sekstito		4	0	thirties	male_masculine	Østlandet		nb-NO	
17e43953917efb0a49bd62ad49a19c9d2ea1d5fd586397a17c9f1ab52ef82d5eff5d58465c69477330db5defdf7ff6017b3038d820a742a602b07c013072ec67	common_voice_nb-NO_42613601.mp3	128657c246697b144fa4cd058b8f7fbb8e9d49fcef767dea5a6e25b593855335	Hvorfor det er slik, er ikke forskerne sikre på.	general	4	2	thirties	male_masculine	Østlandet		nb-NO	
17e43953917efb0a49bd62ad49a19c9d2ea1d5fd586397a17c9f1ab52ef82d5eff5d58465c69477330db5defdf7ff6017b3038d820a742a602b07c013072ec67	common_voice_nb-NO_42613602.mp3	0c9348dff4aba54b9960c300cb3bb2a7cc99f0296850dfa12ef106d513809c28	I stedet må folk nøye seg med en bompenge-rabatt.	general	4	0	thirties	male_masculine	Østlandet		nb-NO	
17e43953917efb0a49bd62ad49a19c9d2ea1d5fd586397a17c9f1ab52ef82d5eff5d58465c69477330db5defdf7ff6017b3038d820a742a602b07c013072ec67	common_voice_nb-NO_42613613.mp3	0e2648abc4dc0322fabc465c4284280bccff3a724038c40aed129ac88764168d	Både smaken og showet ble sittende i folks hukommelse.	general	4	0	thirties	male_masculine	Østlandet		nb-NO	
17e43953917efb0a49bd62ad49a19c9d2ea1d5fd586397a17c9f1ab52ef82d5eff5d58465c69477330db5defdf7ff6017b3038d820a742a602b07c013072ec67	common_voice_nb-NO_42613614.mp3	0edec2f96ba23ebc421c6a62c0c0224916331e9c657ce1a60f279b349e054504	Hun har en veldig tydelig aksent.		4	0	thirties	male_masculine	Østlandet		nb-NO	
17e43953917efb0a49bd62ad49a19c9d2ea1d5fd586397a17c9f1ab52ef82d5eff5d58465c69477330db5defdf7ff6017b3038d820a742a602b07c013072ec67	common_voice_nb-NO_42613615.mp3	149c181a44238b7f123e1c538ab0a262475f287923d8e87c704221005abc2d46	Jeg må på det kraftigste advare alle.	general	4	0	thirties	male_masculine	Østlandet		nb-NO	
17e43953917efb0a49bd62ad49a19c9d2ea1d5fd586397a17c9f1ab52ef82d5eff5d58465c69477330db5defdf7ff6017b3038d820a742a602b07c013072ec67	common_voice_nb-NO_42613616.mp3	136bedd37a669c99fd708c93a4cddaa382a41a7def275c8259898aef4ec46783	Alle bekker som rant gjennom byen og ut i fjorden, er lagt i rør.		4	0	thirties	male_masculine	Østlandet		nb-NO	
17e43953917efb0a49bd62ad49a19c9d2ea1d5fd586397a17c9f1ab52ef82d5eff5d58465c69477330db5defdf7ff6017b3038d820a742a602b07c013072ec67	common_voice_nb-NO_42613617.mp3	087609514e79777490ab2c3ed672e55744e8639b9cfa00bea53197461696000f	Det gjør du best ved å bruke refleks.	general	4	0	thirties	male_masculine	Østlandet		nb-NO	
17e43953917efb0a49bd62ad49a19c9d2ea1d5fd586397a17c9f1ab52ef82d5eff5d58465c69477330db5defdf7ff6017b3038d820a742a602b07c013072ec67	common_voice_nb-NO_42613628.mp3	0c2ff5a33bf76b0a6c36045c979d56d8e055edceb72bd97ea60400e78094a6a1	Resultatet blir verdens største bokforlag.	general	4	0	thirties	male_masculine	Østlandet		nb-NO	
17e43953917efb0a49bd62ad49a19c9d2ea1d5fd586397a17c9f1ab52ef82d5eff5d58465c69477330db5defdf7ff6017b3038d820a742a602b07c013072ec67	common_voice_nb-NO_42613629.mp3	012a80280cae0d5102338dfd631d40294c4bd9bbe6d44b0517c08eb0cc384dca	Underlig å tenke på hvordan livet kan forandres på et øyeblikk.		4	0	thirties	male_masculine	Østlandet		nb-NO	
17e43953917efb0a49bd62ad49a19c9d2ea1d5fd586397a17c9f1ab52ef82d5eff5d58465c69477330db5defdf7ff6017b3038d820a742a602b07c013072ec67	common_voice_nb-NO_42613630.mp3	16511be4a6c0b8c0af402cadad51fc8eab151555f66f94bcba10cded70d1d2d4	I år ser det bra ut.	general	4	0	thirties	male_masculine	Østlandet		nb-NO	
17e43953917efb0a49bd62ad49a19c9d2ea1d5fd586397a17c9f1ab52ef82d5eff5d58465c69477330db5defdf7ff6017b3038d820a742a602b07c013072ec67	common_voice_nb-NO_42613631.mp3	0261989ffb09e5de22d360d2c250c5e968ad41186b220f3e3c5c05ec0d4b95f7	Han sier eiendomsskatten var et viktig argument for lokalsamfunnet.	general	4	0	thirties	male_masculine	Østlandet		nb-NO	
17e43953917efb0a49bd62ad49a19c9d2ea1d5fd586397a17c9f1ab52ef82d5eff5d58465c69477330db5defdf7ff6017b3038d820a742a602b07c013072ec67	common_voice_nb-NO_42613632.mp3	0062516112a09064fce085a1ee96b972a751141590f3943ae2d5538b2c7d601e	Alle har hele tiden nektet straffskyld for drapet.	general	4	0	thirties	male_masculine	Østlandet		nb-NO	
17e43953917efb0a49bd62ad49a19c9d2ea1d5fd586397a17c9f1ab52ef82d5eff5d58465c69477330db5defdf7ff6017b3038d820a742a602b07c013072ec67	common_voice_nb-NO_42613643.mp3	08e2f78ea7f627cb48058f454a59ca7afc73e3806b60bf44d16275d51c5fa062	En hest finner ofte vann i naturen		4	0	thirties	male_masculine	Østlandet		nb-NO	
17e43953917efb0a49bd62ad49a19c9d2ea1d5fd586397a17c9f1ab52ef82d5eff5d58465c69477330db5defdf7ff6017b3038d820a742a602b07c013072ec67	common_voice_nb-NO_42613644.mp3	11dff3b1fb51e445e09fe8fbc12a5fe6543b7cd39207cea381dcd8591266d7b1	De fleste føyde til fradrag eller korrigerte gale opplysninger.	general	4	0	thirties	male_masculine	Østlandet		nb-NO	
17e43953917efb0a49bd62ad49a19c9d2ea1d5fd586397a17c9f1ab52ef82d5eff5d58465c69477330db5defdf7ff6017b3038d820a742a602b07c013072ec67	common_voice_nb-NO_42613645.mp3	12002f9cdbb21fddefb307d3e01aeffe16b4f9d1cb0ae7b01de3c97fe207e366	Det er bygget flere broer mellom mennesker enn mellom øyer.		4	0	thirties	male_masculine	Østlandet		nb-NO	
17e43953917efb0a49bd62ad49a19c9d2ea1d5fd586397a17c9f1ab52ef82d5eff5d58465c69477330db5defdf7ff6017b3038d820a742a602b07c013072ec67	common_voice_nb-NO_42613646.mp3	1033a158a6b4518c4000b11dc72650f3eefcaa51a26b9fd699dbf78ff0d4fdba	Hun fikk denne utmerkelsen for første gang.	general	4	0	thirties	male_masculine	Østlandet		nb-NO	
17e43953917efb0a49bd62ad49a19c9d2ea1d5fd586397a17c9f1ab52ef82d5eff5d58465c69477330db5defdf7ff6017b3038d820a742a602b07c013072ec67	common_voice_nb-NO_42613647.mp3	02df0df58a3941ccf2456c464f0a0727f0f3592d1bfb89029ac4fa79b5bcc0c2	Svært mange planter er avhengige av insekter for å formere seg.	general	4	0	thirties	male_masculine	Østlandet		nb-NO	
17e43953917efb0a49bd62ad49a19c9d2ea1d5fd586397a17c9f1ab52ef82d5eff5d58465c69477330db5defdf7ff6017b3038d820a742a602b07c013072ec67	common_voice_nb-NO_42613663.mp3	138873c4461b8c0285f783c60fe66b2e56e6453c8428fb3f39ba052d2e5f0020	Det gjør ikke bare behandlingen bedre.	general	4	0	thirties	male_masculine	Østlandet		nb-NO	
17e43953917efb0a49bd62ad49a19c9d2ea1d5fd586397a17c9f1ab52ef82d5eff5d58465c69477330db5defdf7ff6017b3038d820a742a602b07c013072ec67	common_voice_nb-NO_42613664.mp3	12ddbcb0a132df616d72329fcd46aa103b667a82b7b6ab7a258fa547896a1582	Hun fikk adrenalin rett i årene da hjelpen var på plass.	general	4	0	thirties	male_masculine	Østlandet		nb-NO	
17e43953917efb0a49bd62ad49a19c9d2ea1d5fd586397a17c9f1ab52ef82d5eff5d58465c69477330db5defdf7ff6017b3038d820a742a602b07c013072ec67	common_voice_nb-NO_42613665.mp3	10686608bed3528a5eed3bdeca1759aa7b8661f544dd034637eaf11416a8daaf	Fortsatt er det uvisst om ordføreren blir tiltalt i saken.	general	4	0	thirties	male_masculine	Østlandet		nb-NO	
17e43953917efb0a49bd62ad49a19c9d2ea1d5fd586397a17c9f1ab52ef82d5eff5d58465c69477330db5defdf7ff6017b3038d820a742a602b07c013072ec67	common_voice_nb-NO_42613666.mp3	133b53bbe7fb23bed45e4c15373865773189534469cca28daf0764c5736a19a1	Hver statsminister får sitt program.	general	4	0	thirties	male_masculine	Østlandet		nb-NO	
17e43953917efb0a49bd62ad49a19c9d2ea1d5fd586397a17c9f1ab52ef82d5eff5d58465c69477330db5defdf7ff6017b3038d820a742a602b07c013072ec67	common_voice_nb-NO_42613667.mp3	0af9b168c8b6705f7602f89c510ffec0486aefdb849dc94d20440cfbe909a1a1	Isolasjonsperioden er senere forlenget i ytterligere to uker.	general	4	0	thirties	male_masculine	Østlandet		nb-NO	
17e43953917efb0a49bd62ad49a19c9d2ea1d5fd586397a17c9f1ab52ef82d5eff5d58465c69477330db5defdf7ff6017b3038d820a742a602b07c013072ec67	common_voice_nb-NO_42613678.mp3	0ee55848766fa48f2c8a6dd96f9dfdac662b211b7bcfd329e1d3a79168fd0555	Vi mener at klippet aldri skulle ha eksistert.	general	4	0	thirties	male_masculine	Østlandet		nb-NO	
17e43953917efb0a49bd62ad49a19c9d2ea1d5fd586397a17c9f1ab52ef82d5eff5d58465c69477330db5defdf7ff6017b3038d820a742a602b07c013072ec67	common_voice_nb-NO_42613679.mp3	1686aabae09065437c33df06f6d350ba73ecaa26955967e5873fc7e0b2e06f5d	Hun var veldig entusiastisk.		4	0	thirties	male_masculine	Østlandet		nb-NO	
17e43953917efb0a49bd62ad49a19c9d2ea1d5fd586397a17c9f1ab52ef82d5eff5d58465c69477330db5defdf7ff6017b3038d820a742a602b07c013072ec67	common_voice_nb-NO_42613680.mp3	16c06280680ff42ca2d73de54078f3f2d0975a187db6f19f230bb9912f9527f6	De fleste skadene skjedde i boligområder eller i trafikken.	general	4	0	thirties	male_masculine	Østlandet		nb-NO	
17e43953917efb0a49bd62ad49a19c9d2ea1d5fd586397a17c9f1ab52ef82d5eff5d58465c69477330db5defdf7ff6017b3038d820a742a602b07c013072ec67	common_voice_nb-NO_42613681.mp3	139c274d04a09b555646055cd4521034b5317a78ca0de418ca048601c9070373	Vi får se, sier han.	general	4	0	thirties	male_masculine	Østlandet		nb-NO	
17e43953917efb0a49bd62ad49a19c9d2ea1d5fd586397a17c9f1ab52ef82d5eff5d58465c69477330db5defdf7ff6017b3038d820a742a602b07c013072ec67	common_voice_nb-NO_42613682.mp3	1398cfc62a97d02326b2c98739538fbb9e9a2da7cd4bf72e9c69d22b457e8396	Målingen er gjort i perioden august til oktober.	general	4	0	thirties	male_masculine	Østlandet		nb-NO	
17e43953917efb0a49bd62ad49a19c9d2ea1d5fd586397a17c9f1ab52ef82d5eff5d58465c69477330db5defdf7ff6017b3038d820a742a602b07c013072ec67	common_voice_nb-NO_42613703.mp3	10b39bc1e75dca79df82724344592923afc46430cde67ea0ded410cf0c456ae1	dørvakt		4	0	thirties	male_masculine	Østlandet		nb-NO	
17e43953917efb0a49bd62ad49a19c9d2ea1d5fd586397a17c9f1ab52ef82d5eff5d58465c69477330db5defdf7ff6017b3038d820a742a602b07c013072ec67	common_voice_nb-NO_42613704.mp3	138f6d33a6956ccee34b56b7106601add6e3b9cbc61d2915924d18992da5e52e	Hovedårsaken til nedgangen var redusert salg i dagligvarebutikker.	general	4	0	thirties	male_masculine	Østlandet		nb-NO	
17e43953917efb0a49bd62ad49a19c9d2ea1d5fd586397a17c9f1ab52ef82d5eff5d58465c69477330db5defdf7ff6017b3038d820a742a602b07c013072ec67	common_voice_nb-NO_42613705.mp3	13a3df5eb2a199fc5120a187b1c6d4f742bb686d0758a5023d0c015daf883c07	Man må alltid ha billett på kollektivtrafikk.		4	0	thirties	male_masculine	Østlandet		nb-NO	
17e43953917efb0a49bd62ad49a19c9d2ea1d5fd586397a17c9f1ab52ef82d5eff5d58465c69477330db5defdf7ff6017b3038d820a742a602b07c013072ec67	common_voice_nb-NO_42613706.mp3	0847e647b83b7f9b1e7944be1945135fb831ea69de1d4c0b3b91e2fb768639a5	Hun hadde stor sans for humor, og hennes historier bar alltid preg av det.		4	0	thirties	male_masculine	Østlandet		nb-NO	
17e43953917efb0a49bd62ad49a19c9d2ea1d5fd586397a17c9f1ab52ef82d5eff5d58465c69477330db5defdf7ff6017b3038d820a742a602b07c013072ec67	common_voice_nb-NO_42613707.mp3	00b953af4f40049b05b054530b20241ae30ccae8bda89d159122f8fee94a2e11	Ketil hadde nettopp byttet kjede på sykkelen.		4	2	thirties	male_masculine	Østlandet		nb-NO	
17e43953917efb0a49bd62ad49a19c9d2ea1d5fd586397a17c9f1ab52ef82d5eff5d58465c69477330db5defdf7ff6017b3038d820a742a602b07c013072ec67	common_voice_nb-NO_42613753.mp3	16fde6aee7dee56abb0de1d7399da1613d0aad38839d850f2865167fc1c2d8ec	Men ikke alle som har lyst, får oppfylt drømmen om småbruk.	general	4	0	thirties	male_masculine	Østlandet		nb-NO	
17e43953917efb0a49bd62ad49a19c9d2ea1d5fd586397a17c9f1ab52ef82d5eff5d58465c69477330db5defdf7ff6017b3038d820a742a602b07c013072ec67	common_voice_nb-NO_42613754.mp3	018d49801b7ef0a9b1553b7532f61313579a0855923abd7cb340003bb13af4d7	Hans handlinger påvirket hele Europa.	history_law_government	4	2	thirties	male_masculine	Østlandet		nb-NO	
17e43953917efb0a49bd62ad49a19c9d2ea1d5fd586397a17c9f1ab52ef82d5eff5d58465c69477330db5defdf7ff6017b3038d820a742a602b07c013072ec67	common_voice_nb-NO_42613755.mp3	033cdb089972fd2ec2103874c492f496a46d1b9ab7994c291c8b16e53e8ffe34	Så langt er det ikke kjent om noen er drept.	general	4	0	thirties	male_masculine	Østlandet		nb-NO	
17e43953917efb0a49bd62ad49a19c9d2ea1d5fd586397a17c9f1ab52ef82d5eff5d58465c69477330db5defdf7ff6017b3038d820a742a602b07c013072ec67	common_voice_nb-NO_42613757.mp3	12df0f95aa078e612daa5a7f096571a2fa7911de4581623910ea4d3a9b6dfdd4	Dette undersøker vi rutinemessig ved oppgjøret av forsikringene.	general	4	0	thirties	male_masculine	Østlandet		nb-NO	
17e43953917efb0a49bd62ad49a19c9d2ea1d5fd586397a17c9f1ab52ef82d5eff5d58465c69477330db5defdf7ff6017b3038d820a742a602b07c013072ec67	common_voice_nb-NO_42613758.mp3	144fc4e7378a22d10665a9ba7519ebb8542cf1f9de0c9ae989e3359e8f285c55	Antall søkere er rekordhøyt.	general	4	0	thirties	male_masculine	Østlandet		nb-NO	
17e43953917efb0a49bd62ad49a19c9d2ea1d5fd586397a17c9f1ab52ef82d5eff5d58465c69477330db5defdf7ff6017b3038d820a742a602b07c013072ec67	common_voice_nb-NO_42613772.mp3	15b9889ee3a6c65d58898c5e61578844c340ad1ff678fcdedbd86c1a50339b56	Konkursen er den andre i flybransjen på kort tid.	general	4	0	thirties	male_masculine	Østlandet		nb-NO	
17e43953917efb0a49bd62ad49a19c9d2ea1d5fd586397a17c9f1ab52ef82d5eff5d58465c69477330db5defdf7ff6017b3038d820a742a602b07c013072ec67	common_voice_nb-NO_42613773.mp3	0cdc66477d25ee55f3133aeafa8eb8beb37f3cd8411f5f13c1aa63976f757419	De har alt etterforskningsmaterialet tilgjengelig elektronisk.	general	4	0	thirties	male_masculine	Østlandet		nb-NO	
17e43953917efb0a49bd62ad49a19c9d2ea1d5fd586397a17c9f1ab52ef82d5eff5d58465c69477330db5defdf7ff6017b3038d820a742a602b07c013072ec67	common_voice_nb-NO_42613774.mp3	09c56dd7fa350ff313769323fc671318a7ace5c47c66a50a7caa8623d955003b	Fortsatt har de seks ledige plasser.		4	0	thirties	male_masculine	Østlandet		nb-NO	
17e43953917efb0a49bd62ad49a19c9d2ea1d5fd586397a17c9f1ab52ef82d5eff5d58465c69477330db5defdf7ff6017b3038d820a742a602b07c013072ec67	common_voice_nb-NO_42613775.mp3	11c9c5faee5eb9f39e19e0ec5217cdbf7c595d86db380507c3c9a38103a1827b	Kontakt meg om det er interssant.		4	2	thirties	male_masculine	Østlandet		nb-NO	
17e43953917efb0a49bd62ad49a19c9d2ea1d5fd586397a17c9f1ab52ef82d5eff5d58465c69477330db5defdf7ff6017b3038d820a742a602b07c013072ec67	common_voice_nb-NO_42613776.mp3	1045eb022648403a847bd8800c5b6f7ba33c1e4f6fced1653d50ec7756180c3b	Flere byggeplasser har egne prester for de ansatte under anleggsperioden.		4	0	thirties	male_masculine	Østlandet		nb-NO	
17e43953917efb0a49bd62ad49a19c9d2ea1d5fd586397a17c9f1ab52ef82d5eff5d58465c69477330db5defdf7ff6017b3038d820a742a602b07c013072ec67	common_voice_nb-NO_42613802.mp3	0dcc9afb56ae32929bf4a83e6df337571d4d1ca97ed2e6e7c4e0f17b5726e50f	Hodekål spås bra avlinger, mens blomkål har gått tomt på lager.	general	4	0	thirties	male_masculine	Østlandet		nb-NO	
17e43953917efb0a49bd62ad49a19c9d2ea1d5fd586397a17c9f1ab52ef82d5eff5d58465c69477330db5defdf7ff6017b3038d820a742a602b07c013072ec67	common_voice_nb-NO_42613803.mp3	0f013dd56641366ea91b8888ace15a4b013dd8121640875c5d200cfed90215cf	De fleste smittede er ikke vaksinert mot meslinger.	general	4	0	thirties	male_masculine	Østlandet		nb-NO	
17e43953917efb0a49bd62ad49a19c9d2ea1d5fd586397a17c9f1ab52ef82d5eff5d58465c69477330db5defdf7ff6017b3038d820a742a602b07c013072ec67	common_voice_nb-NO_42613804.mp3	06ff2e0fcd46226947c89a34869368dc8ffd60be160eb8c2d9f294a103881df3	Jeg pleier å skrive handleliste før jeg går på butikken.		4	0	thirties	male_masculine	Østlandet		nb-NO	
17e43953917efb0a49bd62ad49a19c9d2ea1d5fd586397a17c9f1ab52ef82d5eff5d58465c69477330db5defdf7ff6017b3038d820a742a602b07c013072ec67	common_voice_nb-NO_42613805.mp3	0c22a662ed3cd721974f9d50ed5c6957780a52805dd236b1af369b1f0ad16071	Flesteparten av dem som fullfører, går på studieforberedende utdanning.	general	4	0	thirties	male_masculine	Østlandet		nb-NO	
17e43953917efb0a49bd62ad49a19c9d2ea1d5fd586397a17c9f1ab52ef82d5eff5d58465c69477330db5defdf7ff6017b3038d820a742a602b07c013072ec67	common_voice_nb-NO_42613806.mp3	114860778487020b00ee35f3b83334a72f65e2f68d70a5fcb7eff8bb721cbc3e	Nedgangen er i tråd med forventningene, ifølge meieriet.	general	4	0	thirties	male_masculine	Østlandet		nb-NO	
17e43953917efb0a49bd62ad49a19c9d2ea1d5fd586397a17c9f1ab52ef82d5eff5d58465c69477330db5defdf7ff6017b3038d820a742a602b07c013072ec67	common_voice_nb-NO_42613812.mp3	0058627993dcade861bfe25cf641e2e56732571879506fa032af8d2bb2781efe	Stabukken vil ikke komme frem til en løsning.		4	0	thirties	male_masculine	Østlandet		nb-NO	
17e43953917efb0a49bd62ad49a19c9d2ea1d5fd586397a17c9f1ab52ef82d5eff5d58465c69477330db5defdf7ff6017b3038d820a742a602b07c013072ec67	common_voice_nb-NO_42613813.mp3	1653fdc4412845045dcf47db0ec1a17721fbb33b956c76940eddaf990494a166	Da ble alle dykkeoperasjoner og arbeid ved fregatten stanset.	general	4	0	thirties	male_masculine	Østlandet		nb-NO	
17e43953917efb0a49bd62ad49a19c9d2ea1d5fd586397a17c9f1ab52ef82d5eff5d58465c69477330db5defdf7ff6017b3038d820a742a602b07c013072ec67	common_voice_nb-NO_42613814.mp3	15e98852692e2205336b5bfe12047cb1938f3f6f7bf98fa2a4e880725795c01a	Det kreves ingen praktisk prøve.	general	4	0	thirties	male_masculine	Østlandet		nb-NO	
17e43953917efb0a49bd62ad49a19c9d2ea1d5fd586397a17c9f1ab52ef82d5eff5d58465c69477330db5defdf7ff6017b3038d820a742a602b07c013072ec67	common_voice_nb-NO_42613815.mp3	171027397a67bc7f8eb4137d49641bfbea6ef0106a937bfba10ac2597ed7098d	Han orienterte forbundet mandag.	general	4	0	thirties	male_masculine	Østlandet		nb-NO	
17e43953917efb0a49bd62ad49a19c9d2ea1d5fd586397a17c9f1ab52ef82d5eff5d58465c69477330db5defdf7ff6017b3038d820a742a602b07c013072ec67	common_voice_nb-NO_42613816.mp3	1115e44498c0d6507097d57657448085c18510defc63156fb72c6e5b111aa84f	Et svar derfra er ventet innen kort tid.	general	4	0	thirties	male_masculine	Østlandet		nb-NO	
17e43953917efb0a49bd62ad49a19c9d2ea1d5fd586397a17c9f1ab52ef82d5eff5d58465c69477330db5defdf7ff6017b3038d820a742a602b07c013072ec67	common_voice_nb-NO_42613825.mp3	0afcb63937157c181d7a0426051f9a66264ae3b29a91b30d83ed3cc03d91ded7	Det er inngått avtaler med redaksjoner over hele landet.	general	4	0	thirties	male_masculine	Østlandet		nb-NO	
17e43953917efb0a49bd62ad49a19c9d2ea1d5fd586397a17c9f1ab52ef82d5eff5d58465c69477330db5defdf7ff6017b3038d820a742a602b07c013072ec67	common_voice_nb-NO_42613826.mp3	166cc534d89551b17bf5de3e778f25ceb5e397c0ad4e30f65c257ad73c8850a5	Det kan forekomme at konvolutter blir ødelagt under maskinell sortering.	general	4	0	thirties	male_masculine	Østlandet		nb-NO	
17e43953917efb0a49bd62ad49a19c9d2ea1d5fd586397a17c9f1ab52ef82d5eff5d58465c69477330db5defdf7ff6017b3038d820a742a602b07c013072ec67	common_voice_nb-NO_42613827.mp3	003da6ce6889e87c614d3518ee2adbc82d0ffe836d379a7b9a110edda2f18b24	Universitetsforlaget: Kort og godt.		4	0	thirties	male_masculine	Østlandet		nb-NO	
17e43953917efb0a49bd62ad49a19c9d2ea1d5fd586397a17c9f1ab52ef82d5eff5d58465c69477330db5defdf7ff6017b3038d820a742a602b07c013072ec67	common_voice_nb-NO_42613828.mp3	029a40405c755a7f80f977a33c7b35e27aa199a4b8550a93db1efc2049f08d58	Dette er som å sette voksenlivet på vent.	general	4	0	thirties	male_masculine	Østlandet		nb-NO	
17e43953917efb0a49bd62ad49a19c9d2ea1d5fd586397a17c9f1ab52ef82d5eff5d58465c69477330db5defdf7ff6017b3038d820a742a602b07c013072ec67	common_voice_nb-NO_42613829.mp3	04eb5a4f5f91d911e6467c5d8d5da0347c892a50b7b36770139c80d57c715e01	nittiseks tusen tre hundre og femtitre		4	0	thirties	male_masculine	Østlandet		nb-NO	
17e43953917efb0a49bd62ad49a19c9d2ea1d5fd586397a17c9f1ab52ef82d5eff5d58465c69477330db5defdf7ff6017b3038d820a742a602b07c013072ec67	common_voice_nb-NO_42613846.mp3	15a1d2c3a3a1d8b8128655e14b905454f3244a113ad2f9511fecf72cbc0ba65a	Det dreier seg om store tall for landets største datatreff.	general	4	0	thirties	male_masculine	Østlandet		nb-NO	
17e43953917efb0a49bd62ad49a19c9d2ea1d5fd586397a17c9f1ab52ef82d5eff5d58465c69477330db5defdf7ff6017b3038d820a742a602b07c013072ec67	common_voice_nb-NO_42613847.mp3	0994c8b7b64e4ad90d4532e21507d29ad8942288fc104fca4e3c8dfe4138f687	Han sier at det er svært mange hensyn som må tas.	general	4	0	thirties	male_masculine	Østlandet		nb-NO	
17e43953917efb0a49bd62ad49a19c9d2ea1d5fd586397a17c9f1ab52ef82d5eff5d58465c69477330db5defdf7ff6017b3038d820a742a602b07c013072ec67	common_voice_nb-NO_42613848.mp3	099e0bad5e4af67ac38b0d7b2f22a55447b0be5a46129f4b72cbfdf61fe79872	Han var delaktig som alle de andre gutta.		4	0	thirties	male_masculine	Østlandet		nb-NO	
17e43953917efb0a49bd62ad49a19c9d2ea1d5fd586397a17c9f1ab52ef82d5eff5d58465c69477330db5defdf7ff6017b3038d820a742a602b07c013072ec67	common_voice_nb-NO_42613849.mp3	15be8b165daab46bf4fc703f8d6990859baf85b1b28194f22061cac6adc3acc5	Nå kan dette håpet være ute.	general	4	0	thirties	male_masculine	Østlandet		nb-NO	
17e43953917efb0a49bd62ad49a19c9d2ea1d5fd586397a17c9f1ab52ef82d5eff5d58465c69477330db5defdf7ff6017b3038d820a742a602b07c013072ec67	common_voice_nb-NO_42613850.mp3	12493c8e375b652ff338eab592745f27583979b09b6e3a24b8df9287e2215121	Det er heller ikke dukket opp etteranmeldte forslag.	general	4	0	thirties	male_masculine	Østlandet		nb-NO	
17e43953917efb0a49bd62ad49a19c9d2ea1d5fd586397a17c9f1ab52ef82d5eff5d58465c69477330db5defdf7ff6017b3038d820a742a602b07c013072ec67	common_voice_nb-NO_42613863.mp3	1369f59f6b26e64435a63f1debba87d967ff0ed28ac3d6255dc9b59848027c52	Ingen er dømt for selve drapshandlingen.	general	4	0	thirties	male_masculine	Østlandet		nb-NO	
17e43953917efb0a49bd62ad49a19c9d2ea1d5fd586397a17c9f1ab52ef82d5eff5d58465c69477330db5defdf7ff6017b3038d820a742a602b07c013072ec67	common_voice_nb-NO_42613864.mp3	16361e01dc9f7ee2c6164c47d128cb836d95635cbb9904d8cb5f30da84db3e6e	Straffeutmålingen er utsatt for den siste av de ni.	general	4	2	thirties	male_masculine	Østlandet		nb-NO	
17e43953917efb0a49bd62ad49a19c9d2ea1d5fd586397a17c9f1ab52ef82d5eff5d58465c69477330db5defdf7ff6017b3038d820a742a602b07c013072ec67	common_voice_nb-NO_42613865.mp3	098c7ec8a9117330be17134775027333146dd29b779e3a1abc5251b58af69ff8	reguler		4	0	thirties	male_masculine	Østlandet		nb-NO	
17e43953917efb0a49bd62ad49a19c9d2ea1d5fd586397a17c9f1ab52ef82d5eff5d58465c69477330db5defdf7ff6017b3038d820a742a602b07c013072ec67	common_voice_nb-NO_42613866.mp3	0a423f74ccba5a93dbb87ae40b5f4bdeea55574d1686e323e2cb24076ccd3df0	Jeg skal snakke med Selfridge		4	0	thirties	male_masculine	Østlandet		nb-NO	
17e43953917efb0a49bd62ad49a19c9d2ea1d5fd586397a17c9f1ab52ef82d5eff5d58465c69477330db5defdf7ff6017b3038d820a742a602b07c013072ec67	common_voice_nb-NO_42613867.mp3	03e8ec51722e408057c00719ec33bed928dc257bb0c1b80a33167934c9ceaed4	Hun har fått kjenne på kroppen hva dette handler om.	general	4	0	thirties	male_masculine	Østlandet		nb-NO	
17e43953917efb0a49bd62ad49a19c9d2ea1d5fd586397a17c9f1ab52ef82d5eff5d58465c69477330db5defdf7ff6017b3038d820a742a602b07c013072ec67	common_voice_nb-NO_42613878.mp3	13fdd30e0d7e64fad37a36dc89ff6be7f41a446413c6a30f1b81f73a6306826d	to tre åtte tre atten fem hundre og nitti		4	0	thirties	male_masculine	Østlandet		nb-NO	
17e43953917efb0a49bd62ad49a19c9d2ea1d5fd586397a17c9f1ab52ef82d5eff5d58465c69477330db5defdf7ff6017b3038d820a742a602b07c013072ec67	common_voice_nb-NO_42613879.mp3	0e52130137eba0c48d3ce69b515ec7120db6d0650306b9cd4af6c3ce21fcadbc	Dette handler om mennesker og skjebner.	general	4	0	thirties	male_masculine	Østlandet		nb-NO	
17e43953917efb0a49bd62ad49a19c9d2ea1d5fd586397a17c9f1ab52ef82d5eff5d58465c69477330db5defdf7ff6017b3038d820a742a602b07c013072ec67	common_voice_nb-NO_42613880.mp3	0aa4ccb51debabaf3899a9b8c473863e13e77179da3d027209f0ab60d9b6b63b	Det er selve handlingen som er straffbar.	general	4	0	thirties	male_masculine	Østlandet		nb-NO	
17e43953917efb0a49bd62ad49a19c9d2ea1d5fd586397a17c9f1ab52ef82d5eff5d58465c69477330db5defdf7ff6017b3038d820a742a602b07c013072ec67	common_voice_nb-NO_42613881.mp3	1197933576e2f59180c4b34ae77576e4327572c114f24495574a8ff14e332bda	Undertegnede tviler sterkt på at det finnes noe barneteater.		4	0	thirties	male_masculine	Østlandet		nb-NO	
17e43953917efb0a49bd62ad49a19c9d2ea1d5fd586397a17c9f1ab52ef82d5eff5d58465c69477330db5defdf7ff6017b3038d820a742a602b07c013072ec67	common_voice_nb-NO_42613882.mp3	097cd32afae9001fc2da8ffe5d38c4ee2987f931f7071dc1cf1d1c3dd2cc5ace	Ikke trykk på knappen for å hoppe over.		4	0	thirties	male_masculine	Østlandet		nb-NO	
17e43953917efb0a49bd62ad49a19c9d2ea1d5fd586397a17c9f1ab52ef82d5eff5d58465c69477330db5defdf7ff6017b3038d820a742a602b07c013072ec67	common_voice_nb-NO_42613901.mp3	16f9601ab48bed7e0f487b1881a04ee6f4cf1414da51ec4a59deb525542dd15a	Det vil vi legge på bordet når vi skal forhandle.	general	4	0	thirties	male_masculine	Østlandet		nb-NO	
17e43953917efb0a49bd62ad49a19c9d2ea1d5fd586397a17c9f1ab52ef82d5eff5d58465c69477330db5defdf7ff6017b3038d820a742a602b07c013072ec67	common_voice_nb-NO_42613903.mp3	12b7152239ab5d38b0294e3775ce0ff6dba411edd4656df89ded8aa444eb4902	Bruk ryggsekk når du går på butikken.		4	0	thirties	male_masculine	Østlandet		nb-NO	
17e43953917efb0a49bd62ad49a19c9d2ea1d5fd586397a17c9f1ab52ef82d5eff5d58465c69477330db5defdf7ff6017b3038d820a742a602b07c013072ec67	common_voice_nb-NO_42613905.mp3	0636cbdcdfee62eef98eba25a65b9464cbe2ca93dd321c51a26a89eeac5fc471	nittiseks tusen sju hundre og åttitre		4	2	thirties	male_masculine	Østlandet		nb-NO	
17e43953917efb0a49bd62ad49a19c9d2ea1d5fd586397a17c9f1ab52ef82d5eff5d58465c69477330db5defdf7ff6017b3038d820a742a602b07c013072ec67	common_voice_nb-NO_42613906.mp3	067b2c4b02ded0472422a985f963da941b83c31043c99cc08bd324b8d9c4bba0	De eldre barna skal altså få et fritidskort i stedet.	general	4	0	thirties	male_masculine	Østlandet		nb-NO	
17e43953917efb0a49bd62ad49a19c9d2ea1d5fd586397a17c9f1ab52ef82d5eff5d58465c69477330db5defdf7ff6017b3038d820a742a602b07c013072ec67	common_voice_nb-NO_42613907.mp3	17525342e45319475a002cec2a9abe3b8a8fd58e230b425199282c2f756ef4b2	Og nå dør de av krig.	general	4	0	thirties	male_masculine	Østlandet		nb-NO	
17e43953917efb0a49bd62ad49a19c9d2ea1d5fd586397a17c9f1ab52ef82d5eff5d58465c69477330db5defdf7ff6017b3038d820a742a602b07c013072ec67	common_voice_nb-NO_42613913.mp3	03dd7e5cc86889b2ec94b92d2b1727d1be157125ce596f5806979266ff8e7b02	Brennmaneter kan være vakre å se på, men vonde å ta på.		4	0	thirties	male_masculine	Østlandet		nb-NO	
17e43953917efb0a49bd62ad49a19c9d2ea1d5fd586397a17c9f1ab52ef82d5eff5d58465c69477330db5defdf7ff6017b3038d820a742a602b07c013072ec67	common_voice_nb-NO_42613914.mp3	10b6d8a9363b0fd7307c0d4a83261530655c6b62b8f0471c0a32b554b99b333f	en sju åtte sju femtini tre hundre og femtito		4	0	thirties	male_masculine	Østlandet		nb-NO	
17e43953917efb0a49bd62ad49a19c9d2ea1d5fd586397a17c9f1ab52ef82d5eff5d58465c69477330db5defdf7ff6017b3038d820a742a602b07c013072ec67	common_voice_nb-NO_42613915.mp3	035df3a1322e2274ef7b0bb4decdb29061b5c3c09d0b665097e59e1d7647c447	Det nytter ikke å gi opp på forhånd.		4	0	thirties	male_masculine	Østlandet		nb-NO	
17e43953917efb0a49bd62ad49a19c9d2ea1d5fd586397a17c9f1ab52ef82d5eff5d58465c69477330db5defdf7ff6017b3038d820a742a602b07c013072ec67	common_voice_nb-NO_42613916.mp3	13700da7c89d1408b8c1c5af04cbb4d0e027d55977f7a6160b5905d56b619a21	Han ber imidlertid om tålmodighet.	general	4	0	thirties	male_masculine	Østlandet		nb-NO	
17e43953917efb0a49bd62ad49a19c9d2ea1d5fd586397a17c9f1ab52ef82d5eff5d58465c69477330db5defdf7ff6017b3038d820a742a602b07c013072ec67	common_voice_nb-NO_42613917.mp3	18ff01ed024bd1a75ab5fc2471a2a79267685aef7a9a09a20d993fd4daaf0e79	Det var nok mer alvorlig enn først antatt.	general	4	0	thirties	male_masculine	Østlandet		nb-NO	
17e43953917efb0a49bd62ad49a19c9d2ea1d5fd586397a17c9f1ab52ef82d5eff5d58465c69477330db5defdf7ff6017b3038d820a742a602b07c013072ec67	common_voice_nb-NO_42613928.mp3	0c575e95df295b792aacc94b704b8811f1acbf88c40fd354b06d78bd07a74491	Fire passasjerer er fremdeles innlagt på sykehus etter hendelsen.	general	4	0	thirties	male_masculine	Østlandet		nb-NO	
17e43953917efb0a49bd62ad49a19c9d2ea1d5fd586397a17c9f1ab52ef82d5eff5d58465c69477330db5defdf7ff6017b3038d820a742a602b07c013072ec67	common_voice_nb-NO_42613929.mp3	0708eee7cf60e0fdc512eea3d94f1842734d6defa9ad879372ba5fdba77f8ba4	Den største økningen er ulovlige voldsprodukter.	general	4	0	thirties	male_masculine	Østlandet		nb-NO	
17e43953917efb0a49bd62ad49a19c9d2ea1d5fd586397a17c9f1ab52ef82d5eff5d58465c69477330db5defdf7ff6017b3038d820a742a602b07c013072ec67	common_voice_nb-NO_42613930.mp3	09a61c22710155c60da64e9530414758e3e05c67d37cf718ddf89b373d62778b	At sannhet finnes i alvorlige ord.	general,nature_environment,news_current_affairs	4	0	thirties	male_masculine	Østlandet		nb-NO	
17e43953917efb0a49bd62ad49a19c9d2ea1d5fd586397a17c9f1ab52ef82d5eff5d58465c69477330db5defdf7ff6017b3038d820a742a602b07c013072ec67	common_voice_nb-NO_42613931.mp3	17044de56747918b0acfba3f3b9aef72106d9ec64e3db335d531366ea5183c45	Jonas Hågensen		4	0	thirties	male_masculine	Østlandet		nb-NO	
17e43953917efb0a49bd62ad49a19c9d2ea1d5fd586397a17c9f1ab52ef82d5eff5d58465c69477330db5defdf7ff6017b3038d820a742a602b07c013072ec67	common_voice_nb-NO_42613932.mp3	0d7f7a28203843badfd3ca5e984eb2fe361a5a98ec317358982fee8eff116b27	Endelige tall kommer i juni.	general	4	0	thirties	male_masculine	Østlandet		nb-NO	
17e43953917efb0a49bd62ad49a19c9d2ea1d5fd586397a17c9f1ab52ef82d5eff5d58465c69477330db5defdf7ff6017b3038d820a742a602b07c013072ec67	common_voice_nb-NO_43462961.mp3	19ae30fa89f39f2ed9ee814ce35761cffdbb2e069ab1feb47d67ef12d1d55098	Også språkkrav trekkes fram som en viktig faktor.	general	4	0	thirties	male_masculine	Østlandet		nb-NO	
17e43953917efb0a49bd62ad49a19c9d2ea1d5fd586397a17c9f1ab52ef82d5eff5d58465c69477330db5defdf7ff6017b3038d820a742a602b07c013072ec67	common_voice_nb-NO_43462962.mp3	00471d7298ce320878746b11f120cde21032bf2d710eb17c57a529dff5d2141d	Hun er første kvinne i stillingen.	general	4	0	thirties	male_masculine	Østlandet		nb-NO	
17e43953917efb0a49bd62ad49a19c9d2ea1d5fd586397a17c9f1ab52ef82d5eff5d58465c69477330db5defdf7ff6017b3038d820a742a602b07c013072ec67	common_voice_nb-NO_43462963.mp3	165adeeab5e5a7bd50ba0cfdb6b273a3419429bc679b2f1821919ff906476400	Vi har derfor valgt å utsette rivingen.	general	4	0	thirties	male_masculine	Østlandet		nb-NO	
17e43953917efb0a49bd62ad49a19c9d2ea1d5fd586397a17c9f1ab52ef82d5eff5d58465c69477330db5defdf7ff6017b3038d820a742a602b07c013072ec67	common_voice_nb-NO_43462964.mp3	1d2b7f96a6b5b9e8adb4ea939146e0bec32760622e0050438b8e30b879e1b658	De finner jeg svært få av.	media_entertainment	4	0	thirties	male_masculine	Østlandet		nb-NO	
17e43953917efb0a49bd62ad49a19c9d2ea1d5fd586397a17c9f1ab52ef82d5eff5d58465c69477330db5defdf7ff6017b3038d820a742a602b07c013072ec67	common_voice_nb-NO_43462965.mp3	1bea56c25be0f5f20f04f38813d51ed7c62d2b0db11c70d16bdfb5111429a9cf	De tar forsøket med ro.	general	4	0	thirties	male_masculine	Østlandet		nb-NO	
17e43953917efb0a49bd62ad49a19c9d2ea1d5fd586397a17c9f1ab52ef82d5eff5d58465c69477330db5defdf7ff6017b3038d820a742a602b07c013072ec67	common_voice_nb-NO_43462967.mp3	1776330f46b497f25d54c7d015aae2eae6ee4d96c3fe6f9f0bcaad02b893145a	gulvventil		4	0	thirties	male_masculine	Østlandet		nb-NO	
17e43953917efb0a49bd62ad49a19c9d2ea1d5fd586397a17c9f1ab52ef82d5eff5d58465c69477330db5defdf7ff6017b3038d820a742a602b07c013072ec67	common_voice_nb-NO_43462968.mp3	16122ada8dec09d64e3e4c2f0c42ad81dfad6f4c913f0dfb9f9e8d4aff29e289	Bjørn Stokke		4	0	thirties	male_masculine	Østlandet		nb-NO	
17e43953917efb0a49bd62ad49a19c9d2ea1d5fd586397a17c9f1ab52ef82d5eff5d58465c69477330db5defdf7ff6017b3038d820a742a602b07c013072ec67	common_voice_nb-NO_43462969.mp3	03c169cd4444450196a783756f7b0e34049a07599d8e1c7fdff1af62563a0c3b	Redningsmannskaper sier de ikke kan hente dem før mandag.	general	4	0	thirties	male_masculine	Østlandet		nb-NO	
17e43953917efb0a49bd62ad49a19c9d2ea1d5fd586397a17c9f1ab52ef82d5eff5d58465c69477330db5defdf7ff6017b3038d820a742a602b07c013072ec67	common_voice_nb-NO_43462970.mp3	1315ff485999f00dfb820116f737a12d54148cb2ee4b3966b5ddf874e1f44f10	send til		4	0	thirties	male_masculine	Østlandet		nb-NO	
17e43953917efb0a49bd62ad49a19c9d2ea1d5fd586397a17c9f1ab52ef82d5eff5d58465c69477330db5defdf7ff6017b3038d820a742a602b07c013072ec67	common_voice_nb-NO_43462971.mp3	1e4f32584a105c16e6746c5d1a567f87eac1440af7d9c671751beb9496f59f7f	Kjetil Holen		4	0	thirties	male_masculine	Østlandet		nb-NO	
17e43953917efb0a49bd62ad49a19c9d2ea1d5fd586397a17c9f1ab52ef82d5eff5d58465c69477330db5defdf7ff6017b3038d820a742a602b07c013072ec67	common_voice_nb-NO_43462972.mp3	1b90307d021dc2ce8a2d6fea646863a2c84a0530ae9b9504302e04a97ac65cf9	Investeringen i nytt nødnett koster seks milliarder kroner.	general	4	0	thirties	male_masculine	Østlandet		nb-NO	
17e43953917efb0a49bd62ad49a19c9d2ea1d5fd586397a17c9f1ab52ef82d5eff5d58465c69477330db5defdf7ff6017b3038d820a742a602b07c013072ec67	common_voice_nb-NO_43462973.mp3	1a5833c5652a6c40f7e01482b69576deca1e107ebe1e2b450c92c4d1d2e44dc9	Morten har funnet fram både kaker og kaffe til gjestene.		4	0	thirties	male_masculine	Østlandet		nb-NO	
17e43953917efb0a49bd62ad49a19c9d2ea1d5fd586397a17c9f1ab52ef82d5eff5d58465c69477330db5defdf7ff6017b3038d820a742a602b07c013072ec67	common_voice_nb-NO_43462974.mp3	0fbd29577b0a0bc4f89eab3202d32454f3f39ec622cd1e4a356b3bc1646c6855	Vi har tidligere eid andeler i et eldre hurtigruteskip.	general	4	0	thirties	male_masculine	Østlandet		nb-NO	
17e43953917efb0a49bd62ad49a19c9d2ea1d5fd586397a17c9f1ab52ef82d5eff5d58465c69477330db5defdf7ff6017b3038d820a742a602b07c013072ec67	common_voice_nb-NO_43462975.mp3	07febe73b3df5a403472b725e6c20c50119028f9800514d99e6f784d0e15a812	klimaanlegg		4	0	thirties	male_masculine	Østlandet		nb-NO	
17e43953917efb0a49bd62ad49a19c9d2ea1d5fd586397a17c9f1ab52ef82d5eff5d58465c69477330db5defdf7ff6017b3038d820a742a602b07c013072ec67	common_voice_nb-NO_43462976.mp3	0daa9ae715f6f819ec3308429843de26511c9b8b9a3398416c1439c94fb4a872	Forleggerne planlegger nå å gjøre avtaler direkte med de enkelte salgssteder.		4	0	thirties	male_masculine	Østlandet		nb-NO	
17e43953917efb0a49bd62ad49a19c9d2ea1d5fd586397a17c9f1ab52ef82d5eff5d58465c69477330db5defdf7ff6017b3038d820a742a602b07c013072ec67	common_voice_nb-NO_43462977.mp3	01d0a47f4563794d7e2f198379cf5346798ecbd1f56fa311a4a966611dcc0d9c	Og det er det.	general	4	0	thirties	male_masculine	Østlandet		nb-NO	
17e43953917efb0a49bd62ad49a19c9d2ea1d5fd586397a17c9f1ab52ef82d5eff5d58465c69477330db5defdf7ff6017b3038d820a742a602b07c013072ec67	common_voice_nb-NO_43462978.mp3	0702e0bdd47ddc16998276cc8de3120971b7b6b30ae7e78d50f89c7eb0b10c07	United spiller sin neste treningskamp torsdag.	general	4	0	thirties	male_masculine	Østlandet		nb-NO	
17e43953917efb0a49bd62ad49a19c9d2ea1d5fd586397a17c9f1ab52ef82d5eff5d58465c69477330db5defdf7ff6017b3038d820a742a602b07c013072ec67	common_voice_nb-NO_43462979.mp3	1cff251930420c69234b5e476f615d3d9165edf88a438f852a549aeb3962ff00	Resultatene av reisen er overfladiske.	general,nature_environment,news_current_affairs	4	0	thirties	male_masculine	Østlandet		nb-NO	
17e43953917efb0a49bd62ad49a19c9d2ea1d5fd586397a17c9f1ab52ef82d5eff5d58465c69477330db5defdf7ff6017b3038d820a742a602b07c013072ec67	common_voice_nb-NO_43462980.mp3	12f31523fdc6ab58f45ca31c458ee55290d09894669d64b3606a12016c5c39bf	Han fortsette storformen i stafetten.	general	4	0	thirties	male_masculine	Østlandet		nb-NO	
17e43953917efb0a49bd62ad49a19c9d2ea1d5fd586397a17c9f1ab52ef82d5eff5d58465c69477330db5defdf7ff6017b3038d820a742a602b07c013072ec67	common_voice_nb-NO_43462981.mp3	1cb45a241bcd93b3f17bd155902092f4fa11db154c385df99800f6a6a5cba913	Først skal forslagene kvalitetssikres.	general	4	0	thirties	male_masculine	Østlandet		nb-NO	
17e43953917efb0a49bd62ad49a19c9d2ea1d5fd586397a17c9f1ab52ef82d5eff5d58465c69477330db5defdf7ff6017b3038d820a742a602b07c013072ec67	common_voice_nb-NO_43462982.mp3	1b881c2bc830cdd8b7907428ccad98cdd23f810f5669354f8cb6d755b25f5cc9	Mange ser tilbake på studietiden som den beste tiden i livet		4	0	thirties	male_masculine	Østlandet		nb-NO	
17e43953917efb0a49bd62ad49a19c9d2ea1d5fd586397a17c9f1ab52ef82d5eff5d58465c69477330db5defdf7ff6017b3038d820a742a602b07c013072ec67	common_voice_nb-NO_43462983.mp3	13a51d7bcfdef13a33ce05a1ebc6eef1891569401016f73cd80bd6a23fdbfd33	Pasientene blir enten behandlet på stedet eller, kjørt rett til sykehus eller legevakt.		4	0	thirties	male_masculine	Østlandet		nb-NO	
17e43953917efb0a49bd62ad49a19c9d2ea1d5fd586397a17c9f1ab52ef82d5eff5d58465c69477330db5defdf7ff6017b3038d820a742a602b07c013072ec67	common_voice_nb-NO_43462984.mp3	16ca02bb9058ec238be853d20e45e20b0405a2d8c666ced5d22bcc42e1b609d7	Ingen flyalarm har gått, ingen flagg henger på halv stang, ingenting spesielt er varslet.		4	0	thirties	male_masculine	Østlandet		nb-NO	
17e43953917efb0a49bd62ad49a19c9d2ea1d5fd586397a17c9f1ab52ef82d5eff5d58465c69477330db5defdf7ff6017b3038d820a742a602b07c013072ec67	common_voice_nb-NO_43462985.mp3	017b45952db9b20afc064d562a006ebc6c313f7c50a1affedc8ab42f90babe16	Et umiskjennelig tegn på global oppvarming, mener klimaforskere.	general	4	0	thirties	male_masculine	Østlandet		nb-NO	
17e43953917efb0a49bd62ad49a19c9d2ea1d5fd586397a17c9f1ab52ef82d5eff5d58465c69477330db5defdf7ff6017b3038d820a742a602b07c013072ec67	common_voice_nb-NO_43462986.mp3	124405e21f01084c5fd9efb7442e9039cec940277cf77a3a4bb106e182d059dc	Sju rødgrønne statsråder har søkt om etterlønn etter valgnederlaget.	general	4	0	thirties	male_masculine	Østlandet		nb-NO	
17e43953917efb0a49bd62ad49a19c9d2ea1d5fd586397a17c9f1ab52ef82d5eff5d58465c69477330db5defdf7ff6017b3038d820a742a602b07c013072ec67	common_voice_nb-NO_43462987.mp3	1ef13bef1f6a21ef138dd416672e9366926f55e206e40c04d1455406f20fce9c	Antallet kirkegjengere varierer en del fra år til år.	general	4	0	thirties	male_masculine	Østlandet		nb-NO	
17e43953917efb0a49bd62ad49a19c9d2ea1d5fd586397a17c9f1ab52ef82d5eff5d58465c69477330db5defdf7ff6017b3038d820a742a602b07c013072ec67	common_voice_nb-NO_43462988.mp3	1c9ff2f2df192320fb6dd5795389be99150df1f06dff36a67abdbe79cddd4d9f	Den ene øya hadde han også besøkt.	news_current_affairs	4	0	thirties	male_masculine	Østlandet		nb-NO	
17e43953917efb0a49bd62ad49a19c9d2ea1d5fd586397a17c9f1ab52ef82d5eff5d58465c69477330db5defdf7ff6017b3038d820a742a602b07c013072ec67	common_voice_nb-NO_43462989.mp3	1f3140d9e9d2842b42c8a9c14f164421dc85bad197958105f56da8c2735b8b58	Saken trekkes fordi den bygger på feil bruk av statistikken.	general	4	0	thirties	male_masculine	Østlandet		nb-NO	
17e43953917efb0a49bd62ad49a19c9d2ea1d5fd586397a17c9f1ab52ef82d5eff5d58465c69477330db5defdf7ff6017b3038d820a742a602b07c013072ec67	common_voice_nb-NO_43462990.mp3	175d35bf56d76dd9664e3ab65e642f7a4140e29dc3bc3f9349199581219910de	Ved en tilfeldighet og ansattes private initiativ.		4	0	thirties	male_masculine	Østlandet		nb-NO	
17e43953917efb0a49bd62ad49a19c9d2ea1d5fd586397a17c9f1ab52ef82d5eff5d58465c69477330db5defdf7ff6017b3038d820a742a602b07c013072ec67	common_voice_nb-NO_43462991.mp3	1bc86057ce766831b2bf49aa5089d5e5d1cc5502a17fb082ba49705348bc4200	Lindesnes		4	0	thirties	male_masculine	Østlandet		nb-NO	
17e43953917efb0a49bd62ad49a19c9d2ea1d5fd586397a17c9f1ab52ef82d5eff5d58465c69477330db5defdf7ff6017b3038d820a742a602b07c013072ec67	common_voice_nb-NO_43462992.mp3	05079eb1c850773627f993963e83062fc5334754accb82e3a512db5ab56dc7aa	Handelen har vært stanset siden august.	general	4	0	thirties	male_masculine	Østlandet		nb-NO	
17e43953917efb0a49bd62ad49a19c9d2ea1d5fd586397a17c9f1ab52ef82d5eff5d58465c69477330db5defdf7ff6017b3038d820a742a602b07c013072ec67	common_voice_nb-NO_43462993.mp3	022dc701077d6f5e2cb742600695f8d59b66b8c172e6951016eb66b3e51fd624	utenlandsk		4	0	thirties	male_masculine	Østlandet		nb-NO	
17e43953917efb0a49bd62ad49a19c9d2ea1d5fd586397a17c9f1ab52ef82d5eff5d58465c69477330db5defdf7ff6017b3038d820a742a602b07c013072ec67	common_voice_nb-NO_43462994.mp3	1e76de7ae818e5986b627aa79e17098ae9ff6c247993f135db25d3a7546a5288	Flyselskapet stiller seg uforstående til etterforskningen.	general	4	0	thirties	male_masculine	Østlandet		nb-NO	
17e43953917efb0a49bd62ad49a19c9d2ea1d5fd586397a17c9f1ab52ef82d5eff5d58465c69477330db5defdf7ff6017b3038d820a742a602b07c013072ec67	common_voice_nb-NO_43462995.mp3	06a0dd51507cc4616c0d4faadbd00cd4972856cbba21f0a4857d39f97dfb83b9	Investeringer er blitt utsatt, men må nå gjennomføres.	general	4	0	thirties	male_masculine	Østlandet		nb-NO	
17e43953917efb0a49bd62ad49a19c9d2ea1d5fd586397a17c9f1ab52ef82d5eff5d58465c69477330db5defdf7ff6017b3038d820a742a602b07c013072ec67	common_voice_nb-NO_43462996.mp3	11305084d806dea2f7ed43feea33eaeb426d0284100caa07cf86e3bb08f23ee0	Noen er tilbake denne uka med deltidssykemelding.	general	4	0	thirties	male_masculine	Østlandet		nb-NO	
17e43953917efb0a49bd62ad49a19c9d2ea1d5fd586397a17c9f1ab52ef82d5eff5d58465c69477330db5defdf7ff6017b3038d820a742a602b07c013072ec67	common_voice_nb-NO_43462997.mp3	17f3edba52ea24e9cdcfc95a6e6d288808aed2878d55fb54ea8bd8dd73775f6a	Målforskjellen vil avgjøre.	general	4	0	thirties	male_masculine	Østlandet		nb-NO	
17e43953917efb0a49bd62ad49a19c9d2ea1d5fd586397a17c9f1ab52ef82d5eff5d58465c69477330db5defdf7ff6017b3038d820a742a602b07c013072ec67	common_voice_nb-NO_43462998.mp3	0666c4d9d366cbbe1760226be8767950c7d221516c9f2a9612afadf9ef212d72	Dødsrikets porter skal aldri få makt over den.		4	0	thirties	male_masculine	Østlandet		nb-NO	
17e43953917efb0a49bd62ad49a19c9d2ea1d5fd586397a17c9f1ab52ef82d5eff5d58465c69477330db5defdf7ff6017b3038d820a742a602b07c013072ec67	common_voice_nb-NO_43462999.mp3	1e3ab44aa03df516265a9f64748024800d969ac8dd7ed06c9a1786a6e765351b	Jeg tror ikke det.		4	0	thirties	male_masculine	Østlandet		nb-NO	
17e43953917efb0a49bd62ad49a19c9d2ea1d5fd586397a17c9f1ab52ef82d5eff5d58465c69477330db5defdf7ff6017b3038d820a742a602b07c013072ec67	common_voice_nb-NO_43463000.mp3	09cde18e2133a7aae51b212ee64e175c176ad1a07b9cef3e3ab01e12b7f7b8e9	Mørkets kjerne er en hemmelighet ingen tør nevne navn på.		4	0	thirties	male_masculine	Østlandet		nb-NO	
17e43953917efb0a49bd62ad49a19c9d2ea1d5fd586397a17c9f1ab52ef82d5eff5d58465c69477330db5defdf7ff6017b3038d820a742a602b07c013072ec67	common_voice_nb-NO_43463001.mp3	1a0bbb1bf457ab26216ffa88cb7b118ecdc24595622e0d8c13d8f19ded219a12	utadrettet		4	0	thirties	male_masculine	Østlandet		nb-NO	
17e43953917efb0a49bd62ad49a19c9d2ea1d5fd586397a17c9f1ab52ef82d5eff5d58465c69477330db5defdf7ff6017b3038d820a742a602b07c013072ec67	common_voice_nb-NO_43463002.mp3	0f203b57b6f689621e8c95c912519c20e458b1ff1e6c7352b12d7b01d60330b1	Denne gangen viste de formstigning etter hvert som programmet skred frem.		4	0	thirties	male_masculine	Østlandet		nb-NO	
17e43953917efb0a49bd62ad49a19c9d2ea1d5fd586397a17c9f1ab52ef82d5eff5d58465c69477330db5defdf7ff6017b3038d820a742a602b07c013072ec67	common_voice_nb-NO_43463003.mp3	086e0d855a5876398b7fa4e386255498ae72a8e54eda7194a17267e1bcab98f1	Straffen kan bli å spille for tomme tribuner.	general	4	0	thirties	male_masculine	Østlandet		nb-NO	
17e43953917efb0a49bd62ad49a19c9d2ea1d5fd586397a17c9f1ab52ef82d5eff5d58465c69477330db5defdf7ff6017b3038d820a742a602b07c013072ec67	common_voice_nb-NO_43463004.mp3	180ad8c902a817c04a90b743b96ead200a8c72c45cc30c55a588be61fe700f3e	syttito tusen seks hundre og femti		4	0	thirties	male_masculine	Østlandet		nb-NO	
17e43953917efb0a49bd62ad49a19c9d2ea1d5fd586397a17c9f1ab52ef82d5eff5d58465c69477330db5defdf7ff6017b3038d820a742a602b07c013072ec67	common_voice_nb-NO_43463005.mp3	130b88df0e9e9c7265c741239f940fb34c1491c4a5ab968012686bf61eca6d52	Dette var både psykisk og fysisk.		4	0	thirties	male_masculine	Østlandet		nb-NO	
17e43953917efb0a49bd62ad49a19c9d2ea1d5fd586397a17c9f1ab52ef82d5eff5d58465c69477330db5defdf7ff6017b3038d820a742a602b07c013072ec67	common_voice_nb-NO_43463006.mp3	12709d1b668a3e2794d9dde9db9969caeda6f2a811276f00290ea8793c7d188a	kristne		4	0	thirties	male_masculine	Østlandet		nb-NO	
17e43953917efb0a49bd62ad49a19c9d2ea1d5fd586397a17c9f1ab52ef82d5eff5d58465c69477330db5defdf7ff6017b3038d820a742a602b07c013072ec67	common_voice_nb-NO_43463007.mp3	0db7e15108b32f0250ee01791679082abe5712bb53ed1006adc9312dfefc17f7	Han har alderspsykiatri som sitt kompetanseområde.	general	4	0	thirties	male_masculine	Østlandet		nb-NO	
17e43953917efb0a49bd62ad49a19c9d2ea1d5fd586397a17c9f1ab52ef82d5eff5d58465c69477330db5defdf7ff6017b3038d820a742a602b07c013072ec67	common_voice_nb-NO_43463008.mp3	02e952c4ae2b55c4615ff8df0246817e1bfd6928e19d6dd614f4850b351f0742	Men det må gjøres kulturminneundersøkelser i den alternative traseen.	general	4	0	thirties	male_masculine	Østlandet		nb-NO	
17e43953917efb0a49bd62ad49a19c9d2ea1d5fd586397a17c9f1ab52ef82d5eff5d58465c69477330db5defdf7ff6017b3038d820a742a602b07c013072ec67	common_voice_nb-NO_43463009.mp3	12151dc18ae149e3fcb2d5c399934848a7fa48e2a9820e9817c261bc788a97e3	Det er det vi nå gjør, sier han.	general	4	0	thirties	male_masculine	Østlandet		nb-NO	
17e43953917efb0a49bd62ad49a19c9d2ea1d5fd586397a17c9f1ab52ef82d5eff5d58465c69477330db5defdf7ff6017b3038d820a742a602b07c013072ec67	common_voice_nb-NO_43463010.mp3	0e5024f1370119a656aeab3171d09ae03d0fda41c0e3378622ec3d85e1088350	Elektrikere vet mer om strøm enn malere.		4	0	thirties	male_masculine	Østlandet		nb-NO	
17e43953917efb0a49bd62ad49a19c9d2ea1d5fd586397a17c9f1ab52ef82d5eff5d58465c69477330db5defdf7ff6017b3038d820a742a602b07c013072ec67	common_voice_nb-NO_43463011.mp3	1998b8c177f4e2976757f1d8dafaaf399daa868c76be934ab09d7e9618cb645d	to seks fire åtte tjue fem hundre og femtisju		4	0	thirties	male_masculine	Østlandet		nb-NO	
17e43953917efb0a49bd62ad49a19c9d2ea1d5fd586397a17c9f1ab52ef82d5eff5d58465c69477330db5defdf7ff6017b3038d820a742a602b07c013072ec67	common_voice_nb-NO_43463012.mp3	120a589019628be1ad83115aaf4aff21115e8d54c5d76861f958d89692838cef	Nå bor de komfortabelt, synes de.	general	4	0	thirties	male_masculine	Østlandet		nb-NO	
17e43953917efb0a49bd62ad49a19c9d2ea1d5fd586397a17c9f1ab52ef82d5eff5d58465c69477330db5defdf7ff6017b3038d820a742a602b07c013072ec67	common_voice_nb-NO_43463013.mp3	1478f03eead22aabbd1b3261d96700639a3a1e46220934d67d971a648145a3ad	Bilen fikk materielle skader og er ifølge politiet ikke kjørbar.	general	4	0	thirties	male_masculine	Østlandet		nb-NO	
17e43953917efb0a49bd62ad49a19c9d2ea1d5fd586397a17c9f1ab52ef82d5eff5d58465c69477330db5defdf7ff6017b3038d820a742a602b07c013072ec67	common_voice_nb-NO_43463014.mp3	16aee92bf4f9e8d2f615fdb6c7c58a7dd490c7e75fbbf1398ca728c1fc6770c7	Ettersom bøtene ikke er vedtatt, er sakene oversendt til domstolen.	general	4	2	thirties	male_masculine	Østlandet		nb-NO	
17e43953917efb0a49bd62ad49a19c9d2ea1d5fd586397a17c9f1ab52ef82d5eff5d58465c69477330db5defdf7ff6017b3038d820a742a602b07c013072ec67	common_voice_nb-NO_43463015.mp3	1f16496da825a57e538e05c926b30a9a3aec1cf398b2e6b02bddef12f1f0ec48	Også i år kan folk i byen droppe bunadscapen.	general	4	0	thirties	male_masculine	Østlandet		nb-NO	
17e43953917efb0a49bd62ad49a19c9d2ea1d5fd586397a17c9f1ab52ef82d5eff5d58465c69477330db5defdf7ff6017b3038d820a742a602b07c013072ec67	common_voice_nb-NO_43526212.mp3	1f99d0ef4a60d2893031d3538bd5a3f2ada5cba8597ed48dd6fe17b33a6684cf	Vannmangel kan bli et globalt problem i fremtiden.	nature_environment	4	0	thirties	male_masculine	Østlandet		nb-NO	
17e43953917efb0a49bd62ad49a19c9d2ea1d5fd586397a17c9f1ab52ef82d5eff5d58465c69477330db5defdf7ff6017b3038d820a742a602b07c013072ec67	common_voice_nb-NO_43526213.mp3	25478fdac3ecc3901fc295053e7026bcf68b3ac3a3afdbf15266a22bb94691bb	Summen av helt ledige og arbeidssøkere på tiltak var uendret.	general	4	0	thirties	male_masculine	Østlandet		nb-NO	
17e43953917efb0a49bd62ad49a19c9d2ea1d5fd586397a17c9f1ab52ef82d5eff5d58465c69477330db5defdf7ff6017b3038d820a742a602b07c013072ec67	common_voice_nb-NO_43526214.mp3	1fe523fdba1e13b641de90d88fb73321c9cc6640316f99537603f6e0eb3d9904	Dette vil styrke diplomatiet og kampen for fred.	general	4	0	thirties	male_masculine	Østlandet		nb-NO	
17e43953917efb0a49bd62ad49a19c9d2ea1d5fd586397a17c9f1ab52ef82d5eff5d58465c69477330db5defdf7ff6017b3038d820a742a602b07c013072ec67	common_voice_nb-NO_43526215.mp3	122d99d90d284372eed68ac68e216723e92304e19fd58ab910f135b6ac930b13	Politiet omtaler ulykken som alvorlig.	general	4	0	thirties	male_masculine	Østlandet		nb-NO	
17e43953917efb0a49bd62ad49a19c9d2ea1d5fd586397a17c9f1ab52ef82d5eff5d58465c69477330db5defdf7ff6017b3038d820a742a602b07c013072ec67	common_voice_nb-NO_43526216.mp3	0ff921504d00bd5c4c4e87c486a1c89a567e3440210a7921493535ff2afa64fc	Politiet opplyser at det er ufremkommelig på stedet.	general	4	0	thirties	male_masculine	Østlandet		nb-NO	
17e43953917efb0a49bd62ad49a19c9d2ea1d5fd586397a17c9f1ab52ef82d5eff5d58465c69477330db5defdf7ff6017b3038d820a742a602b07c013072ec67	common_voice_nb-NO_43526217.mp3	2522c4223e3cd65137e6cc27543c3d1fefc21bb848db8f7c390de55192650655	A-postordningen blir avviklet ved årsskiftet.	general	4	0	thirties	male_masculine	Østlandet		nb-NO	
17e43953917efb0a49bd62ad49a19c9d2ea1d5fd586397a17c9f1ab52ef82d5eff5d58465c69477330db5defdf7ff6017b3038d820a742a602b07c013072ec67	common_voice_nb-NO_43526218.mp3	0ae31c7cc5eeb47012b838129a7b54b70e306b7ff5e24c8643f428bcf8c78c81	Før lærte man å føre seg på scenen.		4	0	thirties	male_masculine	Østlandet		nb-NO	
17e43953917efb0a49bd62ad49a19c9d2ea1d5fd586397a17c9f1ab52ef82d5eff5d58465c69477330db5defdf7ff6017b3038d820a742a602b07c013072ec67	common_voice_nb-NO_43526219.mp3	1d66eb97334951a7dab2889f07f290b82ad7224077146d1acb14d5ad7825d9db	Han ble brakt til sykehus i ambulanse, men han mistet livet.	general	4	0	thirties	male_masculine	Østlandet		nb-NO	
17e43953917efb0a49bd62ad49a19c9d2ea1d5fd586397a17c9f1ab52ef82d5eff5d58465c69477330db5defdf7ff6017b3038d820a742a602b07c013072ec67	common_voice_nb-NO_43526220.mp3	1b1b1177ef41bd168dd416b55a11d569210cbc7ec6061de72f8c6c2ddd61fb44	Det vil også være mulig å kjøpe billetter på arenaen.	general	4	0	thirties	male_masculine	Østlandet		nb-NO	
17e43953917efb0a49bd62ad49a19c9d2ea1d5fd586397a17c9f1ab52ef82d5eff5d58465c69477330db5defdf7ff6017b3038d820a742a602b07c013072ec67	common_voice_nb-NO_43526221.mp3	193afc16ca252c525dcbb9949b8de6065560444c9bf3bfc0c16344d6f38b90f3	I verste fall kan de være dødelige, særlig for utsatte grupper.	general	4	0	thirties	male_masculine	Østlandet		nb-NO	
17e43953917efb0a49bd62ad49a19c9d2ea1d5fd586397a17c9f1ab52ef82d5eff5d58465c69477330db5defdf7ff6017b3038d820a742a602b07c013072ec67	common_voice_nb-NO_43527828.mp3	2511c9a51776560ed86ad27b854fd02d6ca0483762f2cc19ea2e2ee03dcbd9cb	Nei, det er det ikke.	general	4	0	thirties	male_masculine	Østlandet		nb-NO	
17e43953917efb0a49bd62ad49a19c9d2ea1d5fd586397a17c9f1ab52ef82d5eff5d58465c69477330db5defdf7ff6017b3038d820a742a602b07c013072ec67	common_voice_nb-NO_43527829.mp3	23bbfc3d730a9109886a98d0d1ce32c1356c1002a9c198b4a36c89b5c235421c	B I L S T A D		4	0	thirties	male_masculine	Østlandet		nb-NO	
17e43953917efb0a49bd62ad49a19c9d2ea1d5fd586397a17c9f1ab52ef82d5eff5d58465c69477330db5defdf7ff6017b3038d820a742a602b07c013072ec67	common_voice_nb-NO_43527831.mp3	07941a6c87c9f193846cd75bd7445914d5e7bcd35dbe9755c82ecbcf875e0ec7	Isen var alt for tynn.		4	0	thirties	male_masculine	Østlandet		nb-NO	
17e43953917efb0a49bd62ad49a19c9d2ea1d5fd586397a17c9f1ab52ef82d5eff5d58465c69477330db5defdf7ff6017b3038d820a742a602b07c013072ec67	common_voice_nb-NO_43527832.mp3	1c4f59a76e3742babb50d2f94355437a51d9be66c26c07f1c7eb35bfa1969d35	Timing er vanskelig, og det skal klaffe for alle parter.	general	4	0	thirties	male_masculine	Østlandet		nb-NO	
17e43953917efb0a49bd62ad49a19c9d2ea1d5fd586397a17c9f1ab52ef82d5eff5d58465c69477330db5defdf7ff6017b3038d820a742a602b07c013072ec67	common_voice_nb-NO_43527833.mp3	24d5e053a5acd695d861a0b2c4c43c137f80e8bb4f372ab52ee5cf3381d5eeca	langs		4	0	thirties	male_masculine	Østlandet		nb-NO	
17e43953917efb0a49bd62ad49a19c9d2ea1d5fd586397a17c9f1ab52ef82d5eff5d58465c69477330db5defdf7ff6017b3038d820a742a602b07c013072ec67	common_voice_nb-NO_43527834.mp3	03b840b08dca4becd900135a4714028bdc6339233128e308a7ef78f863394bae	De fleste synes de får for lite betalt.	general	4	0	thirties	male_masculine	Østlandet		nb-NO	
17e43953917efb0a49bd62ad49a19c9d2ea1d5fd586397a17c9f1ab52ef82d5eff5d58465c69477330db5defdf7ff6017b3038d820a742a602b07c013072ec67	common_voice_nb-NO_43527835.mp3	1fe314f521f4c6d95b445c4257f7bd6fa6e8d4f63d15f014cb676671b1e0435e	Møt opp to timer før flyet går.		4	0	thirties	male_masculine	Østlandet		nb-NO	
17e43953917efb0a49bd62ad49a19c9d2ea1d5fd586397a17c9f1ab52ef82d5eff5d58465c69477330db5defdf7ff6017b3038d820a742a602b07c013072ec67	common_voice_nb-NO_43527836.mp3	147d71fdf12896403ac3da9a05b09e18389ae71dc1fb4d1e93bf0e733d29dbb2	Fysikerne avviser ikke muligheten.	general	4	0	thirties	male_masculine	Østlandet		nb-NO	
17e43953917efb0a49bd62ad49a19c9d2ea1d5fd586397a17c9f1ab52ef82d5eff5d58465c69477330db5defdf7ff6017b3038d820a742a602b07c013072ec67	common_voice_nb-NO_43527837.mp3	22e28412fd48ff90513910eb7beddd962069cea929ea44372f1684423a067cd0	Han dro og dro, til han ikke kunne fordra å dra.		4	0	thirties	male_masculine	Østlandet		nb-NO	
17e43953917efb0a49bd62ad49a19c9d2ea1d5fd586397a17c9f1ab52ef82d5eff5d58465c69477330db5defdf7ff6017b3038d820a742a602b07c013072ec67	common_voice_nb-NO_43527838.mp3	20d618cc4379e5219856a77dab9f40b2d60d85f0f62b5d6f28f6950f16554e73	Det kan gi partiet en nøkkelrolle i mulige koalisjonssamtaler.	general	4	0	thirties	male_masculine	Østlandet		nb-NO	
17e43953917efb0a49bd62ad49a19c9d2ea1d5fd586397a17c9f1ab52ef82d5eff5d58465c69477330db5defdf7ff6017b3038d820a742a602b07c013072ec67	common_voice_nb-NO_43527839.mp3	1e4e6fc794896a3948c111505803ce326082f62af93d94cd03bbdda570bfc02f	Fortsatt gir den fra seg enorme mengder energi etter eksplosjonen.	general	4	0	thirties	male_masculine	Østlandet		nb-NO	
17e43953917efb0a49bd62ad49a19c9d2ea1d5fd586397a17c9f1ab52ef82d5eff5d58465c69477330db5defdf7ff6017b3038d820a742a602b07c013072ec67	common_voice_nb-NO_43527840.mp3	10b4dd85af75a516d51f99d603cbaec225f3552924bb1debc900f5ddc8e3830b	I varmen er de aktive, sier forskeren.	general	4	0	thirties	male_masculine	Østlandet		nb-NO	
17e43953917efb0a49bd62ad49a19c9d2ea1d5fd586397a17c9f1ab52ef82d5eff5d58465c69477330db5defdf7ff6017b3038d820a742a602b07c013072ec67	common_voice_nb-NO_43527841.mp3	16a7a57fe50c3441afb4628f25e9fc747b1d74cb2548193adaf01c0768f2fc3b	Dette er forhold jeg behandler senere i oppgaven.		4	0	thirties	male_masculine	Østlandet		nb-NO	
17e43953917efb0a49bd62ad49a19c9d2ea1d5fd586397a17c9f1ab52ef82d5eff5d58465c69477330db5defdf7ff6017b3038d820a742a602b07c013072ec67	common_voice_nb-NO_43527842.mp3	26893d66e4586969a4b4f5f079dae244100bf67fb6251ecd6080258a9913f4f1	Det må du betale ekstra for.		4	0	thirties	male_masculine	Østlandet		nb-NO	
17e43953917efb0a49bd62ad49a19c9d2ea1d5fd586397a17c9f1ab52ef82d5eff5d58465c69477330db5defdf7ff6017b3038d820a742a602b07c013072ec67	common_voice_nb-NO_43527843.mp3	0ad18f4c82f0aea75d8bb576640a3c1e4890d8150a9e033ee83a0a0a33ab1994	Også årsavgift og forsikring blir sjekket.	general	4	0	thirties	male_masculine	Østlandet		nb-NO	
17e43953917efb0a49bd62ad49a19c9d2ea1d5fd586397a17c9f1ab52ef82d5eff5d58465c69477330db5defdf7ff6017b3038d820a742a602b07c013072ec67	common_voice_nb-NO_43527844.mp3	23ea576f4e5402929ce9d121ca4ffe1ceaadc18a7e2d4609bd43670fbaf9e1b5	Nytt av året er en egen pris for beste scenetekst.	general	4	0	thirties	male_masculine	Østlandet		nb-NO	
17e43953917efb0a49bd62ad49a19c9d2ea1d5fd586397a17c9f1ab52ef82d5eff5d58465c69477330db5defdf7ff6017b3038d820a742a602b07c013072ec67	common_voice_nb-NO_43527845.mp3	0faf0ac3c0ac1db7ef9c7f8d362acd208ec17bc57553dfee2fd59d0015d4fefd	Her fra eliteserien i fjor.	general	4	0	thirties	male_masculine	Østlandet		nb-NO	
17e43953917efb0a49bd62ad49a19c9d2ea1d5fd586397a17c9f1ab52ef82d5eff5d58465c69477330db5defdf7ff6017b3038d820a742a602b07c013072ec67	common_voice_nb-NO_43527846.mp3	1d9893f205c1bc633e02e38e55e93fb8876e0dda34a81d63b4af3bf293e49d16	Dette er interessant for oss.	general	4	0	thirties	male_masculine	Østlandet		nb-NO	
17e43953917efb0a49bd62ad49a19c9d2ea1d5fd586397a17c9f1ab52ef82d5eff5d58465c69477330db5defdf7ff6017b3038d820a742a602b07c013072ec67	common_voice_nb-NO_43527847.mp3	0d490b6cd33ef0011b9856ce75c5e200ff942fb799422377e71fc6ea31a210c4	Det totale strømbehovet halveres i forhold til et hus med elektrisk oppvarming.		4	0	thirties	male_masculine	Østlandet		nb-NO	
17e43953917efb0a49bd62ad49a19c9d2ea1d5fd586397a17c9f1ab52ef82d5eff5d58465c69477330db5defdf7ff6017b3038d820a742a602b07c013072ec67	common_voice_nb-NO_43527848.mp3	248757ac21cd1810fea143b25d01cfdaa0148bd73aece1889fadb1bb0b1f7ae7	Med flytdiagrammene har vi flere muligheter for hvordan vi skal fremstille disse strukturene.		4	0	thirties	male_masculine	Østlandet		nb-NO	
17e43953917efb0a49bd62ad49a19c9d2ea1d5fd586397a17c9f1ab52ef82d5eff5d58465c69477330db5defdf7ff6017b3038d820a742a602b07c013072ec67	common_voice_nb-NO_43527849.mp3	19e7ae11598828394acd786eaed4377da2148238904354318a3fbb79a0c791b7	Birkeland		4	0	thirties	male_masculine	Østlandet		nb-NO	
17e43953917efb0a49bd62ad49a19c9d2ea1d5fd586397a17c9f1ab52ef82d5eff5d58465c69477330db5defdf7ff6017b3038d820a742a602b07c013072ec67	common_voice_nb-NO_43527850.mp3	06e3e4d7ea8501fd44a750390bd6ce0cfe6ab282b8e605145e8209ab7c1d03cb	sekstien tusen ni hundre og sekstifem		4	0	thirties	male_masculine	Østlandet		nb-NO	
17e43953917efb0a49bd62ad49a19c9d2ea1d5fd586397a17c9f1ab52ef82d5eff5d58465c69477330db5defdf7ff6017b3038d820a742a602b07c013072ec67	common_voice_nb-NO_43527851.mp3	1f9a777ac81b8e3a8380f6413e725189cb5a4cd9b21b260eee1ed69a8b37db53	Dere ser selv resultatet av det.		4	0	thirties	male_masculine	Østlandet		nb-NO	
17e43953917efb0a49bd62ad49a19c9d2ea1d5fd586397a17c9f1ab52ef82d5eff5d58465c69477330db5defdf7ff6017b3038d820a742a602b07c013072ec67	common_voice_nb-NO_43527852.mp3	257dcfff7029ab59525d0755c9e1c5c6508549471f196be1c2120c1372150c6a	to tusen tre hundre og nitten		4	0	thirties	male_masculine	Østlandet		nb-NO	
17e43953917efb0a49bd62ad49a19c9d2ea1d5fd586397a17c9f1ab52ef82d5eff5d58465c69477330db5defdf7ff6017b3038d820a742a602b07c013072ec67	common_voice_nb-NO_43527853.mp3	06918b5a72bb25218e1a246971f4fc17ae4fd7241a891ec3165d5fd783bd9ab1	Vi har brukt lite penger av lønnsrammen på dem.		4	0	thirties	male_masculine	Østlandet		nb-NO	
17e43953917efb0a49bd62ad49a19c9d2ea1d5fd586397a17c9f1ab52ef82d5eff5d58465c69477330db5defdf7ff6017b3038d820a742a602b07c013072ec67	common_voice_nb-NO_43527854.mp3	03a9f582c925132b97ffb62dc752c3d8210db106ea8aeecfc242b569c1a09770	Meteorologisk institutt har sendt ut farevarsel på gult nivå.	general	4	0	thirties	male_masculine	Østlandet		nb-NO	
17e43953917efb0a49bd62ad49a19c9d2ea1d5fd586397a17c9f1ab52ef82d5eff5d58465c69477330db5defdf7ff6017b3038d820a742a602b07c013072ec67	common_voice_nb-NO_43527855.mp3	21ebca1e53505f2c07b3783afd236cb215df0a4a9121b22cd19535c79378ea1b	førtifire tusen tre hundre og fjorten		4	0	thirties	male_masculine	Østlandet		nb-NO	
17e43953917efb0a49bd62ad49a19c9d2ea1d5fd586397a17c9f1ab52ef82d5eff5d58465c69477330db5defdf7ff6017b3038d820a742a602b07c013072ec67	common_voice_nb-NO_43527856.mp3	266464f96669893516bbc28a7efe852640071214068473c5b843bc7c9071148d	Ferskvann gjør vondt verre.	general	4	0	thirties	male_masculine	Østlandet		nb-NO	
17e43953917efb0a49bd62ad49a19c9d2ea1d5fd586397a17c9f1ab52ef82d5eff5d58465c69477330db5defdf7ff6017b3038d820a742a602b07c013072ec67	common_voice_nb-NO_43527857.mp3	22664fb4e87e8d01ca8a57d84d94da1c766270f6d405dca3b057d5f17aaf9dfa	Vær oppmerksom på at vi har et begrenset lager.	service_retail	4	0	thirties	male_masculine	Østlandet		nb-NO	
17e43953917efb0a49bd62ad49a19c9d2ea1d5fd586397a17c9f1ab52ef82d5eff5d58465c69477330db5defdf7ff6017b3038d820a742a602b07c013072ec67	common_voice_nb-NO_43527858.mp3	00d1fd8592fe961d8586561b151f576b7fd606b3975d8a89a9049285c59a706b	sekstifem tusen sju hundre og en		4	0	thirties	male_masculine	Østlandet		nb-NO	
17e43953917efb0a49bd62ad49a19c9d2ea1d5fd586397a17c9f1ab52ef82d5eff5d58465c69477330db5defdf7ff6017b3038d820a742a602b07c013072ec67	common_voice_nb-NO_43527859.mp3	020b31f38e1c08c008451abbf010ab3d08fc95f51d25f33f3434a47d6fef2795	Hvordan blir været neste uke?	nature_environment	4	0	thirties	male_masculine	Østlandet		nb-NO	
17e43953917efb0a49bd62ad49a19c9d2ea1d5fd586397a17c9f1ab52ef82d5eff5d58465c69477330db5defdf7ff6017b3038d820a742a602b07c013072ec67	common_voice_nb-NO_43527860.mp3	1b616207405748bb30b6288108b235206cb6bf7d08c70c7148c103fa1b524926	Da vil også oppgjøret være klart tidligere.	general	4	0	thirties	male_masculine	Østlandet		nb-NO	
17e43953917efb0a49bd62ad49a19c9d2ea1d5fd586397a17c9f1ab52ef82d5eff5d58465c69477330db5defdf7ff6017b3038d820a742a602b07c013072ec67	common_voice_nb-NO_43527861.mp3	1c7805575966db7838c1e0bf63adb5670d82283c9e21b2cb66994cd6f0c64ba6	Vi tar gjerne imot tilbakemeldinger fra kundene.	service_retail	4	0	thirties	male_masculine	Østlandet		nb-NO	
17e43953917efb0a49bd62ad49a19c9d2ea1d5fd586397a17c9f1ab52ef82d5eff5d58465c69477330db5defdf7ff6017b3038d820a742a602b07c013072ec67	common_voice_nb-NO_43527862.mp3	10d3201676a9c404d3cadbfb39312b6f639059a4812eb4d9e92bf876b20c5310	Det siste jeg trenger er en til skyte-glad idiot der ute		4	0	thirties	male_masculine	Østlandet		nb-NO	
17e43953917efb0a49bd62ad49a19c9d2ea1d5fd586397a17c9f1ab52ef82d5eff5d58465c69477330db5defdf7ff6017b3038d820a742a602b07c013072ec67	common_voice_nb-NO_43527863.mp3	2389f9bc08f9d0c442aead0c84349ed123ec36b2f3d180c6fc2a2929d8416165	Resirkulering av plast sparer energi og ressurser.	nature_environment	4	0	thirties	male_masculine	Østlandet		nb-NO	
17e43953917efb0a49bd62ad49a19c9d2ea1d5fd586397a17c9f1ab52ef82d5eff5d58465c69477330db5defdf7ff6017b3038d820a742a602b07c013072ec67	common_voice_nb-NO_43527864.mp3	15b937da068589adaf05a0c54eca2b9b0c5d4dae194f468703c4234a38a9fbfc	Mange har valgt å selge seg ut.	general	4	0	thirties	male_masculine	Østlandet		nb-NO	
17e43953917efb0a49bd62ad49a19c9d2ea1d5fd586397a17c9f1ab52ef82d5eff5d58465c69477330db5defdf7ff6017b3038d820a742a602b07c013072ec67	common_voice_nb-NO_43527865.mp3	1f198aeb61d22d79c9a061be48bd8c5c29163587c5f1a481a933e4858bc11eda	Regjeringen sendte i august to alternative forslag på høring.	general	4	0	thirties	male_masculine	Østlandet		nb-NO	
17e43953917efb0a49bd62ad49a19c9d2ea1d5fd586397a17c9f1ab52ef82d5eff5d58465c69477330db5defdf7ff6017b3038d820a742a602b07c013072ec67	common_voice_nb-NO_43527866.mp3	220550ea1c3d3ceb5c17f7e3f637ee8ae8749ae1e12f4fdfe3c5340d0929a6de	Neste kamp i puljespillet går fredag.	general	4	0	thirties	male_masculine	Østlandet		nb-NO	
17e43953917efb0a49bd62ad49a19c9d2ea1d5fd586397a17c9f1ab52ef82d5eff5d58465c69477330db5defdf7ff6017b3038d820a742a602b07c013072ec67	common_voice_nb-NO_43527867.mp3	24bbabc36ce2e661e0fd5ac180d2ba82be238a6bcdb91a8cc908a101041f2017	Snaut halvparten av disse beslutningene er tatt i år.	general	4	0	thirties	male_masculine	Østlandet		nb-NO	
17e43953917efb0a49bd62ad49a19c9d2ea1d5fd586397a17c9f1ab52ef82d5eff5d58465c69477330db5defdf7ff6017b3038d820a742a602b07c013072ec67	common_voice_nb-NO_43527868.mp3	26b39ba05983b3b2a00dfb5843c314a061f4747858e51a11366d9fe7daf5f091	femtien tusen tre hundre og tjuefire		4	0	thirties	male_masculine	Østlandet		nb-NO	
17e43953917efb0a49bd62ad49a19c9d2ea1d5fd586397a17c9f1ab52ef82d5eff5d58465c69477330db5defdf7ff6017b3038d820a742a602b07c013072ec67	common_voice_nb-NO_43527869.mp3	26e78f596ce52427cb0912a639a400a44f2ae52c1c595df64dda7a95fa022464	Det er i dag påvist smitte hos elever		4	0	thirties	male_masculine	Østlandet		nb-NO	
17e43953917efb0a49bd62ad49a19c9d2ea1d5fd586397a17c9f1ab52ef82d5eff5d58465c69477330db5defdf7ff6017b3038d820a742a602b07c013072ec67	common_voice_nb-NO_43527870.mp3	119427334df13ae124817f7bcb8b23669f21654725a0c58be9a9796a205c9228	Årsaken er bedre forebygging.	general	4	0	thirties	male_masculine	Østlandet		nb-NO	
17e43953917efb0a49bd62ad49a19c9d2ea1d5fd586397a17c9f1ab52ef82d5eff5d58465c69477330db5defdf7ff6017b3038d820a742a602b07c013072ec67	common_voice_nb-NO_43527871.mp3	249c200c0e7d7fbba93d6269ff31dc7432c5c3a4196a0313ea67535b7cd73cc6	Men det har vitenskapen sagt før.		4	0	thirties	male_masculine	Østlandet		nb-NO	
17e43953917efb0a49bd62ad49a19c9d2ea1d5fd586397a17c9f1ab52ef82d5eff5d58465c69477330db5defdf7ff6017b3038d820a742a602b07c013072ec67	common_voice_nb-NO_43527872.mp3	0e084936114f830b0d9fc4bbd1ee7a02edc32604abe5393a71242c25fcd5c5ae	Det er få som anmelder svindel eller forsøk på svindel.	general	4	0	thirties	male_masculine	Østlandet		nb-NO	
17e43953917efb0a49bd62ad49a19c9d2ea1d5fd586397a17c9f1ab52ef82d5eff5d58465c69477330db5defdf7ff6017b3038d820a742a602b07c013072ec67	common_voice_nb-NO_43527873.mp3	21c01f3bea4a8a3567fccaf694c56289bdc2f305075381894be24c4e486b3d32	Andelen menn som får barnetrygd, er også økende.	general	4	0	thirties	male_masculine	Østlandet		nb-NO	
17e43953917efb0a49bd62ad49a19c9d2ea1d5fd586397a17c9f1ab52ef82d5eff5d58465c69477330db5defdf7ff6017b3038d820a742a602b07c013072ec67	common_voice_nb-NO_43527875.mp3	22ccb09d89abb1fd07dbd58a28d01acce0c043637e33fbf5e6e8b29643716623	Da hen åpnet lokket, oppdaget hen at yoghurten var muggen.		4	0	thirties	male_masculine	Østlandet		nb-NO	
17e43953917efb0a49bd62ad49a19c9d2ea1d5fd586397a17c9f1ab52ef82d5eff5d58465c69477330db5defdf7ff6017b3038d820a742a602b07c013072ec67	common_voice_nb-NO_43527876.mp3	031b6d4868a51c1ea6e5163e1877b42d02c234fdd59a33b5f41bbe4daa7df625	Alle naturlige tall som ikke er primtall kan faktoriseres i to eller flere faktorer.	general	4	0	thirties	male_masculine	Østlandet		nb-NO	
17e43953917efb0a49bd62ad49a19c9d2ea1d5fd586397a17c9f1ab52ef82d5eff5d58465c69477330db5defdf7ff6017b3038d820a742a602b07c013072ec67	common_voice_nb-NO_43527877.mp3	221c21f9b2040734533527210e7e2361ccf9e199b17aeb36969b1ff9f7791588	Fjellstyresambandet avviser at dette er tilfelle.	general	4	0	thirties	male_masculine	Østlandet		nb-NO	
17e43953917efb0a49bd62ad49a19c9d2ea1d5fd586397a17c9f1ab52ef82d5eff5d58465c69477330db5defdf7ff6017b3038d820a742a602b07c013072ec67	common_voice_nb-NO_43527878.mp3	250f4659cdd603afa6bc15a3cac74c3d96a734acbc2c2ed24ebf769d710f2f34	Det går fint å lage mat uten kjøtt.		4	0	thirties	male_masculine	Østlandet		nb-NO	
17e43953917efb0a49bd62ad49a19c9d2ea1d5fd586397a17c9f1ab52ef82d5eff5d58465c69477330db5defdf7ff6017b3038d820a742a602b07c013072ec67	common_voice_nb-NO_43527879.mp3	1a68c98a603fab7b744124b993c83588cc7e5a73e5ace5c1988d8c1509f4134d	De som bor på bygda er minst fornøyde.	general	4	0	thirties	male_masculine	Østlandet		nb-NO	
17e43953917efb0a49bd62ad49a19c9d2ea1d5fd586397a17c9f1ab52ef82d5eff5d58465c69477330db5defdf7ff6017b3038d820a742a602b07c013072ec67	common_voice_nb-NO_43527880.mp3	238e1c86ba7b8b1366337ba92750669d8318388157476f09f8f8fb17e758dfc8	Og regnet skal fortsette.	general	4	0	thirties	male_masculine	Østlandet		nb-NO	
17e43953917efb0a49bd62ad49a19c9d2ea1d5fd586397a17c9f1ab52ef82d5eff5d58465c69477330db5defdf7ff6017b3038d820a742a602b07c013072ec67	common_voice_nb-NO_43527881.mp3	1deb169f4cd22e303d517e7f6fd023d39d8960860e6d6c0db4f87801559540d4	Det skal bli øvelser i langrenn, skiskyting, alpint og snowboard.	general	4	0	thirties	male_masculine	Østlandet		nb-NO	
17e43953917efb0a49bd62ad49a19c9d2ea1d5fd586397a17c9f1ab52ef82d5eff5d58465c69477330db5defdf7ff6017b3038d820a742a602b07c013072ec67	common_voice_nb-NO_43527882.mp3	2809ec346eff231d9ad335cb22004a8074adea4b20f765f214ddc1cfba7c3b9a	Mange av dem er arbeidsinnvandrere.	general	4	0	thirties	male_masculine	Østlandet		nb-NO	
17e43953917efb0a49bd62ad49a19c9d2ea1d5fd586397a17c9f1ab52ef82d5eff5d58465c69477330db5defdf7ff6017b3038d820a742a602b07c013072ec67	common_voice_nb-NO_43527883.mp3	1b83e78bedce4c708a7bc358393141e238d352c60789bba3cdbf38538efb360a	temme		4	0	thirties	male_masculine	Østlandet		nb-NO	
17e43953917efb0a49bd62ad49a19c9d2ea1d5fd586397a17c9f1ab52ef82d5eff5d58465c69477330db5defdf7ff6017b3038d820a742a602b07c013072ec67	common_voice_nb-NO_43527884.mp3	1285bbc6261bd8be78c08caa0f8e271d86ec9dfe4bb9bee9ef1e36619dd515d0	Bakmennene krever penger for at filene skal bli tilgjengelige igjen.	general	4	0	thirties	male_masculine	Østlandet		nb-NO	
17e43953917efb0a49bd62ad49a19c9d2ea1d5fd586397a17c9f1ab52ef82d5eff5d58465c69477330db5defdf7ff6017b3038d820a742a602b07c013072ec67	common_voice_nb-NO_43527885.mp3	023e42c7755fef7b1aca5b1b7f49b4b0e1147efebf123b531b83e4305c468220	Husk å vaske leksene.		4	0	thirties	male_masculine	Østlandet		nb-NO	
17e43953917efb0a49bd62ad49a19c9d2ea1d5fd586397a17c9f1ab52ef82d5eff5d58465c69477330db5defdf7ff6017b3038d820a742a602b07c013072ec67	common_voice_nb-NO_43527886.mp3	264f03cff76ab6637a7a7e35f53c3674ada5837c25d1049d7a2ff117dc5d1ae0	I mange tilfeller er det helt nødvendig å snu.	general	4	0	thirties	male_masculine	Østlandet		nb-NO	
17e43953917efb0a49bd62ad49a19c9d2ea1d5fd586397a17c9f1ab52ef82d5eff5d58465c69477330db5defdf7ff6017b3038d820a742a602b07c013072ec67	common_voice_nb-NO_43527887.mp3	22e362752dcf9cde060e8f804e829dbf04580491e68a929745dc3a4eeef90725	Træna		4	0	thirties	male_masculine	Østlandet		nb-NO	
17e43953917efb0a49bd62ad49a19c9d2ea1d5fd586397a17c9f1ab52ef82d5eff5d58465c69477330db5defdf7ff6017b3038d820a742a602b07c013072ec67	common_voice_nb-NO_43527888.mp3	17a2a0d8d48d65ddc2c886d6e8087e8513e5aeb268c0953d22f02b1c3045fd35	Når jeg ser en dør, så vet jeg hva jeg ser på.		4	0	thirties	male_masculine	Østlandet		nb-NO	
17e43953917efb0a49bd62ad49a19c9d2ea1d5fd586397a17c9f1ab52ef82d5eff5d58465c69477330db5defdf7ff6017b3038d820a742a602b07c013072ec67	common_voice_nb-NO_43527889.mp3	0f10da08c56e28126c7899e52d26a205c84a12866c5142d8c91fb2652a072bc7	Jeg er mer interessert i de menneskelige sidene ved ting enn de rent politiske.		4	0	thirties	male_masculine	Østlandet		nb-NO	
17e43953917efb0a49bd62ad49a19c9d2ea1d5fd586397a17c9f1ab52ef82d5eff5d58465c69477330db5defdf7ff6017b3038d820a742a602b07c013072ec67	common_voice_nb-NO_43527890.mp3	277baeae856f8585a053e734a932552a0a26d8a4830722905f070fae9eaae440	Men butikkene vil fortsatt holde åpent.	general	4	0	thirties	male_masculine	Østlandet		nb-NO	
17e43953917efb0a49bd62ad49a19c9d2ea1d5fd586397a17c9f1ab52ef82d5eff5d58465c69477330db5defdf7ff6017b3038d820a742a602b07c013072ec67	common_voice_nb-NO_43527891.mp3	163892cf16fd6b8d07ecad57837f802c4318da4cbbc5e6e5840a45c283253862	batteri		4	0	thirties	male_masculine	Østlandet		nb-NO	
17e43953917efb0a49bd62ad49a19c9d2ea1d5fd586397a17c9f1ab52ef82d5eff5d58465c69477330db5defdf7ff6017b3038d820a742a602b07c013072ec67	common_voice_nb-NO_43527892.mp3	22f78fe657022e900e1cec76f836fe6cd7e47c6002aba40c9b1e8acf9c75d2c0	Ingen av dem var det.	general	4	0	thirties	male_masculine	Østlandet		nb-NO	
17e43953917efb0a49bd62ad49a19c9d2ea1d5fd586397a17c9f1ab52ef82d5eff5d58465c69477330db5defdf7ff6017b3038d820a742a602b07c013072ec67	common_voice_nb-NO_43527893.mp3	05a9cd58e9d948651cab3753e920558f886ac0ed3b0775475ee62a878fd88e7a	Ikke bare sitt i ro.		4	0	thirties	male_masculine	Østlandet		nb-NO	
17e43953917efb0a49bd62ad49a19c9d2ea1d5fd586397a17c9f1ab52ef82d5eff5d58465c69477330db5defdf7ff6017b3038d820a742a602b07c013072ec67	common_voice_nb-NO_43527894.mp3	0add3d4893832af91687ad7a4c9da427012177fe39b0f78645ce975821e0ada7	Vennligst vent, jeg sjekker lageret for deg.	service_retail	4	0	thirties	male_masculine	Østlandet		nb-NO	
17e43953917efb0a49bd62ad49a19c9d2ea1d5fd586397a17c9f1ab52ef82d5eff5d58465c69477330db5defdf7ff6017b3038d820a742a602b07c013072ec67	common_voice_nb-NO_43527895.mp3	20834e041b07b589f65a169823a0e222cbda1ca51cb7c95663c35586351732da	sekstifem tusen tre hundre og sekstifem		4	0	thirties	male_masculine	Østlandet		nb-NO	
17e43953917efb0a49bd62ad49a19c9d2ea1d5fd586397a17c9f1ab52ef82d5eff5d58465c69477330db5defdf7ff6017b3038d820a742a602b07c013072ec67	common_voice_nb-NO_43527896.mp3	14ed09adcde33089a4299017cb47fdcf1cb7c97370ebe202b35da23e19ce0804	avbryt		4	0	thirties	male_masculine	Østlandet		nb-NO	
17e43953917efb0a49bd62ad49a19c9d2ea1d5fd586397a17c9f1ab52ef82d5eff5d58465c69477330db5defdf7ff6017b3038d820a742a602b07c013072ec67	common_voice_nb-NO_43527897.mp3	26f940a5dd3a6d3482aeb5c98b5e7c0947bd65aaadb240f5b72b8b3aeac28610	Det bør heller ikke brukes nær parker og lekeplasser.	general	4	0	thirties	male_masculine	Østlandet		nb-NO	
17e43953917efb0a49bd62ad49a19c9d2ea1d5fd586397a17c9f1ab52ef82d5eff5d58465c69477330db5defdf7ff6017b3038d820a742a602b07c013072ec67	common_voice_nb-NO_43527898.mp3	1684dd7528cf6f8e0b344ddbaf62df4048c1adb9a71e5ca547efcb67264eb560	Her vil det regne jevnt gjennom hele helgen.	general	4	0	thirties	male_masculine	Østlandet		nb-NO	
17e43953917efb0a49bd62ad49a19c9d2ea1d5fd586397a17c9f1ab52ef82d5eff5d58465c69477330db5defdf7ff6017b3038d820a742a602b07c013072ec67	common_voice_nb-NO_43527899.mp3	0fcfa18d85900c6bb9adebdc6e82f26015b5eadbc7b80e51d9c839f18faf8f70	Sju årsaker er nevnt til at økonomien har gått nedover.	general	4	0	thirties	male_masculine	Østlandet		nb-NO	
17e43953917efb0a49bd62ad49a19c9d2ea1d5fd586397a17c9f1ab52ef82d5eff5d58465c69477330db5defdf7ff6017b3038d820a742a602b07c013072ec67	common_voice_nb-NO_43527900.mp3	2865ef58ee60cfca80d4438aac4a7af7a697cdb74ebb0238e594a0529cb1641c	Men i alle år har gravene pekt i feil himmelretning.	general	4	0	thirties	male_masculine	Østlandet		nb-NO	
17e43953917efb0a49bd62ad49a19c9d2ea1d5fd586397a17c9f1ab52ef82d5eff5d58465c69477330db5defdf7ff6017b3038d820a742a602b07c013072ec67	common_voice_nb-NO_43527901.mp3	22f0a2b52e9c2fcfa463c033f6e93ee280fbb0b5bc301fd4aadf551150a77f89	Erklæring om personvern		4	0	thirties	male_masculine	Østlandet		nb-NO	
17e43953917efb0a49bd62ad49a19c9d2ea1d5fd586397a17c9f1ab52ef82d5eff5d58465c69477330db5defdf7ff6017b3038d820a742a602b07c013072ec67	common_voice_nb-NO_43527902.mp3	262dfa5d4e1cba25a1319f3dc25c27b7fdef5a4ec9bb031033beb2cd21043a75	Det er mange spennende produkter på salg nå.	service_retail	4	0	thirties	male_masculine	Østlandet		nb-NO	
17e43953917efb0a49bd62ad49a19c9d2ea1d5fd586397a17c9f1ab52ef82d5eff5d58465c69477330db5defdf7ff6017b3038d820a742a602b07c013072ec67	common_voice_nb-NO_43527903.mp3	2500ca598b6347b0be37152852491d49d65a6671774d9356e17af9e211da49be	Partiets offisielle syn er at kontantstøtte kan tildeles småbarnsforeldre som kvalifiserer for barnetrygd.		4	0	thirties	male_masculine	Østlandet		nb-NO	
17e43953917efb0a49bd62ad49a19c9d2ea1d5fd586397a17c9f1ab52ef82d5eff5d58465c69477330db5defdf7ff6017b3038d820a742a602b07c013072ec67	common_voice_nb-NO_43527904.mp3	25f62dd6da98e780453a2314af7770bec32b6aed9a16a05846588c6c81f1e255	Rosenlund kaller variasjonene urovekkende.	general	4	0	thirties	male_masculine	Østlandet		nb-NO	
17e43953917efb0a49bd62ad49a19c9d2ea1d5fd586397a17c9f1ab52ef82d5eff5d58465c69477330db5defdf7ff6017b3038d820a742a602b07c013072ec67	common_voice_nb-NO_43527905.mp3	055a9ce0d8c43a8fe67246e916fa01ab2ec35c54690721b71f9d159c83299ad8	Nødvendige tankanlegg for olje og kjemikalier skal etter planen flyttes inn i fjellet.		4	0	thirties	male_masculine	Østlandet		nb-NO	
17e43953917efb0a49bd62ad49a19c9d2ea1d5fd586397a17c9f1ab52ef82d5eff5d58465c69477330db5defdf7ff6017b3038d820a742a602b07c013072ec67	common_voice_nb-NO_43527906.mp3	28d56c416567bdc1bde7cb335a3d8fb1318dbb7333fc98fb191636fd822da6a3	Fra februar forsvinner den faste morgenstunden.	general	4	0	thirties	male_masculine	Østlandet		nb-NO	
17e43953917efb0a49bd62ad49a19c9d2ea1d5fd586397a17c9f1ab52ef82d5eff5d58465c69477330db5defdf7ff6017b3038d820a742a602b07c013072ec67	common_voice_nb-NO_43527907.mp3	1dcaf5119dadc53d136624052e8f75a05df37d3d913ab952683a8323f09fbded	Den kampen bør foreldrene slippe å ta hver dag.	general	4	0	thirties	male_masculine	Østlandet		nb-NO	
17e43953917efb0a49bd62ad49a19c9d2ea1d5fd586397a17c9f1ab52ef82d5eff5d58465c69477330db5defdf7ff6017b3038d820a742a602b07c013072ec67	common_voice_nb-NO_43527908.mp3	1e3450443de264c637e7a0df8645d5dac3144cde3bb55372c8a1436047702019	De ansatte ble orientert på et allmøte onsdag.	general	4	0	thirties	male_masculine	Østlandet		nb-NO	
17e43953917efb0a49bd62ad49a19c9d2ea1d5fd586397a17c9f1ab52ef82d5eff5d58465c69477330db5defdf7ff6017b3038d820a742a602b07c013072ec67	common_voice_nb-NO_43527909.mp3	29dcbf3d8d2a790ecbb29ac950f47e8ca74de5e802c137154d6cf3a706c7f9d7	Barnet har somtid berre gråten å ta til		4	0	thirties	male_masculine	Østlandet		nb-NO	
17e43953917efb0a49bd62ad49a19c9d2ea1d5fd586397a17c9f1ab52ef82d5eff5d58465c69477330db5defdf7ff6017b3038d820a742a602b07c013072ec67	common_voice_nb-NO_43527910.mp3	175650e0d618202bfd5eb7184415abaa2149b1382aa2d20126ad487aa2d065d8	Mållinjeteknologien er genial.	general	4	0	thirties	male_masculine	Østlandet		nb-NO	
17e43953917efb0a49bd62ad49a19c9d2ea1d5fd586397a17c9f1ab52ef82d5eff5d58465c69477330db5defdf7ff6017b3038d820a742a602b07c013072ec67	common_voice_nb-NO_43527911.mp3	17cb250bf127247af17e3f870044b123ed654189abc38548a5178bf912226c80	De mener imidlertid at det kan være lokale effekter noen steder.	general	4	0	thirties	male_masculine	Østlandet		nb-NO	
17e43953917efb0a49bd62ad49a19c9d2ea1d5fd586397a17c9f1ab52ef82d5eff5d58465c69477330db5defdf7ff6017b3038d820a742a602b07c013072ec67	common_voice_nb-NO_43527912.mp3	13d018d270a5f95561516596bed289eac9dd4421411f220886abe7bc7e4f9e0e	Flere tar yrkesutdanning, og stadig flere får læreplass.	general	4	0	thirties	male_masculine	Østlandet		nb-NO	
17e43953917efb0a49bd62ad49a19c9d2ea1d5fd586397a17c9f1ab52ef82d5eff5d58465c69477330db5defdf7ff6017b3038d820a742a602b07c013072ec67	common_voice_nb-NO_43527913.mp3	2516ae5c58e7b6ef8fbf7dcc89a77cdd91c29fb3e0034e44dd6e37be059ad437	Han slutter om to uker.	general	4	0	thirties	male_masculine	Østlandet		nb-NO	
17e43953917efb0a49bd62ad49a19c9d2ea1d5fd586397a17c9f1ab52ef82d5eff5d58465c69477330db5defdf7ff6017b3038d820a742a602b07c013072ec67	common_voice_nb-NO_43527914.mp3	10cc0d218ac37bd6a4fae6545f49851562b8c06f6f7e06c429160ede79204f04	Men samtidig ble jeg overrasket over tidspunktet.	general	4	0	thirties	male_masculine	Østlandet		nb-NO	
17e43953917efb0a49bd62ad49a19c9d2ea1d5fd586397a17c9f1ab52ef82d5eff5d58465c69477330db5defdf7ff6017b3038d820a742a602b07c013072ec67	common_voice_nb-NO_43527915.mp3	19d45b3aeacb02d1a706b435db5df127003e23e6f22d1661ba6c7f8226b9139b	Det er flere avgifter som bidrar til dette.	general	4	0	thirties	male_masculine	Østlandet		nb-NO	
17e43953917efb0a49bd62ad49a19c9d2ea1d5fd586397a17c9f1ab52ef82d5eff5d58465c69477330db5defdf7ff6017b3038d820a742a602b07c013072ec67	common_voice_nb-NO_43527917.mp3	24b2dbbd96443d08262a9b40f2256b6c32bad597d721191c877a3f0f0c2a6b24	Det betyr at sportssjeftittelen blir borte i langrenn.	general	4	0	thirties	male_masculine	Østlandet		nb-NO	
17e43953917efb0a49bd62ad49a19c9d2ea1d5fd586397a17c9f1ab52ef82d5eff5d58465c69477330db5defdf7ff6017b3038d820a742a602b07c013072ec67	common_voice_nb-NO_43527918.mp3	280089504942a131b20d923dc6a5462736e8c5c7aaa45ce03a7434fa34dc070b	Fem av dem er avsluttet.	general	4	0	thirties	male_masculine	Østlandet		nb-NO	
17e43953917efb0a49bd62ad49a19c9d2ea1d5fd586397a17c9f1ab52ef82d5eff5d58465c69477330db5defdf7ff6017b3038d820a742a602b07c013072ec67	common_voice_nb-NO_43527919.mp3	114ca71cdcdd4effbf65bf38d704ce89a329ab4c74dfea694f4d2cad7a6e70f1	Også resten av dagen blir preget av markeringen.	general	4	0	thirties	male_masculine	Østlandet		nb-NO	
17e43953917efb0a49bd62ad49a19c9d2ea1d5fd586397a17c9f1ab52ef82d5eff5d58465c69477330db5defdf7ff6017b3038d820a742a602b07c013072ec67	common_voice_nb-NO_43527920.mp3	1df0f9373ceab164f536bf41feeda3b45a13b6bc4c675d83d67fe95496b6c0f6	Men banken går ikke dårlig.	general	4	0	thirties	male_masculine	Østlandet		nb-NO	
17e43953917efb0a49bd62ad49a19c9d2ea1d5fd586397a17c9f1ab52ef82d5eff5d58465c69477330db5defdf7ff6017b3038d820a742a602b07c013072ec67	common_voice_nb-NO_43527921.mp3	1efad9fd878d83889209a78db53167c8d1b6024a64135a9f736fd08d83ff97c8	Det første året er ofte grunnleggende		4	0	thirties	male_masculine	Østlandet		nb-NO	
17e43953917efb0a49bd62ad49a19c9d2ea1d5fd586397a17c9f1ab52ef82d5eff5d58465c69477330db5defdf7ff6017b3038d820a742a602b07c013072ec67	common_voice_nb-NO_43527922.mp3	1dbe283fad809f5061693d6a8cee01b48111fab3db4aa5c29f8655a6be0631fe	Han snakker rolig og lavmælt, har nok fortalt historien noen ganger.		4	0	thirties	male_masculine	Østlandet		nb-NO	
17e43953917efb0a49bd62ad49a19c9d2ea1d5fd586397a17c9f1ab52ef82d5eff5d58465c69477330db5defdf7ff6017b3038d820a742a602b07c013072ec67	common_voice_nb-NO_43527923.mp3	0a12de0c1710f94dd3ea82ccadee0e8ce08c199adc79b43129e5b974c6a320ea	internet explorer		4	0	thirties	male_masculine	Østlandet		nb-NO	
17e43953917efb0a49bd62ad49a19c9d2ea1d5fd586397a17c9f1ab52ef82d5eff5d58465c69477330db5defdf7ff6017b3038d820a742a602b07c013072ec67	common_voice_nb-NO_43527924.mp3	259538523e2f8766db7eb6d5427e736619aebaf4a5ee1e36d077b5d5de4685da	Silje Falch		4	0	thirties	male_masculine	Østlandet		nb-NO	
17e43953917efb0a49bd62ad49a19c9d2ea1d5fd586397a17c9f1ab52ef82d5eff5d58465c69477330db5defdf7ff6017b3038d820a742a602b07c013072ec67	common_voice_nb-NO_43527925.mp3	1220e05dda81998434fd44322fbd269d03804a5a098a81d2c0e68367da024d15	Skal man flytte mye, kan man bruke trillebår.		4	0	thirties	male_masculine	Østlandet		nb-NO	
17e43953917efb0a49bd62ad49a19c9d2ea1d5fd586397a17c9f1ab52ef82d5eff5d58465c69477330db5defdf7ff6017b3038d820a742a602b07c013072ec67	common_voice_nb-NO_43527926.mp3	0f3c8d1c3b421e71da3bd13c51a86c6edcca0b268335da02aa296432bd07bf5f	Du må komme på besøk i morgen.		4	0	thirties	male_masculine	Østlandet		nb-NO	
17e43953917efb0a49bd62ad49a19c9d2ea1d5fd586397a17c9f1ab52ef82d5eff5d58465c69477330db5defdf7ff6017b3038d820a742a602b07c013072ec67	common_voice_nb-NO_43527927.mp3	1e7255cdb4f7eef4b1659c0354821ba37213f8e34b0f209ab259975986c455fe	De kan bli nærmest uendelig gamle der de ligger.	general	4	0	thirties	male_masculine	Østlandet		nb-NO	
17e43953917efb0a49bd62ad49a19c9d2ea1d5fd586397a17c9f1ab52ef82d5eff5d58465c69477330db5defdf7ff6017b3038d820a742a602b07c013072ec67	common_voice_nb-NO_43529152.mp3	25e7b81a3b49f5ccecac5790f9668560b30f0e8869c2c2f14e3b9d12c39bc6ae	Politiet har avhørt en av de tre siktede i saken.	general	4	0	thirties	male_masculine	Østlandet		nb-NO	
17e43953917efb0a49bd62ad49a19c9d2ea1d5fd586397a17c9f1ab52ef82d5eff5d58465c69477330db5defdf7ff6017b3038d820a742a602b07c013072ec67	common_voice_nb-NO_43529153.mp3	082b81a8795aa2421472e4a556798b2b7699615d3420702f8423dafeb76c5b77	Begge bankene beklager nå praksisen.	general	4	0	thirties	male_masculine	Østlandet		nb-NO	
17e43953917efb0a49bd62ad49a19c9d2ea1d5fd586397a17c9f1ab52ef82d5eff5d58465c69477330db5defdf7ff6017b3038d820a742a602b07c013072ec67	common_voice_nb-NO_43529154.mp3	03d4cd11128d67bf98171b7486c39424ef1f47bb1acc40c1c734003f18c195af	Ett av dem skal handle om havrommet.	general	4	0	thirties	male_masculine	Østlandet		nb-NO	
17e43953917efb0a49bd62ad49a19c9d2ea1d5fd586397a17c9f1ab52ef82d5eff5d58465c69477330db5defdf7ff6017b3038d820a742a602b07c013072ec67	common_voice_nb-NO_43529155.mp3	2b41e47c9f9af4878f5d72207c87375a962ea1513eda93b7dcbd6a735e92923d	Jeg har ingen kommentarer til koala-episoden.		4	0	thirties	male_masculine	Østlandet		nb-NO	
17e43953917efb0a49bd62ad49a19c9d2ea1d5fd586397a17c9f1ab52ef82d5eff5d58465c69477330db5defdf7ff6017b3038d820a742a602b07c013072ec67	common_voice_nb-NO_43529156.mp3	218adba09c423f99d766c28263297b0ae9de533717b86b1731bd6c582d348d6a	Nå skal vi reise på ferie.		4	0	thirties	male_masculine	Østlandet		nb-NO	
17e43953917efb0a49bd62ad49a19c9d2ea1d5fd586397a17c9f1ab52ef82d5eff5d58465c69477330db5defdf7ff6017b3038d820a742a602b07c013072ec67	common_voice_nb-NO_43529158.mp3	1fc6372033556f9b36a0ab457d737aa0586b6d4cbbc6873c51ca88e2d924e641	Dermed kan svindelen fortsette i årevis.	general	4	0	thirties	male_masculine	Østlandet		nb-NO	
17e43953917efb0a49bd62ad49a19c9d2ea1d5fd586397a17c9f1ab52ef82d5eff5d58465c69477330db5defdf7ff6017b3038d820a742a602b07c013072ec67	common_voice_nb-NO_43529159.mp3	25913b1c4d8c6ed5e059abda0ecad076d572f397c6c374b2d10928d69b69e7a3	Det er mulig å selge boligen som den er.		4	0	thirties	male_masculine	Østlandet		nb-NO	
17e43953917efb0a49bd62ad49a19c9d2ea1d5fd586397a17c9f1ab52ef82d5eff5d58465c69477330db5defdf7ff6017b3038d820a742a602b07c013072ec67	common_voice_nb-NO_43529160.mp3	233647c1ba9f8ddc1aa87d9c6e1989c1f528b632b3d049b76cff912b3ab50ffe	Illustrasjonsbilde av kredittkort.	general	4	0	thirties	male_masculine	Østlandet		nb-NO	
17e43953917efb0a49bd62ad49a19c9d2ea1d5fd586397a17c9f1ab52ef82d5eff5d58465c69477330db5defdf7ff6017b3038d820a742a602b07c013072ec67	common_voice_nb-NO_43529161.mp3	28ae08a7a42e0d9e1bf086481c8c9f19f26981677ef6b4ffd015edf4f775c38a	Derfor er det utrolig viktig å klargjøre det, sier hun.	general	4	0	thirties	male_masculine	Østlandet		nb-NO	
17e43953917efb0a49bd62ad49a19c9d2ea1d5fd586397a17c9f1ab52ef82d5eff5d58465c69477330db5defdf7ff6017b3038d820a742a602b07c013072ec67	common_voice_nb-NO_43529162.mp3	27f59404427ebdff243881120e4f2c8bb8b0087f99270fc0b19104df745d6219	En gang i tiden, for lenge, lenge siden.	general	4	0	thirties	male_masculine	Østlandet		nb-NO	
17e43953917efb0a49bd62ad49a19c9d2ea1d5fd586397a17c9f1ab52ef82d5eff5d58465c69477330db5defdf7ff6017b3038d820a742a602b07c013072ec67	common_voice_nb-NO_43529163.mp3	12f44eca627e48a13682273d927c4f7179a44cfbb7cec1c0bd83c2e333ba935f	Det blir neppe lavere boliglånsrenter med det første.	general	4	0	thirties	male_masculine	Østlandet		nb-NO	
17e43953917efb0a49bd62ad49a19c9d2ea1d5fd586397a17c9f1ab52ef82d5eff5d58465c69477330db5defdf7ff6017b3038d820a742a602b07c013072ec67	common_voice_nb-NO_43529164.mp3	273bd37995a01511fe5e6ab54136a630267e4db35bdf47c150aab0f2695b952e	Arvid Lande		4	0	thirties	male_masculine	Østlandet		nb-NO	
17e43953917efb0a49bd62ad49a19c9d2ea1d5fd586397a17c9f1ab52ef82d5eff5d58465c69477330db5defdf7ff6017b3038d820a742a602b07c013072ec67	common_voice_nb-NO_43529165.mp3	1bb38cfad69c0464de9af2f82349742380f9e6a45e3dcd29a514c842a909108f	Han frykter også prissamarbeid.	general	4	0	thirties	male_masculine	Østlandet		nb-NO	
17e43953917efb0a49bd62ad49a19c9d2ea1d5fd586397a17c9f1ab52ef82d5eff5d58465c69477330db5defdf7ff6017b3038d820a742a602b07c013072ec67	common_voice_nb-NO_43529166.mp3	1bae451972791cad151b7801008a166d7452c7226779ab25cb930854f7c0ed0f	Tiltaket vil bli innført neste måned.	general	4	0	thirties	male_masculine	Østlandet		nb-NO	
17e43953917efb0a49bd62ad49a19c9d2ea1d5fd586397a17c9f1ab52ef82d5eff5d58465c69477330db5defdf7ff6017b3038d820a742a602b07c013072ec67	common_voice_nb-NO_43529169.mp3	1b1d6f529b8a22c14beed73b3abd20f3837d813a0814a7894f30f9ed2fe16237	forsker		4	0	thirties	male_masculine	Østlandet		nb-NO	
17e43953917efb0a49bd62ad49a19c9d2ea1d5fd586397a17c9f1ab52ef82d5eff5d58465c69477330db5defdf7ff6017b3038d820a742a602b07c013072ec67	common_voice_nb-NO_43529170.mp3	16a17fa95926ca7805ca192586d89b74074ce9f6117ce48a70e1d213f802a185	Kommunikasjonssjefen peker på kritikken kleskjeden fikk i januar.	general	4	0	thirties	male_masculine	Østlandet		nb-NO	
17e43953917efb0a49bd62ad49a19c9d2ea1d5fd586397a17c9f1ab52ef82d5eff5d58465c69477330db5defdf7ff6017b3038d820a742a602b07c013072ec67	common_voice_nb-NO_43529171.mp3	232d48a9b797c9aa3245dcd3247232d8cf1fe43938f140f4d621f59cac5dda76	Det er uvanlig lave tall for håndballjentene.	general	4	0	thirties	male_masculine	Østlandet		nb-NO	
17e43953917efb0a49bd62ad49a19c9d2ea1d5fd586397a17c9f1ab52ef82d5eff5d58465c69477330db5defdf7ff6017b3038d820a742a602b07c013072ec67	common_voice_nb-NO_43529173.mp3	20d22e07a30fa697ff290a721b618fa1b2d1c79b35e9fd6943ad5ceb14ee9ed8	Er det vanskelig å skrive en bok?		4	0	thirties	male_masculine	Østlandet		nb-NO	
17e43953917efb0a49bd62ad49a19c9d2ea1d5fd586397a17c9f1ab52ef82d5eff5d58465c69477330db5defdf7ff6017b3038d820a742a602b07c013072ec67	common_voice_nb-NO_43529174.mp3	0bc7e8a08ab207ae049248f65429ef9a0be263bd95bad7a15421d365f40214ea	Silkedukene flagret som hvite skyer fra de tatoverte kvinnehendene.	history_law_government,media_entertainment,news_current_affairs	4	0	thirties	male_masculine	Østlandet		nb-NO	
17e43953917efb0a49bd62ad49a19c9d2ea1d5fd586397a17c9f1ab52ef82d5eff5d58465c69477330db5defdf7ff6017b3038d820a742a602b07c013072ec67	common_voice_nb-NO_43529175.mp3	02fef20c7ecdcd941425d1245756c5cf3c9640b9dae449ab6289a618b706a300	Jeg synes verden er blitt for feig.		4	0	thirties	male_masculine	Østlandet		nb-NO	
17e43953917efb0a49bd62ad49a19c9d2ea1d5fd586397a17c9f1ab52ef82d5eff5d58465c69477330db5defdf7ff6017b3038d820a742a602b07c013072ec67	common_voice_nb-NO_43529176.mp3	1bb5e278ee0b45f401838f0801473912df0e6c2e196f689ee8253ca8bdad0acf	Vil du ha brunost på skiven?		4	0	thirties	male_masculine	Østlandet		nb-NO	
17e43953917efb0a49bd62ad49a19c9d2ea1d5fd586397a17c9f1ab52ef82d5eff5d58465c69477330db5defdf7ff6017b3038d820a742a602b07c013072ec67	common_voice_nb-NO_43529177.mp3	2cd9b5ffa6a51d9c53606b7253ce8ae24d8b26fc0e7c9b28ef6d4865ee5cea92	Gudrun Klausen		4	0	thirties	male_masculine	Østlandet		nb-NO	
17e43953917efb0a49bd62ad49a19c9d2ea1d5fd586397a17c9f1ab52ef82d5eff5d58465c69477330db5defdf7ff6017b3038d820a742a602b07c013072ec67	common_voice_nb-NO_43529178.mp3	09e2b06967b1999647dbf2d7ffd92434d0917c08ad63fda500dfec2fec5637f3	Boplassen består av to godt bevarte steinbygninger.	general	4	0	thirties	male_masculine	Østlandet		nb-NO	
17e43953917efb0a49bd62ad49a19c9d2ea1d5fd586397a17c9f1ab52ef82d5eff5d58465c69477330db5defdf7ff6017b3038d820a742a602b07c013072ec67	common_voice_nb-NO_43529179.mp3	2ac71d36ee4da4549c656c76a4f6cf9d5eefd1b6af26eb48cd677361b17695c7	Nøkternt, saklig, med konkret realisme i tusen detaljer.		4	0	thirties	male_masculine	Østlandet		nb-NO	
17e43953917efb0a49bd62ad49a19c9d2ea1d5fd586397a17c9f1ab52ef82d5eff5d58465c69477330db5defdf7ff6017b3038d820a742a602b07c013072ec67	common_voice_nb-NO_43529180.mp3	219a1282ab1f65f01aa5160cafc8a3e7271349ae11f6c222a84dfb4bb4f3f54b	De hoppet opp og ned på pultene		4	0	thirties	male_masculine	Østlandet		nb-NO	
17e43953917efb0a49bd62ad49a19c9d2ea1d5fd586397a17c9f1ab52ef82d5eff5d58465c69477330db5defdf7ff6017b3038d820a742a602b07c013072ec67	common_voice_nb-NO_43529181.mp3	0eb58117d1de2ac9176d7beff9c31e58704f2f476982ed1c77e2db6d105a8e8e	Endring i ungdommens atferd		4	0	thirties	male_masculine	Østlandet		nb-NO	
17e43953917efb0a49bd62ad49a19c9d2ea1d5fd586397a17c9f1ab52ef82d5eff5d58465c69477330db5defdf7ff6017b3038d820a742a602b07c013072ec67	common_voice_nb-NO_43529182.mp3	077c4e10beae8a7eb376b518c15c75e854b3377166e10b1253c6e735a4b400ec	Men nå er jeg ikke så opptatt av det lenger.	general	4	0	thirties	male_masculine	Østlandet		nb-NO	
17e43953917efb0a49bd62ad49a19c9d2ea1d5fd586397a17c9f1ab52ef82d5eff5d58465c69477330db5defdf7ff6017b3038d820a742a602b07c013072ec67	common_voice_nb-NO_43529183.mp3	1f3cf887c4646076e3c77a35072ca4a7e2131e58f7486affcf3e68c30936c104	Det var sju deltakere i sjakkturneringen.		4	0	thirties	male_masculine	Østlandet		nb-NO	
17e43953917efb0a49bd62ad49a19c9d2ea1d5fd586397a17c9f1ab52ef82d5eff5d58465c69477330db5defdf7ff6017b3038d820a742a602b07c013072ec67	common_voice_nb-NO_43529184.mp3	2518f5069f88c2dc963e541e2a6b6bb7acd7b1b6223eb31f3df467a9bcfbe2bd	fem tre en sju femtiåtte tre hundre og femtito		4	0	thirties	male_masculine	Østlandet		nb-NO	
17e43953917efb0a49bd62ad49a19c9d2ea1d5fd586397a17c9f1ab52ef82d5eff5d58465c69477330db5defdf7ff6017b3038d820a742a602b07c013072ec67	common_voice_nb-NO_43529186.mp3	16af42b3c14ce15bd682304fafcfb92de723baa83168e4188e61dcb7fada4028	Barneombudet er både et kontor og en person.	general	4	0	thirties	male_masculine	Østlandet		nb-NO	
17e43953917efb0a49bd62ad49a19c9d2ea1d5fd586397a17c9f1ab52ef82d5eff5d58465c69477330db5defdf7ff6017b3038d820a742a602b07c013072ec67	common_voice_nb-NO_43529187.mp3	27f1990e5977ee1ffa6ed7f48e8451193afcf6f31ea03f70f0bb926228038d5e	Retten til å nekte er beskyttet av religionsfriheten, mener forbundet.	general	4	0	thirties	male_masculine	Østlandet		nb-NO	
17e43953917efb0a49bd62ad49a19c9d2ea1d5fd586397a17c9f1ab52ef82d5eff5d58465c69477330db5defdf7ff6017b3038d820a742a602b07c013072ec67	common_voice_nb-NO_43529188.mp3	237ab83043233e7b28e1f01495dcf64bce636c462b7930c99069bad454508d8b	De støttet hverandre i gråt, i glede og sorg.		4	0	thirties	male_masculine	Østlandet		nb-NO	
17e43953917efb0a49bd62ad49a19c9d2ea1d5fd586397a17c9f1ab52ef82d5eff5d58465c69477330db5defdf7ff6017b3038d820a742a602b07c013072ec67	common_voice_nb-NO_43529189.mp3	216c55d2e6660151eff2b4210050efbd213928141c053565c031bab0280fd681	Det er omstendighetene.	general	4	0	thirties	male_masculine	Østlandet		nb-NO	
17e43953917efb0a49bd62ad49a19c9d2ea1d5fd586397a17c9f1ab52ef82d5eff5d58465c69477330db5defdf7ff6017b3038d820a742a602b07c013072ec67	common_voice_nb-NO_43529190.mp3	2b876758b4183bff4d1e39aa441994514700e0e3431ab4a6bc37080ddb00521d	begynn på nytt		4	0	thirties	male_masculine	Østlandet		nb-NO	
17e43953917efb0a49bd62ad49a19c9d2ea1d5fd586397a17c9f1ab52ef82d5eff5d58465c69477330db5defdf7ff6017b3038d820a742a602b07c013072ec67	common_voice_nb-NO_43529191.mp3	1ce5da87211fae72ce93aec7dfc47572f791e152fbbac110a189c9a0f3c84a3b	Landslagsledelsen har et godt øye til det.	general	4	0	thirties	male_masculine	Østlandet		nb-NO	
17e43953917efb0a49bd62ad49a19c9d2ea1d5fd586397a17c9f1ab52ef82d5eff5d58465c69477330db5defdf7ff6017b3038d820a742a602b07c013072ec67	common_voice_nb-NO_43529192.mp3	1bfa5be4b96d4d592025daaefa45e9cc3ce794d754ea01f6820491198d5dba46	Vi har beredskap og følger med.	general	4	0	thirties	male_masculine	Østlandet		nb-NO	
17e43953917efb0a49bd62ad49a19c9d2ea1d5fd586397a17c9f1ab52ef82d5eff5d58465c69477330db5defdf7ff6017b3038d820a742a602b07c013072ec67	common_voice_nb-NO_43529193.mp3	10d1497d9b4919a48e1a42ae7b769fdff61f1161acfe4070bb338a30f62ff3d0	Ellinor Hauge		4	0	thirties	male_masculine	Østlandet		nb-NO	
17e43953917efb0a49bd62ad49a19c9d2ea1d5fd586397a17c9f1ab52ef82d5eff5d58465c69477330db5defdf7ff6017b3038d820a742a602b07c013072ec67	common_voice_nb-NO_43529194.mp3	226824c81636e1c5b680303004896c3723d1510faf433688f335e8ff6505aa6a	Arbeidsledigheten synker, og oljebransjen sliter med å finne folk.	general	4	0	thirties	male_masculine	Østlandet		nb-NO	
17e43953917efb0a49bd62ad49a19c9d2ea1d5fd586397a17c9f1ab52ef82d5eff5d58465c69477330db5defdf7ff6017b3038d820a742a602b07c013072ec67	common_voice_nb-NO_43529195.mp3	12dc4ac4af41c02636dcde207d3ffd516f95379aa1ca9befe3914d6a8a48d461	Flere partiledere har meldt sin ankomst.	general	4	0	thirties	male_masculine	Østlandet		nb-NO	
17e43953917efb0a49bd62ad49a19c9d2ea1d5fd586397a17c9f1ab52ef82d5eff5d58465c69477330db5defdf7ff6017b3038d820a742a602b07c013072ec67	common_voice_nb-NO_43529196.mp3	2c10a9daead859f364b02327e9a6256ed6f45246bb78f6f40f76953e12f73144	fire fem sju to trettini sju hundre og førtitre		4	0	thirties	male_masculine	Østlandet		nb-NO	
17e43953917efb0a49bd62ad49a19c9d2ea1d5fd586397a17c9f1ab52ef82d5eff5d58465c69477330db5defdf7ff6017b3038d820a742a602b07c013072ec67	common_voice_nb-NO_43529197.mp3	0ae957dff1ace483481dfb2a03948ae886ecd831c0b8234d4c9b1654e58c9741	Hun står for regien på åpningsseremonien.	general	4	0	thirties	male_masculine	Østlandet		nb-NO	
17e43953917efb0a49bd62ad49a19c9d2ea1d5fd586397a17c9f1ab52ef82d5eff5d58465c69477330db5defdf7ff6017b3038d820a742a602b07c013072ec67	common_voice_nb-NO_43529198.mp3	22e378949505558f1da11a544b2cee47136bd32d27e1e741e53c8793f40b439d	Folk er generelt altfor dårlig forberedt.	general	4	0	thirties	male_masculine	Østlandet		nb-NO	
17e43953917efb0a49bd62ad49a19c9d2ea1d5fd586397a17c9f1ab52ef82d5eff5d58465c69477330db5defdf7ff6017b3038d820a742a602b07c013072ec67	common_voice_nb-NO_43529199.mp3	209f4e43aadc4169bf85617a9f473feaad1c057b62e1c2ab09b56f07690c0796	Og de som er lengre, har ofte mulighet til lading underveis.	general	4	0	thirties	male_masculine	Østlandet		nb-NO	
17e43953917efb0a49bd62ad49a19c9d2ea1d5fd586397a17c9f1ab52ef82d5eff5d58465c69477330db5defdf7ff6017b3038d820a742a602b07c013072ec67	common_voice_nb-NO_43529200.mp3	213a1edf22afccef60f3a0ee3fc152f95a9a4510191827a1746337e3d93647db	Ønsket har derfor blitt avslått, melder kanalen.	general	4	0	thirties	male_masculine	Østlandet		nb-NO	
17e43953917efb0a49bd62ad49a19c9d2ea1d5fd586397a17c9f1ab52ef82d5eff5d58465c69477330db5defdf7ff6017b3038d820a742a602b07c013072ec67	common_voice_nb-NO_43529201.mp3	2b77a2427f212a1c019c623893f555970f99887d0570df941ca041bc08ae7604	Det er alltid hyggelig å se kjente ansikter.	service_retail	4	0	thirties	male_masculine	Østlandet		nb-NO	
17e43953917efb0a49bd62ad49a19c9d2ea1d5fd586397a17c9f1ab52ef82d5eff5d58465c69477330db5defdf7ff6017b3038d820a742a602b07c013072ec67	common_voice_nb-NO_43529202.mp3	1a487437da503a3367d30abf07b1163713c6a7f2b1366d64179d5eb65cc754c1	I tillegg var det rundt åtte spillere som trente alternativt.	general	4	0	thirties	male_masculine	Østlandet		nb-NO	
17e43953917efb0a49bd62ad49a19c9d2ea1d5fd586397a17c9f1ab52ef82d5eff5d58465c69477330db5defdf7ff6017b3038d820a742a602b07c013072ec67	common_voice_nb-NO_43529204.mp3	13eb7adb32a5ddbf7e27465013c7dd7fda2f4db846bc0daf0950070e34bc75f5	Ytterst ute på odden satt det en hyggelig gammel dame.		4	0	thirties	male_masculine	Østlandet		nb-NO	
17e43953917efb0a49bd62ad49a19c9d2ea1d5fd586397a17c9f1ab52ef82d5eff5d58465c69477330db5defdf7ff6017b3038d820a742a602b07c013072ec67	common_voice_nb-NO_43529205.mp3	185e65457fa7049ac6419e089b118672131cc90dffbed93ea4bbb598ea7d3587	tjueni tusen tre hundre og førtifem		4	0	thirties	male_masculine	Østlandet		nb-NO	
17e43953917efb0a49bd62ad49a19c9d2ea1d5fd586397a17c9f1ab52ef82d5eff5d58465c69477330db5defdf7ff6017b3038d820a742a602b07c013072ec67	common_voice_nb-NO_43529206.mp3	20b42948f3a8648a0ac4a3d916f28f493107359d2c953575d6f87b248bb424a9	Fitjar		4	0	thirties	male_masculine	Østlandet		nb-NO	
17e43953917efb0a49bd62ad49a19c9d2ea1d5fd586397a17c9f1ab52ef82d5eff5d58465c69477330db5defdf7ff6017b3038d820a742a602b07c013072ec67	common_voice_nb-NO_43529208.mp3	22b905ba2f242a7c0610ea2c0c5f0d4302f38fd75119d5552593cc36885c8fe8	Det har jeg stor forståelse for.		4	0	thirties	male_masculine	Østlandet		nb-NO	
17e43953917efb0a49bd62ad49a19c9d2ea1d5fd586397a17c9f1ab52ef82d5eff5d58465c69477330db5defdf7ff6017b3038d820a742a602b07c013072ec67	common_voice_nb-NO_43529209.mp3	1ce5f09d4eb64e47375aa97b4007ba8f5110948c11684e00a58c503ed151ded1	Men jeg vil ha en bil	general,language_fundamentals	4	0	thirties	male_masculine	Østlandet		nb-NO	
17e43953917efb0a49bd62ad49a19c9d2ea1d5fd586397a17c9f1ab52ef82d5eff5d58465c69477330db5defdf7ff6017b3038d820a742a602b07c013072ec67	common_voice_nb-NO_43529211.mp3	2a673b403ce5ec21fca1c349ea48a5699ae8ca6bb4b60039c8ec3d5411514dee	Synøve Edvardsen		4	0	thirties	male_masculine	Østlandet		nb-NO	
17e43953917efb0a49bd62ad49a19c9d2ea1d5fd586397a17c9f1ab52ef82d5eff5d58465c69477330db5defdf7ff6017b3038d820a742a602b07c013072ec67	common_voice_nb-NO_43529212.mp3	16d383f87722bff3ab0e97f697aeb45dded19ae807849fc9daf1b5926b667e53	Vi er kun tre tronarvinger unna Kong Durek		4	0	thirties	male_masculine	Østlandet		nb-NO	
17e43953917efb0a49bd62ad49a19c9d2ea1d5fd586397a17c9f1ab52ef82d5eff5d58465c69477330db5defdf7ff6017b3038d820a742a602b07c013072ec67	common_voice_nb-NO_43529213.mp3	29bc5550f672307a3cd563cc816412b9df4c53fa2981247496742e851687db5c	Edmund Husby		4	0	thirties	male_masculine	Østlandet		nb-NO	
17e43953917efb0a49bd62ad49a19c9d2ea1d5fd586397a17c9f1ab52ef82d5eff5d58465c69477330db5defdf7ff6017b3038d820a742a602b07c013072ec67	common_voice_nb-NO_43529215.mp3	23c8f75ea6ba7dc602176ea3e1f4a5bea8b2390fb2f7c33c2661945e3059af80	Jeg har parkert ved parken.		4	0	thirties	male_masculine	Østlandet		nb-NO	
17e43953917efb0a49bd62ad49a19c9d2ea1d5fd586397a17c9f1ab52ef82d5eff5d58465c69477330db5defdf7ff6017b3038d820a742a602b07c013072ec67	common_voice_nb-NO_43529216.mp3	1b96bebdb53b238f177da07f18a3dfce804f8c802c46838e09a6869d9e0f4d0e	De må være ryddige på hva de gjør.	general	4	0	thirties	male_masculine	Østlandet		nb-NO	
17e43953917efb0a49bd62ad49a19c9d2ea1d5fd586397a17c9f1ab52ef82d5eff5d58465c69477330db5defdf7ff6017b3038d820a742a602b07c013072ec67	common_voice_nb-NO_43529218.mp3	2094133b027fec53e24096ce88c6e7fd3fe0c2fefd0e7c47e194785eaf3d6d13	utforsker		4	0	thirties	male_masculine	Østlandet		nb-NO	
17e43953917efb0a49bd62ad49a19c9d2ea1d5fd586397a17c9f1ab52ef82d5eff5d58465c69477330db5defdf7ff6017b3038d820a742a602b07c013072ec67	common_voice_nb-NO_43529219.mp3	2e389bde8fb729ad1e56c7b8895d5897ea06a861dc8a5c5a0894fcdb86065735	De har opplevet kunnskapskravene alle etterhvert vil møte i hverdagen.		4	0	thirties	male_masculine	Østlandet		nb-NO	
17e43953917efb0a49bd62ad49a19c9d2ea1d5fd586397a17c9f1ab52ef82d5eff5d58465c69477330db5defdf7ff6017b3038d820a742a602b07c013072ec67	common_voice_nb-NO_43529220.mp3	1efde1ae513d789676e1cc7fccf37df27ce792dc852f36a75982a744a63f4e49	Han har avvist anklagene om seksuell trakassering.	general	4	0	thirties	male_masculine	Østlandet		nb-NO	
17e43953917efb0a49bd62ad49a19c9d2ea1d5fd586397a17c9f1ab52ef82d5eff5d58465c69477330db5defdf7ff6017b3038d820a742a602b07c013072ec67	common_voice_nb-NO_43531265.mp3	1fd8fd1a082383cf2925449c910bb48762ce258655b520944892aa9021a59964	Ord i gyldig syntaktisk rekkefølge, men uten særlig mye innhold		4	0	thirties	male_masculine	Østlandet		nb-NO	
17e43953917efb0a49bd62ad49a19c9d2ea1d5fd586397a17c9f1ab52ef82d5eff5d58465c69477330db5defdf7ff6017b3038d820a742a602b07c013072ec67	common_voice_nb-NO_43531266.mp3	2754558cef2db77d7d24a9f21277ad7d58d07de0fa53ddb150abeed5eaab21a0	Politiet har nå åpnet etterforskning i kommunen.	general	4	0	thirties	male_masculine	Østlandet		nb-NO	
17e43953917efb0a49bd62ad49a19c9d2ea1d5fd586397a17c9f1ab52ef82d5eff5d58465c69477330db5defdf7ff6017b3038d820a742a602b07c013072ec67	common_voice_nb-NO_43531267.mp3	1b70c9cce36d6572a4b3f66d8ca37db34be66d69089c61e05791f63a504274d3	Syv er færre enn åtte.		4	0	thirties	male_masculine	Østlandet		nb-NO	
17e43953917efb0a49bd62ad49a19c9d2ea1d5fd586397a17c9f1ab52ef82d5eff5d58465c69477330db5defdf7ff6017b3038d820a742a602b07c013072ec67	common_voice_nb-NO_43531268.mp3	20444ef3d4c63ae6fb1aed7a889f50921a141bebab49e7f354f73184f05d6a20	Basen var tynt bemannet, og al-Shabaab-krigerne tok kontrollen ganske raskt.	general	4	0	thirties	male_masculine	Østlandet		nb-NO	
17e43953917efb0a49bd62ad49a19c9d2ea1d5fd586397a17c9f1ab52ef82d5eff5d58465c69477330db5defdf7ff6017b3038d820a742a602b07c013072ec67	common_voice_nb-NO_43531269.mp3	057d7d677fee1ca8802802c4ae3bf89c78a18bce005bfd3afa8f6bf29f4bc0c3	Dere er på Pandora, mine damer og herrer		4	0	thirties	male_masculine	Østlandet		nb-NO	
17e43953917efb0a49bd62ad49a19c9d2ea1d5fd586397a17c9f1ab52ef82d5eff5d58465c69477330db5defdf7ff6017b3038d820a742a602b07c013072ec67	common_voice_nb-NO_43531270.mp3	18e9efbe029c0c8bab44bd3523c95a8ba97d54d630626e0a00f49def30a3efa7	Akkurat den regelen pleier jeg å ignorere.	general	4	0	thirties	male_masculine	Østlandet		nb-NO	
17e43953917efb0a49bd62ad49a19c9d2ea1d5fd586397a17c9f1ab52ef82d5eff5d58465c69477330db5defdf7ff6017b3038d820a742a602b07c013072ec67	common_voice_nb-NO_43531271.mp3	26732170a47e5e1e64abe6294790766d1b5ead5d69cc79f7a6a4a0f8bf6f02c4	Kopper og kar skal vaskes og settes på plass.		4	0	thirties	male_masculine	Østlandet		nb-NO	
17e43953917efb0a49bd62ad49a19c9d2ea1d5fd586397a17c9f1ab52ef82d5eff5d58465c69477330db5defdf7ff6017b3038d820a742a602b07c013072ec67	common_voice_nb-NO_43531272.mp3	16682636d1b878c2c5da1a0fb865083717ce00a05c3183953def5d65387b41c4	Statistikken lyver ikke.		4	0	thirties	male_masculine	Østlandet		nb-NO	
17e43953917efb0a49bd62ad49a19c9d2ea1d5fd586397a17c9f1ab52ef82d5eff5d58465c69477330db5defdf7ff6017b3038d820a742a602b07c013072ec67	common_voice_nb-NO_43531273.mp3	2c413cb8dc0acfbf1b430eb179bac3847337a9e656f4f2d0a1e22d8b7b8555b3	Foreløpig holder likevel ikke resultatet tritt med inntektene.	general	4	0	thirties	male_masculine	Østlandet		nb-NO	
17e43953917efb0a49bd62ad49a19c9d2ea1d5fd586397a17c9f1ab52ef82d5eff5d58465c69477330db5defdf7ff6017b3038d820a742a602b07c013072ec67	common_voice_nb-NO_43531274.mp3	27c39e4d138961b147bd6ef62afc42d17f918c7a9ad309147cfc9939d3d0331e	Det er mange som lurer på hvordan det er mulig.	general	4	0	thirties	male_masculine	Østlandet		nb-NO	
17e43953917efb0a49bd62ad49a19c9d2ea1d5fd586397a17c9f1ab52ef82d5eff5d58465c69477330db5defdf7ff6017b3038d820a742a602b07c013072ec67	common_voice_nb-NO_43531275.mp3	0ba0711add2479c5981ccb346f241caf3ac1e3c23e2b9f48eba1b0fc9e720d77	Klimaforandringer påvirker værmønstre over hele verden.	nature_environment	4	0	thirties	male_masculine	Østlandet		nb-NO	
17e43953917efb0a49bd62ad49a19c9d2ea1d5fd586397a17c9f1ab52ef82d5eff5d58465c69477330db5defdf7ff6017b3038d820a742a602b07c013072ec67	common_voice_nb-NO_43531276.mp3	280d344821b52e624d77e9f1bc88d83d321b741780b7aa657aa0c718d607b216	Den uautoriserte biografien kommer ut i oktober.	general	4	0	thirties	male_masculine	Østlandet		nb-NO	
17e43953917efb0a49bd62ad49a19c9d2ea1d5fd586397a17c9f1ab52ef82d5eff5d58465c69477330db5defdf7ff6017b3038d820a742a602b07c013072ec67	common_voice_nb-NO_43531277.mp3	02efe1579acabe4bb0b9b056ff0c8df42c6d167596e3647c5e88ffc651ead93d	Det er derfor temmelig meningsløst å foreslå at dette systemet nå skal endres.		4	0	thirties	male_masculine	Østlandet		nb-NO	
17e43953917efb0a49bd62ad49a19c9d2ea1d5fd586397a17c9f1ab52ef82d5eff5d58465c69477330db5defdf7ff6017b3038d820a742a602b07c013072ec67	common_voice_nb-NO_43531278.mp3	286f34a5521403fdbca7b75cb5871dd09616e428a064ed8ffadc18a66b04babb	Få områder i politikk byr på så vanskelige avveininger.	general	4	0	thirties	male_masculine	Østlandet		nb-NO	
17e43953917efb0a49bd62ad49a19c9d2ea1d5fd586397a17c9f1ab52ef82d5eff5d58465c69477330db5defdf7ff6017b3038d820a742a602b07c013072ec67	common_voice_nb-NO_43531279.mp3	0a4517dd220045b65970c09c60d932e084e40c7c97014d3773e2cc9a37642a88	Nå er han plutselig en realistisk kandidat.	general	4	0	thirties	male_masculine	Østlandet		nb-NO	
17e43953917efb0a49bd62ad49a19c9d2ea1d5fd586397a17c9f1ab52ef82d5eff5d58465c69477330db5defdf7ff6017b3038d820a742a602b07c013072ec67	common_voice_nb-NO_43531285.mp3	1a717241b78d3656dfdc57557f5c4b040a813491474e451e12347b61d8dd9081	Halvparten av bilene var tenkt å gå til utenlandske markeder.	general	4	0	thirties	male_masculine	Østlandet		nb-NO	
17e43953917efb0a49bd62ad49a19c9d2ea1d5fd586397a17c9f1ab52ef82d5eff5d58465c69477330db5defdf7ff6017b3038d820a742a602b07c013072ec67	common_voice_nb-NO_43531286.mp3	0f4eebe29825852d096163d215c691804765e3edd6d960ae7e4979274a45edf8	Hvis ikke, fyll på med smør.		4	0	thirties	male_masculine	Østlandet		nb-NO	
17e43953917efb0a49bd62ad49a19c9d2ea1d5fd586397a17c9f1ab52ef82d5eff5d58465c69477330db5defdf7ff6017b3038d820a742a602b07c013072ec67	common_voice_nb-NO_43531287.mp3	23479c02dc8395c7bf11c211c3d01410f9031a17fc3b7989b15163dbdf62235f	De klarte seg ikke over vannet, så jeg måtte redde dem opp med tau.		4	0	thirties	male_masculine	Østlandet		nb-NO	
17e43953917efb0a49bd62ad49a19c9d2ea1d5fd586397a17c9f1ab52ef82d5eff5d58465c69477330db5defdf7ff6017b3038d820a742a602b07c013072ec67	common_voice_nb-NO_43531288.mp3	2b9dd52fe2ffe26e56e839f71ae14640c48bf2bff55c233f2096f7544b0c64f6	åtte tre to en syttifire to hundre og åttien		4	0	thirties	male_masculine	Østlandet		nb-NO	
17e43953917efb0a49bd62ad49a19c9d2ea1d5fd586397a17c9f1ab52ef82d5eff5d58465c69477330db5defdf7ff6017b3038d820a742a602b07c013072ec67	common_voice_nb-NO_43531289.mp3	25e437a2897ed81160fef3cdfba05ac6a4ab3999b9186477249d1edd5d0e02ed	Over en tredel av disse var voldtekter av mindreårige.	general	4	0	thirties	male_masculine	Østlandet		nb-NO	
17e43953917efb0a49bd62ad49a19c9d2ea1d5fd586397a17c9f1ab52ef82d5eff5d58465c69477330db5defdf7ff6017b3038d820a742a602b07c013072ec67	common_voice_nb-NO_43531290.mp3	256fe3ba1f7275e565a1558d9fd6de5f6abb7e244d355f56a93e5d98b53d82b3	Bøkene hans er solgt til ni land.	general	4	0	thirties	male_masculine	Østlandet		nb-NO	
17e43953917efb0a49bd62ad49a19c9d2ea1d5fd586397a17c9f1ab52ef82d5eff5d58465c69477330db5defdf7ff6017b3038d820a742a602b07c013072ec67	common_voice_nb-NO_43531291.mp3	048748ffadc73bd5f99930e99abdf8904610760b2f050be211854fd15eec2946	Melodien i framtida blir å stole mer på egne vurderinger.	general	4	0	thirties	male_masculine	Østlandet		nb-NO	
17e43953917efb0a49bd62ad49a19c9d2ea1d5fd586397a17c9f1ab52ef82d5eff5d58465c69477330db5defdf7ff6017b3038d820a742a602b07c013072ec67	common_voice_nb-NO_43531292.mp3	21007ebd117436b76cef8b766d7d55303e222cb9c8e40fb5fee720cc56ac24e9	Det skjer så å si hvert eneste år.	general	4	0	thirties	male_masculine	Østlandet		nb-NO	
17e43953917efb0a49bd62ad49a19c9d2ea1d5fd586397a17c9f1ab52ef82d5eff5d58465c69477330db5defdf7ff6017b3038d820a742a602b07c013072ec67	common_voice_nb-NO_43531293.mp3	2db9147b18a1d60efd989f326bd74e08b643e293c3a0b7326fdad894becb4289	Økosystemer i balanse støtter livet på jorden	nature_environment	4	0	thirties	male_masculine	Østlandet		nb-NO	
17e43953917efb0a49bd62ad49a19c9d2ea1d5fd586397a17c9f1ab52ef82d5eff5d58465c69477330db5defdf7ff6017b3038d820a742a602b07c013072ec67	common_voice_nb-NO_43531294.mp3	052e68d49f25088e242e153bdb8ea58064821c2239ece2e5118bab7190815392	Jeg liker ikke pølser, men liker burger med pølsesmak.		4	0	thirties	male_masculine	Østlandet		nb-NO	
17e43953917efb0a49bd62ad49a19c9d2ea1d5fd586397a17c9f1ab52ef82d5eff5d58465c69477330db5defdf7ff6017b3038d820a742a602b07c013072ec67	common_voice_nb-NO_43531300.mp3	048bc1d8e8ab33c5a6fc3eda406c7e789564b935ee6efecdc2ae47b2bfb92fd1	Beboerne forteller at de ikke bruker arealene.		4	0	thirties	male_masculine	Østlandet		nb-NO	
17e43953917efb0a49bd62ad49a19c9d2ea1d5fd586397a17c9f1ab52ef82d5eff5d58465c69477330db5defdf7ff6017b3038d820a742a602b07c013072ec67	common_voice_nb-NO_43531301.mp3	30f6b7c28cbcb4b36f4eb5bdbb7a0eb4c5b6a7d3a3ab88451275eee4c1d6da59	inntektsoppgjørene		4	0	thirties	male_masculine	Østlandet		nb-NO	
17e43953917efb0a49bd62ad49a19c9d2ea1d5fd586397a17c9f1ab52ef82d5eff5d58465c69477330db5defdf7ff6017b3038d820a742a602b07c013072ec67	common_voice_nb-NO_43531302.mp3	317fad74181f6cd43fd33a3960069a343ce69634936ab883ff9ee54419a44785	tjue tusen tre hundre og trettini		4	0	thirties	male_masculine	Østlandet		nb-NO	
17e43953917efb0a49bd62ad49a19c9d2ea1d5fd586397a17c9f1ab52ef82d5eff5d58465c69477330db5defdf7ff6017b3038d820a742a602b07c013072ec67	common_voice_nb-NO_43531303.mp3	2e9f3cb2a24bccf7fc0d1683bd0ed23f49003839e3bd7b5e16bb91e31981588d	Berg		4	0	thirties	male_masculine	Østlandet		nb-NO	
17e43953917efb0a49bd62ad49a19c9d2ea1d5fd586397a17c9f1ab52ef82d5eff5d58465c69477330db5defdf7ff6017b3038d820a742a602b07c013072ec67	common_voice_nb-NO_43531304.mp3	3048738fe4a42ca6469e8a6f9883aef3b415f6707a1f8b85b90d15f971afe29c	Dette lå gutten og lydde på.		4	0	thirties	male_masculine	Østlandet		nb-NO	
17e43953917efb0a49bd62ad49a19c9d2ea1d5fd586397a17c9f1ab52ef82d5eff5d58465c69477330db5defdf7ff6017b3038d820a742a602b07c013072ec67	common_voice_nb-NO_43531305.mp3	2682b53870bd8226cec15c8288e27b3725f45d7ec88beed8420a4c0b968e587d	publikasjoner		4	0	thirties	male_masculine	Østlandet		nb-NO	
17e43953917efb0a49bd62ad49a19c9d2ea1d5fd586397a17c9f1ab52ef82d5eff5d58465c69477330db5defdf7ff6017b3038d820a742a602b07c013072ec67	common_voice_nb-NO_43531306.mp3	27200293efe62332064d24a4d7f46ab687dbdd026139d921d4b3c05bb887e0c8	På veien er dette noe man bryr seg fint lite om.	general	4	0	thirties	male_masculine	Østlandet		nb-NO	
17e43953917efb0a49bd62ad49a19c9d2ea1d5fd586397a17c9f1ab52ef82d5eff5d58465c69477330db5defdf7ff6017b3038d820a742a602b07c013072ec67	common_voice_nb-NO_43531307.mp3	1c30065067b5cbf2bb511de5bfaa44f55cce02dc59fd495abdeffd39b1279174	Den femte dagen fikk han ikke på seg skoene.		4	0	thirties	male_masculine	Østlandet		nb-NO	
17e43953917efb0a49bd62ad49a19c9d2ea1d5fd586397a17c9f1ab52ef82d5eff5d58465c69477330db5defdf7ff6017b3038d820a742a602b07c013072ec67	common_voice_nb-NO_43531308.mp3	23ebbaef8fd204c7744c55b0a2daace9553bc4f9fce93e6bc4b9b3d48b16933f	en to sju fire syttien to hundre og sekstiåtte		4	0	thirties	male_masculine	Østlandet		nb-NO	
17e43953917efb0a49bd62ad49a19c9d2ea1d5fd586397a17c9f1ab52ef82d5eff5d58465c69477330db5defdf7ff6017b3038d820a742a602b07c013072ec67	common_voice_nb-NO_43531309.mp3	1f69808fa828c64fd216a52c44e045006b0ac0fcb218498e9a11ea374358bdce	Men med en sterk sluttspurt ble seieren klar.	general	4	0	thirties	male_masculine	Østlandet		nb-NO	
17e43953917efb0a49bd62ad49a19c9d2ea1d5fd586397a17c9f1ab52ef82d5eff5d58465c69477330db5defdf7ff6017b3038d820a742a602b07c013072ec67	common_voice_nb-NO_43531312.mp3	2bbc8608962b8abe25f7cf1b842a018816be74e2b65e8059076784dbfe833faa	Astri Gustavsen		4	0	thirties	male_masculine	Østlandet		nb-NO	
17e43953917efb0a49bd62ad49a19c9d2ea1d5fd586397a17c9f1ab52ef82d5eff5d58465c69477330db5defdf7ff6017b3038d820a742a602b07c013072ec67	common_voice_nb-NO_43531313.mp3	196cc21fd8fea818f557fa5bec745f8edcc95cd14ad756b75975c1825192af4e	Kun to ganger tidligere har klubben hatt en utenlandsk trener.	general	4	0	thirties	male_masculine	Østlandet		nb-NO	
17e43953917efb0a49bd62ad49a19c9d2ea1d5fd586397a17c9f1ab52ef82d5eff5d58465c69477330db5defdf7ff6017b3038d820a742a602b07c013072ec67	common_voice_nb-NO_43531315.mp3	2667235c0ecc71d5fbaf0e415d4875be0756ea0ebcc37216dad11d25eb96e48a	Der gjennomføres blant annet strålebehandling og avanserte operasjoner.	general	4	0	thirties	male_masculine	Østlandet		nb-NO	
17e43953917efb0a49bd62ad49a19c9d2ea1d5fd586397a17c9f1ab52ef82d5eff5d58465c69477330db5defdf7ff6017b3038d820a742a602b07c013072ec67	common_voice_nb-NO_43531316.mp3	069dc796fa28470c003d4eb852e2bd1a013d1c8200651444e3e07711ca2628a3	Mandal		4	0	thirties	male_masculine	Østlandet		nb-NO	
17e43953917efb0a49bd62ad49a19c9d2ea1d5fd586397a17c9f1ab52ef82d5eff5d58465c69477330db5defdf7ff6017b3038d820a742a602b07c013072ec67	common_voice_nb-NO_43531317.mp3	1656a1f14a295fee64a7fe2a2284a7f4c33aa2c622ceef57777bf280e95e6561	Fortsatt ønsker jeg større respons fra våre medlemmer, korpsstyrer, dirigenter og instruktører.		4	0	thirties	male_masculine	Østlandet		nb-NO	
17e43953917efb0a49bd62ad49a19c9d2ea1d5fd586397a17c9f1ab52ef82d5eff5d58465c69477330db5defdf7ff6017b3038d820a742a602b07c013072ec67	common_voice_nb-NO_43531320.mp3	2c867cf7948accde57c9b620e28d8f19863f1690a9247ece370f0bfa52e66ed6	Eller noe sånt		4	0	thirties	male_masculine	Østlandet		nb-NO	
17e43953917efb0a49bd62ad49a19c9d2ea1d5fd586397a17c9f1ab52ef82d5eff5d58465c69477330db5defdf7ff6017b3038d820a742a602b07c013072ec67	common_voice_nb-NO_43531321.mp3	1d202910447397e04191a558f16ec0bd2eecdd3ae8bc7282525a3756f4e0210f	Det tar meg elleve minutter og sykle til jobb		4	0	thirties	male_masculine	Østlandet		nb-NO	
17e43953917efb0a49bd62ad49a19c9d2ea1d5fd586397a17c9f1ab52ef82d5eff5d58465c69477330db5defdf7ff6017b3038d820a742a602b07c013072ec67	common_voice_nb-NO_43531322.mp3	0ffc28c6dbc1192c72efb89b517e452b885c78515db03f5e13fce0e3add953c6	Blant de drepte var en indisk major.	general	4	0	thirties	male_masculine	Østlandet		nb-NO	
17e43953917efb0a49bd62ad49a19c9d2ea1d5fd586397a17c9f1ab52ef82d5eff5d58465c69477330db5defdf7ff6017b3038d820a742a602b07c013072ec67	common_voice_nb-NO_43531323.mp3	2e3008b42c3a489331453806a032031162177bea1c21b99458ea002e1a4fb2eb	Stord		4	0	thirties	male_masculine	Østlandet		nb-NO	
17e43953917efb0a49bd62ad49a19c9d2ea1d5fd586397a17c9f1ab52ef82d5eff5d58465c69477330db5defdf7ff6017b3038d820a742a602b07c013072ec67	common_voice_nb-NO_43531324.mp3	2c47f740b739abf8eadfa943d0c70af490c3b1dd4892b9069cd90ae5c8118a38	Skolen ble evakuert i etterkant av hendelsen.	general	4	0	thirties	male_masculine	Østlandet		nb-NO	
17e43953917efb0a49bd62ad49a19c9d2ea1d5fd586397a17c9f1ab52ef82d5eff5d58465c69477330db5defdf7ff6017b3038d820a742a602b07c013072ec67	common_voice_nb-NO_43531325.mp3	0410961c598087e8221892c867b684993ce2926fec47fa31b1943dea2fcfbc81	Det er fire dager igjen av året.	news_current_affairs	4	0	thirties	male_masculine	Østlandet		nb-NO	
17e43953917efb0a49bd62ad49a19c9d2ea1d5fd586397a17c9f1ab52ef82d5eff5d58465c69477330db5defdf7ff6017b3038d820a742a602b07c013072ec67	common_voice_nb-NO_43531326.mp3	2f7b6db98071d9840be79d689518927837fd9c55afdda7da1c7439a873a17918	Denne fonetiske labyrinten		4	0	thirties	male_masculine	Østlandet		nb-NO	
17e43953917efb0a49bd62ad49a19c9d2ea1d5fd586397a17c9f1ab52ef82d5eff5d58465c69477330db5defdf7ff6017b3038d820a742a602b07c013072ec67	common_voice_nb-NO_43531327.mp3	1d7de68634156edbc55ab560acb0dc0f11679d58adb521729bd6ce93ae8e2aa6	Hun er medlem i benådningskommisjonen.	general	4	0	thirties	male_masculine	Østlandet		nb-NO	
17e43953917efb0a49bd62ad49a19c9d2ea1d5fd586397a17c9f1ab52ef82d5eff5d58465c69477330db5defdf7ff6017b3038d820a742a602b07c013072ec67	common_voice_nb-NO_43531328.mp3	2446115f7b7480b756fc8b17cbe5c6cebb1ed48fd370003bbb8b2d31643fbc76	Vi har åpent til klokka ni i kveld.	service_retail	4	0	thirties	male_masculine	Østlandet		nb-NO	
17e43953917efb0a49bd62ad49a19c9d2ea1d5fd586397a17c9f1ab52ef82d5eff5d58465c69477330db5defdf7ff6017b3038d820a742a602b07c013072ec67	common_voice_nb-NO_43531333.mp3	21eaec975522cb7bfdd6fb955b71b6f8ea777799bb5b96ae1981d2951ae65b6d	Kronprinsen ble opprørt over Napoleons forakt for Sverige.	history_law_government	4	0	thirties	male_masculine	Østlandet		nb-NO	
17e43953917efb0a49bd62ad49a19c9d2ea1d5fd586397a17c9f1ab52ef82d5eff5d58465c69477330db5defdf7ff6017b3038d820a742a602b07c013072ec67	common_voice_nb-NO_43531334.mp3	24c0c3814995201a63b30919dbae6ec2d2b2cd545683c865ad04c98c97919a75	Reaksjonene lokalt er også sterke.	general	4	0	thirties	male_masculine	Østlandet		nb-NO	
17e43953917efb0a49bd62ad49a19c9d2ea1d5fd586397a17c9f1ab52ef82d5eff5d58465c69477330db5defdf7ff6017b3038d820a742a602b07c013072ec67	common_voice_nb-NO_43531336.mp3	0ea2dc0d52cdaf4ded2011a458b453c99e3f7c6da5939b6c9bff8d0fa98013b7	Pågangen fra folk som trengte alternative reiseruter var for stor.		4	0	thirties	male_masculine	Østlandet		nb-NO	
17e43953917efb0a49bd62ad49a19c9d2ea1d5fd586397a17c9f1ab52ef82d5eff5d58465c69477330db5defdf7ff6017b3038d820a742a602b07c013072ec67	common_voice_nb-NO_43531337.mp3	2cfd02a00d569a519846e853abb7946aa86362ff8c92da28988cf7935b67c5b3	Grace? Dette er Jake Sully		4	0	thirties	male_masculine	Østlandet		nb-NO	
17e43953917efb0a49bd62ad49a19c9d2ea1d5fd586397a17c9f1ab52ef82d5eff5d58465c69477330db5defdf7ff6017b3038d820a742a602b07c013072ec67	common_voice_nb-NO_43531338.mp3	2536a07d24ff60d2e7df5d2acec377dd06604994787c922a1c5514fd53c8a3bb	Nordmenn bruker årlig over syv milliarder kroner på private tannhelsetjenester.	general	4	0	thirties	male_masculine	Østlandet		nb-NO	
17e43953917efb0a49bd62ad49a19c9d2ea1d5fd586397a17c9f1ab52ef82d5eff5d58465c69477330db5defdf7ff6017b3038d820a742a602b07c013072ec67	common_voice_nb-NO_43531339.mp3	0220bb3467cc8d2fe3c7b166fd1be5feb267764d51677b667379a86b041ded1c	Et flatt tak har mye til felles med et gulv.		4	0	thirties	male_masculine	Østlandet		nb-NO	
17e43953917efb0a49bd62ad49a19c9d2ea1d5fd586397a17c9f1ab52ef82d5eff5d58465c69477330db5defdf7ff6017b3038d820a742a602b07c013072ec67	common_voice_nb-NO_43531340.mp3	0214eefdf42005cbb02138f562c2583acd61826143e30a216c649a191ef4c069	Vi ser fortsatt dette problemet i moderne skoler.		4	0	thirties	male_masculine	Østlandet		nb-NO	
17e43953917efb0a49bd62ad49a19c9d2ea1d5fd586397a17c9f1ab52ef82d5eff5d58465c69477330db5defdf7ff6017b3038d820a742a602b07c013072ec67	common_voice_nb-NO_43531341.mp3	2ec3e6a25911d4572bb1861ba6e41028365f7e885111805e7f54da8d1289c17e	De fikk et tidlig mål, og slike påvirker kamper.	general	4	0	thirties	male_masculine	Østlandet		nb-NO	
17e43953917efb0a49bd62ad49a19c9d2ea1d5fd586397a17c9f1ab52ef82d5eff5d58465c69477330db5defdf7ff6017b3038d820a742a602b07c013072ec67	common_voice_nb-NO_43531342.mp3	200568e3b487d45f1189ad26460cd4215badc56f4f5e90ee75c667365ac72d5d	Tilsynet vurderer å politianmelde grisebonden.	general	4	0	thirties	male_masculine	Østlandet		nb-NO	
17e43953917efb0a49bd62ad49a19c9d2ea1d5fd586397a17c9f1ab52ef82d5eff5d58465c69477330db5defdf7ff6017b3038d820a742a602b07c013072ec67	common_voice_nb-NO_43531343.mp3	2b5c1d75c1f6f7067f0cd5b102d7a7af4d5f66e291b9ced36c7672c1039b46e2	Hun er leder av avatar programmet		4	0	thirties	male_masculine	Østlandet		nb-NO	
17e43953917efb0a49bd62ad49a19c9d2ea1d5fd586397a17c9f1ab52ef82d5eff5d58465c69477330db5defdf7ff6017b3038d820a742a602b07c013072ec67	common_voice_nb-NO_43531344.mp3	2e0f812266a5bb971be06c54a2a3b6f3ca7b4aa374957c39b6efff020cede5e2	Lakseprisene har vært svært lave, men er gått noe opp de siste par ukene.		4	0	thirties	male_masculine	Østlandet		nb-NO	
17e43953917efb0a49bd62ad49a19c9d2ea1d5fd586397a17c9f1ab52ef82d5eff5d58465c69477330db5defdf7ff6017b3038d820a742a602b07c013072ec67	common_voice_nb-NO_43531345.mp3	29eb1456bec4939c64650554b57cde04e99814657530a973561e8815d2dcbdf6	Idrettsparken har fått nytt skateanlegg		4	0	thirties	male_masculine	Østlandet		nb-NO	
17e43953917efb0a49bd62ad49a19c9d2ea1d5fd586397a17c9f1ab52ef82d5eff5d58465c69477330db5defdf7ff6017b3038d820a742a602b07c013072ec67	common_voice_nb-NO_43531346.mp3	18a15bdfb2aaf6caa5280f213974ac943a749450b545ccbbef98a0dcd0186eec	På sett og vis blir dette en strid om ord.		4	0	thirties	male_masculine	Østlandet		nb-NO	
17e43953917efb0a49bd62ad49a19c9d2ea1d5fd586397a17c9f1ab52ef82d5eff5d58465c69477330db5defdf7ff6017b3038d820a742a602b07c013072ec67	common_voice_nb-NO_43531347.mp3	1241d144e6296af9f7332ae0f280559997e3f1a5e5b37f9cde15e16b737205fd	Vi sier også nei til bonuser, lokkeprogram og vip-programmer.	general	4	0	thirties	male_masculine	Østlandet		nb-NO	
17e43953917efb0a49bd62ad49a19c9d2ea1d5fd586397a17c9f1ab52ef82d5eff5d58465c69477330db5defdf7ff6017b3038d820a742a602b07c013072ec67	common_voice_nb-NO_43531348.mp3	1f7af07e09052ec8ede87aca5b1c6e47b85268115aa91e60e17b135d362920a4	Hagesæter er inne i sin tredje periode som stortingsrepresentant.	general	4	0	thirties	male_masculine	Østlandet		nb-NO	
17e43953917efb0a49bd62ad49a19c9d2ea1d5fd586397a17c9f1ab52ef82d5eff5d58465c69477330db5defdf7ff6017b3038d820a742a602b07c013072ec67	common_voice_nb-NO_43531349.mp3	25aa723fe1d329df868ec5a4c69ed5796b23a5672ca55a451eabc3b2125a5605	Det er de beste månedstallene i selskapets historie.	general	4	0	thirties	male_masculine	Østlandet		nb-NO	
17e43953917efb0a49bd62ad49a19c9d2ea1d5fd586397a17c9f1ab52ef82d5eff5d58465c69477330db5defdf7ff6017b3038d820a742a602b07c013072ec67	common_voice_nb-NO_43531350.mp3	1deb4ec8c0501904d6d239a686839cbf5a65d335ce47cb9e3a6ded65112de5d3	Til gjengjeld har landet fått flere rike og enda flere fattige.	general	4	0	thirties	male_masculine	Østlandet		nb-NO	
17e43953917efb0a49bd62ad49a19c9d2ea1d5fd586397a17c9f1ab52ef82d5eff5d58465c69477330db5defdf7ff6017b3038d820a742a602b07c013072ec67	common_voice_nb-NO_43531351.mp3	0a67194d975cdcd49699953f2a2ffa800267d5c3e785302e0825107f461e2c18	Lenger sør er sykdommen mer utbredt.	general	4	0	thirties	male_masculine	Østlandet		nb-NO	
17e43953917efb0a49bd62ad49a19c9d2ea1d5fd586397a17c9f1ab52ef82d5eff5d58465c69477330db5defdf7ff6017b3038d820a742a602b07c013072ec67	common_voice_nb-NO_43531352.mp3	029cea1730cb73de6d85dd0e67db37ceb01fac8b369539fafec14236cfc2bca0	Regjeringen vil ha raskere bosetting av asylsøkere.	general	4	0	thirties	male_masculine	Østlandet		nb-NO	
17e43953917efb0a49bd62ad49a19c9d2ea1d5fd586397a17c9f1ab52ef82d5eff5d58465c69477330db5defdf7ff6017b3038d820a742a602b07c013072ec67	common_voice_nb-NO_43531358.mp3	32b77e17bcb575352273b8acf9c784cbc824d971cf7e008f3cb3b5264ea7937c	Takk for at du handler lokalt hos oss!	service_retail	4	0	thirties	male_masculine	Østlandet		nb-NO	
17e43953917efb0a49bd62ad49a19c9d2ea1d5fd586397a17c9f1ab52ef82d5eff5d58465c69477330db5defdf7ff6017b3038d820a742a602b07c013072ec67	common_voice_nb-NO_43531359.mp3	03ca18de80b5ff2ec28f73dbaa8c1f47c1e78a2b8f79fcbda9988fffd824814b	Et generelt forbud vil gi mindre byråkrati.	general	4	0	thirties	male_masculine	Østlandet		nb-NO	
17e43953917efb0a49bd62ad49a19c9d2ea1d5fd586397a17c9f1ab52ef82d5eff5d58465c69477330db5defdf7ff6017b3038d820a742a602b07c013072ec67	common_voice_nb-NO_43531360.mp3	1a09e6f9c5ca46ecdd98d0f7f809c98567e895e2d12e53569bb57f78c1f1e7a2	Dermed kan miniprisbilletter blir dobbelt så dyre.	general	4	0	thirties	male_masculine	Østlandet		nb-NO	
17e43953917efb0a49bd62ad49a19c9d2ea1d5fd586397a17c9f1ab52ef82d5eff5d58465c69477330db5defdf7ff6017b3038d820a742a602b07c013072ec67	common_voice_nb-NO_43531361.mp3	1e9a6a09d3cddb3cf757636dab7f7956ff020cb1b93a78cf52b1098ca7390505	Han sier at han har dyp medfølelse for familien.	general	4	0	thirties	male_masculine	Østlandet		nb-NO	
17e43953917efb0a49bd62ad49a19c9d2ea1d5fd586397a17c9f1ab52ef82d5eff5d58465c69477330db5defdf7ff6017b3038d820a742a602b07c013072ec67	common_voice_nb-NO_43531363.mp3	1b8de97c1913f0d9ef7c7cf46b1afda63c395fa84cf6adb722cc49b0aaf872d9	Det er urettferdig.	general	4	0	thirties	male_masculine	Østlandet		nb-NO	
17e43953917efb0a49bd62ad49a19c9d2ea1d5fd586397a17c9f1ab52ef82d5eff5d58465c69477330db5defdf7ff6017b3038d820a742a602b07c013072ec67	common_voice_nb-NO_43531364.mp3	06f4a9bf7daaf4012dd0b9c105d50d0d39ec0a820f725a6ae4b50ea309e23f36	Det viste seg å holde.	general	4	0	thirties	male_masculine	Østlandet		nb-NO	
17e43953917efb0a49bd62ad49a19c9d2ea1d5fd586397a17c9f1ab52ef82d5eff5d58465c69477330db5defdf7ff6017b3038d820a742a602b07c013072ec67	common_voice_nb-NO_43531365.mp3	107a353baa453d90a7e1a0adb8e9e2123b9e53c107c9155b6eef63f98c064992	Når miljøplanen blir godkjent, vil den imidlertid bli publisert.	general	4	0	thirties	male_masculine	Østlandet		nb-NO	
17e43953917efb0a49bd62ad49a19c9d2ea1d5fd586397a17c9f1ab52ef82d5eff5d58465c69477330db5defdf7ff6017b3038d820a742a602b07c013072ec67	common_voice_nb-NO_43531366.mp3	009aafb6cff538998cf50d0c1791113c4540fdc50b36e78240610238d608a81e	Mannskapet skal blant annet bruke tiden på håndtering av sjøminer.	general	4	0	thirties	male_masculine	Østlandet		nb-NO	
17e43953917efb0a49bd62ad49a19c9d2ea1d5fd586397a17c9f1ab52ef82d5eff5d58465c69477330db5defdf7ff6017b3038d820a742a602b07c013072ec67	common_voice_nb-NO_43531367.mp3	27594a480bfc124a87e219fbe58763027e7c05bf32ad79a15c36c1ee072fb23c	Den største enkeltsaken gjelder svindel av nærmere to millioner kroner.	general	4	0	thirties	male_masculine	Østlandet		nb-NO	
17e43953917efb0a49bd62ad49a19c9d2ea1d5fd586397a17c9f1ab52ef82d5eff5d58465c69477330db5defdf7ff6017b3038d820a742a602b07c013072ec67	common_voice_nb-NO_43531368.mp3	2811864a7dc8be5fc0ef34bbb7cca93e5361e7189d2db9f2654738ef3d86dd4a	La det snø.		4	0	thirties	male_masculine	Østlandet		nb-NO	
17e43953917efb0a49bd62ad49a19c9d2ea1d5fd586397a17c9f1ab52ef82d5eff5d58465c69477330db5defdf7ff6017b3038d820a742a602b07c013072ec67	common_voice_nb-NO_43531369.mp3	31e7768589a30a34b333d768349d3cc421147d3902047a0bd7825f21e6524e29	Det står ikke bare på sisteetappen, sa hun.	general	4	0	thirties	male_masculine	Østlandet		nb-NO	
17e43953917efb0a49bd62ad49a19c9d2ea1d5fd586397a17c9f1ab52ef82d5eff5d58465c69477330db5defdf7ff6017b3038d820a742a602b07c013072ec67	common_voice_nb-NO_43531370.mp3	01648d0c86ab5190ca0d83271f1409ffaa2089cc77317db134378066aabfa40e	Barbro Grimstad		4	0	thirties	male_masculine	Østlandet		nb-NO	
17e43953917efb0a49bd62ad49a19c9d2ea1d5fd586397a17c9f1ab52ef82d5eff5d58465c69477330db5defdf7ff6017b3038d820a742a602b07c013072ec67	common_voice_nb-NO_43531371.mp3	2b3132b37e9344bfb8850e6365afdc9da2c21f6ba082f25c08dd2e96c7f6fba8	trettiåtte tusen fem hundre og syttifire		4	0	thirties	male_masculine	Østlandet		nb-NO	
17e43953917efb0a49bd62ad49a19c9d2ea1d5fd586397a17c9f1ab52ef82d5eff5d58465c69477330db5defdf7ff6017b3038d820a742a602b07c013072ec67	common_voice_nb-NO_43531757.mp3	07da85a4cbb6206b515dee082d27e168f2cf6da6902919f13eaf3ffc001b7e98	Tilstanden er kritisk for tre av dem.	general	4	0	thirties	male_masculine	Østlandet		nb-NO	
17e43953917efb0a49bd62ad49a19c9d2ea1d5fd586397a17c9f1ab52ef82d5eff5d58465c69477330db5defdf7ff6017b3038d820a742a602b07c013072ec67	common_voice_nb-NO_43531758.mp3	304558b466f30722cde0781fc70abccf48f4ba54e00c20bac18ffb4846153cc9	Registeret skal være offentlig tilgjengelig på internett.	general	4	0	thirties	male_masculine	Østlandet		nb-NO	
17e43953917efb0a49bd62ad49a19c9d2ea1d5fd586397a17c9f1ab52ef82d5eff5d58465c69477330db5defdf7ff6017b3038d820a742a602b07c013072ec67	common_voice_nb-NO_43531759.mp3	2735fc9a5595c68eb88a5d340cff98918746cfb46a226ce5965690d3fe42de68	Her er tips til andre bøker med beskrivelser fra nærmiljøet.		4	0	thirties	male_masculine	Østlandet		nb-NO	
17e43953917efb0a49bd62ad49a19c9d2ea1d5fd586397a17c9f1ab52ef82d5eff5d58465c69477330db5defdf7ff6017b3038d820a742a602b07c013072ec67	common_voice_nb-NO_43531760.mp3	014ace244d98a0f4ca1aa0c6cd4b5740972e8fd0b2d2b10b2f4f3d110dd4882a	Forskerne har kun sett på lengden av utdanningen.	general	4	0	thirties	male_masculine	Østlandet		nb-NO	
17e43953917efb0a49bd62ad49a19c9d2ea1d5fd586397a17c9f1ab52ef82d5eff5d58465c69477330db5defdf7ff6017b3038d820a742a602b07c013072ec67	common_voice_nb-NO_43531761.mp3	21b0731a6a359643902ced984e51f755acbd41fc9622cdbc22c5c6c2560b9f99	Lokale myndigheter har tatt avgjørelser i strid med interessene til private eiendomsutviklere.		4	0	thirties	male_masculine	Østlandet		nb-NO	
17e43953917efb0a49bd62ad49a19c9d2ea1d5fd586397a17c9f1ab52ef82d5eff5d58465c69477330db5defdf7ff6017b3038d820a742a602b07c013072ec67	common_voice_nb-NO_43531762.mp3	2d9bb347b6fdd1bbcb07208d3161c403c001d9c96c7acaa5984c04075661fd0a	berikende		4	0	thirties	male_masculine	Østlandet		nb-NO	
17e43953917efb0a49bd62ad49a19c9d2ea1d5fd586397a17c9f1ab52ef82d5eff5d58465c69477330db5defdf7ff6017b3038d820a742a602b07c013072ec67	common_voice_nb-NO_43531763.mp3	0b79e9949455aa4d387b3c039234d0fdd00f144f377826a1468fe190d2da7b1f	WikiLeaks-organisasjonen selv reagerte kraftig da den nye tiltalen ble kjent.	general	4	0	thirties	male_masculine	Østlandet		nb-NO	
17e43953917efb0a49bd62ad49a19c9d2ea1d5fd586397a17c9f1ab52ef82d5eff5d58465c69477330db5defdf7ff6017b3038d820a742a602b07c013072ec67	common_voice_nb-NO_43531764.mp3	1cc1563dbe685d264f66776638aadfbb1dc4317f65aa4803c2f8baa7f7695c99	Det ville, krigerske livet er forbi, og et nytt liv begynner.		4	0	thirties	male_masculine	Østlandet		nb-NO	
17e43953917efb0a49bd62ad49a19c9d2ea1d5fd586397a17c9f1ab52ef82d5eff5d58465c69477330db5defdf7ff6017b3038d820a742a602b07c013072ec67	common_voice_nb-NO_43531765.mp3	1fd6e37851029aed70f1124005f42a55f6fe84f26487124bc6533c31a3424b58	Hjelpen gis vanligvis i hjemmet.	general	4	0	thirties	male_masculine	Østlandet		nb-NO	
17e43953917efb0a49bd62ad49a19c9d2ea1d5fd586397a17c9f1ab52ef82d5eff5d58465c69477330db5defdf7ff6017b3038d820a742a602b07c013072ec67	common_voice_nb-NO_43531766.mp3	34a92fdbc40e4f9ca62eb53d4ac0f81ba8ff5a1b60765e0c217f761596e066cd	tre fire en tre nittitre ni hundre og tjueto		4	0	thirties	male_masculine	Østlandet		nb-NO	
17e43953917efb0a49bd62ad49a19c9d2ea1d5fd586397a17c9f1ab52ef82d5eff5d58465c69477330db5defdf7ff6017b3038d820a742a602b07c013072ec67	common_voice_nb-NO_43531767.mp3	0214a33bfdd890cdadacdadd07b202396560e17683426dc67e9d7c5f50f96b40	Vi ville benytte oss av hans kunnskaper.		4	0	thirties	male_masculine	Østlandet		nb-NO	
17e43953917efb0a49bd62ad49a19c9d2ea1d5fd586397a17c9f1ab52ef82d5eff5d58465c69477330db5defdf7ff6017b3038d820a742a602b07c013072ec67	common_voice_nb-NO_43531768.mp3	2686c8f0799b35f472189b5672322aecb8f20860dd787df0cec82a0708caae9d	Det er alvorlig at folk utnytter systemet.	general	4	0	thirties	male_masculine	Østlandet		nb-NO	
17e43953917efb0a49bd62ad49a19c9d2ea1d5fd586397a17c9f1ab52ef82d5eff5d58465c69477330db5defdf7ff6017b3038d820a742a602b07c013072ec67	common_voice_nb-NO_43531769.mp3	2fd63bd3a5558ce6d653615f2c8de35f3aacb3415cd9ffbef4b3f1afba83c8a2	Angir om domenet kan sette infokapsler.		4	0	thirties	male_masculine	Østlandet		nb-NO	
17e43953917efb0a49bd62ad49a19c9d2ea1d5fd586397a17c9f1ab52ef82d5eff5d58465c69477330db5defdf7ff6017b3038d820a742a602b07c013072ec67	common_voice_nb-NO_43531770.mp3	25229835290c9d49c742f0f349c7580affd159ef598e741272fdf72d4c45643b	Tallene viser et relativt svakt vareforbruk de tre siste månedene.	general	4	0	thirties	male_masculine	Østlandet		nb-NO	
17e43953917efb0a49bd62ad49a19c9d2ea1d5fd586397a17c9f1ab52ef82d5eff5d58465c69477330db5defdf7ff6017b3038d820a742a602b07c013072ec67	common_voice_nb-NO_43531771.mp3	24735fee3667eaee9fbf4ceef4bef71a8e3dae768ce25868f244064ea68ca79b	Barna er den nye satsingen, og hver medlemsforening skal etterhvert opprette barnas egne turlag.		4	0	thirties	male_masculine	Østlandet		nb-NO	
17e43953917efb0a49bd62ad49a19c9d2ea1d5fd586397a17c9f1ab52ef82d5eff5d58465c69477330db5defdf7ff6017b3038d820a742a602b07c013072ec67	common_voice_nb-NO_43531772.mp3	1f6bf417e24fa7954f840d57eaad4e2a5d6ff153aa02f6021afb31056cf4e8d8	Da skal man fiske torsken i løpet av to-tre måneder.	general	4	0	thirties	male_masculine	Østlandet		nb-NO	
17e43953917efb0a49bd62ad49a19c9d2ea1d5fd586397a17c9f1ab52ef82d5eff5d58465c69477330db5defdf7ff6017b3038d820a742a602b07c013072ec67	common_voice_nb-NO_43531773.mp3	0ead39c0fadf680d9b81194f9d1f9b4f16498f8ee41eec82dcb17399daa74e6e	De tre andre sitter fremdeles i varetekt.	general	4	0	thirties	male_masculine	Østlandet		nb-NO	
17e43953917efb0a49bd62ad49a19c9d2ea1d5fd586397a17c9f1ab52ef82d5eff5d58465c69477330db5defdf7ff6017b3038d820a742a602b07c013072ec67	common_voice_nb-NO_43531774.mp3	35393bd5e80da660aa117d9949f8edd5a708e2e9ed374e90e9033315ebd20ff7	Interesserte selskaper har to måneder på å komme med bud.		4	0	thirties	male_masculine	Østlandet		nb-NO	
17e43953917efb0a49bd62ad49a19c9d2ea1d5fd586397a17c9f1ab52ef82d5eff5d58465c69477330db5defdf7ff6017b3038d820a742a602b07c013072ec67	common_voice_nb-NO_43531775.mp3	2439a7aeb7d6ab5d8d9a74f19778f13e26cf94f5e3c2684888338992847983f8	Det var hovedsakelig kjøp av biler som bidro til nedgangen.	general	4	0	thirties	male_masculine	Østlandet		nb-NO	
17e43953917efb0a49bd62ad49a19c9d2ea1d5fd586397a17c9f1ab52ef82d5eff5d58465c69477330db5defdf7ff6017b3038d820a742a602b07c013072ec67	common_voice_nb-NO_43531776.mp3	05228ebca306fa011e1b8f2e69cf21ca2c0266c6e6ef8dc3bd25acc87bf2d696	Kinesiske medier raser onsdag mot ham.	general	4	0	thirties	male_masculine	Østlandet		nb-NO	
17e43953917efb0a49bd62ad49a19c9d2ea1d5fd586397a17c9f1ab52ef82d5eff5d58465c69477330db5defdf7ff6017b3038d820a742a602b07c013072ec67	common_voice_nb-NO_43531777.mp3	272200f3b19e107744b124da217c8d1686098ac0e4ed958a0b5d14a15dcf083b	Han opplyser ellers at det ligger ikke i kortene at antall ansatte skal reduseres.		4	0	thirties	male_masculine	Østlandet		nb-NO	
17e43953917efb0a49bd62ad49a19c9d2ea1d5fd586397a17c9f1ab52ef82d5eff5d58465c69477330db5defdf7ff6017b3038d820a742a602b07c013072ec67	common_voice_nb-NO_43531778.mp3	2876e7d491756f6a5a49be45783af2a64624e4549d4d90b3a2733c85133b8986	I leiren er det flere norske kvinner og barn.	general	4	0	thirties	male_masculine	Østlandet		nb-NO	
17e43953917efb0a49bd62ad49a19c9d2ea1d5fd586397a17c9f1ab52ef82d5eff5d58465c69477330db5defdf7ff6017b3038d820a742a602b07c013072ec67	common_voice_nb-NO_43531779.mp3	1cea5ce52d0ab2d74e0a8781dd8d3b07c3eaa10ba093397a5592c62cc9c52d1e	Samtidig økte eksportprisen på fryst laks.	general	4	0	thirties	male_masculine	Østlandet		nb-NO	
17e43953917efb0a49bd62ad49a19c9d2ea1d5fd586397a17c9f1ab52ef82d5eff5d58465c69477330db5defdf7ff6017b3038d820a742a602b07c013072ec67	common_voice_nb-NO_43531780.mp3	17967974135f4d55f28f0c58bda9091ca9d11c6df6cbb0fe0ca4d38f34664815	Halsen er også ulik på de to draktene.	general	4	0	thirties	male_masculine	Østlandet		nb-NO	
17e43953917efb0a49bd62ad49a19c9d2ea1d5fd586397a17c9f1ab52ef82d5eff5d58465c69477330db5defdf7ff6017b3038d820a742a602b07c013072ec67	common_voice_nb-NO_43531781.mp3	1acacd743aa8197bf1a9437d478bb6420ed35b7ad03ffb37ec42f6ced580b301	Signalet er at skolen skal gå drastisk til verks om nødvendig.	general	4	0	thirties	male_masculine	Østlandet		nb-NO	
17e43953917efb0a49bd62ad49a19c9d2ea1d5fd586397a17c9f1ab52ef82d5eff5d58465c69477330db5defdf7ff6017b3038d820a742a602b07c013072ec67	common_voice_nb-NO_43531782.mp3	2f9647d4b9d267cec131e5df18c5fc8af543a84f039394184f4f8d2c665e3dc8	Nå høster vi gevinstene.	general	4	0	thirties	male_masculine	Østlandet		nb-NO	
17e43953917efb0a49bd62ad49a19c9d2ea1d5fd586397a17c9f1ab52ef82d5eff5d58465c69477330db5defdf7ff6017b3038d820a742a602b07c013072ec67	common_voice_nb-NO_43531783.mp3	14e7ef4b16de2b59c29a15b96c8618c6730416e070b704cc1f49d83b726ce2da	betegnet		4	0	thirties	male_masculine	Østlandet		nb-NO	
17e43953917efb0a49bd62ad49a19c9d2ea1d5fd586397a17c9f1ab52ef82d5eff5d58465c69477330db5defdf7ff6017b3038d820a742a602b07c013072ec67	common_voice_nb-NO_43531785.mp3	3360faa0e1a4bce219ed1ca017e1ff74f674b55ba850a0cc7719dd8f5c00d4e3	Nå har vi spilt rollespill sammen i snart fem år.		4	0	thirties	male_masculine	Østlandet		nb-NO	
17e43953917efb0a49bd62ad49a19c9d2ea1d5fd586397a17c9f1ab52ef82d5eff5d58465c69477330db5defdf7ff6017b3038d820a742a602b07c013072ec67	common_voice_nb-NO_43531786.mp3	209e6bf0e1bb408e625a14525af7137461fdf6bf965fbce374efe14dc112c8d6	Han er tidligere domfelt flere ganger for voldshendelser.	general	4	0	thirties	male_masculine	Østlandet		nb-NO	
17e43953917efb0a49bd62ad49a19c9d2ea1d5fd586397a17c9f1ab52ef82d5eff5d58465c69477330db5defdf7ff6017b3038d820a742a602b07c013072ec67	common_voice_nb-NO_43531787.mp3	0b952e493db3fe9df77684176f882ff609a1756237f0e79c61231b6ec128abae	Den grønne ballen hoppet av sted.		4	0	thirties	male_masculine	Østlandet		nb-NO	
17e43953917efb0a49bd62ad49a19c9d2ea1d5fd586397a17c9f1ab52ef82d5eff5d58465c69477330db5defdf7ff6017b3038d820a742a602b07c013072ec67	common_voice_nb-NO_43531788.mp3	2637fb3f1827c1b6b9782a52a133b963bc8957fc02c31025cf11949451216f26	Vi skal reise til sjøs.	general	4	0	thirties	male_masculine	Østlandet		nb-NO	
17e43953917efb0a49bd62ad49a19c9d2ea1d5fd586397a17c9f1ab52ef82d5eff5d58465c69477330db5defdf7ff6017b3038d820a742a602b07c013072ec67	common_voice_nb-NO_43531789.mp3	15329edd16e71dbaff3cd84d1a7aea6a22f5561467a6e537f1861e2ea3fe24e7	Han ga de fleste av dem ut på eget forlag.	media_entertainment	4	0	thirties	male_masculine	Østlandet		nb-NO	
17e43953917efb0a49bd62ad49a19c9d2ea1d5fd586397a17c9f1ab52ef82d5eff5d58465c69477330db5defdf7ff6017b3038d820a742a602b07c013072ec67	common_voice_nb-NO_43531790.mp3	09052335d632b9ea8090769f5e60b996c76b66b539535be7992772f31b60fc44	tiden		4	0	thirties	male_masculine	Østlandet		nb-NO	
17e43953917efb0a49bd62ad49a19c9d2ea1d5fd586397a17c9f1ab52ef82d5eff5d58465c69477330db5defdf7ff6017b3038d820a742a602b07c013072ec67	common_voice_nb-NO_43531791.mp3	26bd0324ff5c03a67d035be82687c3171ea5380128e06cb202fed16fbf457007	Det er ingen tvil om at denne politikken har vært vellykket.		4	0	thirties	male_masculine	Østlandet		nb-NO	
17e43953917efb0a49bd62ad49a19c9d2ea1d5fd586397a17c9f1ab52ef82d5eff5d58465c69477330db5defdf7ff6017b3038d820a742a602b07c013072ec67	common_voice_nb-NO_43531792.mp3	26c0f36eae3dc64c988577638c0bfd31ed47c3f00b57c301d3bf16c1516e3217	Bildet er fra et tidligere parti mot armeneren.	general	4	0	thirties	male_masculine	Østlandet		nb-NO	
17e43953917efb0a49bd62ad49a19c9d2ea1d5fd586397a17c9f1ab52ef82d5eff5d58465c69477330db5defdf7ff6017b3038d820a742a602b07c013072ec67	common_voice_nb-NO_43531793.mp3	26aa94f98616ed5ed9bd4bc753d157d1115a528b0b0f5de9c59b6dafdb84aaf8	begivenhetsrik		4	0	thirties	male_masculine	Østlandet		nb-NO	
17e43953917efb0a49bd62ad49a19c9d2ea1d5fd586397a17c9f1ab52ef82d5eff5d58465c69477330db5defdf7ff6017b3038d820a742a602b07c013072ec67	common_voice_nb-NO_43531794.mp3	1c0b35ebb10fbddfb9792bbe5aed1be12d97f9601405a14150367fa34fb04949	Det er smørbrød vi elsker å spise.		4	0	thirties	male_masculine	Østlandet		nb-NO	
17e43953917efb0a49bd62ad49a19c9d2ea1d5fd586397a17c9f1ab52ef82d5eff5d58465c69477330db5defdf7ff6017b3038d820a742a602b07c013072ec67	common_voice_nb-NO_43531795.mp3	175927a981f441159f2e8d09760a1a1a30316cf0e37d71de906dd27007c63386	Selvfølgelig kommer det også hendelser der etter, sier han.	general	4	0	thirties	male_masculine	Østlandet		nb-NO	
17e43953917efb0a49bd62ad49a19c9d2ea1d5fd586397a17c9f1ab52ef82d5eff5d58465c69477330db5defdf7ff6017b3038d820a742a602b07c013072ec67	common_voice_nb-NO_43531796.mp3	333eac1b8714b7c300430047afa93c1564bff446b093babf0bb8108d8898a33f	Som leder for sikkerhetsavdelingen, er det min jobb å holde dere i live		4	0	thirties	male_masculine	Østlandet		nb-NO	
17e43953917efb0a49bd62ad49a19c9d2ea1d5fd586397a17c9f1ab52ef82d5eff5d58465c69477330db5defdf7ff6017b3038d820a742a602b07c013072ec67	common_voice_nb-NO_43531798.mp3	10a3a2be83f708a5ca79c035aef48235e66aa12f87e215fcc0ac0cc3b61aeb89	G U N V O R		4	0	thirties	male_masculine	Østlandet		nb-NO	
17e43953917efb0a49bd62ad49a19c9d2ea1d5fd586397a17c9f1ab52ef82d5eff5d58465c69477330db5defdf7ff6017b3038d820a742a602b07c013072ec67	common_voice_nb-NO_43531799.mp3	3568dc98c0d9ff80f933f82f23ab8a52736814b8c7465d459a86cd92f526abaa	Halldis Eilertsen		4	0	thirties	male_masculine	Østlandet		nb-NO	
17e43953917efb0a49bd62ad49a19c9d2ea1d5fd586397a17c9f1ab52ef82d5eff5d58465c69477330db5defdf7ff6017b3038d820a742a602b07c013072ec67	common_voice_nb-NO_43531800.mp3	2010362e89ec8f3afa960b078d41c1d5f13d8a45c46128a9ab9d1b4035c6f525	Inspektørene skal kunne bøtelegge ulovlig lotterivirksomhet på stedet.		4	0	thirties	male_masculine	Østlandet		nb-NO	
17e43953917efb0a49bd62ad49a19c9d2ea1d5fd586397a17c9f1ab52ef82d5eff5d58465c69477330db5defdf7ff6017b3038d820a742a602b07c013072ec67	common_voice_nb-NO_43531801.mp3	32ae7eb81cdffbfc0cca99de214cae81ba6754415e223cab000b0624b10f58c0	Det er ikke noe vits å si det samme flere ganger.		4	0	thirties	male_masculine	Østlandet		nb-NO	
17e43953917efb0a49bd62ad49a19c9d2ea1d5fd586397a17c9f1ab52ef82d5eff5d58465c69477330db5defdf7ff6017b3038d820a742a602b07c013072ec67	common_voice_nb-NO_43531802.mp3	27da1f69025d26e96ea8fecc003fd6d2adfb57a9f1d7c37a2c00e49ab450b7d1	Moralen er rettet mot andre mennesker.		4	0	thirties	male_masculine	Østlandet		nb-NO	
17e43953917efb0a49bd62ad49a19c9d2ea1d5fd586397a17c9f1ab52ef82d5eff5d58465c69477330db5defdf7ff6017b3038d820a742a602b07c013072ec67	common_voice_nb-NO_43531803.mp3	25c2b3d56a3dd97af90393957159c1b9811a3fecf818c3516d52579effce7afe	Det kan være familie eller venner.	general	4	0	thirties	male_masculine	Østlandet		nb-NO	
17e43953917efb0a49bd62ad49a19c9d2ea1d5fd586397a17c9f1ab52ef82d5eff5d58465c69477330db5defdf7ff6017b3038d820a742a602b07c013072ec67	common_voice_nb-NO_43531804.mp3	0482e0a560ce9443c4d53896fba06be74f37e7df0dc5f747af40f0823358fa8f	butikk		4	0	thirties	male_masculine	Østlandet		nb-NO	
17e43953917efb0a49bd62ad49a19c9d2ea1d5fd586397a17c9f1ab52ef82d5eff5d58465c69477330db5defdf7ff6017b3038d820a742a602b07c013072ec67	common_voice_nb-NO_43531805.mp3	338086d17ceab23c4121bd302f40abd85927c2a4d404bcff9873fde2e70cdb38	Han vet ikke helt hva han vil, men er søkende og idealistisk.		4	0	thirties	male_masculine	Østlandet		nb-NO	
17e43953917efb0a49bd62ad49a19c9d2ea1d5fd586397a17c9f1ab52ef82d5eff5d58465c69477330db5defdf7ff6017b3038d820a742a602b07c013072ec67	common_voice_nb-NO_43531806.mp3	21589ad02d6b94aa1503060c4ef62607cd136cd0d02b638a24783866f03edfbb	Angsten i vinternettene ble dempet av varme tepper, trøstende ord og omtanke for hverandre.		4	0	thirties	male_masculine	Østlandet		nb-NO	
17e43953917efb0a49bd62ad49a19c9d2ea1d5fd586397a17c9f1ab52ef82d5eff5d58465c69477330db5defdf7ff6017b3038d820a742a602b07c013072ec67	common_voice_nb-NO_43531807.mp3	2ab80b3e469be717c5807f5f2dbd438612911a52eaa1addf94be62a9476c9894	Etikk er vanskelige saker, men det kan forstås.		4	0	thirties	male_masculine	Østlandet		nb-NO	
17e43953917efb0a49bd62ad49a19c9d2ea1d5fd586397a17c9f1ab52ef82d5eff5d58465c69477330db5defdf7ff6017b3038d820a742a602b07c013072ec67	common_voice_nb-NO_43531808.mp3	35e3eaef8ec4cdc75c7d5ed4d0d0a49da228e4ea3073245e0b5f147c2ea386de	Datarelaterte lovbrudd		4	0	thirties	male_masculine	Østlandet		nb-NO	
17e43953917efb0a49bd62ad49a19c9d2ea1d5fd586397a17c9f1ab52ef82d5eff5d58465c69477330db5defdf7ff6017b3038d820a742a602b07c013072ec67	common_voice_nb-NO_43531809.mp3	03ee46e4c3cb257d16ee8d346cf3715ea6dbbe256bf24655d432b7025b510009	Lykke til med søknaden		4	0	thirties	male_masculine	Østlandet		nb-NO	
17e43953917efb0a49bd62ad49a19c9d2ea1d5fd586397a17c9f1ab52ef82d5eff5d58465c69477330db5defdf7ff6017b3038d820a742a602b07c013072ec67	common_voice_nb-NO_43531810.mp3	19dc083c94b36e75dbb99c24cab158727fbe1eb4e0cce26abf2edd638ea1ce5a	Etter noen år måtte han gi opp.	news_current_affairs	4	0	thirties	male_masculine	Østlandet		nb-NO	
17e43953917efb0a49bd62ad49a19c9d2ea1d5fd586397a17c9f1ab52ef82d5eff5d58465c69477330db5defdf7ff6017b3038d820a742a602b07c013072ec67	common_voice_nb-NO_43531811.mp3	3287a7c7af3c6edbd4d1b11acc905051336cea41be9cd52c64f09b39ef1b8e70	Jeg pleier å skru av mobilen når jeg kjører bil.		4	0	thirties	male_masculine	Østlandet		nb-NO	
17e43953917efb0a49bd62ad49a19c9d2ea1d5fd586397a17c9f1ab52ef82d5eff5d58465c69477330db5defdf7ff6017b3038d820a742a602b07c013072ec67	common_voice_nb-NO_43531812.mp3	3679683cd6f904396a1d0201f5f9b100aae281a18d7e2f998e959a0664a15a05	Jeg vil påstå at opplevelsen er rent estetisk.		4	0	thirties	male_masculine	Østlandet		nb-NO	
17e43953917efb0a49bd62ad49a19c9d2ea1d5fd586397a17c9f1ab52ef82d5eff5d58465c69477330db5defdf7ff6017b3038d820a742a602b07c013072ec67	common_voice_nb-NO_43531813.mp3	3230bf3e3774ab93cddac13a5bcce84e294862583b489f0d449f4ac70a196108	sju fire seks tre sytten ni hundre og førtifire		4	0	thirties	male_masculine	Østlandet		nb-NO	
17e43953917efb0a49bd62ad49a19c9d2ea1d5fd586397a17c9f1ab52ef82d5eff5d58465c69477330db5defdf7ff6017b3038d820a742a602b07c013072ec67	common_voice_nb-NO_43531814.mp3	369b481bf87ef73a3a4ef792905142a398057de71203549acb6a39eaa58cab98	Det er en dårlig idé å spise betong.		4	0	thirties	male_masculine	Østlandet		nb-NO	
17e43953917efb0a49bd62ad49a19c9d2ea1d5fd586397a17c9f1ab52ef82d5eff5d58465c69477330db5defdf7ff6017b3038d820a742a602b07c013072ec67	common_voice_nb-NO_43531815.mp3	273130cdd753fe7ffe6a35e433f04900b06d3a1816779106825280d87f3a02dd	Det dreier seg imidlertid ikke om store mengder av gull.	general	4	0	thirties	male_masculine	Østlandet		nb-NO	
17e43953917efb0a49bd62ad49a19c9d2ea1d5fd586397a17c9f1ab52ef82d5eff5d58465c69477330db5defdf7ff6017b3038d820a742a602b07c013072ec67	common_voice_nb-NO_43531816.mp3	3674b98bbc9ce0916dd39bc5cbae9f51dbd51fdcccf93d8cd3933c71ab6f6de0	Svart er trist.		4	0	thirties	male_masculine	Østlandet		nb-NO	
17e43953917efb0a49bd62ad49a19c9d2ea1d5fd586397a17c9f1ab52ef82d5eff5d58465c69477330db5defdf7ff6017b3038d820a742a602b07c013072ec67	common_voice_nb-NO_43531817.mp3	0d1ed7eadab5898ba7a00af74e52ad626d16a3c2ed800178df4854c3f411e8cc	Plassen ble sikret med seier i siste serierunde.	general	4	0	thirties	male_masculine	Østlandet		nb-NO	
17e43953917efb0a49bd62ad49a19c9d2ea1d5fd586397a17c9f1ab52ef82d5eff5d58465c69477330db5defdf7ff6017b3038d820a742a602b07c013072ec67	common_voice_nb-NO_43531818.mp3	2650da0bcfd5d489a3cfba704b687d5465593af90a35b3505c2e01db07cdbe69	Inntrengingen førte til at utgravningen av kull måtte stanses.	general	4	0	thirties	male_masculine	Østlandet		nb-NO	
17e43953917efb0a49bd62ad49a19c9d2ea1d5fd586397a17c9f1ab52ef82d5eff5d58465c69477330db5defdf7ff6017b3038d820a742a602b07c013072ec67	common_voice_nb-NO_43531819.mp3	0107b39f9a1805769f1b0f3fe4590d7e188517fd03635fa474d8cb3dfadeea04	Agurknytt er Dagbladet sin spesialitet.		4	0	thirties	male_masculine	Østlandet		nb-NO	
17e43953917efb0a49bd62ad49a19c9d2ea1d5fd586397a17c9f1ab52ef82d5eff5d58465c69477330db5defdf7ff6017b3038d820a742a602b07c013072ec67	common_voice_nb-NO_43531820.mp3	29eb5795f4c146f320a838a1943d4f9a16620286d63c94b27cad6a35a2d96d0e	Du kommer til å selge dobbelt så mye pomfri.		4	0	thirties	male_masculine	Østlandet		nb-NO	
17e43953917efb0a49bd62ad49a19c9d2ea1d5fd586397a17c9f1ab52ef82d5eff5d58465c69477330db5defdf7ff6017b3038d820a742a602b07c013072ec67	common_voice_nb-NO_43531821.mp3	0434de98f12c501a5f110a130bfdd7255aa11038f100ba869fc762fd73ef5a75	Sola skinner i Bergen nå.	general,language_fundamentals	4	0	thirties	male_masculine	Østlandet		nb-NO	
17e43953917efb0a49bd62ad49a19c9d2ea1d5fd586397a17c9f1ab52ef82d5eff5d58465c69477330db5defdf7ff6017b3038d820a742a602b07c013072ec67	common_voice_nb-NO_43531823.mp3	15e6e3648d75006949b1a4f2d303a0f46cd4abd461d07f6402169c6de9a6eaf4	Vi reiste mot det vestlige hovedlandets kyst.	general,nature_environment,news_current_affairs	4	0	thirties	male_masculine	Østlandet		nb-NO	
17e43953917efb0a49bd62ad49a19c9d2ea1d5fd586397a17c9f1ab52ef82d5eff5d58465c69477330db5defdf7ff6017b3038d820a742a602b07c013072ec67	common_voice_nb-NO_43531824.mp3	37f3277196b26eeec1e6a9679d9ddb4460dbd63a15fe23e4965a303cb5edd5b9	Hos denne dikteren er det dekning for ordene.		4	0	thirties	male_masculine	Østlandet		nb-NO	
17e43953917efb0a49bd62ad49a19c9d2ea1d5fd586397a17c9f1ab52ef82d5eff5d58465c69477330db5defdf7ff6017b3038d820a742a602b07c013072ec67	common_voice_nb-NO_43531825.mp3	04e410d354447edde8b82117ef2145fc5c7bb3cc293f221c78e380f59e1c9048	Vormedal		4	0	thirties	male_masculine	Østlandet		nb-NO	
17e43953917efb0a49bd62ad49a19c9d2ea1d5fd586397a17c9f1ab52ef82d5eff5d58465c69477330db5defdf7ff6017b3038d820a742a602b07c013072ec67	common_voice_nb-NO_43531826.mp3	1efe1a6c72f1bb0880d50e02ed567b8b3f4fdc5d8eb96f5fefe31bc7e60d06de	Luiz har lenge vært i samtaler med klubben om ny kontrakt.	general	4	0	thirties	male_masculine	Østlandet		nb-NO	
17e43953917efb0a49bd62ad49a19c9d2ea1d5fd586397a17c9f1ab52ef82d5eff5d58465c69477330db5defdf7ff6017b3038d820a742a602b07c013072ec67	common_voice_nb-NO_43531827.mp3	272a8d9d838201b6ee05e44b6710e9708cfbd76c5930ddb68db3b41146899460	Denne banden ble attpåtil tatt av politiet i april.	general	4	0	thirties	male_masculine	Østlandet		nb-NO	
17e43953917efb0a49bd62ad49a19c9d2ea1d5fd586397a17c9f1ab52ef82d5eff5d58465c69477330db5defdf7ff6017b3038d820a742a602b07c013072ec67	common_voice_nb-NO_43531828.mp3	29fe72afe190c290de2c6bee20150a7ff3d9c3a964808b914e334c23320c9fb0	Januar		4	0	thirties	male_masculine	Østlandet		nb-NO	
17e43953917efb0a49bd62ad49a19c9d2ea1d5fd586397a17c9f1ab52ef82d5eff5d58465c69477330db5defdf7ff6017b3038d820a742a602b07c013072ec67	common_voice_nb-NO_43531829.mp3	37bc3578b2152036f1c94e8ef4afe70d0a81f384d6ca073baf821a1994f8ee15	På den måten er det mulig å formalisere realkompetansen i løpet av kort tid.		4	0	thirties	male_masculine	Østlandet		nb-NO	
17e43953917efb0a49bd62ad49a19c9d2ea1d5fd586397a17c9f1ab52ef82d5eff5d58465c69477330db5defdf7ff6017b3038d820a742a602b07c013072ec67	common_voice_nb-NO_43531830.mp3	3266f1a3b5164a758f79dfe896b0f8209623e077f973cee90a29ded60d65bc94	Karina Stubberud		4	0	thirties	male_masculine	Østlandet		nb-NO	
17e43953917efb0a49bd62ad49a19c9d2ea1d5fd586397a17c9f1ab52ef82d5eff5d58465c69477330db5defdf7ff6017b3038d820a742a602b07c013072ec67	common_voice_nb-NO_43531831.mp3	2ebaf58ae76eecc2d5552399d4f8ef77202b754ca80bcb2b7b3412df0d515135	Ny teknologi kan bryte kjeden mellom økonomisk vekst og miljøforurensning.		4	0	thirties	male_masculine	Østlandet		nb-NO	
17e43953917efb0a49bd62ad49a19c9d2ea1d5fd586397a17c9f1ab52ef82d5eff5d58465c69477330db5defdf7ff6017b3038d820a742a602b07c013072ec67	common_voice_nb-NO_43531832.mp3	25e09bf511b4a94a5fb927ba6a98cfa2007b094cfedfcafedf01f08140c69aeb	I vår tid er det figurative uttrykk i et vanskelig forhold til det illustrative.		4	0	thirties	male_masculine	Østlandet		nb-NO	
17e43953917efb0a49bd62ad49a19c9d2ea1d5fd586397a17c9f1ab52ef82d5eff5d58465c69477330db5defdf7ff6017b3038d820a742a602b07c013072ec67	common_voice_nb-NO_43531833.mp3	2098591c0861d7dc3c448b98d4162e1bd5ae0211e3a3a3bf9b5dd2d80e20a94c	Da er fasiten samlet sett svakere.	general	4	0	thirties	male_masculine	Østlandet		nb-NO	
17e43953917efb0a49bd62ad49a19c9d2ea1d5fd586397a17c9f1ab52ef82d5eff5d58465c69477330db5defdf7ff6017b3038d820a742a602b07c013072ec67	common_voice_nb-NO_43531834.mp3	15018cc815a8be36bc784de5801dd1ce5439e113f6b4d7ac57a90e6656138f1b	Du må adlyde reglene		4	0	thirties	male_masculine	Østlandet		nb-NO	
17e43953917efb0a49bd62ad49a19c9d2ea1d5fd586397a17c9f1ab52ef82d5eff5d58465c69477330db5defdf7ff6017b3038d820a742a602b07c013072ec67	common_voice_nb-NO_43531835.mp3	232bf779c522296faa569a5eec39d98bb699e3754a6c2363a196bcbc9b2f15fa	to fire fire fire åttiåtte åtte hundre og trettifem		4	0	thirties	male_masculine	Østlandet		nb-NO	
17e43953917efb0a49bd62ad49a19c9d2ea1d5fd586397a17c9f1ab52ef82d5eff5d58465c69477330db5defdf7ff6017b3038d820a742a602b07c013072ec67	common_voice_nb-NO_43531836.mp3	28f18cf93e706ff9a0903cc5f02cb40f437138dd128e73af5defe47468e97552	Få opp farten		4	0	thirties	male_masculine	Østlandet		nb-NO	
17e43953917efb0a49bd62ad49a19c9d2ea1d5fd586397a17c9f1ab52ef82d5eff5d58465c69477330db5defdf7ff6017b3038d820a742a602b07c013072ec67	common_voice_nb-NO_43531837.mp3	141b97e7a771e01c344a2a5452542ea2ac25fd5c357884a6a4c8ec90f8ec13af	fortsett		4	0	thirties	male_masculine	Østlandet		nb-NO	
17e43953917efb0a49bd62ad49a19c9d2ea1d5fd586397a17c9f1ab52ef82d5eff5d58465c69477330db5defdf7ff6017b3038d820a742a602b07c013072ec67	common_voice_nb-NO_43531838.mp3	356f7628e68e4294de3965b5e0fe685d615abef5bf23e56e1ecc56964d0e1135	F O R E T A K		4	0	thirties	male_masculine	Østlandet		nb-NO	
17e43953917efb0a49bd62ad49a19c9d2ea1d5fd586397a17c9f1ab52ef82d5eff5d58465c69477330db5defdf7ff6017b3038d820a742a602b07c013072ec67	common_voice_nb-NO_43531839.mp3	23ad3ba8acc84baa0140729b5537ed6830f0a0049237b56efba685d9f011d93b	Laget spiller i den argentinske toppdivisjonen.	general	4	0	thirties	male_masculine	Østlandet		nb-NO	
17e43953917efb0a49bd62ad49a19c9d2ea1d5fd586397a17c9f1ab52ef82d5eff5d58465c69477330db5defdf7ff6017b3038d820a742a602b07c013072ec67	common_voice_nb-NO_43531840.mp3	2fcd8cd5ea4dabfd1e6dd918c817376e46104f44db83ac49d4fdc56fe0500446	Med utgivelser i kompendieform mener vi publikasjoner med enkelt utstyr, produsert på bestilling.		4	0	thirties	male_masculine	Østlandet		nb-NO	
17e43953917efb0a49bd62ad49a19c9d2ea1d5fd586397a17c9f1ab52ef82d5eff5d58465c69477330db5defdf7ff6017b3038d820a742a602b07c013072ec67	common_voice_nb-NO_43531841.mp3	183fe6ffb29607f09ad5dac2055f1b5f1cb0f3ebe48b7f1392a3c09ff55639b4	Det vil ramme produkter som datamaskiner, mobiltelefoner og sko.	general	4	0	thirties	male_masculine	Østlandet		nb-NO	
17e43953917efb0a49bd62ad49a19c9d2ea1d5fd586397a17c9f1ab52ef82d5eff5d58465c69477330db5defdf7ff6017b3038d820a742a602b07c013072ec67	common_voice_nb-NO_43531842.mp3	24fa677a4ce5950b9e7aa58bd51b278d052dd73b51c7581193f45d0e87df41f2	Det vil føre til kraftig vind.	general	4	0	thirties	male_masculine	Østlandet		nb-NO	
17e43953917efb0a49bd62ad49a19c9d2ea1d5fd586397a17c9f1ab52ef82d5eff5d58465c69477330db5defdf7ff6017b3038d820a742a602b07c013072ec67	common_voice_nb-NO_43531843.mp3	1b0321f4b727156db2e16c17e6ded23e2db42473199501dc59f1cb4808b2dedc	Det er ikke så enkelt.	general	4	0	thirties	male_masculine	Østlandet		nb-NO	
17e43953917efb0a49bd62ad49a19c9d2ea1d5fd586397a17c9f1ab52ef82d5eff5d58465c69477330db5defdf7ff6017b3038d820a742a602b07c013072ec67	common_voice_nb-NO_43531844.mp3	02eadc1cb59202689e5abd1c4712618bae846fe144ce96ff9e8df5b51860ea89	I tillegg skal inntektene dekke de enorme, men ukjente kostnadene forbundet med oppskytingene.		4	0	thirties	male_masculine	Østlandet		nb-NO	
17e43953917efb0a49bd62ad49a19c9d2ea1d5fd586397a17c9f1ab52ef82d5eff5d58465c69477330db5defdf7ff6017b3038d820a742a602b07c013072ec67	common_voice_nb-NO_43531845.mp3	31525548aee6af4b8d69d240bb14c585547180cd6c4690ff1b0f68d0c3426a17	I mange år har hjelpepleieren vært tillitsvalgt.		4	0	thirties	male_masculine	Østlandet		nb-NO	
17e43953917efb0a49bd62ad49a19c9d2ea1d5fd586397a17c9f1ab52ef82d5eff5d58465c69477330db5defdf7ff6017b3038d820a742a602b07c013072ec67	common_voice_nb-NO_43531846.mp3	38f9563a907d782b1f46955d0823b91347abe816120e82c2356ada4d0c26bdda	Unnskyld meg Jake		4	0	thirties	male_masculine	Østlandet		nb-NO	
17e43953917efb0a49bd62ad49a19c9d2ea1d5fd586397a17c9f1ab52ef82d5eff5d58465c69477330db5defdf7ff6017b3038d820a742a602b07c013072ec67	common_voice_nb-NO_43531847.mp3	2c0a62f2154b3e91adb2017a0b5d5330004b9f322425b4ef4009583c04b293a5	Jeg setter pris på deg	general,language_fundamentals	4	0	thirties	male_masculine	Østlandet		nb-NO	
17e43953917efb0a49bd62ad49a19c9d2ea1d5fd586397a17c9f1ab52ef82d5eff5d58465c69477330db5defdf7ff6017b3038d820a742a602b07c013072ec67	common_voice_nb-NO_43531848.mp3	33f251c47687f9004c422aac89230f60cdeaebf630fcdc3a69d82959e2751c2a	Han har også vært trener for en rekke klubber.	news_current_affairs	4	0	thirties	male_masculine	Østlandet		nb-NO	
17e43953917efb0a49bd62ad49a19c9d2ea1d5fd586397a17c9f1ab52ef82d5eff5d58465c69477330db5defdf7ff6017b3038d820a742a602b07c013072ec67	common_voice_nb-NO_43531849.mp3	1d1a93e452735941a0ce6fa4337657657c5dae3d5019b088fbb3f8288282ad36	Han har også medvirket i en rekke filmer.	general	4	0	thirties	male_masculine	Østlandet		nb-NO	
17e43953917efb0a49bd62ad49a19c9d2ea1d5fd586397a17c9f1ab52ef82d5eff5d58465c69477330db5defdf7ff6017b3038d820a742a602b07c013072ec67	common_voice_nb-NO_43531850.mp3	1a4e1f042400189b93af30561e7eee1280bc6e5bc10682f8e21f8e7c75adf3ce	Vi kan bidra ved å støtte bærekraftige produkter.	nature_environment	4	0	thirties	male_masculine	Østlandet		nb-NO	
17e43953917efb0a49bd62ad49a19c9d2ea1d5fd586397a17c9f1ab52ef82d5eff5d58465c69477330db5defdf7ff6017b3038d820a742a602b07c013072ec67	common_voice_nb-NO_43531851.mp3	24a0f8a38432ee1977da0436b770e62f76026688f8a7de475b8a3bd865e9eb42	Dei beste vennane er det færrast av		4	0	thirties	male_masculine	Østlandet		nb-NO	
17e43953917efb0a49bd62ad49a19c9d2ea1d5fd586397a17c9f1ab52ef82d5eff5d58465c69477330db5defdf7ff6017b3038d820a742a602b07c013072ec67	common_voice_nb-NO_43531852.mp3	1276b2cd233b8542257c62bac917484bcf7ad9d5234a0fd6df5587a5e1f694e6	Etter den tids skikk var dette ingen dårlig handling, men en ærefull dåd.		4	0	thirties	male_masculine	Østlandet		nb-NO	
17e43953917efb0a49bd62ad49a19c9d2ea1d5fd586397a17c9f1ab52ef82d5eff5d58465c69477330db5defdf7ff6017b3038d820a742a602b07c013072ec67	common_voice_nb-NO_43531853.mp3	323a466d8169b64521cd350143e706785438341b7d048854dff8ef771ea6086d	hvor er jeg		4	0	thirties	male_masculine	Østlandet		nb-NO	
17e43953917efb0a49bd62ad49a19c9d2ea1d5fd586397a17c9f1ab52ef82d5eff5d58465c69477330db5defdf7ff6017b3038d820a742a602b07c013072ec67	common_voice_nb-NO_43531854.mp3	3544c3daed083738af46e8f691087d50dc21133c530ca92390b2f28ac020b715	En av de drepte var en kvinne.	general	4	0	thirties	male_masculine	Østlandet		nb-NO	
17e43953917efb0a49bd62ad49a19c9d2ea1d5fd586397a17c9f1ab52ef82d5eff5d58465c69477330db5defdf7ff6017b3038d820a742a602b07c013072ec67	common_voice_nb-NO_43531855.mp3	364f104f8ceb57a56546a60fff9eb4cc4d8504b9ce2a084b53c533ae19b24518	Det forteller oss at deler av diktet har et allmenngyldig innhold.		4	0	thirties	male_masculine	Østlandet		nb-NO	
17e43953917efb0a49bd62ad49a19c9d2ea1d5fd586397a17c9f1ab52ef82d5eff5d58465c69477330db5defdf7ff6017b3038d820a742a602b07c013072ec67	common_voice_nb-NO_43531856.mp3	235d9bc81c3163c2a4a5ba42a7fd01583c9d59e559bfaff1a1f65c5113896388	Her kan du stille spørsmål		4	0	thirties	male_masculine	Østlandet		nb-NO	
17e43953917efb0a49bd62ad49a19c9d2ea1d5fd586397a17c9f1ab52ef82d5eff5d58465c69477330db5defdf7ff6017b3038d820a742a602b07c013072ec67	common_voice_nb-NO_43531857.mp3	252acb6384afc56896d86b85a3126e73dad6e2c6465760fd45397d57285c47c0	Jeg likte å tegne som barn, men ikke nå lenger.		4	0	thirties	male_masculine	Østlandet		nb-NO	
17e43953917efb0a49bd62ad49a19c9d2ea1d5fd586397a17c9f1ab52ef82d5eff5d58465c69477330db5defdf7ff6017b3038d820a742a602b07c013072ec67	common_voice_nb-NO_43531858.mp3	1f973680cdabc932c1624f36f1ea3ac4a49b809aa97e2b22c6b8ebc4aa24f711	Det er ikke klart hvem som står bak de tre rakettene.	general	4	0	thirties	male_masculine	Østlandet		nb-NO	
17e43953917efb0a49bd62ad49a19c9d2ea1d5fd586397a17c9f1ab52ef82d5eff5d58465c69477330db5defdf7ff6017b3038d820a742a602b07c013072ec67	common_voice_nb-NO_43531859.mp3	11da940fd269a8660910f3f8407474f56db5e2a9b392c31a0544fb406658e99e	Soldatene satt i helikopteret da det styrtet.	general	4	0	thirties	male_masculine	Østlandet		nb-NO	
17e43953917efb0a49bd62ad49a19c9d2ea1d5fd586397a17c9f1ab52ef82d5eff5d58465c69477330db5defdf7ff6017b3038d820a742a602b07c013072ec67	common_voice_nb-NO_43531860.mp3	28480278f523d4cb97463d3d41acfdf8936fca1d310caebaeebfa03422062c12	For det andre å etterisolere loft.	general	4	0	thirties	male_masculine	Østlandet		nb-NO	
17e43953917efb0a49bd62ad49a19c9d2ea1d5fd586397a17c9f1ab52ef82d5eff5d58465c69477330db5defdf7ff6017b3038d820a742a602b07c013072ec67	common_voice_nb-NO_43531861.mp3	2b216d8029e30e7ae8c44f96736dab01a6b52b403196e0d44430eb0ce9c425ee	trettifire tusen sju hundre og syttisju		4	0	thirties	male_masculine	Østlandet		nb-NO	
17e43953917efb0a49bd62ad49a19c9d2ea1d5fd586397a17c9f1ab52ef82d5eff5d58465c69477330db5defdf7ff6017b3038d820a742a602b07c013072ec67	common_voice_nb-NO_43531862.mp3	2820ea154e3b3507b8a5b70b9407612c04fb154de323731cb90b5bc6bd7113e6	Vil du komme på middag på torsdag?		4	0	thirties	male_masculine	Østlandet		nb-NO	
17e43953917efb0a49bd62ad49a19c9d2ea1d5fd586397a17c9f1ab52ef82d5eff5d58465c69477330db5defdf7ff6017b3038d820a742a602b07c013072ec67	common_voice_nb-NO_43531863.mp3	12d4181407ae1f6097aaabb68387a9702dbb3ccc895dad5d51ee4b6444fd37c5	Nei, den ser ut som deg		4	0	thirties	male_masculine	Østlandet		nb-NO	
17e43953917efb0a49bd62ad49a19c9d2ea1d5fd586397a17c9f1ab52ef82d5eff5d58465c69477330db5defdf7ff6017b3038d820a742a602b07c013072ec67	common_voice_nb-NO_43531864.mp3	336ad2bc16a1b2c798b77bcf890d9106458b585b953b716abbe661297b0106d7	Den sjette dagen forsov jeg meg.		4	0	thirties	male_masculine	Østlandet		nb-NO	
17e43953917efb0a49bd62ad49a19c9d2ea1d5fd586397a17c9f1ab52ef82d5eff5d58465c69477330db5defdf7ff6017b3038d820a742a602b07c013072ec67	common_voice_nb-NO_43531865.mp3	1766a2addbb1d55524b68dd27d143f572259ac03ae3422711d57010d868ab5a6	Her er det barer og serveringssteder plassert helt ute ved flyene.		4	0	thirties	male_masculine	Østlandet		nb-NO	
17e43953917efb0a49bd62ad49a19c9d2ea1d5fd586397a17c9f1ab52ef82d5eff5d58465c69477330db5defdf7ff6017b3038d820a742a602b07c013072ec67	common_voice_nb-NO_43531867.mp3	2d611cc52f2c2a1238d5e87be1753cd05e0a50e8e43ec585e3e4e2e7c503a472	Rør forsiktig om av og til.		4	0	thirties	male_masculine	Østlandet		nb-NO	
17e43953917efb0a49bd62ad49a19c9d2ea1d5fd586397a17c9f1ab52ef82d5eff5d58465c69477330db5defdf7ff6017b3038d820a742a602b07c013072ec67	common_voice_nb-NO_43531869.mp3	1dcc7f612635f502d8fc2c9a27d95792b4085ca7339b6936d18b4f08d1dd61a1	Ser ut som ham		4	0	thirties	male_masculine	Østlandet		nb-NO	
17e43953917efb0a49bd62ad49a19c9d2ea1d5fd586397a17c9f1ab52ef82d5eff5d58465c69477330db5defdf7ff6017b3038d820a742a602b07c013072ec67	common_voice_nb-NO_43531871.mp3	255c805782768b93f9cfec105cd8a8ce8176e525df09a9b2cdb122308285fb58	Mesteparten av dette er alkohol og sigaretter.	general	4	0	thirties	male_masculine	Østlandet		nb-NO	
17e43953917efb0a49bd62ad49a19c9d2ea1d5fd586397a17c9f1ab52ef82d5eff5d58465c69477330db5defdf7ff6017b3038d820a742a602b07c013072ec67	common_voice_nb-NO_43531872.mp3	1d7fd26526550d00aa64ca2ef555f78ef73aac4edacce3bef70786657510ca6f	På flere titalls flygninger hadde han følge av familien.	general	4	0	thirties	male_masculine	Østlandet		nb-NO	
17e43953917efb0a49bd62ad49a19c9d2ea1d5fd586397a17c9f1ab52ef82d5eff5d58465c69477330db5defdf7ff6017b3038d820a742a602b07c013072ec67	common_voice_nb-NO_43531873.mp3	252b46b47dc2ec803c0f1ccbddda8e185589fb615ba433ead2ffac7983d7f0cf	Målet var å lage den beste kaffen.	general	4	0	thirties	male_masculine	Østlandet		nb-NO	
17e43953917efb0a49bd62ad49a19c9d2ea1d5fd586397a17c9f1ab52ef82d5eff5d58465c69477330db5defdf7ff6017b3038d820a742a602b07c013072ec67	common_voice_nb-NO_43531874.mp3	3245bddba7c13020ad322e6ec5f4e1e47a8f1a3a62ea1881189379e7703da403	B E S T Y R E R		4	0	thirties	male_masculine	Østlandet		nb-NO	
17e43953917efb0a49bd62ad49a19c9d2ea1d5fd586397a17c9f1ab52ef82d5eff5d58465c69477330db5defdf7ff6017b3038d820a742a602b07c013072ec67	common_voice_nb-NO_43531875.mp3	000d579c9fd7880e069282f2b31ee28593b6104ec5e78227ff5d805082239620	Selv om forskjellen virker liten		4	0	thirties	male_masculine	Østlandet		nb-NO	
17e43953917efb0a49bd62ad49a19c9d2ea1d5fd586397a17c9f1ab52ef82d5eff5d58465c69477330db5defdf7ff6017b3038d820a742a602b07c013072ec67	common_voice_nb-NO_43531876.mp3	27f4a7a5d5356cfdf36af00e947a5daed01c56ed68f60f9e735f9fcce53f6a2b	Er gaven kjøpt på internett, har du ikke bytterett i romjula.	general	4	0	thirties	male_masculine	Østlandet		nb-NO	
17e43953917efb0a49bd62ad49a19c9d2ea1d5fd586397a17c9f1ab52ef82d5eff5d58465c69477330db5defdf7ff6017b3038d820a742a602b07c013072ec67	common_voice_nb-NO_43531877.mp3	0fcfa771eed86ec0f8005ea37075e1d70d50aa90625f5b221f80402009dfc946	mistet		4	0	thirties	male_masculine	Østlandet		nb-NO	
17e43953917efb0a49bd62ad49a19c9d2ea1d5fd586397a17c9f1ab52ef82d5eff5d58465c69477330db5defdf7ff6017b3038d820a742a602b07c013072ec67	common_voice_nb-NO_43531878.mp3	2aeeeffd7dd6c2d9493523dc22aeb356c274a77e519476d22a93637f331dc95e	aksjekursene		4	0	thirties	male_masculine	Østlandet		nb-NO	
17e43953917efb0a49bd62ad49a19c9d2ea1d5fd586397a17c9f1ab52ef82d5eff5d58465c69477330db5defdf7ff6017b3038d820a742a602b07c013072ec67	common_voice_nb-NO_43531879.mp3	288a01867ad77da428af3e2b440af351b5aa442d57c38f62b2975af33d945f5a	Katrine Fredheim		4	0	thirties	male_masculine	Østlandet		nb-NO	
17e43953917efb0a49bd62ad49a19c9d2ea1d5fd586397a17c9f1ab52ef82d5eff5d58465c69477330db5defdf7ff6017b3038d820a742a602b07c013072ec67	common_voice_nb-NO_43531880.mp3	296c1c8e8bbbdcef1e47601849a37a5df72bb62473f03f66f70dbcf250c3f003	Jeg skulle ønske at jeg slapp å si alt dette.		4	0	thirties	male_masculine	Østlandet		nb-NO	
17e43953917efb0a49bd62ad49a19c9d2ea1d5fd586397a17c9f1ab52ef82d5eff5d58465c69477330db5defdf7ff6017b3038d820a742a602b07c013072ec67	common_voice_nb-NO_43531881.mp3	335e56e0fa1fea917021a74df4a3b27595eea846f3029fd65e004b1667eb496b	Thomas Kvåle		4	0	thirties	male_masculine	Østlandet		nb-NO	
17e43953917efb0a49bd62ad49a19c9d2ea1d5fd586397a17c9f1ab52ef82d5eff5d58465c69477330db5defdf7ff6017b3038d820a742a602b07c013072ec67	common_voice_nb-NO_43531882.mp3	24040b418c0b4a9e5e8b06ceb3d4c1e4a005e34e5158bbc57cfeecc7d4013b96	Vi får ikke sett noe særlig av byen.		4	0	thirties	male_masculine	Østlandet		nb-NO	
17e43953917efb0a49bd62ad49a19c9d2ea1d5fd586397a17c9f1ab52ef82d5eff5d58465c69477330db5defdf7ff6017b3038d820a742a602b07c013072ec67	common_voice_nb-NO_43531883.mp3	375039d4483c01ad183a8dd0010f42e4b9d6432f26f08e921764d35c3631ee7f	Det blir som med maten, vi må lære oss hva som er sunt.		4	0	thirties	male_masculine	Østlandet		nb-NO	
17e43953917efb0a49bd62ad49a19c9d2ea1d5fd586397a17c9f1ab52ef82d5eff5d58465c69477330db5defdf7ff6017b3038d820a742a602b07c013072ec67	common_voice_nb-NO_43531884.mp3	27924c8da7e17efd4d95143879c1d275c335e62ed03f80555d0bcf5729c43c90	Hva er det dere vil?	general	4	0	thirties	male_masculine	Østlandet		nb-NO	
17e43953917efb0a49bd62ad49a19c9d2ea1d5fd586397a17c9f1ab52ef82d5eff5d58465c69477330db5defdf7ff6017b3038d820a742a602b07c013072ec67	common_voice_nb-NO_43531885.mp3	20327a43ed84247b4420091cd969e482917c7b3c3bd95b2fc1d1820ffacdac9e	Forslaget skal sendes ut på høring.	general	4	0	thirties	male_masculine	Østlandet		nb-NO	
17e43953917efb0a49bd62ad49a19c9d2ea1d5fd586397a17c9f1ab52ef82d5eff5d58465c69477330db5defdf7ff6017b3038d820a742a602b07c013072ec67	common_voice_nb-NO_43531886.mp3	1d4de4f4f481d1feac9df5cc6d16d6fc72c0a72185740d767425232f365e836a	Kari hadde ikke lyst til å være med på skitur på fjellet.		4	0	thirties	male_masculine	Østlandet		nb-NO	
17e43953917efb0a49bd62ad49a19c9d2ea1d5fd586397a17c9f1ab52ef82d5eff5d58465c69477330db5defdf7ff6017b3038d820a742a602b07c013072ec67	common_voice_nb-NO_43531887.mp3	37358ce700a3536e06458b82f52a939427614cb3108a913e4d483d486f0cf88d	svaberg		4	0	thirties	male_masculine	Østlandet		nb-NO	
17e43953917efb0a49bd62ad49a19c9d2ea1d5fd586397a17c9f1ab52ef82d5eff5d58465c69477330db5defdf7ff6017b3038d820a742a602b07c013072ec67	common_voice_nb-NO_43531888.mp3	3b6131c9a8f56d154cc4773f78029f14e2f24afe173d4ad7bb13754955e7049e	Nå er det fotballting annethvert år.	general	4	0	thirties	male_masculine	Østlandet		nb-NO	
17e43953917efb0a49bd62ad49a19c9d2ea1d5fd586397a17c9f1ab52ef82d5eff5d58465c69477330db5defdf7ff6017b3038d820a742a602b07c013072ec67	common_voice_nb-NO_43531889.mp3	3979b63a3edc6185e0e934cd94f8c356298ab46e1b68695260879fb38a64c334	Gamle norske visdomsord.		4	0	thirties	male_masculine	Østlandet		nb-NO	
17e43953917efb0a49bd62ad49a19c9d2ea1d5fd586397a17c9f1ab52ef82d5eff5d58465c69477330db5defdf7ff6017b3038d820a742a602b07c013072ec67	common_voice_nb-NO_43531890.mp3	2f08991ff6deda360d512a1faa1dd384071a0ba2ea83846772daf7e1ebc7f45b	Hvor mange grader er det ute nå i Celcius?	nature_environment	4	0	thirties	male_masculine	Østlandet		nb-NO	
17e43953917efb0a49bd62ad49a19c9d2ea1d5fd586397a17c9f1ab52ef82d5eff5d58465c69477330db5defdf7ff6017b3038d820a742a602b07c013072ec67	common_voice_nb-NO_43531891.mp3	21b17c0d2e0fba0886ef6ece2e5a1026c63bdf61cb3bd1cf97aad2b44c2aea7c	Hun viser hvordan utviklingstrekk i barnevernet gjenspeiler viktige samfunnsendringer i etterkrigstiden.		4	0	thirties	male_masculine	Østlandet		nb-NO	
17e43953917efb0a49bd62ad49a19c9d2ea1d5fd586397a17c9f1ab52ef82d5eff5d58465c69477330db5defdf7ff6017b3038d820a742a602b07c013072ec67	common_voice_nb-NO_43531892.mp3	35aab7f030a38e12e22b037593f084e6bcacc21ee258bebe245410898a9c28f9	De forholder seg positivt til tilværelsen, men tilværelsen er ikke enkel.		4	0	thirties	male_masculine	Østlandet		nb-NO	
17e43953917efb0a49bd62ad49a19c9d2ea1d5fd586397a17c9f1ab52ef82d5eff5d58465c69477330db5defdf7ff6017b3038d820a742a602b07c013072ec67	common_voice_nb-NO_43531893.mp3	3a97119237be207c3eb32a4bc7361a827ce49196512a635f4952e122e161f60c	Yrkesmuligheter og videre utdanning		4	0	thirties	male_masculine	Østlandet		nb-NO	
17e43953917efb0a49bd62ad49a19c9d2ea1d5fd586397a17c9f1ab52ef82d5eff5d58465c69477330db5defdf7ff6017b3038d820a742a602b07c013072ec67	common_voice_nb-NO_43531894.mp3	0d77cd170cfb0f0ac1523ec61ad35b8227c25c408e97c57d5c323b3fa2f9a6ea	Den tredje dagen kom brødrene til trollet.		4	0	thirties	male_masculine	Østlandet		nb-NO	
17e43953917efb0a49bd62ad49a19c9d2ea1d5fd586397a17c9f1ab52ef82d5eff5d58465c69477330db5defdf7ff6017b3038d820a742a602b07c013072ec67	common_voice_nb-NO_43531895.mp3	3ad5675b25626d5059d4e2392e997eb9c7cc42e1079611e0767888d1856fbb96	tastaturet		4	0	thirties	male_masculine	Østlandet		nb-NO	
17e43953917efb0a49bd62ad49a19c9d2ea1d5fd586397a17c9f1ab52ef82d5eff5d58465c69477330db5defdf7ff6017b3038d820a742a602b07c013072ec67	common_voice_nb-NO_43531896.mp3	2d13b7f9d881702866babb18e162fb426035d24a2f75ee175255eb19e5e3ee78	Overgrepet skal ha skjedd inne i kirken.	general	4	0	thirties	male_masculine	Østlandet		nb-NO	
17e43953917efb0a49bd62ad49a19c9d2ea1d5fd586397a17c9f1ab52ef82d5eff5d58465c69477330db5defdf7ff6017b3038d820a742a602b07c013072ec67	common_voice_nb-NO_43531897.mp3	28c0afc0d0cc6d6a31a7d553ed4cdc0cc162a30962bed30585fa31c35fbc9c29	fem tre fire fem syttifire ett hundre og femtitre		4	0	thirties	male_masculine	Østlandet		nb-NO	
17e43953917efb0a49bd62ad49a19c9d2ea1d5fd586397a17c9f1ab52ef82d5eff5d58465c69477330db5defdf7ff6017b3038d820a742a602b07c013072ec67	common_voice_nb-NO_43531898.mp3	2bc14a04a18e189ed134bddf3f862dce8224f32011c17507a85821f4a93b4226	nittifire tusen tre hundre og tjueseks		4	0	thirties	male_masculine	Østlandet		nb-NO	
17e43953917efb0a49bd62ad49a19c9d2ea1d5fd586397a17c9f1ab52ef82d5eff5d58465c69477330db5defdf7ff6017b3038d820a742a602b07c013072ec67	common_voice_nb-NO_43531899.mp3	28ec3c3c1d013f27e3c7f740145c25a3fe7c29f97a1e3210c8b24dff03520bc2	Man kan skjule hvem man retter annonser mot.	general	4	0	thirties	male_masculine	Østlandet		nb-NO	
17e43953917efb0a49bd62ad49a19c9d2ea1d5fd586397a17c9f1ab52ef82d5eff5d58465c69477330db5defdf7ff6017b3038d820a742a602b07c013072ec67	common_voice_nb-NO_43531900.mp3	3812c573edb11677adfe49e14828481e0b46c353b1b23df738aa6a102bf31a75	sju åtte seks fem åtti ett hundre og syttien		4	0	thirties	male_masculine	Østlandet		nb-NO	
17e43953917efb0a49bd62ad49a19c9d2ea1d5fd586397a17c9f1ab52ef82d5eff5d58465c69477330db5defdf7ff6017b3038d820a742a602b07c013072ec67	common_voice_nb-NO_43531901.mp3	281cc3deaeeece4f36e38dde9e511fcf7c253111985365d8e0e12d46dda933f4	Radio er fortsatt en viktig kilde til informasjon.	media_entertainment	4	0	thirties	male_masculine	Østlandet		nb-NO	
17e43953917efb0a49bd62ad49a19c9d2ea1d5fd586397a17c9f1ab52ef82d5eff5d58465c69477330db5defdf7ff6017b3038d820a742a602b07c013072ec67	common_voice_nb-NO_43531902.mp3	0779fea05fdd79eddf8874fc6c3f2a4d426abd18c419f8b6fbe3277b63c8254c	Tildelingsarrangementet finner sted i løpet av september, opplyser stiftelsen.	general	4	0	thirties	male_masculine	Østlandet		nb-NO	
17e43953917efb0a49bd62ad49a19c9d2ea1d5fd586397a17c9f1ab52ef82d5eff5d58465c69477330db5defdf7ff6017b3038d820a742a602b07c013072ec67	common_voice_nb-NO_43531903.mp3	33903a1b1f4aa98806e05c4001d0545958d5c9f6573abb53f34bb7839d00b2ac	Det er lovleg for alle å drøyme.		4	0	thirties	male_masculine	Østlandet		nb-NO	
17e43953917efb0a49bd62ad49a19c9d2ea1d5fd586397a17c9f1ab52ef82d5eff5d58465c69477330db5defdf7ff6017b3038d820a742a602b07c013072ec67	common_voice_nb-NO_43531904.mp3	26aa3158d7e67a004014b2070ab21bb4bbb5e50d402af475cf7960e61c846edf	Det blåser full storm i området.	general	4	0	thirties	male_masculine	Østlandet		nb-NO	
17e43953917efb0a49bd62ad49a19c9d2ea1d5fd586397a17c9f1ab52ef82d5eff5d58465c69477330db5defdf7ff6017b3038d820a742a602b07c013072ec67	common_voice_nb-NO_43531905.mp3	385960ba74feade7a45eedcffe46bbc429fd0871bfd0985d9031eaa60b7c77c1	På låven sitter nissen	general	4	0	thirties	male_masculine	Østlandet		nb-NO	
17e43953917efb0a49bd62ad49a19c9d2ea1d5fd586397a17c9f1ab52ef82d5eff5d58465c69477330db5defdf7ff6017b3038d820a742a602b07c013072ec67	common_voice_nb-NO_43531906.mp3	39e5940bafd94d29ca3c47df2a3619a5be6dc9d1f7c8d545efa5e87bda33f5ae	Kan du kjøpe kaviar og majones når du er på butikken?		4	0	thirties	male_masculine	Østlandet		nb-NO	
17e43953917efb0a49bd62ad49a19c9d2ea1d5fd586397a17c9f1ab52ef82d5eff5d58465c69477330db5defdf7ff6017b3038d820a742a602b07c013072ec67	common_voice_nb-NO_43531907.mp3	1007627f1fed5b2510305338057931e111efc392bc284d7d0eee51ab11905633	Nå oppretter myndighetene et nytt klagesystem.	general	4	0	thirties	male_masculine	Østlandet		nb-NO	
17e43953917efb0a49bd62ad49a19c9d2ea1d5fd586397a17c9f1ab52ef82d5eff5d58465c69477330db5defdf7ff6017b3038d820a742a602b07c013072ec67	common_voice_nb-NO_43531908.mp3	2d06d91fae2589b309cc4f13756b027826ec2f8d4f8588b1504ef0fea7f0aea2	Jeg vil bake verdens største brød	general	4	0	thirties	male_masculine	Østlandet		nb-NO	
17e43953917efb0a49bd62ad49a19c9d2ea1d5fd586397a17c9f1ab52ef82d5eff5d58465c69477330db5defdf7ff6017b3038d820a742a602b07c013072ec67	common_voice_nb-NO_43531909.mp3	0fef66fb5bb282d66ef6f7bbf68b6dc3da2a03c78dde990f08faa54beac9921c	trettifire tusen åtte hundre og femtien		4	0	thirties	male_masculine	Østlandet		nb-NO	
17e43953917efb0a49bd62ad49a19c9d2ea1d5fd586397a17c9f1ab52ef82d5eff5d58465c69477330db5defdf7ff6017b3038d820a742a602b07c013072ec67	common_voice_nb-NO_43531910.mp3	3a6fda2da726682d552fa4c9a9b378b68e7b2b21e8197a1f74755c9d400739c2	møysommelig		4	0	thirties	male_masculine	Østlandet		nb-NO	
17e43953917efb0a49bd62ad49a19c9d2ea1d5fd586397a17c9f1ab52ef82d5eff5d58465c69477330db5defdf7ff6017b3038d820a742a602b07c013072ec67	common_voice_nb-NO_43531911.mp3	1eea8fda8dc874d963f5b962933b14740e26c4dc5e995d16142dd8bf2a512123	mål		4	0	thirties	male_masculine	Østlandet		nb-NO	
17e43953917efb0a49bd62ad49a19c9d2ea1d5fd586397a17c9f1ab52ef82d5eff5d58465c69477330db5defdf7ff6017b3038d820a742a602b07c013072ec67	common_voice_nb-NO_43531912.mp3	380f9b524ec4fcd30a2e2c4fbd46739a7f7d3d3d541f5dd340e3f5ed4f78599d	Vi ønsker ikke en utvikling hvor kyststripen blir et villnis av hytter.		4	0	thirties	male_masculine	Østlandet		nb-NO	
17e43953917efb0a49bd62ad49a19c9d2ea1d5fd586397a17c9f1ab52ef82d5eff5d58465c69477330db5defdf7ff6017b3038d820a742a602b07c013072ec67	common_voice_nb-NO_43531913.mp3	3df80dd7c8792fe6d43be50ba7acb09a0ba2c528b27d1ad7b9a3e8bb434fd2a3	minne		4	0	thirties	male_masculine	Østlandet		nb-NO	
17e43953917efb0a49bd62ad49a19c9d2ea1d5fd586397a17c9f1ab52ef82d5eff5d58465c69477330db5defdf7ff6017b3038d820a742a602b07c013072ec67	common_voice_nb-NO_43531914.mp3	1e4dabcdfed099568f8071f5afa16871defa9d717f150a9f9d9b0b189e9871b6	Hvem skulle tro at den minste hoppet høyest?!		4	0	thirties	male_masculine	Østlandet		nb-NO	
17e43953917efb0a49bd62ad49a19c9d2ea1d5fd586397a17c9f1ab52ef82d5eff5d58465c69477330db5defdf7ff6017b3038d820a742a602b07c013072ec67	common_voice_nb-NO_43531915.mp3	34e4bbf9b557469ddf0f3313b51c345894963377b74dcecbc45123273bbf8bbc	Det må være svært viktig i rehabiliteringen å få folk i trening.		4	0	thirties	male_masculine	Østlandet		nb-NO	
17e43953917efb0a49bd62ad49a19c9d2ea1d5fd586397a17c9f1ab52ef82d5eff5d58465c69477330db5defdf7ff6017b3038d820a742a602b07c013072ec67	common_voice_nb-NO_43531916.mp3	317b61d736156c60eba3d2aa5749329b65d503f6dae600636d38215a71049f51	Dette veikrysset har fire armer.		4	0	thirties	male_masculine	Østlandet		nb-NO	
17e43953917efb0a49bd62ad49a19c9d2ea1d5fd586397a17c9f1ab52ef82d5eff5d58465c69477330db5defdf7ff6017b3038d820a742a602b07c013072ec67	common_voice_nb-NO_43531918.mp3	0177997caf45beffb6808b116078a667f1917cea3f79eeb84a09141f32f1854b	Styret anbefaler aksjonærene å akseptere budet.	general	4	0	thirties	male_masculine	Østlandet		nb-NO	
17e43953917efb0a49bd62ad49a19c9d2ea1d5fd586397a17c9f1ab52ef82d5eff5d58465c69477330db5defdf7ff6017b3038d820a742a602b07c013072ec67	common_voice_nb-NO_43531919.mp3	0a60dc0a8b862d4fba0e56aa7a4c59b4fd200422632642fde71dd0c03a12f41e	Krepsen toppes med smør før du setter på lokket.	general	4	0	thirties	male_masculine	Østlandet		nb-NO	
17e43953917efb0a49bd62ad49a19c9d2ea1d5fd586397a17c9f1ab52ef82d5eff5d58465c69477330db5defdf7ff6017b3038d820a742a602b07c013072ec67	common_voice_nb-NO_43531920.mp3	3d8f36b2b93be350b9c3493ee7ac1cadaadfe4e496f9c379373cf58eb31ae859	Det kommer noen som skal hjelpe deg om et øyeblikk.		4	0	thirties	male_masculine	Østlandet		nb-NO	
17e43953917efb0a49bd62ad49a19c9d2ea1d5fd586397a17c9f1ab52ef82d5eff5d58465c69477330db5defdf7ff6017b3038d820a742a602b07c013072ec67	common_voice_nb-NO_43531921.mp3	346ea77456093d0d2885a6d7bb168c112f1d37537588eb094b6a833947a88509	Det er ham		4	0	thirties	male_masculine	Østlandet		nb-NO	
17e43953917efb0a49bd62ad49a19c9d2ea1d5fd586397a17c9f1ab52ef82d5eff5d58465c69477330db5defdf7ff6017b3038d820a742a602b07c013072ec67	common_voice_nb-NO_43531922.mp3	2cdede9088748a661fe70db1573c758f02317d220bf8af3156ac7ff1f620a12c	syttito tusen fem hundre og sekstisju		4	0	thirties	male_masculine	Østlandet		nb-NO	
17e43953917efb0a49bd62ad49a19c9d2ea1d5fd586397a17c9f1ab52ef82d5eff5d58465c69477330db5defdf7ff6017b3038d820a742a602b07c013072ec67	common_voice_nb-NO_43531923.mp3	3a6bd1347322eead866c665f1fbe2b7bfbc32f0e34d1165589d62bb7696f1de5	Deres hjerne, derimot, varierer sterkt i størrelse.		4	0	thirties	male_masculine	Østlandet		nb-NO	
17e43953917efb0a49bd62ad49a19c9d2ea1d5fd586397a17c9f1ab52ef82d5eff5d58465c69477330db5defdf7ff6017b3038d820a742a602b07c013072ec67	common_voice_nb-NO_43531924.mp3	39e423ef7139aaf701845046d07fa512b4e7bd8ec659aba6aca673f5e08a241f	Det var vel ikke annet å vente, vi var nok forut for vår tid.		4	0	thirties	male_masculine	Østlandet		nb-NO	
17e43953917efb0a49bd62ad49a19c9d2ea1d5fd586397a17c9f1ab52ef82d5eff5d58465c69477330db5defdf7ff6017b3038d820a742a602b07c013072ec67	common_voice_nb-NO_43531925.mp3	2c635da61df2c7d90d7807748b1c79eaaf8839fca33f54f564783c6db5c9824d	omkjøring		4	0	thirties	male_masculine	Østlandet		nb-NO	
17e43953917efb0a49bd62ad49a19c9d2ea1d5fd586397a17c9f1ab52ef82d5eff5d58465c69477330db5defdf7ff6017b3038d820a742a602b07c013072ec67	common_voice_nb-NO_43531926.mp3	313216c921a07202a27c35bc6c45fb6200a21a095d6a00a11b117f8a9d03b74b	Ikke alle snakker likt.		4	2	thirties	male_masculine	Østlandet		nb-NO	
17e43953917efb0a49bd62ad49a19c9d2ea1d5fd586397a17c9f1ab52ef82d5eff5d58465c69477330db5defdf7ff6017b3038d820a742a602b07c013072ec67	common_voice_nb-NO_43531927.mp3	2901823dd13de9cc79ecfd02e48e13c1cf488b046f0faddc7fe116c87151702e	Dødsfall blant disse pasientene vurderes som et særlig stort tap.		4	0	thirties	male_masculine	Østlandet		nb-NO	
17e43953917efb0a49bd62ad49a19c9d2ea1d5fd586397a17c9f1ab52ef82d5eff5d58465c69477330db5defdf7ff6017b3038d820a742a602b07c013072ec67	common_voice_nb-NO_43531928.mp3	2562c17cc055d1e830bba7f214bfd7cdaff5bc4634206e8882f7962065c83613	For industriproduksjonen er oppgangen svak.	general	4	0	thirties	male_masculine	Østlandet		nb-NO	
17e43953917efb0a49bd62ad49a19c9d2ea1d5fd586397a17c9f1ab52ef82d5eff5d58465c69477330db5defdf7ff6017b3038d820a742a602b07c013072ec67	common_voice_nb-NO_43531929.mp3	1fc4c5205f90a1b4bf57bda09591596f7bbe18acabcdcdf76384dcec58f5f7fd	Det er et tilleggsargument jeg av og til bruker.	general	4	0	thirties	male_masculine	Østlandet		nb-NO	
17e43953917efb0a49bd62ad49a19c9d2ea1d5fd586397a17c9f1ab52ef82d5eff5d58465c69477330db5defdf7ff6017b3038d820a742a602b07c013072ec67	common_voice_nb-NO_43531930.mp3	375b91d1ede2b6f86c15670d3336b22da4a806a4189508b52a9ceb8a5de19620	Påstår at han er redd for idyllen, men bor midt oppe i den.		4	0	thirties	male_masculine	Østlandet		nb-NO	
17e43953917efb0a49bd62ad49a19c9d2ea1d5fd586397a17c9f1ab52ef82d5eff5d58465c69477330db5defdf7ff6017b3038d820a742a602b07c013072ec67	common_voice_nb-NO_43531931.mp3	3ca62c0bf966bc0e43ae3c64d4cac0ffdacd84e49a4ec63c32c9e25cd9c688ef	Musikken og dansen er ungdommenes uttrykk, som i seg sjøl er positivt.		4	0	thirties	male_masculine	Østlandet		nb-NO	
17e43953917efb0a49bd62ad49a19c9d2ea1d5fd586397a17c9f1ab52ef82d5eff5d58465c69477330db5defdf7ff6017b3038d820a742a602b07c013072ec67	common_voice_nb-NO_43531933.mp3	2656369913b07424e093c87d2855ef37510a65b9c80cb436dfd4e5286b59954b	Husk å spise fisk minst én gang i uka.		4	0	thirties	male_masculine	Østlandet		nb-NO	
17e43953917efb0a49bd62ad49a19c9d2ea1d5fd586397a17c9f1ab52ef82d5eff5d58465c69477330db5defdf7ff6017b3038d820a742a602b07c013072ec67	common_voice_nb-NO_43531934.mp3	181b0690811dc3a5f1e1cd0fa4dbb50403e73d14a9d180b7b1ecdc692b171e29	Han har gjort alt lettere for oss.	general	4	0	thirties	male_masculine	Østlandet		nb-NO	
17e43953917efb0a49bd62ad49a19c9d2ea1d5fd586397a17c9f1ab52ef82d5eff5d58465c69477330db5defdf7ff6017b3038d820a742a602b07c013072ec67	common_voice_nb-NO_43531935.mp3	19501b649d6c5abd26325aa5ae92f23f6ce2ec27cab60a58301f192a1b1b2789	Mange kjøper popcorn når de går på kino.		4	0	thirties	male_masculine	Østlandet		nb-NO	
17e43953917efb0a49bd62ad49a19c9d2ea1d5fd586397a17c9f1ab52ef82d5eff5d58465c69477330db5defdf7ff6017b3038d820a742a602b07c013072ec67	common_voice_nb-NO_43531936.mp3	146a9bf9a0b4c6a7115642758aab5e6a1c2c74417ab1c4184067ef361985be46	innvendig		4	0	thirties	male_masculine	Østlandet		nb-NO	
17e43953917efb0a49bd62ad49a19c9d2ea1d5fd586397a17c9f1ab52ef82d5eff5d58465c69477330db5defdf7ff6017b3038d820a742a602b07c013072ec67	common_voice_nb-NO_43531937.mp3	20eda50a75df6d8fc812ba4fb8f4a26d350201f788f4544453a71fa2964632dc	fire sju fire seks førtitre ni hundre og sekstini		4	0	thirties	male_masculine	Østlandet		nb-NO	
17e43953917efb0a49bd62ad49a19c9d2ea1d5fd586397a17c9f1ab52ef82d5eff5d58465c69477330db5defdf7ff6017b3038d820a742a602b07c013072ec67	common_voice_nb-NO_43531938.mp3	1c8fb605cb618bafedaa54b1a9bb1d44cd026a224066af4250449e78b847f1de	En setning per linje		4	0	thirties	male_masculine	Østlandet		nb-NO	
17e43953917efb0a49bd62ad49a19c9d2ea1d5fd586397a17c9f1ab52ef82d5eff5d58465c69477330db5defdf7ff6017b3038d820a742a602b07c013072ec67	common_voice_nb-NO_43531939.mp3	25ead59c68acc652b4a570c59035e88a5df9bd3cc44fe6f67b55e5c71449332d	Best glede varer lengst		4	0	thirties	male_masculine	Østlandet		nb-NO	
17e43953917efb0a49bd62ad49a19c9d2ea1d5fd586397a17c9f1ab52ef82d5eff5d58465c69477330db5defdf7ff6017b3038d820a742a602b07c013072ec67	common_voice_nb-NO_43531940.mp3	33d37a506401283e92799c89024f267f66e1aa147901a45b62e78271fa69f524	Det er ofte mange skaumenn i bresken ute på øyene i fjorden.	general	4	0	thirties	male_masculine	Østlandet		nb-NO	
17e43953917efb0a49bd62ad49a19c9d2ea1d5fd586397a17c9f1ab52ef82d5eff5d58465c69477330db5defdf7ff6017b3038d820a742a602b07c013072ec67	common_voice_nb-NO_43531941.mp3	346c7f514cd2a73c7b7e1e05424d0cbaa8c041a852033eacfc37f84fdf028f1a	Mandag kveld slapp selskapet den store bomben.	general	4	0	thirties	male_masculine	Østlandet		nb-NO	
17e43953917efb0a49bd62ad49a19c9d2ea1d5fd586397a17c9f1ab52ef82d5eff5d58465c69477330db5defdf7ff6017b3038d820a742a602b07c013072ec67	common_voice_nb-NO_43531942.mp3	29bf9633648b5764f33afd2963e248395ff965bc242e586ced81c8a6146fbd6c	Folk som deg!		4	0	thirties	male_masculine	Østlandet		nb-NO	
17e43953917efb0a49bd62ad49a19c9d2ea1d5fd586397a17c9f1ab52ef82d5eff5d58465c69477330db5defdf7ff6017b3038d820a742a602b07c013072ec67	common_voice_nb-NO_43531943.mp3	14837efa7a29077dbd783d4224c922855377fc223f5dd7809d919c48216e6e5b	Det er betydelig lavere vekst enn for et år siden.	general	4	0	thirties	male_masculine	Østlandet		nb-NO	
17e43953917efb0a49bd62ad49a19c9d2ea1d5fd586397a17c9f1ab52ef82d5eff5d58465c69477330db5defdf7ff6017b3038d820a742a602b07c013072ec67	common_voice_nb-NO_43531944.mp3	1ee9bdead56e0db174174656c9767612948819b26656dd3ca51da7053fbdbca0	Thorkildsen mener situasjonen er uholdbar.	general	4	0	thirties	male_masculine	Østlandet		nb-NO	
17e43953917efb0a49bd62ad49a19c9d2ea1d5fd586397a17c9f1ab52ef82d5eff5d58465c69477330db5defdf7ff6017b3038d820a742a602b07c013072ec67	common_voice_nb-NO_43531945.mp3	3279766c6d0d268e4b355c0ac00f3f7fe6affffe3887f818ca9227698bd17b66	Bakgrunnen var at hun gjentatte ganger skal ha brutt partiets vedtekter.	general	4	0	thirties	male_masculine	Østlandet		nb-NO	
17e43953917efb0a49bd62ad49a19c9d2ea1d5fd586397a17c9f1ab52ef82d5eff5d58465c69477330db5defdf7ff6017b3038d820a742a602b07c013072ec67	common_voice_nb-NO_43531946.mp3	1f33767b46f4483fa87b614d48dd9f99beac07c6687975aec74e224be96c4605	For høye ambisjoner?	general	4	0	thirties	male_masculine	Østlandet		nb-NO	
17e43953917efb0a49bd62ad49a19c9d2ea1d5fd586397a17c9f1ab52ef82d5eff5d58465c69477330db5defdf7ff6017b3038d820a742a602b07c013072ec67	common_voice_nb-NO_43531947.mp3	24fcbefc87e2485ca9946c23198015cd555655b47f431de4c44b7049bd267503	Dette er honnørord uten betydning.	general	4	0	thirties	male_masculine	Østlandet		nb-NO	
17e43953917efb0a49bd62ad49a19c9d2ea1d5fd586397a17c9f1ab52ef82d5eff5d58465c69477330db5defdf7ff6017b3038d820a742a602b07c013072ec67	common_voice_nb-NO_43531948.mp3	31c1f375fe62e26afe64c7811f0f8756a1d165fb4c1a644ee107a131e8e4af7f	Velkommen til Pandora, godt å ha deg her		4	0	thirties	male_masculine	Østlandet		nb-NO	
17e43953917efb0a49bd62ad49a19c9d2ea1d5fd586397a17c9f1ab52ef82d5eff5d58465c69477330db5defdf7ff6017b3038d820a742a602b07c013072ec67	common_voice_nb-NO_43531949.mp3	2fcb20b7b25733d86a6a89d32649b8393c6af8929c91967c30dd01a08b111b7d	Hun kritiserer også matkjedenes priskrig og dumping av kjøttvarer.	general	4	0	thirties	male_masculine	Østlandet		nb-NO	
17e43953917efb0a49bd62ad49a19c9d2ea1d5fd586397a17c9f1ab52ef82d5eff5d58465c69477330db5defdf7ff6017b3038d820a742a602b07c013072ec67	common_voice_nb-NO_43531950.mp3	08542b7af46b12ef90c0f8ffef66f087798c511aa23456032b88eb9b3f52556b	Også britene er forberedt på rekordvarme.	general	4	0	thirties	male_masculine	Østlandet		nb-NO	
17e43953917efb0a49bd62ad49a19c9d2ea1d5fd586397a17c9f1ab52ef82d5eff5d58465c69477330db5defdf7ff6017b3038d820a742a602b07c013072ec67	common_voice_nb-NO_43531951.mp3	18f885790427f8396b65bd6f449bcf1291ead54d9bf43d8c6080746ff4e50963	Ett av fire kreftdødsfall skyldtes også røyking.	general	4	0	thirties	male_masculine	Østlandet		nb-NO	
17e43953917efb0a49bd62ad49a19c9d2ea1d5fd586397a17c9f1ab52ef82d5eff5d58465c69477330db5defdf7ff6017b3038d820a742a602b07c013072ec67	common_voice_nb-NO_43531952.mp3	29786cf78233f12e64d7db32fdecbbcb0cb8a6e0a96ffafa75e9e963277f8ce4	Fetsund		4	0	thirties	male_masculine	Østlandet		nb-NO	
17e43953917efb0a49bd62ad49a19c9d2ea1d5fd586397a17c9f1ab52ef82d5eff5d58465c69477330db5defdf7ff6017b3038d820a742a602b07c013072ec67	common_voice_nb-NO_43531953.mp3	40408d080451fd39422473cb6deed42d6f02bc672e310536ee646c5bd4068f78	oppgaver		4	0	thirties	male_masculine	Østlandet		nb-NO	
17e43953917efb0a49bd62ad49a19c9d2ea1d5fd586397a17c9f1ab52ef82d5eff5d58465c69477330db5defdf7ff6017b3038d820a742a602b07c013072ec67	common_voice_nb-NO_43531954.mp3	1260003136e3d6c83007f2ec1115c843e69e302f7ee0d08e5b3b28f27b9a0aae	kjele		4	0	thirties	male_masculine	Østlandet		nb-NO	
17e43953917efb0a49bd62ad49a19c9d2ea1d5fd586397a17c9f1ab52ef82d5eff5d58465c69477330db5defdf7ff6017b3038d820a742a602b07c013072ec67	common_voice_nb-NO_43531960.mp3	1d7bf7a69cc375a1d232b67cba1ef59cdc98da96774f5502450d8c39e3400d8c	Boken gir en grunnleggende innføring i skatterett for næringsdrivende.		4	0	thirties	male_masculine	Østlandet		nb-NO	
17e43953917efb0a49bd62ad49a19c9d2ea1d5fd586397a17c9f1ab52ef82d5eff5d58465c69477330db5defdf7ff6017b3038d820a742a602b07c013072ec67	common_voice_nb-NO_43531961.mp3	38a8bc0945db3067d0fff33a3057c7a8c1a19431dc60e7c1efff1a0f76cd0f3c	Sykkelkjedet hoppet av		4	0	thirties	male_masculine	Østlandet		nb-NO	
17e43953917efb0a49bd62ad49a19c9d2ea1d5fd586397a17c9f1ab52ef82d5eff5d58465c69477330db5defdf7ff6017b3038d820a742a602b07c013072ec67	common_voice_nb-NO_43531962.mp3	3c523c4b505d28431ffbeb37d07a53342563d8077d0c9921e7b2b29363f4c084	Å faen, de ble store		4	0	thirties	male_masculine	Østlandet		nb-NO	
17e43953917efb0a49bd62ad49a19c9d2ea1d5fd586397a17c9f1ab52ef82d5eff5d58465c69477330db5defdf7ff6017b3038d820a742a602b07c013072ec67	common_voice_nb-NO_43531963.mp3	39dea2e9958c86961cc259ef9975500135c9396ed6e415be649ec90870c7a663	en åtte en to nitti åtte hundre og nittisju		4	0	thirties	male_masculine	Østlandet		nb-NO	
17e43953917efb0a49bd62ad49a19c9d2ea1d5fd586397a17c9f1ab52ef82d5eff5d58465c69477330db5defdf7ff6017b3038d820a742a602b07c013072ec67	common_voice_nb-NO_43531964.mp3	2e585d098db860126f6a98a11a2417547ec41f4d9630776124b5d3fe5440cf13	Vi har igjen noe å lære av den tyske helsetjenesten.		4	0	thirties	male_masculine	Østlandet		nb-NO	
17e43953917efb0a49bd62ad49a19c9d2ea1d5fd586397a17c9f1ab52ef82d5eff5d58465c69477330db5defdf7ff6017b3038d820a742a602b07c013072ec67	common_voice_nb-NO_43531965.mp3	3ddd40b38dfeff6b4810b6968e88df540a97b0a2d8d7f3dce6e3e04bcd3ed373	Vi må beskytte verdenshavene mot forurensning.	nature_environment	4	0	thirties	male_masculine	Østlandet		nb-NO	
17e43953917efb0a49bd62ad49a19c9d2ea1d5fd586397a17c9f1ab52ef82d5eff5d58465c69477330db5defdf7ff6017b3038d820a742a602b07c013072ec67	common_voice_nb-NO_43531966.mp3	41cbf28a5dfb29663617077ff123e456cb4b0e752acf40d0ce4f72d87fa19190	Ferdige stykker passer så godt som aldri.		4	0	thirties	male_masculine	Østlandet		nb-NO	
17e43953917efb0a49bd62ad49a19c9d2ea1d5fd586397a17c9f1ab52ef82d5eff5d58465c69477330db5defdf7ff6017b3038d820a742a602b07c013072ec67	common_voice_nb-NO_43531967.mp3	0dda215a9cfb3925f437c5ed50496bed8aedbaec1447fc00baea3a261d42867f	Kommunestyret var også til stede.	general,nature_environment,news_current_affairs	4	0	thirties	male_masculine	Østlandet		nb-NO	
17e43953917efb0a49bd62ad49a19c9d2ea1d5fd586397a17c9f1ab52ef82d5eff5d58465c69477330db5defdf7ff6017b3038d820a742a602b07c013072ec67	common_voice_nb-NO_43531968.mp3	24ade48ac49780961eceefddbd1325713c0751f7fc85450c2532263fd9e0931f	Tre av disse er kommet i super-G.	general	4	0	thirties	male_masculine	Østlandet		nb-NO	
17e43953917efb0a49bd62ad49a19c9d2ea1d5fd586397a17c9f1ab52ef82d5eff5d58465c69477330db5defdf7ff6017b3038d820a742a602b07c013072ec67	common_voice_nb-NO_43531969.mp3	3f7cc3378a5482c2cf376eb2d61888230af4349f20e4453cfcdee36724965675	S K O G M O		4	0	thirties	male_masculine	Østlandet		nb-NO	
17e43953917efb0a49bd62ad49a19c9d2ea1d5fd586397a17c9f1ab52ef82d5eff5d58465c69477330db5defdf7ff6017b3038d820a742a602b07c013072ec67	common_voice_nb-NO_43531970.mp3	18b3f862183e951a0a3de70cd7a70c0bd79ffc8e79c5e940ab5ce5e0daabe70b	Når vi har handlet, må vi vurdere handlingene etisk.		4	0	thirties	male_masculine	Østlandet		nb-NO	
17e43953917efb0a49bd62ad49a19c9d2ea1d5fd586397a17c9f1ab52ef82d5eff5d58465c69477330db5defdf7ff6017b3038d820a742a602b07c013072ec67	common_voice_nb-NO_43531971.mp3	36c71139dd96feaa6d0f5e70467ed716b03cd5c4cf40f4f2da9ece0cae8ec8d0	Han døde av naturlige årsaker.		4	0	thirties	male_masculine	Østlandet		nb-NO	
17e43953917efb0a49bd62ad49a19c9d2ea1d5fd586397a17c9f1ab52ef82d5eff5d58465c69477330db5defdf7ff6017b3038d820a742a602b07c013072ec67	common_voice_nb-NO_43531972.mp3	2d9f9309849614d182acb0b2125d5c99f8e57f30ba44e5ee53af3dcb1096007a	Sortland		4	0	thirties	male_masculine	Østlandet		nb-NO	
17e43953917efb0a49bd62ad49a19c9d2ea1d5fd586397a17c9f1ab52ef82d5eff5d58465c69477330db5defdf7ff6017b3038d820a742a602b07c013072ec67	common_voice_nb-NO_43531973.mp3	267a8af57e3908f283dd3beab86391ec0eb98473612ea5ac97ffad1006105787	Men det finnes en mellomstasjon, nemlig høstens kommunevalg.	general	4	0	thirties	male_masculine	Østlandet		nb-NO	
17e43953917efb0a49bd62ad49a19c9d2ea1d5fd586397a17c9f1ab52ef82d5eff5d58465c69477330db5defdf7ff6017b3038d820a742a602b07c013072ec67	common_voice_nb-NO_43531974.mp3	41564154d6d1016bdc907bf120901d4be9ce3b84cd1346a9bbf5169b1dad7d29	dimensjonert		4	0	thirties	male_masculine	Østlandet		nb-NO	
17e43953917efb0a49bd62ad49a19c9d2ea1d5fd586397a17c9f1ab52ef82d5eff5d58465c69477330db5defdf7ff6017b3038d820a742a602b07c013072ec67	common_voice_nb-NO_43531975.mp3	03aba9693ef08143cf0b9fb8b9efc3e5cd57f337af638a6bcd290c26b7cf7644	Norm, jeg hører gode ting om deg		4	0	thirties	male_masculine	Østlandet		nb-NO	
17e43953917efb0a49bd62ad49a19c9d2ea1d5fd586397a17c9f1ab52ef82d5eff5d58465c69477330db5defdf7ff6017b3038d820a742a602b07c013072ec67	common_voice_nb-NO_43531976.mp3	3149373225985e518ba81b2c7ee053b51a119ac62da3abaaf45cde03ce0babf1	dataene		4	0	thirties	male_masculine	Østlandet		nb-NO	
17e43953917efb0a49bd62ad49a19c9d2ea1d5fd586397a17c9f1ab52ef82d5eff5d58465c69477330db5defdf7ff6017b3038d820a742a602b07c013072ec67	common_voice_nb-NO_43531977.mp3	010df8d68b1bf7cb51c6ba28b3c85556962c81e09158686d44e24e9cb1ef67f3	Det er snakk om en spenningsbok fra friidrettsmiljøet.	general	4	0	thirties	male_masculine	Østlandet		nb-NO	
17e43953917efb0a49bd62ad49a19c9d2ea1d5fd586397a17c9f1ab52ef82d5eff5d58465c69477330db5defdf7ff6017b3038d820a742a602b07c013072ec67	common_voice_nb-NO_43531978.mp3	3fb7d1fc6d5f84a99568d2534d0bcf93cd4a388a18fbf35af5d35651b160749b	Har du hørt historien om tre jenter?		4	0	thirties	male_masculine	Østlandet		nb-NO	
17e43953917efb0a49bd62ad49a19c9d2ea1d5fd586397a17c9f1ab52ef82d5eff5d58465c69477330db5defdf7ff6017b3038d820a742a602b07c013072ec67	common_voice_nb-NO_43531979.mp3	3e0562c2bfdc3d742d653d3c2536176f80e8b7ceffaf8d23df834d062aa82cee	Her er det ingen trafikklys, derfor er dette blitt en drosjeløype.		4	0	thirties	male_masculine	Østlandet		nb-NO	
17e43953917efb0a49bd62ad49a19c9d2ea1d5fd586397a17c9f1ab52ef82d5eff5d58465c69477330db5defdf7ff6017b3038d820a742a602b07c013072ec67	common_voice_nb-NO_43531980.mp3	3f0fbd84705792fabcb5be73741f5c95ec2533e4b8a34d6521a5893a8c9a4412	Østerås		4	0	thirties	male_masculine	Østlandet		nb-NO	
17e43953917efb0a49bd62ad49a19c9d2ea1d5fd586397a17c9f1ab52ef82d5eff5d58465c69477330db5defdf7ff6017b3038d820a742a602b07c013072ec67	common_voice_nb-NO_43531981.mp3	39aa8a18f9e6edf1b63c88f2bf2ae374ca6137359e3bb7e05442213853f21bc2	Kjolen passet henne perfekt.		4	0	thirties	male_masculine	Østlandet		nb-NO	
17e43953917efb0a49bd62ad49a19c9d2ea1d5fd586397a17c9f1ab52ef82d5eff5d58465c69477330db5defdf7ff6017b3038d820a742a602b07c013072ec67	common_voice_nb-NO_43531982.mp3	2a1c6ad417afd7a059c83909c98146b469ea6ad91fa321ddb8c739e78e191dad	Det er ikke så mange som jobber på natten.		4	0	thirties	male_masculine	Østlandet		nb-NO	
17e43953917efb0a49bd62ad49a19c9d2ea1d5fd586397a17c9f1ab52ef82d5eff5d58465c69477330db5defdf7ff6017b3038d820a742a602b07c013072ec67	common_voice_nb-NO_43531983.mp3	31053ef4dc7afe715c0149325149cd0d3b5381b6c54fdb4456a3f660c5769920	fem fem to seks elleve to hundre og trettitre		4	0	thirties	male_masculine	Østlandet		nb-NO	
17e43953917efb0a49bd62ad49a19c9d2ea1d5fd586397a17c9f1ab52ef82d5eff5d58465c69477330db5defdf7ff6017b3038d820a742a602b07c013072ec67	common_voice_nb-NO_43531984.mp3	353ed92c8a7f4d90b7a8cb2d49a169ec2ccd5a2d43acd5b59ea5f74f4dd7f6e1	langt		4	0	thirties	male_masculine	Østlandet		nb-NO	
17e43953917efb0a49bd62ad49a19c9d2ea1d5fd586397a17c9f1ab52ef82d5eff5d58465c69477330db5defdf7ff6017b3038d820a742a602b07c013072ec67	common_voice_nb-NO_43531985.mp3	25d8ecf511f154b3291a7c26cc1734a1b2f445daad389fe23e7bcd432394aac1	Noe som har vist seg å føre til problemer.	general	4	0	thirties	male_masculine	Østlandet		nb-NO	
17e43953917efb0a49bd62ad49a19c9d2ea1d5fd586397a17c9f1ab52ef82d5eff5d58465c69477330db5defdf7ff6017b3038d820a742a602b07c013072ec67	common_voice_nb-NO_43531986.mp3	00ccc34e67284995c5a94dc5262ac459724e96d3e2262c8942b15d2b2bae185a	Humlene hører også til i biefamilien.	general	4	0	thirties	male_masculine	Østlandet		nb-NO	
17e43953917efb0a49bd62ad49a19c9d2ea1d5fd586397a17c9f1ab52ef82d5eff5d58465c69477330db5defdf7ff6017b3038d820a742a602b07c013072ec67	common_voice_nb-NO_43531987.mp3	317b67c892044535fe00ac63cc39343b855a1aa0cccf83259a2efa342f37b55b	Flere av disse er fortsatt mulig å se.	history_law_government	4	0	thirties	male_masculine	Østlandet		nb-NO	
17e43953917efb0a49bd62ad49a19c9d2ea1d5fd586397a17c9f1ab52ef82d5eff5d58465c69477330db5defdf7ff6017b3038d820a742a602b07c013072ec67	common_voice_nb-NO_43531988.mp3	28ea4b432b10df2244e38b33c3abff136f4ad44d281d7d0787c527a20df77a5a	Vi kan alle bidra til et renere miljø.	nature_environment	4	0	thirties	male_masculine	Østlandet		nb-NO	
17e43953917efb0a49bd62ad49a19c9d2ea1d5fd586397a17c9f1ab52ef82d5eff5d58465c69477330db5defdf7ff6017b3038d820a742a602b07c013072ec67	common_voice_nb-NO_43531989.mp3	42721f637be559db9379f9babdebe31f0c349d9abb002f7012383fc67d12eb4c	Det er det kanskje ingen som vet svaret på.		4	0	thirties	male_masculine	Østlandet		nb-NO	
17e43953917efb0a49bd62ad49a19c9d2ea1d5fd586397a17c9f1ab52ef82d5eff5d58465c69477330db5defdf7ff6017b3038d820a742a602b07c013072ec67	common_voice_nb-NO_43531990.mp3	40c42c2278555bad70313bb016c95510c7ef7d0f71370b5dd3341642307d633c	På denne siden finner du informasjon om helse		4	0	thirties	male_masculine	Østlandet		nb-NO	
17e43953917efb0a49bd62ad49a19c9d2ea1d5fd586397a17c9f1ab52ef82d5eff5d58465c69477330db5defdf7ff6017b3038d820a742a602b07c013072ec67	common_voice_nb-NO_43531991.mp3	2ceef6ebfba4bddb028158d9052aa3227c821fc93aebd4db76d5bb96a41e34ed	Er det for sent?		4	0	thirties	male_masculine	Østlandet		nb-NO	
17e43953917efb0a49bd62ad49a19c9d2ea1d5fd586397a17c9f1ab52ef82d5eff5d58465c69477330db5defdf7ff6017b3038d820a742a602b07c013072ec67	common_voice_nb-NO_43531992.mp3	1b65ec7a05c3e39c08cbd55c0cebbddc3586d3b02e28ebd3dfe4afb7102ba43b	Vi har jo prisregulering nettopp for å beskytte kundene mot misbruk.		4	0	thirties	male_masculine	Østlandet		nb-NO	
17e43953917efb0a49bd62ad49a19c9d2ea1d5fd586397a17c9f1ab52ef82d5eff5d58465c69477330db5defdf7ff6017b3038d820a742a602b07c013072ec67	common_voice_nb-NO_43531994.mp3	2a9344180562e6a67391d6ce2cb8c88edb88b8ed86201889c9a842fe733af824	Men så har det ikke helt blitt slik.	general	4	0	thirties	male_masculine	Østlandet		nb-NO	
17e43953917efb0a49bd62ad49a19c9d2ea1d5fd586397a17c9f1ab52ef82d5eff5d58465c69477330db5defdf7ff6017b3038d820a742a602b07c013072ec67	common_voice_nb-NO_43531995.mp3	0f031686aa5f40d75dabe0e8d0ab249b141429d5c7e25c3a1d83bde6f3321380	Temaet for konkurransen var språk og identitet.	general	4	0	thirties	male_masculine	Østlandet		nb-NO	
17e43953917efb0a49bd62ad49a19c9d2ea1d5fd586397a17c9f1ab52ef82d5eff5d58465c69477330db5defdf7ff6017b3038d820a742a602b07c013072ec67	common_voice_nb-NO_43531997.mp3	087d32a6f70fa1b7b5a4b577d2c94db630ad82a816ff6539d0ec54fd85d90ce9	Dessverre rakk jeg det ikke før etter en uke.		4	0	thirties	male_masculine	Østlandet		nb-NO	
17e43953917efb0a49bd62ad49a19c9d2ea1d5fd586397a17c9f1ab52ef82d5eff5d58465c69477330db5defdf7ff6017b3038d820a742a602b07c013072ec67	common_voice_nb-NO_43531998.mp3	1ef02a548980b3a2698d133f5c055a1ec9a655b28d6a8f98580d264deeb6eb82	Fengslingen er i tråd med spesialenhetens begjæring.	general	4	0	thirties	male_masculine	Østlandet		nb-NO	
17e43953917efb0a49bd62ad49a19c9d2ea1d5fd586397a17c9f1ab52ef82d5eff5d58465c69477330db5defdf7ff6017b3038d820a742a602b07c013072ec67	common_voice_nb-NO_43531999.mp3	1bf6861e89307bd2478131f11679add2473e13657c1339e54805275bad338c63	Det er helt absurd.	general	4	0	thirties	male_masculine	Østlandet		nb-NO	
17e43953917efb0a49bd62ad49a19c9d2ea1d5fd586397a17c9f1ab52ef82d5eff5d58465c69477330db5defdf7ff6017b3038d820a742a602b07c013072ec67	common_voice_nb-NO_43532000.mp3	21b4dfc810a55d3daabfad5e381a1d6ce16154cc8bca9192b415c669cc4813c0	Dette er avataren din nå, Jake		4	0	thirties	male_masculine	Østlandet		nb-NO	
17e43953917efb0a49bd62ad49a19c9d2ea1d5fd586397a17c9f1ab52ef82d5eff5d58465c69477330db5defdf7ff6017b3038d820a742a602b07c013072ec67	common_voice_nb-NO_43532001.mp3	391b5b53be67a9756e9a4e8625ae10704bc950a5eacef8c931c28de392b5e5bf	Læring er hardt arbeid og matte er ikke noe unntak.		4	0	thirties	male_masculine	Østlandet		nb-NO	
17e43953917efb0a49bd62ad49a19c9d2ea1d5fd586397a17c9f1ab52ef82d5eff5d58465c69477330db5defdf7ff6017b3038d820a742a602b07c013072ec67	common_voice_nb-NO_43532002.mp3	21961120bbb9b02c7d0aeb05f1c72a83bbc5de12383fe1cfcb1ead7515d6e5c7	Problemene kan knyttes til de samme feilene kunder opplevde onsdag.	general	4	0	thirties	male_masculine	Østlandet		nb-NO	
17e43953917efb0a49bd62ad49a19c9d2ea1d5fd586397a17c9f1ab52ef82d5eff5d58465c69477330db5defdf7ff6017b3038d820a742a602b07c013072ec67	common_voice_nb-NO_43534674.mp3	4575cf16c55072130e673d3864c4f748ae45759e1a9e96b19b398b72c457ac80	Har du gjort det jeg ba deg om?		4	0	thirties	male_masculine	Østlandet		nb-NO	
17e43953917efb0a49bd62ad49a19c9d2ea1d5fd586397a17c9f1ab52ef82d5eff5d58465c69477330db5defdf7ff6017b3038d820a742a602b07c013072ec67	common_voice_nb-NO_43534676.mp3	41349e61c7648f6f2b6507b47b59681d54c8a53ff09d5394e2ba4b653ad80213	Likestilling, kort og godt, er det hun krever.		4	0	thirties	male_masculine	Østlandet		nb-NO	
17e43953917efb0a49bd62ad49a19c9d2ea1d5fd586397a17c9f1ab52ef82d5eff5d58465c69477330db5defdf7ff6017b3038d820a742a602b07c013072ec67	common_voice_nb-NO_43534677.mp3	3924cc78d36629b3ffd68de072e7e3bf076117ba0ac9df7634b8d5e0a39f94cf	Sønnen min ble nettopp ferdig med mastergraden sin.		4	0	thirties	male_masculine	Østlandet		nb-NO	
17e43953917efb0a49bd62ad49a19c9d2ea1d5fd586397a17c9f1ab52ef82d5eff5d58465c69477330db5defdf7ff6017b3038d820a742a602b07c013072ec67	common_voice_nb-NO_43534678.mp3	3e3b1f3fa1c2f3ee1c3c601b40211812f455e120a0bfdcc892550dbca6d217d8	Det var lunt og godt i bukta.		4	0	thirties	male_masculine	Østlandet		nb-NO	
17e43953917efb0a49bd62ad49a19c9d2ea1d5fd586397a17c9f1ab52ef82d5eff5d58465c69477330db5defdf7ff6017b3038d820a742a602b07c013072ec67	common_voice_nb-NO_43534679.mp3	3d46b1f2e4f18624723a8dce09a47b031cc0d17c4f7403468fb4bc5eb4cfb947	Burde man sykle oppover eller nedover?		4	0	thirties	male_masculine	Østlandet		nb-NO	
17e43953917efb0a49bd62ad49a19c9d2ea1d5fd586397a17c9f1ab52ef82d5eff5d58465c69477330db5defdf7ff6017b3038d820a742a602b07c013072ec67	common_voice_nb-NO_43534680.mp3	448d765228ee24d0b4cde78318d820c94227e416419ce8fe20dc8247613fa76a	Snakk høyere, er du snill.		4	0	thirties	male_masculine	Østlandet		nb-NO	
17e43953917efb0a49bd62ad49a19c9d2ea1d5fd586397a17c9f1ab52ef82d5eff5d58465c69477330db5defdf7ff6017b3038d820a742a602b07c013072ec67	common_voice_nb-NO_43534682.mp3	3cf33173a7fd27a8286693e0d775ef8eed474d80037fc01bee89cc23a1021f35	Maria undret seg, og hun måtte spørre engelen:		4	0	thirties	male_masculine	Østlandet		nb-NO	
17e43953917efb0a49bd62ad49a19c9d2ea1d5fd586397a17c9f1ab52ef82d5eff5d58465c69477330db5defdf7ff6017b3038d820a742a602b07c013072ec67	common_voice_nb-NO_43534683.mp3	10d69e31f22ff1197c5c07ee6cd759880ec636275ed8ff5a0b233b52202eb98f	Årsaken er mange dødsulykker de siste årene.	general	4	0	thirties	male_masculine	Østlandet		nb-NO	
17e43953917efb0a49bd62ad49a19c9d2ea1d5fd586397a17c9f1ab52ef82d5eff5d58465c69477330db5defdf7ff6017b3038d820a742a602b07c013072ec67	common_voice_nb-NO_43534684.mp3	222c8ee5875a8132d9972d92003453da3e1afd9598a29e9f2d9423c8e4b3fbd8	Er det noe som frister?	general	4	0	thirties	male_masculine	Østlandet		nb-NO	
17e43953917efb0a49bd62ad49a19c9d2ea1d5fd586397a17c9f1ab52ef82d5eff5d58465c69477330db5defdf7ff6017b3038d820a742a602b07c013072ec67	common_voice_nb-NO_43534685.mp3	34995a997a82f2fbbfc8ba2c85c0c4d4f73830fba93921a3b2676ab75d79790c	Kjennelsen fra retten er unntatt offentlighet.	general	4	0	thirties	male_masculine	Østlandet		nb-NO	
17e43953917efb0a49bd62ad49a19c9d2ea1d5fd586397a17c9f1ab52ef82d5eff5d58465c69477330db5defdf7ff6017b3038d820a742a602b07c013072ec67	common_voice_nb-NO_43534686.mp3	277f31f10f7cb8cfdc5823f640675fee79c4d9808c94a283681637edcc755581	Jeg burde sove nå, men jeg er ikke trøtt.		4	0	thirties	male_masculine	Østlandet		nb-NO	
17e43953917efb0a49bd62ad49a19c9d2ea1d5fd586397a17c9f1ab52ef82d5eff5d58465c69477330db5defdf7ff6017b3038d820a742a602b07c013072ec67	common_voice_nb-NO_43534687.mp3	1fe23807fd151ec635006f3b65597b26b40ec31ef8d7ff9c15f50687e2bff84d	speil		4	0	thirties	male_masculine	Østlandet		nb-NO	
17e43953917efb0a49bd62ad49a19c9d2ea1d5fd586397a17c9f1ab52ef82d5eff5d58465c69477330db5defdf7ff6017b3038d820a742a602b07c013072ec67	common_voice_nb-NO_43534688.mp3	3c0317036a699180ea0a0bb1916af4083c7f07ffc7c8c7134f660e1a96604d59	Ifølge teorien har man her nådd et optimum.		4	0	thirties	male_masculine	Østlandet		nb-NO	
17e43953917efb0a49bd62ad49a19c9d2ea1d5fd586397a17c9f1ab52ef82d5eff5d58465c69477330db5defdf7ff6017b3038d820a742a602b07c013072ec67	common_voice_nb-NO_43534689.mp3	23f00bac4e4c18ebd8c4f1ce33d4f71e118e6c6e2a026f38aba06859336b4053	I tillegg vil noen seremonier foregå i august.	general	4	0	thirties	male_masculine	Østlandet		nb-NO	
17e43953917efb0a49bd62ad49a19c9d2ea1d5fd586397a17c9f1ab52ef82d5eff5d58465c69477330db5defdf7ff6017b3038d820a742a602b07c013072ec67	common_voice_nb-NO_43534690.mp3	30f1744dc69de897f0cef9499462cf73e887df5a8c5feebb5eb855c2d1d095dc	Hun må likevel ikke leve et liv i stillhet.		4	0	thirties	male_masculine	Østlandet		nb-NO	
17e43953917efb0a49bd62ad49a19c9d2ea1d5fd586397a17c9f1ab52ef82d5eff5d58465c69477330db5defdf7ff6017b3038d820a742a602b07c013072ec67	common_voice_nb-NO_43534691.mp3	2557aca254a0810a4ae4bce03d8123b61c3580bd7499d0e8f0da61b38e3871fb	Samtidig vil sysselsettingen være relativt lav.	general	4	0	thirties	male_masculine	Østlandet		nb-NO	
17e43953917efb0a49bd62ad49a19c9d2ea1d5fd586397a17c9f1ab52ef82d5eff5d58465c69477330db5defdf7ff6017b3038d820a742a602b07c013072ec67	common_voice_nb-NO_43534692.mp3	3e97c69cf1ba87139f696544d643ba8d9fa15a78267d095d926d4744b7af1b67	vindu		4	0	thirties	male_masculine	Østlandet		nb-NO	
17e43953917efb0a49bd62ad49a19c9d2ea1d5fd586397a17c9f1ab52ef82d5eff5d58465c69477330db5defdf7ff6017b3038d820a742a602b07c013072ec67	common_voice_nb-NO_43534693.mp3	015ee81c11809535b00e2dd8df7299efd805896dfd312f5d42a48a9eef0d81f5	Kjøp og drift av biler var tilnærmet uendret fra måneden før.	general	4	0	thirties	male_masculine	Østlandet		nb-NO	
17e43953917efb0a49bd62ad49a19c9d2ea1d5fd586397a17c9f1ab52ef82d5eff5d58465c69477330db5defdf7ff6017b3038d820a742a602b07c013072ec67	common_voice_nb-NO_43534695.mp3	00a2b6694adb5bbe64343e901baf6bcdcb580c1aad899dfe2622924575a422cf	Hvis noen er fortvilet over meg, får de ringe.	general	4	0	thirties	male_masculine	Østlandet		nb-NO	
17e43953917efb0a49bd62ad49a19c9d2ea1d5fd586397a17c9f1ab52ef82d5eff5d58465c69477330db5defdf7ff6017b3038d820a742a602b07c013072ec67	common_voice_nb-NO_43534696.mp3	1e7da2a406a2f52a478ec520a37fb2a2464de98c4fc1fec887fc9b0fb6de8945	Så dette blir utrolig spennende, sier han.	general	4	0	thirties	male_masculine	Østlandet		nb-NO	
17e43953917efb0a49bd62ad49a19c9d2ea1d5fd586397a17c9f1ab52ef82d5eff5d58465c69477330db5defdf7ff6017b3038d820a742a602b07c013072ec67	common_voice_nb-NO_43534697.mp3	320e6eee046cfbbedb0e13749704220e1092ec2bd6fd7a50e873996593e48a80	Prisene på elektrisk kraft har bare fortsatt å synke.		4	0	thirties	male_masculine	Østlandet		nb-NO	
17e43953917efb0a49bd62ad49a19c9d2ea1d5fd586397a17c9f1ab52ef82d5eff5d58465c69477330db5defdf7ff6017b3038d820a742a602b07c013072ec67	common_voice_nb-NO_43534698.mp3	40add60e9a14d16b329cbbb3f0e83a03e933e474ab13fdaf11a42140e65c2dde	Vi kan ikke skifte syn etter trender og moter.		4	0	thirties	male_masculine	Østlandet		nb-NO	
17e43953917efb0a49bd62ad49a19c9d2ea1d5fd586397a17c9f1ab52ef82d5eff5d58465c69477330db5defdf7ff6017b3038d820a742a602b07c013072ec67	common_voice_nb-NO_43534704.mp3	3cbf9d31c34dbed3bd67c9900f5a79ece880e4bce23c1330b8c47899e8c783b2	Alder vil ha ære.		4	0	thirties	male_masculine	Østlandet		nb-NO	
17e43953917efb0a49bd62ad49a19c9d2ea1d5fd586397a17c9f1ab52ef82d5eff5d58465c69477330db5defdf7ff6017b3038d820a742a602b07c013072ec67	common_voice_nb-NO_43534705.mp3	394632f0beb18bbefc267d4f3f7df3dedb976d8de4a328a442150e43259140ae	Det finnes flere ukeblader i Norge.		4	0	thirties	male_masculine	Østlandet		nb-NO	
17e43953917efb0a49bd62ad49a19c9d2ea1d5fd586397a17c9f1ab52ef82d5eff5d58465c69477330db5defdf7ff6017b3038d820a742a602b07c013072ec67	common_voice_nb-NO_43534706.mp3	2e15a5367ba57fd2b66ccf10e642eeba9b0c5a94a19be319521b25711a3039a6	sju fire seks sju tolv seks hundre og åttiåtte		4	0	thirties	male_masculine	Østlandet		nb-NO	
17e43953917efb0a49bd62ad49a19c9d2ea1d5fd586397a17c9f1ab52ef82d5eff5d58465c69477330db5defdf7ff6017b3038d820a742a602b07c013072ec67	common_voice_nb-NO_43534707.mp3	27d4a4c782c7946d84c1348b7cfc33cbfa4651be9083c94f9f4fc4fc28870565	Resultatet er innstilte tog lørdag og buss for tog.	general	4	0	thirties	male_masculine	Østlandet		nb-NO	
17e43953917efb0a49bd62ad49a19c9d2ea1d5fd586397a17c9f1ab52ef82d5eff5d58465c69477330db5defdf7ff6017b3038d820a742a602b07c013072ec67	common_voice_nb-NO_43534708.mp3	3c3a26b65fecf23849a81f37ec9ac46fd5a4abb79f92c2cd973fb09c529ec762	Walter Lindberg		4	0	thirties	male_masculine	Østlandet		nb-NO	
17e43953917efb0a49bd62ad49a19c9d2ea1d5fd586397a17c9f1ab52ef82d5eff5d58465c69477330db5defdf7ff6017b3038d820a742a602b07c013072ec67	common_voice_nb-NO_43534709.mp3	243eb24f89d6b3eec74531e244ac8873af7814b1a77ca4466eccb3085b56dab7	Buss og taxi er nærmest ikke å oppdrive.	general	4	0	thirties	male_masculine	Østlandet		nb-NO	
17e43953917efb0a49bd62ad49a19c9d2ea1d5fd586397a17c9f1ab52ef82d5eff5d58465c69477330db5defdf7ff6017b3038d820a742a602b07c013072ec67	common_voice_nb-NO_43534710.mp3	230d62ed0943f97cd1192af6db30b56975f74ad053874427623f3db459bc6495	Han heter Hans og bilen hans manglet hanskerom.		4	0	thirties	male_masculine	Østlandet		nb-NO	
17e43953917efb0a49bd62ad49a19c9d2ea1d5fd586397a17c9f1ab52ef82d5eff5d58465c69477330db5defdf7ff6017b3038d820a742a602b07c013072ec67	common_voice_nb-NO_43534711.mp3	429599eb78f70fdbc2952b2853d507bd572d2c4a6a2547e73d5830c956d2211e	Kan en datamaskin snakke?		4	0	thirties	male_masculine	Østlandet		nb-NO	
17e43953917efb0a49bd62ad49a19c9d2ea1d5fd586397a17c9f1ab52ef82d5eff5d58465c69477330db5defdf7ff6017b3038d820a742a602b07c013072ec67	common_voice_nb-NO_43534713.mp3	3cb4ee03db7ddc769a4db148573a49f68c6ef1635348c81051694ab465395c1e	Når jeg pusser tennene får jeg vondt i håndleddet.		4	0	thirties	male_masculine	Østlandet		nb-NO	
17e43953917efb0a49bd62ad49a19c9d2ea1d5fd586397a17c9f1ab52ef82d5eff5d58465c69477330db5defdf7ff6017b3038d820a742a602b07c013072ec67	common_voice_nb-NO_43534714.mp3	2d1649aa646b541cfc3c5d5e0487eae60bbf15947ca1ad27762b142ca32a08bc	I pausene flokker de seg rundt gjestene.		4	0	thirties	male_masculine	Østlandet		nb-NO	
17e43953917efb0a49bd62ad49a19c9d2ea1d5fd586397a17c9f1ab52ef82d5eff5d58465c69477330db5defdf7ff6017b3038d820a742a602b07c013072ec67	common_voice_nb-NO_43534716.mp3	21f3cceb1f66c8f952907d19d2cddbee977e894257216e244de4a9a87880c44a	elskeren		4	0	thirties	male_masculine	Østlandet		nb-NO	
17e43953917efb0a49bd62ad49a19c9d2ea1d5fd586397a17c9f1ab52ef82d5eff5d58465c69477330db5defdf7ff6017b3038d820a742a602b07c013072ec67	common_voice_nb-NO_43534717.mp3	43f7e0c6e8884eaba4956f0827b4d4e064449bf7027cbe60dd5ec703f49fdfc1	En utfordring for en bransje der nesten bare de største aktørene hadde overlevd.		4	0	thirties	male_masculine	Østlandet		nb-NO	
17e43953917efb0a49bd62ad49a19c9d2ea1d5fd586397a17c9f1ab52ef82d5eff5d58465c69477330db5defdf7ff6017b3038d820a742a602b07c013072ec67	common_voice_nb-NO_43534718.mp3	4518514d18b7fbf8510abfc62dff334bf7afc4f0dbb7228802b8ff3c97ad7cee	Tyrkisk pepper kan være veldig godt.		4	0	thirties	male_masculine	Østlandet		nb-NO	
17e43953917efb0a49bd62ad49a19c9d2ea1d5fd586397a17c9f1ab52ef82d5eff5d58465c69477330db5defdf7ff6017b3038d820a742a602b07c013072ec67	common_voice_nb-NO_43534725.mp3	3fd4d753f2c02855ac1d7d02716f5682dc7146f7ba136e8db8e8f89ca770330f	Dagene glir inn i hverandre.		4	0	thirties	male_masculine	Østlandet		nb-NO	
17e43953917efb0a49bd62ad49a19c9d2ea1d5fd586397a17c9f1ab52ef82d5eff5d58465c69477330db5defdf7ff6017b3038d820a742a602b07c013072ec67	common_voice_nb-NO_43534726.mp3	205100e8b4e5e867a7b25509097cb15f532f23215c19d8b4e5894fd388877b7c	Han mener forslaget er interessant.	general	4	0	thirties	male_masculine	Østlandet		nb-NO	
17e43953917efb0a49bd62ad49a19c9d2ea1d5fd586397a17c9f1ab52ef82d5eff5d58465c69477330db5defdf7ff6017b3038d820a742a602b07c013072ec67	common_voice_nb-NO_43534727.mp3	17f1bdbf6f8d7707a277c70e658aa2b8d523b378481d1527f6d90c815c541f3f	Vi har jobbet for å få rettet opp i den uretten.	general	4	0	thirties	male_masculine	Østlandet		nb-NO	
17e43953917efb0a49bd62ad49a19c9d2ea1d5fd586397a17c9f1ab52ef82d5eff5d58465c69477330db5defdf7ff6017b3038d820a742a602b07c013072ec67	common_voice_nb-NO_43534728.mp3	3c9d925db977c6ab17aebb6596216f1087935e92b08b7be9b20b2093a57cb0fd	Universitetsledelsen har med andre ord truffet et valg på sine egne premisser.		4	0	thirties	male_masculine	Østlandet		nb-NO	
17e43953917efb0a49bd62ad49a19c9d2ea1d5fd586397a17c9f1ab52ef82d5eff5d58465c69477330db5defdf7ff6017b3038d820a742a602b07c013072ec67	common_voice_nb-NO_43534729.mp3	436e2814ae640681071ad52663f5300e24a7def5b3944b628774e22b06803af4	Fribryting var lite forskjellig fra i dag.		4	0	thirties	male_masculine	Østlandet		nb-NO	
17e43953917efb0a49bd62ad49a19c9d2ea1d5fd586397a17c9f1ab52ef82d5eff5d58465c69477330db5defdf7ff6017b3038d820a742a602b07c013072ec67	common_voice_nb-NO_43534730.mp3	2823b089eeaccb624cb42858be4f87b1a6214f51e10dd2aeb815fff4dd90af56	I sin lære peker han på prinsipper det fint går an å etterleve.		4	0	thirties	male_masculine	Østlandet		nb-NO	
17e43953917efb0a49bd62ad49a19c9d2ea1d5fd586397a17c9f1ab52ef82d5eff5d58465c69477330db5defdf7ff6017b3038d820a742a602b07c013072ec67	common_voice_nb-NO_43534731.mp3	35361dc3d700d89b423a1deeb6964e43a39c6d5d25433feb1a238e14da3fe3cd	faks		4	0	thirties	male_masculine	Østlandet		nb-NO	
17e43953917efb0a49bd62ad49a19c9d2ea1d5fd586397a17c9f1ab52ef82d5eff5d58465c69477330db5defdf7ff6017b3038d820a742a602b07c013072ec67	common_voice_nb-NO_43534732.mp3	3a1b9314bbc4f5e1806ba7f84b0d448e0cc48b243785b226d8d4bf7995055028	og evig liv.		4	0	thirties	male_masculine	Østlandet		nb-NO	
17e43953917efb0a49bd62ad49a19c9d2ea1d5fd586397a17c9f1ab52ef82d5eff5d58465c69477330db5defdf7ff6017b3038d820a742a602b07c013072ec67	common_voice_nb-NO_43534733.mp3	38e1d2c26bf5d950e04e531654da6346edb855ab3b9196124f012738f7ce4fff	Hun hørte isbilen og løp ut så raskt hun kunne		4	0	thirties	male_masculine	Østlandet		nb-NO	
17e43953917efb0a49bd62ad49a19c9d2ea1d5fd586397a17c9f1ab52ef82d5eff5d58465c69477330db5defdf7ff6017b3038d820a742a602b07c013072ec67	common_voice_nb-NO_43534741.mp3	1dccca5dfd3e3e0b28ed69bf0fe795be54d077f733985f87759c51aac44b1982	Den gang var paracetamol kun å finne i landets apoteker.	general	4	0	thirties	male_masculine	Østlandet		nb-NO	
17e43953917efb0a49bd62ad49a19c9d2ea1d5fd586397a17c9f1ab52ef82d5eff5d58465c69477330db5defdf7ff6017b3038d820a742a602b07c013072ec67	common_voice_nb-NO_43534742.mp3	21b7f6bf7417ef8e51b1fbd16d3e2575eb240f349e90aaff74eda1257779836c	På elegant vis roper den ikke ut sin tilstedeværelse.	general	4	0	thirties	male_masculine	Østlandet		nb-NO	
17e43953917efb0a49bd62ad49a19c9d2ea1d5fd586397a17c9f1ab52ef82d5eff5d58465c69477330db5defdf7ff6017b3038d820a742a602b07c013072ec67	common_voice_nb-NO_43534743.mp3	4637b4b97f68082c009b712c0474b0e83234a2e36aab1a89d2a5c6ed5cbe5b8d	tjueto tusen fire hundre og femten		4	0	thirties	male_masculine	Østlandet		nb-NO	
17e43953917efb0a49bd62ad49a19c9d2ea1d5fd586397a17c9f1ab52ef82d5eff5d58465c69477330db5defdf7ff6017b3038d820a742a602b07c013072ec67	common_voice_nb-NO_43534744.mp3	159ecdca8f4dafa1648937c8293671cdb81ab8d6574af7a2cefdbb64beca9538	Det er to selvstendige personer som må tilpasse seg hverandre.		4	0	thirties	male_masculine	Østlandet		nb-NO	
17e43953917efb0a49bd62ad49a19c9d2ea1d5fd586397a17c9f1ab52ef82d5eff5d58465c69477330db5defdf7ff6017b3038d820a742a602b07c013072ec67	common_voice_nb-NO_43534750.mp3	3a2e4d891873f335f6adb10db1c23e4b0fdb116e74f1440b62930dce9d823cc2	Jeg lurer på om tilfeldige setninger noen gang slutter å være tilfeldige.		4	0	thirties	male_masculine	Østlandet		nb-NO	
17e43953917efb0a49bd62ad49a19c9d2ea1d5fd586397a17c9f1ab52ef82d5eff5d58465c69477330db5defdf7ff6017b3038d820a742a602b07c013072ec67	common_voice_nb-NO_43534752.mp3	225edde138bdad6bf883b0dc7870b9fa2dc3daea5094a550ab663dc2c24ea06f	Nivået i uføretrygden vil ikke bli berørt.	general	4	0	thirties	male_masculine	Østlandet		nb-NO	
17e43953917efb0a49bd62ad49a19c9d2ea1d5fd586397a17c9f1ab52ef82d5eff5d58465c69477330db5defdf7ff6017b3038d820a742a602b07c013072ec67	common_voice_nb-NO_43534754.mp3	274d0cc52f88bd703c79d40f1949a1239a2a1f5a9d4c8c97832bec3e9a191725	Han hadde drømt at han møtte sitt ufødte barn		4	0	thirties	male_masculine	Østlandet		nb-NO	
17e43953917efb0a49bd62ad49a19c9d2ea1d5fd586397a17c9f1ab52ef82d5eff5d58465c69477330db5defdf7ff6017b3038d820a742a602b07c013072ec67	common_voice_nb-NO_43534756.mp3	318bb9520ea7603a1da282592a63aacda4f1606de77a253c94c8bc9c0f817f77	øvrig		4	0	thirties	male_masculine	Østlandet		nb-NO	
17e43953917efb0a49bd62ad49a19c9d2ea1d5fd586397a17c9f1ab52ef82d5eff5d58465c69477330db5defdf7ff6017b3038d820a742a602b07c013072ec67	common_voice_nb-NO_43534758.mp3	1744158f9ef9db150b9984d411dd3a28ec8ea7f9c656e977688fda7df35bfe20	Svorkmo		4	0	thirties	male_masculine	Østlandet		nb-NO	
17e43953917efb0a49bd62ad49a19c9d2ea1d5fd586397a17c9f1ab52ef82d5eff5d58465c69477330db5defdf7ff6017b3038d820a742a602b07c013072ec67	common_voice_nb-NO_43534760.mp3	1cc3f3d71c0c705eceda6f3d2040d5a277768400736155df7658c82e768cb2b5	Jeg vil ikke lykkes		4	0	thirties	male_masculine	Østlandet		nb-NO	
17e43953917efb0a49bd62ad49a19c9d2ea1d5fd586397a17c9f1ab52ef82d5eff5d58465c69477330db5defdf7ff6017b3038d820a742a602b07c013072ec67	common_voice_nb-NO_43534761.mp3	1ea45811e36ede3322e0529568e79f06b557456bb802d4310fece46c32237329	Men forurensningskildene er enorme, og veien fram er lang.	general	4	0	thirties	male_masculine	Østlandet		nb-NO	
17e43953917efb0a49bd62ad49a19c9d2ea1d5fd586397a17c9f1ab52ef82d5eff5d58465c69477330db5defdf7ff6017b3038d820a742a602b07c013072ec67	common_voice_nb-NO_43534762.mp3	36d945fc9909efe6058bfa8c1dc570792c1796b3932c3451b5ab4aca27b728d3	Den foreløpige analysen viser at møteulykker dominerer.	general	4	0	thirties	male_masculine	Østlandet		nb-NO	
17e43953917efb0a49bd62ad49a19c9d2ea1d5fd586397a17c9f1ab52ef82d5eff5d58465c69477330db5defdf7ff6017b3038d820a742a602b07c013072ec67	common_voice_nb-NO_43534763.mp3	2b5bc41984394d36929fa770366a1a9de2d85335a36df50c8f311c26890e0c54	Det viktigste er likevel ham selv.		4	0	thirties	male_masculine	Østlandet		nb-NO	
17e43953917efb0a49bd62ad49a19c9d2ea1d5fd586397a17c9f1ab52ef82d5eff5d58465c69477330db5defdf7ff6017b3038d820a742a602b07c013072ec67	common_voice_nb-NO_43534764.mp3	33fc5decca36f682f39b65c93561f284e561e35531c1cc95de9f494b11a4ac0f	Det er viktig med et variert kosthold.		4	0	thirties	male_masculine	Østlandet		nb-NO	
17e43953917efb0a49bd62ad49a19c9d2ea1d5fd586397a17c9f1ab52ef82d5eff5d58465c69477330db5defdf7ff6017b3038d820a742a602b07c013072ec67	common_voice_nb-NO_43535517.mp3	35027b684751db053e82f103d8a1b773cf043b49cea6b5723fc26326c1cf2310	Mottatt Jeg trenger dem		4	0	thirties	male_masculine	Østlandet		nb-NO	
17e43953917efb0a49bd62ad49a19c9d2ea1d5fd586397a17c9f1ab52ef82d5eff5d58465c69477330db5defdf7ff6017b3038d820a742a602b07c013072ec67	common_voice_nb-NO_43535518.mp3	03d6d200a1709def771fd347337ac560ba2d29fcf42662945ab6e4d77deab8d3	Det siste tiåret har spansk fotball sittet på alt.	general	4	0	thirties	male_masculine	Østlandet		nb-NO	
17e43953917efb0a49bd62ad49a19c9d2ea1d5fd586397a17c9f1ab52ef82d5eff5d58465c69477330db5defdf7ff6017b3038d820a742a602b07c013072ec67	common_voice_nb-NO_43535519.mp3	458b610ab3e3e1be9555b113b57b5b65fecafe1b4be40667b9efdcfc3adade33	Den største kilden til moderne ordtak er Paradise Hotel		4	0	thirties	male_masculine	Østlandet		nb-NO	
17e43953917efb0a49bd62ad49a19c9d2ea1d5fd586397a17c9f1ab52ef82d5eff5d58465c69477330db5defdf7ff6017b3038d820a742a602b07c013072ec67	common_voice_nb-NO_43535520.mp3	2d4d4426c30843ed571d49fb6eeb817bd5a4031cc5806a4e13d22edc46629197	Det er ikke alltid lett å gjøre ting i riktig rekkefølge.		4	0	thirties	male_masculine	Østlandet		nb-NO	
17e43953917efb0a49bd62ad49a19c9d2ea1d5fd586397a17c9f1ab52ef82d5eff5d58465c69477330db5defdf7ff6017b3038d820a742a602b07c013072ec67	common_voice_nb-NO_43535521.mp3	39b752313837e2224a03ec8190ae6d3330e8c9b772c5ff7e0c81950b67cc2e44	slett		4	0	thirties	male_masculine	Østlandet		nb-NO	
17e43953917efb0a49bd62ad49a19c9d2ea1d5fd586397a17c9f1ab52ef82d5eff5d58465c69477330db5defdf7ff6017b3038d820a742a602b07c013072ec67	common_voice_nb-NO_43535522.mp3	36e8f3114b5511e88633317b734db6621c0c17caad6c864c2964c9fcc5ac8ab5	celle		4	0	thirties	male_masculine	Østlandet		nb-NO	
17e43953917efb0a49bd62ad49a19c9d2ea1d5fd586397a17c9f1ab52ef82d5eff5d58465c69477330db5defdf7ff6017b3038d820a742a602b07c013072ec67	common_voice_nb-NO_43535524.mp3	3a2002ff089db6dffd880903355a1102b6ba8b52a45f1c0a13396e5636c876ab	Røn		4	0	thirties	male_masculine	Østlandet		nb-NO	
17e43953917efb0a49bd62ad49a19c9d2ea1d5fd586397a17c9f1ab52ef82d5eff5d58465c69477330db5defdf7ff6017b3038d820a742a602b07c013072ec67	common_voice_nb-NO_43535525.mp3	1d8360480ecb5b7a4d3fcbfe21e946f7170683c6bf1e37afdc3488d3433357a0	Hun forserte en spansk forsvarer og laget et mål.		4	0	thirties	male_masculine	Østlandet		nb-NO	
17e43953917efb0a49bd62ad49a19c9d2ea1d5fd586397a17c9f1ab52ef82d5eff5d58465c69477330db5defdf7ff6017b3038d820a742a602b07c013072ec67	common_voice_nb-NO_43535526.mp3	14d178f05b13568c9b6ec2f1edfe2145f51aba3c92d69c2429c50c04f5441c0c	Kinesere i tøysko og t-skjorte.	general	4	0	thirties	male_masculine	Østlandet		nb-NO	
17e43953917efb0a49bd62ad49a19c9d2ea1d5fd586397a17c9f1ab52ef82d5eff5d58465c69477330db5defdf7ff6017b3038d820a742a602b07c013072ec67	common_voice_nb-NO_43535527.mp3	483a904e080b44e07703e70126b7a431aa6912b441ed0149dd91db462d51cedc	Vi krysset et stort sund.	general,nature_environment,news_current_affairs	4	0	thirties	male_masculine	Østlandet		nb-NO	
17e43953917efb0a49bd62ad49a19c9d2ea1d5fd586397a17c9f1ab52ef82d5eff5d58465c69477330db5defdf7ff6017b3038d820a742a602b07c013072ec67	common_voice_nb-NO_43535528.mp3	28cc7af6560bb363d911af832d4dae77ed9795482683b48ea4fb4292b12c8f55	Karoline Rasmussen		4	0	thirties	male_masculine	Østlandet		nb-NO	
17e43953917efb0a49bd62ad49a19c9d2ea1d5fd586397a17c9f1ab52ef82d5eff5d58465c69477330db5defdf7ff6017b3038d820a742a602b07c013072ec67	common_voice_nb-NO_43535529.mp3	44f50c44846a04ab73b2e3bb8982c9dd1490790fee6cdfc6f24a9a240724633a	brysomme		4	0	thirties	male_masculine	Østlandet		nb-NO	
17e43953917efb0a49bd62ad49a19c9d2ea1d5fd586397a17c9f1ab52ef82d5eff5d58465c69477330db5defdf7ff6017b3038d820a742a602b07c013072ec67	common_voice_nb-NO_43535530.mp3	22c6fdff12c5d60505409d9f529aaba4d47443005d6a551c6d0b26c57ee80245	Det er helt motsatt av hva man lærer i elementær business.	general	4	0	thirties	male_masculine	Østlandet		nb-NO	
17e43953917efb0a49bd62ad49a19c9d2ea1d5fd586397a17c9f1ab52ef82d5eff5d58465c69477330db5defdf7ff6017b3038d820a742a602b07c013072ec67	common_voice_nb-NO_43535531.mp3	41c6865d233d85fc2da59c0d71836e4c1506db4fd9b695094b5fc03bd07a3368	Den omhandler en liten verden sentrert rundt fire personer.		4	0	thirties	male_masculine	Østlandet		nb-NO	
17e43953917efb0a49bd62ad49a19c9d2ea1d5fd586397a17c9f1ab52ef82d5eff5d58465c69477330db5defdf7ff6017b3038d820a742a602b07c013072ec67	common_voice_nb-NO_43535532.mp3	449a6f371f67369bea6b1cd256658bb29942275bb563199114c8d49aed9f5a4c	Lillesand		4	0	thirties	male_masculine	Østlandet		nb-NO	
17e43953917efb0a49bd62ad49a19c9d2ea1d5fd586397a17c9f1ab52ef82d5eff5d58465c69477330db5defdf7ff6017b3038d820a742a602b07c013072ec67	common_voice_nb-NO_43535533.mp3	2d293db7c318a70ef410eeeb16f1948aa7e50005a1c21870e1a63000b6eaf3b0	Jeg kan ikke si det annerledes.		4	0	thirties	male_masculine	Østlandet		nb-NO	
17e43953917efb0a49bd62ad49a19c9d2ea1d5fd586397a17c9f1ab52ef82d5eff5d58465c69477330db5defdf7ff6017b3038d820a742a602b07c013072ec67	common_voice_nb-NO_43535534.mp3	27618f82ce0266de274c9a8b983a5053627757350339beca37b01a33c0820229	Hvordan får man bilde av seg selv på en kake?		4	0	thirties	male_masculine	Østlandet		nb-NO	
17e43953917efb0a49bd62ad49a19c9d2ea1d5fd586397a17c9f1ab52ef82d5eff5d58465c69477330db5defdf7ff6017b3038d820a742a602b07c013072ec67	common_voice_nb-NO_43535535.mp3	375c90673934e1a2d5ac9c1a6709d0d73801767ea1a3d5465701e61c9d0fea48	Her må en virkelig passe på barna.		4	0	thirties	male_masculine	Østlandet		nb-NO	
17e43953917efb0a49bd62ad49a19c9d2ea1d5fd586397a17c9f1ab52ef82d5eff5d58465c69477330db5defdf7ff6017b3038d820a742a602b07c013072ec67	common_voice_nb-NO_43535536.mp3	289199c43303c63685f59f5bff9a0655d152b275a900bd422b1162cd74c3ebb2	Arbeidsledigheten for innvandrere er svært høy.		4	0	thirties	male_masculine	Østlandet		nb-NO	
17e43953917efb0a49bd62ad49a19c9d2ea1d5fd586397a17c9f1ab52ef82d5eff5d58465c69477330db5defdf7ff6017b3038d820a742a602b07c013072ec67	common_voice_nb-NO_43535537.mp3	37da632cd39efb520e1c01f1928f84acc03bc25122bbdb32cc0c05d590d29aa9	Ifølge databeregningene blir luften dobbelt så forurenset når veiene tørker.		4	0	thirties	male_masculine	Østlandet		nb-NO	
17e43953917efb0a49bd62ad49a19c9d2ea1d5fd586397a17c9f1ab52ef82d5eff5d58465c69477330db5defdf7ff6017b3038d820a742a602b07c013072ec67	common_voice_nb-NO_43535538.mp3	4397ed5c0ad7cdaf85fb590476172d31b7671cd6f8409f83adb9bfb060e74485	Likevel har jeg på følelsen at du kommer etterhvert.		4	0	thirties	male_masculine	Østlandet		nb-NO	
17e43953917efb0a49bd62ad49a19c9d2ea1d5fd586397a17c9f1ab52ef82d5eff5d58465c69477330db5defdf7ff6017b3038d820a742a602b07c013072ec67	common_voice_nb-NO_43535539.mp3	223a6461ed868d79fab144b76c426dd76bd397985667d68b4d65e9bea972aa89	en sju to fem syttifem sju hundre og åttien		4	0	thirties	male_masculine	Østlandet		nb-NO	
17e43953917efb0a49bd62ad49a19c9d2ea1d5fd586397a17c9f1ab52ef82d5eff5d58465c69477330db5defdf7ff6017b3038d820a742a602b07c013072ec67	common_voice_nb-NO_43535540.mp3	401ccc9ebb93735089a249759b0ea7744caaf92c52e9c28c451733177b0917c9	Bra vind i ryggen er best		4	0	thirties	male_masculine	Østlandet		nb-NO	
17e43953917efb0a49bd62ad49a19c9d2ea1d5fd586397a17c9f1ab52ef82d5eff5d58465c69477330db5defdf7ff6017b3038d820a742a602b07c013072ec67	common_voice_nb-NO_43535541.mp3	287f338eaa4e3bdf5b8143bae624534a6b0787e3c7e217ff1cda781ca0c6b26a	Kjeks er det eneste jeg får hos oldemor.		4	0	thirties	male_masculine	Østlandet		nb-NO	
17e43953917efb0a49bd62ad49a19c9d2ea1d5fd586397a17c9f1ab52ef82d5eff5d58465c69477330db5defdf7ff6017b3038d820a742a602b07c013072ec67	common_voice_nb-NO_43535542.mp3	20019f92c083a13391adeeae22b047dfb99973c5ce7996ec4831f7cc8fba0255	Mange blir aldri helt seg selv igjen.	general	4	0	thirties	male_masculine	Østlandet		nb-NO	
17e43953917efb0a49bd62ad49a19c9d2ea1d5fd586397a17c9f1ab52ef82d5eff5d58465c69477330db5defdf7ff6017b3038d820a742a602b07c013072ec67	common_voice_nb-NO_43535543.mp3	495fb2d727c8678c69c1965ea0695c3ee6cae5eb940ee6a5eb724c71f7e98401	Flere kommuner og fylker setter stadig flere av sine virksomheter ut på anbud.		4	0	thirties	male_masculine	Østlandet		nb-NO	
17e43953917efb0a49bd62ad49a19c9d2ea1d5fd586397a17c9f1ab52ef82d5eff5d58465c69477330db5defdf7ff6017b3038d820a742a602b07c013072ec67	common_voice_nb-NO_43535544.mp3	4200e45045f526a18f16e294cbc2c100c43c12be6b5108fabfe9c7dd85cb4f22	Vi skal alle arbeide for fred og forsåelse.		4	0	thirties	male_masculine	Østlandet		nb-NO	
17e43953917efb0a49bd62ad49a19c9d2ea1d5fd586397a17c9f1ab52ef82d5eff5d58465c69477330db5defdf7ff6017b3038d820a742a602b07c013072ec67	common_voice_nb-NO_43535545.mp3	444ddae548ba695fee975f1e9687d3c629f841bb0b6780ce36bd166c194a8e69	Han fikk sågar smedverktøyet med i graven.		4	0	thirties	male_masculine	Østlandet		nb-NO	
17e43953917efb0a49bd62ad49a19c9d2ea1d5fd586397a17c9f1ab52ef82d5eff5d58465c69477330db5defdf7ff6017b3038d820a742a602b07c013072ec67	common_voice_nb-NO_43535547.mp3	2066ade4c3b47f1f583a0ff61a768d11f7b31367cd32815c66def3630dc10a08	Dagmar Nordahl		4	0	thirties	male_masculine	Østlandet		nb-NO	
17e43953917efb0a49bd62ad49a19c9d2ea1d5fd586397a17c9f1ab52ef82d5eff5d58465c69477330db5defdf7ff6017b3038d820a742a602b07c013072ec67	common_voice_nb-NO_43535550.mp3	47147d15ee51b494d9d6e756968a897dcb2b04bf905b7998c2fcd3f42bbce780	sekstitre tusen og tjueen		4	0	thirties	male_masculine	Østlandet		nb-NO	
17e43953917efb0a49bd62ad49a19c9d2ea1d5fd586397a17c9f1ab52ef82d5eff5d58465c69477330db5defdf7ff6017b3038d820a742a602b07c013072ec67	common_voice_nb-NO_43535551.mp3	4775268dd1c7decfee4e0fcb0ee9d45d70dae1d5303fb34efdbf8bfafd7b9310	Hun hadde mye humor, og møtte alltid andre med et åpent og ærlig smil.		4	0	thirties	male_masculine	Østlandet		nb-NO	
17e43953917efb0a49bd62ad49a19c9d2ea1d5fd586397a17c9f1ab52ef82d5eff5d58465c69477330db5defdf7ff6017b3038d820a742a602b07c013072ec67	common_voice_nb-NO_43535552.mp3	3e18bac91c4908bf75f1e2661085b6bc20b797c103c1d49a440c4b1e27d34187	ville		4	0	thirties	male_masculine	Østlandet		nb-NO	
17e43953917efb0a49bd62ad49a19c9d2ea1d5fd586397a17c9f1ab52ef82d5eff5d58465c69477330db5defdf7ff6017b3038d820a742a602b07c013072ec67	common_voice_nb-NO_43535553.mp3	3b67e2cc030d82bf825e59fccc3933430da92c0de593993a5f530511015e0ac5	Den ene elva etter den andre ble opptatt av leietagere med langsiktige avtaler.		4	0	thirties	male_masculine	Østlandet		nb-NO	
17e43953917efb0a49bd62ad49a19c9d2ea1d5fd586397a17c9f1ab52ef82d5eff5d58465c69477330db5defdf7ff6017b3038d820a742a602b07c013072ec67	common_voice_nb-NO_43535554.mp3	483aaf48ead94a3bd9e2fda061fd3b8bff08a0cdac3d581c1b9589327ed3f2de	Jeg har åpnet døren.		4	0	thirties	male_masculine	Østlandet		nb-NO	
17e43953917efb0a49bd62ad49a19c9d2ea1d5fd586397a17c9f1ab52ef82d5eff5d58465c69477330db5defdf7ff6017b3038d820a742a602b07c013072ec67	common_voice_nb-NO_43535556.mp3	31caa128206847b3a9836eb97ae6e3ff27ce362613bfb765e2842e215890a5c2	Dette har imidlertid lite eller ingenting å si for handlingen i filmen.		4	0	thirties	male_masculine	Østlandet		nb-NO	
17e43953917efb0a49bd62ad49a19c9d2ea1d5fd586397a17c9f1ab52ef82d5eff5d58465c69477330db5defdf7ff6017b3038d820a742a602b07c013072ec67	common_voice_nb-NO_43535557.mp3	4749dd868118f9dfd261372014f5c398db7f5bfd536ebb88a9a2198fd66e49bf	akustikk		4	0	thirties	male_masculine	Østlandet		nb-NO	
17e43953917efb0a49bd62ad49a19c9d2ea1d5fd586397a17c9f1ab52ef82d5eff5d58465c69477330db5defdf7ff6017b3038d820a742a602b07c013072ec67	common_voice_nb-NO_43535558.mp3	1e14a1cffbbbcbf9d1ea4831e3849db770727d18bd973a37df038c179d709503	Samtidig kan de som tjener millioner bli skattet hardere.	general	4	0	thirties	male_masculine	Østlandet		nb-NO	
17e43953917efb0a49bd62ad49a19c9d2ea1d5fd586397a17c9f1ab52ef82d5eff5d58465c69477330db5defdf7ff6017b3038d820a742a602b07c013072ec67	common_voice_nb-NO_43535559.mp3	1efc7d19bf146280f52543e9d0ca6e90390484d5380054b6673c979ad0d8168d	Edvin Ingvaldsen		4	0	thirties	male_masculine	Østlandet		nb-NO	
17e43953917efb0a49bd62ad49a19c9d2ea1d5fd586397a17c9f1ab52ef82d5eff5d58465c69477330db5defdf7ff6017b3038d820a742a602b07c013072ec67	common_voice_nb-NO_43535560.mp3	45bc17630ba683cea749bd6fc54a372de0ae4ab8203062af17e0fc22523b69c1	Hvordan blir du en av dem?		4	0	thirties	male_masculine	Østlandet		nb-NO	
17e43953917efb0a49bd62ad49a19c9d2ea1d5fd586397a17c9f1ab52ef82d5eff5d58465c69477330db5defdf7ff6017b3038d820a742a602b07c013072ec67	common_voice_nb-NO_43535561.mp3	4356ca3440eadccd74ed8664d4186f7d9afb143e4f286add796a4bb113ab6bdd	For dem går stipendiekuttet ikke ut over det kunstneriske arbeidet, bare levestandarden.		4	0	thirties	male_masculine	Østlandet		nb-NO	
17e43953917efb0a49bd62ad49a19c9d2ea1d5fd586397a17c9f1ab52ef82d5eff5d58465c69477330db5defdf7ff6017b3038d820a742a602b07c013072ec67	common_voice_nb-NO_43535562.mp3	15bfb6baa64b4b6cd5fcd4fc200676fb963433dd3df61814c206bed774bc010d	Folk som ønsker å omplassere en hund, må skrive lignende kontrakter.		4	0	thirties	male_masculine	Østlandet		nb-NO	
17e43953917efb0a49bd62ad49a19c9d2ea1d5fd586397a17c9f1ab52ef82d5eff5d58465c69477330db5defdf7ff6017b3038d820a742a602b07c013072ec67	common_voice_nb-NO_43535563.mp3	35629b78fad21a803e17566171d58f278062c31547f73b5a77bd3a4eb46b5867	Karine Berglund		4	0	thirties	male_masculine	Østlandet		nb-NO	
17e43953917efb0a49bd62ad49a19c9d2ea1d5fd586397a17c9f1ab52ef82d5eff5d58465c69477330db5defdf7ff6017b3038d820a742a602b07c013072ec67	common_voice_nb-NO_43535564.mp3	35dc41b37ff21773978fa968f0c43f63b24e425b5ce116570530d35569b60fa6	Mange snakker ikke norsk, og trenger tolk.		4	0	thirties	male_masculine	Østlandet		nb-NO	
17e43953917efb0a49bd62ad49a19c9d2ea1d5fd586397a17c9f1ab52ef82d5eff5d58465c69477330db5defdf7ff6017b3038d820a742a602b07c013072ec67	common_voice_nb-NO_43535565.mp3	309befcedb9ab3f7855a2e307a8891a10599d2ea4347132d43a11b9d9c60ba57	Din lille rakkerunge!		4	0	thirties	male_masculine	Østlandet		nb-NO	
17e43953917efb0a49bd62ad49a19c9d2ea1d5fd586397a17c9f1ab52ef82d5eff5d58465c69477330db5defdf7ff6017b3038d820a742a602b07c013072ec67	common_voice_nb-NO_43535566.mp3	410537663042ab85f51f427b32d0136071fa2c641a5fbec71b2c8ca0cc4b376e	driver		4	0	thirties	male_masculine	Østlandet		nb-NO	
17e43953917efb0a49bd62ad49a19c9d2ea1d5fd586397a17c9f1ab52ef82d5eff5d58465c69477330db5defdf7ff6017b3038d820a742a602b07c013072ec67	common_voice_nb-NO_43535567.mp3	1e04436a5c646e1977c4f1e503ad5272656753c79cd017ee92722233a922e382	Begge de siktede er beskrevet som kjenninger av politiet.	general	4	0	thirties	male_masculine	Østlandet		nb-NO	
17e43953917efb0a49bd62ad49a19c9d2ea1d5fd586397a17c9f1ab52ef82d5eff5d58465c69477330db5defdf7ff6017b3038d820a742a602b07c013072ec67	common_voice_nb-NO_43535568.mp3	4a6b31c4d446c15ee506ca8d211b56e41dfa35483a0bdb82f3006d8cd65a3c0f	Firefox er en nettleser		4	0	thirties	male_masculine	Østlandet		nb-NO	
17e43953917efb0a49bd62ad49a19c9d2ea1d5fd586397a17c9f1ab52ef82d5eff5d58465c69477330db5defdf7ff6017b3038d820a742a602b07c013072ec67	common_voice_nb-NO_43535569.mp3	3ec49100978bb591210b01a4a6929f1e27107b3010f006d4ff9447c1473c77c0	jernring		4	0	thirties	male_masculine	Østlandet		nb-NO	
17e43953917efb0a49bd62ad49a19c9d2ea1d5fd586397a17c9f1ab52ef82d5eff5d58465c69477330db5defdf7ff6017b3038d820a742a602b07c013072ec67	common_voice_nb-NO_43535570.mp3	1f86184a2021b814140be328b289cfc55d9cdeea394116549503232967e10823	Den lille hunden la seg til å sove foran peisen.		4	0	thirties	male_masculine	Østlandet		nb-NO	
17e43953917efb0a49bd62ad49a19c9d2ea1d5fd586397a17c9f1ab52ef82d5eff5d58465c69477330db5defdf7ff6017b3038d820a742a602b07c013072ec67	common_voice_nb-NO_43535571.mp3	22cd035b59134d2d701dd6a2da439c8526a674ea35f6d03f621187481c252b71	Juli		4	0	thirties	male_masculine	Østlandet		nb-NO	
17e43953917efb0a49bd62ad49a19c9d2ea1d5fd586397a17c9f1ab52ef82d5eff5d58465c69477330db5defdf7ff6017b3038d820a742a602b07c013072ec67	common_voice_nb-NO_43535572.mp3	332f214eb3f461d908a5c30e7749304e8392a17bf33411d6e4eb47087f75755a	Dette gir ikke mening for meg.		4	0	thirties	male_masculine	Østlandet		nb-NO	
17e43953917efb0a49bd62ad49a19c9d2ea1d5fd586397a17c9f1ab52ef82d5eff5d58465c69477330db5defdf7ff6017b3038d820a742a602b07c013072ec67	common_voice_nb-NO_43535573.mp3	2ee4653e420b6b1656b92a9c918914ae67bbb4845063fd09698272e80218c9df	Det samme gjør nestlederne.	general	4	0	thirties	male_masculine	Østlandet		nb-NO	
17e43953917efb0a49bd62ad49a19c9d2ea1d5fd586397a17c9f1ab52ef82d5eff5d58465c69477330db5defdf7ff6017b3038d820a742a602b07c013072ec67	common_voice_nb-NO_43535574.mp3	13ac2c55e5b8377d5cf0a31257c341bfbf2ba88c2c6e4c2d419907c89b9c9fe4	Minst fem slike steder skal ha blitt brukt.	general	4	0	thirties	male_masculine	Østlandet		nb-NO	
17e43953917efb0a49bd62ad49a19c9d2ea1d5fd586397a17c9f1ab52ef82d5eff5d58465c69477330db5defdf7ff6017b3038d820a742a602b07c013072ec67	common_voice_nb-NO_43535575.mp3	0b3167d70438bcbf4e42f8613295ab7adcd25d8195b153cd9b790df9b5d25763	trettifem tusen og førtitre		4	0	thirties	male_masculine	Østlandet		nb-NO	
17e43953917efb0a49bd62ad49a19c9d2ea1d5fd586397a17c9f1ab52ef82d5eff5d58465c69477330db5defdf7ff6017b3038d820a742a602b07c013072ec67	common_voice_nb-NO_43535576.mp3	427f6fcf32ca50b22082044b140ea8dc1ec9a7889c0cb80f10ec08bb08a9008d	piken		4	0	thirties	male_masculine	Østlandet		nb-NO	
17e43953917efb0a49bd62ad49a19c9d2ea1d5fd586397a17c9f1ab52ef82d5eff5d58465c69477330db5defdf7ff6017b3038d820a742a602b07c013072ec67	common_voice_nb-NO_43535577.mp3	272a297adc5e23e668ec48ba190d8119a7373a7f82e82e754e2aceb1e23837a2	Den forrige rekorden ble satt for litt over ett år siden.	general	4	0	thirties	male_masculine	Østlandet		nb-NO	
17e43953917efb0a49bd62ad49a19c9d2ea1d5fd586397a17c9f1ab52ef82d5eff5d58465c69477330db5defdf7ff6017b3038d820a742a602b07c013072ec67	common_voice_nb-NO_43535578.mp3	1966ca5cb5ee291774d33f6e399ad1f248f6dba78c5ed56710ac28097ad84f23	Utøverne skal konkurrere i langrenn, skiskyting, alpint og snowboard.	general	4	0	thirties	male_masculine	Østlandet		nb-NO	
17e43953917efb0a49bd62ad49a19c9d2ea1d5fd586397a17c9f1ab52ef82d5eff5d58465c69477330db5defdf7ff6017b3038d820a742a602b07c013072ec67	common_voice_nb-NO_43535579.mp3	46cb1238647b6b4e1eb3d8885e2b159bec6264e1d2d01897adb1c7a7760324bd	Har du sett den nye ringen jeg lagde?		4	0	thirties	male_masculine	Østlandet		nb-NO	
17e43953917efb0a49bd62ad49a19c9d2ea1d5fd586397a17c9f1ab52ef82d5eff5d58465c69477330db5defdf7ff6017b3038d820a742a602b07c013072ec67	common_voice_nb-NO_43535581.mp3	0ce668a82c1c50f4e6ef7e4b7449f187deb96624645365f0e4c1e00e9de797f5	Han innrømmer noen finter på hjemmebane.	general	4	0	thirties	male_masculine	Østlandet		nb-NO	
17e43953917efb0a49bd62ad49a19c9d2ea1d5fd586397a17c9f1ab52ef82d5eff5d58465c69477330db5defdf7ff6017b3038d820a742a602b07c013072ec67	common_voice_nb-NO_43535582.mp3	28d37dae8804054f5ce1af1126ad5753bd199f5d0c5a7a7af8c5407ec7c98aca	De saksøkte tapte i byretten i fjor.		4	0	thirties	male_masculine	Østlandet		nb-NO	
17e43953917efb0a49bd62ad49a19c9d2ea1d5fd586397a17c9f1ab52ef82d5eff5d58465c69477330db5defdf7ff6017b3038d820a742a602b07c013072ec67	common_voice_nb-NO_43535584.mp3	40bf95247b08f3ff7b0ba14f63fbade033a9eb48abb75934c5126da7c9e46423	Hva betyr dette egentlig i lengden?		4	0	thirties	male_masculine	Østlandet		nb-NO	
17e43953917efb0a49bd62ad49a19c9d2ea1d5fd586397a17c9f1ab52ef82d5eff5d58465c69477330db5defdf7ff6017b3038d820a742a602b07c013072ec67	common_voice_nb-NO_43535585.mp3	4797831a1a3c636df77f470cc72d6393c9aa5a7d2a0ba5c4d496beb3dd06332a	to fem tre to seksten fem hundre og åtti		4	0	thirties	male_masculine	Østlandet		nb-NO	
17e43953917efb0a49bd62ad49a19c9d2ea1d5fd586397a17c9f1ab52ef82d5eff5d58465c69477330db5defdf7ff6017b3038d820a742a602b07c013072ec67	common_voice_nb-NO_43535586.mp3	25578ebf3d57163bcfdf04aa9d02a97b8b2d7a7a3784f2bd08959e9aaccce97f	Mange av disse utførte oppgaver i landbruket.	general	4	0	thirties	male_masculine	Østlandet		nb-NO	
17e43953917efb0a49bd62ad49a19c9d2ea1d5fd586397a17c9f1ab52ef82d5eff5d58465c69477330db5defdf7ff6017b3038d820a742a602b07c013072ec67	common_voice_nb-NO_43535587.mp3	36b226d6b1548120c5ef3103e8d77c27f2eb507934d304a369c8a3d810ecea0a	fjorten tusen sju hundre og sekstisju		4	0	thirties	male_masculine	Østlandet		nb-NO	
17e43953917efb0a49bd62ad49a19c9d2ea1d5fd586397a17c9f1ab52ef82d5eff5d58465c69477330db5defdf7ff6017b3038d820a742a602b07c013072ec67	common_voice_nb-NO_43535588.mp3	2fd3f913bd0506a314ff1ab3d08966ed8776b48903791784943a2700fc32adde	førtiåtte tusen og ti		4	0	thirties	male_masculine	Østlandet		nb-NO	
17e43953917efb0a49bd62ad49a19c9d2ea1d5fd586397a17c9f1ab52ef82d5eff5d58465c69477330db5defdf7ff6017b3038d820a742a602b07c013072ec67	common_voice_nb-NO_43535589.mp3	392b1f1e2884ac25b36f58fde112615ccc02f4237f382b3cf25e74ac9fa4bf2a	Det ville være mer attraktivt med boliger.		4	0	thirties	male_masculine	Østlandet		nb-NO	
17e43953917efb0a49bd62ad49a19c9d2ea1d5fd586397a17c9f1ab52ef82d5eff5d58465c69477330db5defdf7ff6017b3038d820a742a602b07c013072ec67	common_voice_nb-NO_43535590.mp3	299fd46d1affc57f07b074970380fd4faa9fb4f172d72738bea6c4e503e7dfa1	Forslaget er ikke engang fulgt opp i utkast til ny lov om spesialisthelsetjenesten.		4	0	thirties	male_masculine	Østlandet		nb-NO	
17e43953917efb0a49bd62ad49a19c9d2ea1d5fd586397a17c9f1ab52ef82d5eff5d58465c69477330db5defdf7ff6017b3038d820a742a602b07c013072ec67	common_voice_nb-NO_43535591.mp3	356121816919c2d56375ecb05d27f5d78c8473f203f48e9dac17dd64e03bff6a	Menneskets trang til å underkaste seg og bli en brikke i et spill.		4	0	thirties	male_masculine	Østlandet		nb-NO	
17e43953917efb0a49bd62ad49a19c9d2ea1d5fd586397a17c9f1ab52ef82d5eff5d58465c69477330db5defdf7ff6017b3038d820a742a602b07c013072ec67	common_voice_nb-NO_43537095.mp3	33a256972ff4d2b1e5ec6efbdd5debba37c6cfafda2399e1b9a38017e284a107	Når kronen styrker seg igjen, vil prisstigningen bli reversert.	general	4	0	thirties	male_masculine	Østlandet		nb-NO	
17e43953917efb0a49bd62ad49a19c9d2ea1d5fd586397a17c9f1ab52ef82d5eff5d58465c69477330db5defdf7ff6017b3038d820a742a602b07c013072ec67	common_voice_nb-NO_43537096.mp3	0fb98f0190a147fe1aac822a004ba23e3c1ee2e781668255515426d1880f4a36	Mange gleder seg over mediestøttemeldingen, men frykter ny postlov.	general	4	0	thirties	male_masculine	Østlandet		nb-NO	
17e43953917efb0a49bd62ad49a19c9d2ea1d5fd586397a17c9f1ab52ef82d5eff5d58465c69477330db5defdf7ff6017b3038d820a742a602b07c013072ec67	common_voice_nb-NO_43537097.mp3	498129acae21e92166b00e7639e13b4a6215970256e9357854cad58bdff995e3	Firmaet har spesialisert seg på arbeidstøy, regntøy og sportsartikler.		4	0	thirties	male_masculine	Østlandet		nb-NO	
17e43953917efb0a49bd62ad49a19c9d2ea1d5fd586397a17c9f1ab52ef82d5eff5d58465c69477330db5defdf7ff6017b3038d820a742a602b07c013072ec67	common_voice_nb-NO_43537098.mp3	1e86a83b9164068b126df4dee3fb2d5a50f8221b2977cdff1d1a77c4d25d53d2	Styrtregn utløste kortvarig, intens flom i flere byer over hele landet.	general	4	0	thirties	male_masculine	Østlandet		nb-NO	
17e43953917efb0a49bd62ad49a19c9d2ea1d5fd586397a17c9f1ab52ef82d5eff5d58465c69477330db5defdf7ff6017b3038d820a742a602b07c013072ec67	common_voice_nb-NO_43537099.mp3	30cf56bd6ec5c86b96e6d04fe246a33cbcda7d6f547b435b66761f20f4d4bce8	Det er lov å si at man ikke vet.		4	0	thirties	male_masculine	Østlandet		nb-NO	
17e43953917efb0a49bd62ad49a19c9d2ea1d5fd586397a17c9f1ab52ef82d5eff5d58465c69477330db5defdf7ff6017b3038d820a742a602b07c013072ec67	common_voice_nb-NO_43537100.mp3	27023a60ca7c8856363a57b4697f6aae5a52e63e37f1f4bba789b523da6571dc	Årets agurkavling ble ødelagt av dårlige værforhold.	general,agriculture_food	4	0	thirties	male_masculine	Østlandet		nb-NO	
17e43953917efb0a49bd62ad49a19c9d2ea1d5fd586397a17c9f1ab52ef82d5eff5d58465c69477330db5defdf7ff6017b3038d820a742a602b07c013072ec67	common_voice_nb-NO_43537101.mp3	3c97f24fbdb40efe66151303982533b3a1b508579c5dce8b6f1af5851efd3a3c	Flere av foreldrene krever nå at klassen får en ny lærer.		4	0	thirties	male_masculine	Østlandet		nb-NO	
17e43953917efb0a49bd62ad49a19c9d2ea1d5fd586397a17c9f1ab52ef82d5eff5d58465c69477330db5defdf7ff6017b3038d820a742a602b07c013072ec67	common_voice_nb-NO_43537102.mp3	1592468a4927ff788e243be16efe683157c5238266e48f6cc7e2c36bd2420340	Strømprisen trekker konsumprisindeksen opp.	general	4	0	thirties	male_masculine	Østlandet		nb-NO	
17e43953917efb0a49bd62ad49a19c9d2ea1d5fd586397a17c9f1ab52ef82d5eff5d58465c69477330db5defdf7ff6017b3038d820a742a602b07c013072ec67	common_voice_nb-NO_43537103.mp3	34be7e497173b2cc3f50abe411b7d8b6eb502d0adeabab007db46f2c8b0d1a35	Betingelsene i avtalen er foreløpig ikke kjent.		4	0	thirties	male_masculine	Østlandet		nb-NO	
17e43953917efb0a49bd62ad49a19c9d2ea1d5fd586397a17c9f1ab52ef82d5eff5d58465c69477330db5defdf7ff6017b3038d820a742a602b07c013072ec67	common_voice_nb-NO_43537104.mp3	374805e6411927a8ffa22149a76b107895d209cb213b675e9ce27a8db5128aaf	Ingen liv var å se noe sted.	general,nature_environment,news_current_affairs	4	0	thirties	male_masculine	Østlandet		nb-NO	
17e43953917efb0a49bd62ad49a19c9d2ea1d5fd586397a17c9f1ab52ef82d5eff5d58465c69477330db5defdf7ff6017b3038d820a742a602b07c013072ec67	common_voice_nb-NO_43537105.mp3	32591f5983b6a8fe2e6824c827768b514c119b01c2602623f6386022d665b23d	Helena Dalen		4	0	thirties	male_masculine	Østlandet		nb-NO	
17e43953917efb0a49bd62ad49a19c9d2ea1d5fd586397a17c9f1ab52ef82d5eff5d58465c69477330db5defdf7ff6017b3038d820a742a602b07c013072ec67	common_voice_nb-NO_43537106.mp3	39e7fb017185f9d8ec9ef34aa48440d77c68a08962011b24d3cfda1e51ce53ed	Bulgaris motsatte seg dette og insisterte på å først forsøke samarbeid med parlamentet.	finance,history_law_government,news_current_affairs	4	0	thirties	male_masculine	Østlandet		nb-NO	
17e43953917efb0a49bd62ad49a19c9d2ea1d5fd586397a17c9f1ab52ef82d5eff5d58465c69477330db5defdf7ff6017b3038d820a742a602b07c013072ec67	common_voice_nb-NO_43537107.mp3	253818cdee0ea0389ecbd329f751d3a2054e30851f4cc075d2e461fddac4f583	Lukk døra for du pusser tennene.		4	0	thirties	male_masculine	Østlandet		nb-NO	
17e43953917efb0a49bd62ad49a19c9d2ea1d5fd586397a17c9f1ab52ef82d5eff5d58465c69477330db5defdf7ff6017b3038d820a742a602b07c013072ec67	common_voice_nb-NO_43537108.mp3	475a2dd59a24b869f02b20a891460d69ea8b36bce0df13265fbf889a6519eb10	Vi får se. Må bestille fra Danmark, så kan ta litt tid.		4	0	thirties	male_masculine	Østlandet		nb-NO	
17e43953917efb0a49bd62ad49a19c9d2ea1d5fd586397a17c9f1ab52ef82d5eff5d58465c69477330db5defdf7ff6017b3038d820a742a602b07c013072ec67	common_voice_nb-NO_43537109.mp3	2d6efdb1bbf3be5f821470da0a7dde0b5c9cacb581e7122fccffa1879912c953	Dette er et bilde av et trafikklys.		4	0	thirties	male_masculine	Østlandet		nb-NO	
17e43953917efb0a49bd62ad49a19c9d2ea1d5fd586397a17c9f1ab52ef82d5eff5d58465c69477330db5defdf7ff6017b3038d820a742a602b07c013072ec67	common_voice_nb-NO_43537110.mp3	485bd2207011496240ce6f47dbdf05aadc0a4589db058170df120051a325b6f1	hever		4	0	thirties	male_masculine	Østlandet		nb-NO	
17e43953917efb0a49bd62ad49a19c9d2ea1d5fd586397a17c9f1ab52ef82d5eff5d58465c69477330db5defdf7ff6017b3038d820a742a602b07c013072ec67	common_voice_nb-NO_43537111.mp3	278e22369d5d5ef14e06cb41d5786f420133fcf7272be066115a5d7c4dda3aaa	Er du interessert i vårt lojalitetsprogram?	service_retail	4	0	thirties	male_masculine	Østlandet		nb-NO	
17e43953917efb0a49bd62ad49a19c9d2ea1d5fd586397a17c9f1ab52ef82d5eff5d58465c69477330db5defdf7ff6017b3038d820a742a602b07c013072ec67	common_voice_nb-NO_43537112.mp3	429e9eff0b9219170414b88a90ce49862f9081fd3b90fa73dfa6a237e20db4b9	sytti tusen fire hundre og nittito		4	0	thirties	male_masculine	Østlandet		nb-NO	
17e43953917efb0a49bd62ad49a19c9d2ea1d5fd586397a17c9f1ab52ef82d5eff5d58465c69477330db5defdf7ff6017b3038d820a742a602b07c013072ec67	common_voice_nb-NO_43537113.mp3	4b04b3ea1d57f4509471613566625a3babece1e1eda4dc6750f88d82dc5b4a58	to tre seks fem syttito tre hundre og sekstiseks		4	0	thirties	male_masculine	Østlandet		nb-NO	
17e43953917efb0a49bd62ad49a19c9d2ea1d5fd586397a17c9f1ab52ef82d5eff5d58465c69477330db5defdf7ff6017b3038d820a742a602b07c013072ec67	common_voice_nb-NO_43537114.mp3	18a35ec64f1dd95f89a624b3bcb75fe0d16367c5a80733d69bd43ba6a31d2099	nittito tusen ni hundre og femtiseks		4	0	thirties	male_masculine	Østlandet		nb-NO	
17e43953917efb0a49bd62ad49a19c9d2ea1d5fd586397a17c9f1ab52ef82d5eff5d58465c69477330db5defdf7ff6017b3038d820a742a602b07c013072ec67	common_voice_nb-NO_43537115.mp3	3729d6a12e025382480c07c252de42fe2d338e845ab5ad28fb05f94893697200	Kundene renner inn dørene.		4	0	thirties	male_masculine	Østlandet		nb-NO	
17e43953917efb0a49bd62ad49a19c9d2ea1d5fd586397a17c9f1ab52ef82d5eff5d58465c69477330db5defdf7ff6017b3038d820a742a602b07c013072ec67	common_voice_nb-NO_43537116.mp3	21c15c717120d731d17cf40eca810d4dd38bda01e96d87aedf76ca8196f021f2	Det er omtrent samme beløp som i fjor.	general	4	0	thirties	male_masculine	Østlandet		nb-NO	
17e43953917efb0a49bd62ad49a19c9d2ea1d5fd586397a17c9f1ab52ef82d5eff5d58465c69477330db5defdf7ff6017b3038d820a742a602b07c013072ec67	common_voice_nb-NO_43537117.mp3	465c468cdf04b8a72fcb9e99a6ba36a20e4015deb5854d247fe5cb115652fab3	Selv ser hun på sin akademiske bakgrunn som en styrke.		4	0	thirties	male_masculine	Østlandet		nb-NO	
17e43953917efb0a49bd62ad49a19c9d2ea1d5fd586397a17c9f1ab52ef82d5eff5d58465c69477330db5defdf7ff6017b3038d820a742a602b07c013072ec67	common_voice_nb-NO_43537118.mp3	2a67e2a6818bfcec9341615c7e42815cb6464753d339710e4c893f08616aa5e0	ventes		4	0	thirties	male_masculine	Østlandet		nb-NO	
17e43953917efb0a49bd62ad49a19c9d2ea1d5fd586397a17c9f1ab52ef82d5eff5d58465c69477330db5defdf7ff6017b3038d820a742a602b07c013072ec67	common_voice_nb-NO_43537119.mp3	49af4fd15b3c79242d46f0b903a5ba599513ffddad8bdc2b14b0a2bdca7f4d10	Du kan prøve klærne før du kjøper dem.	service_retail	4	0	thirties	male_masculine	Østlandet		nb-NO	
17e43953917efb0a49bd62ad49a19c9d2ea1d5fd586397a17c9f1ab52ef82d5eff5d58465c69477330db5defdf7ff6017b3038d820a742a602b07c013072ec67	common_voice_nb-NO_43537120.mp3	21be106d2bc832be358d4fba53baa71acbe111473b435e0b5f799b4d4a5a83d8	Slike problemstillinger ville ikke kommet opp for eksempel i en italiensk kulturdebatt.		4	0	thirties	male_masculine	Østlandet		nb-NO	
17e43953917efb0a49bd62ad49a19c9d2ea1d5fd586397a17c9f1ab52ef82d5eff5d58465c69477330db5defdf7ff6017b3038d820a742a602b07c013072ec67	common_voice_nb-NO_43537121.mp3	4c5130954311783a773f7536416f25617b26759049795b7f382e515aebe97fc8	seks fem en seks nittitre ett hundre og seksten		4	0	thirties	male_masculine	Østlandet		nb-NO	
17e43953917efb0a49bd62ad49a19c9d2ea1d5fd586397a17c9f1ab52ef82d5eff5d58465c69477330db5defdf7ff6017b3038d820a742a602b07c013072ec67	common_voice_nb-NO_43537122.mp3	0d58aa68e459e67e2dc324b12d04dc3974f8e15f1635e1549c5a8165034e64f0	Nå har politiet henlagt anmeldelsen.	general	4	0	thirties	male_masculine	Østlandet		nb-NO	
17e43953917efb0a49bd62ad49a19c9d2ea1d5fd586397a17c9f1ab52ef82d5eff5d58465c69477330db5defdf7ff6017b3038d820a742a602b07c013072ec67	common_voice_nb-NO_43537123.mp3	46251ce7df2dcdee1d6d99bac856b9dce66db9dc8909f608b3ddf64c81eda435	Datamaskiner synes det er vanskelig å vite hvordan en bil ser ut.		4	0	thirties	male_masculine	Østlandet		nb-NO	
17e43953917efb0a49bd62ad49a19c9d2ea1d5fd586397a17c9f1ab52ef82d5eff5d58465c69477330db5defdf7ff6017b3038d820a742a602b07c013072ec67	common_voice_nb-NO_43538720.mp3	349026642b7cbf03547f84b2cfa28bde9a654c12361fdae2b89ed7dab34ff36f	forhold		4	0	thirties	male_masculine	Østlandet		nb-NO	
17e43953917efb0a49bd62ad49a19c9d2ea1d5fd586397a17c9f1ab52ef82d5eff5d58465c69477330db5defdf7ff6017b3038d820a742a602b07c013072ec67	common_voice_nb-NO_43538721.mp3	451494694e703f6b6390bac7beaf35b92719f16d8c88f53d8444bef3abec2752	Jeg syntes at jeg var så dum.		4	0	thirties	male_masculine	Østlandet		nb-NO	
17e43953917efb0a49bd62ad49a19c9d2ea1d5fd586397a17c9f1ab52ef82d5eff5d58465c69477330db5defdf7ff6017b3038d820a742a602b07c013072ec67	common_voice_nb-NO_43538722.mp3	3d7048a27f7b69b868d49ba964703b79da2a705f4e72ead8fa3204d1634f2593	Vindkraft er en fornybar energikilde.	nature_environment	4	0	thirties	male_masculine	Østlandet		nb-NO	
17e43953917efb0a49bd62ad49a19c9d2ea1d5fd586397a17c9f1ab52ef82d5eff5d58465c69477330db5defdf7ff6017b3038d820a742a602b07c013072ec67	common_voice_nb-NO_43538723.mp3	48b526c14a17dd5cb42c2bb129b8ef8628c9d546303ddf98b9c907c0e437c3ee	Bakgrunnen for forslaget er nettopp behovet for mer samarbeid og å koordinere ressursene.		4	0	thirties	male_masculine	Østlandet		nb-NO	
17e43953917efb0a49bd62ad49a19c9d2ea1d5fd586397a17c9f1ab52ef82d5eff5d58465c69477330db5defdf7ff6017b3038d820a742a602b07c013072ec67	common_voice_nb-NO_43538724.mp3	4fc54c3bf0b6f858aa990b04b41f686024f289fb8fc1ac68b48ae0f07cb6904a	Petra Helgeland		4	0	thirties	male_masculine	Østlandet		nb-NO	
17e43953917efb0a49bd62ad49a19c9d2ea1d5fd586397a17c9f1ab52ef82d5eff5d58465c69477330db5defdf7ff6017b3038d820a742a602b07c013072ec67	common_voice_nb-NO_43538725.mp3	288ac7470bee324d01736ed04fa3b43d09586121c6cb96e2ca11d01865418a68	Hun var resultatet av foreningen mellom to svært ulike familier.	general	4	0	thirties	male_masculine	Østlandet		nb-NO	
17e43953917efb0a49bd62ad49a19c9d2ea1d5fd586397a17c9f1ab52ef82d5eff5d58465c69477330db5defdf7ff6017b3038d820a742a602b07c013072ec67	common_voice_nb-NO_43538726.mp3	43b2f798ffeab3e274a43d1217968844ea6a579f260e252d3b300b2d03983a1e	De var bratte og vakre.	general,nature_environment,news_current_affairs	4	0	thirties	male_masculine	Østlandet		nb-NO	
17e43953917efb0a49bd62ad49a19c9d2ea1d5fd586397a17c9f1ab52ef82d5eff5d58465c69477330db5defdf7ff6017b3038d820a742a602b07c013072ec67	common_voice_nb-NO_43538727.mp3	48aa2ae90448b992eb53abd1ec02042a86099936f3a0f5c5fc97614f6bc8c731	I tillegg er utdanningen lite tilpasset indiansk språk og kultur.		4	0	thirties	male_masculine	Østlandet		nb-NO	
17e43953917efb0a49bd62ad49a19c9d2ea1d5fd586397a17c9f1ab52ef82d5eff5d58465c69477330db5defdf7ff6017b3038d820a742a602b07c013072ec67	common_voice_nb-NO_43538728.mp3	49e330aa82cf8653bb772682dd223470c8e24a2a9544b91a0322613ae1242de1	Ingen stjerner på himmelen, ikke et glimt av lys.	media_entertainment	4	0	thirties	male_masculine	Østlandet		nb-NO	
17e43953917efb0a49bd62ad49a19c9d2ea1d5fd586397a17c9f1ab52ef82d5eff5d58465c69477330db5defdf7ff6017b3038d820a742a602b07c013072ec67	common_voice_nb-NO_43538729.mp3	19716c7aff40d6c44d851add5c214e7ab7f3fad7cb60138c91aa95172f2f2b02	Særlig opplever ungdomsskoleforeldre et kjøpepress.	general	4	0	thirties	male_masculine	Østlandet		nb-NO	
17e43953917efb0a49bd62ad49a19c9d2ea1d5fd586397a17c9f1ab52ef82d5eff5d58465c69477330db5defdf7ff6017b3038d820a742a602b07c013072ec67	common_voice_nb-NO_43538730.mp3	4af7c22b30d24092e37dc2472bcc100e9aa92c8d0254551f584b9a38c4aa7c20	De ferske havrettsorganene har sine begynnerproblemer på ganske upløyet mark.		4	0	thirties	male_masculine	Østlandet		nb-NO	
17e43953917efb0a49bd62ad49a19c9d2ea1d5fd586397a17c9f1ab52ef82d5eff5d58465c69477330db5defdf7ff6017b3038d820a742a602b07c013072ec67	common_voice_nb-NO_43538731.mp3	38e7af0547f8c8c1dd7efedc3752409721371baaf47bb332e36055b2b6ef0422	ta til høyre i neste sving		4	0	thirties	male_masculine	Østlandet		nb-NO	
17e43953917efb0a49bd62ad49a19c9d2ea1d5fd586397a17c9f1ab52ef82d5eff5d58465c69477330db5defdf7ff6017b3038d820a742a602b07c013072ec67	common_voice_nb-NO_43538732.mp3	42599b1691a1c93a14dd2998e9b9b41653dce23144379aa89cbf389fa10a0eb0	Det samme kan vi si om ledelse, organisasjon og styring.		4	0	thirties	male_masculine	Østlandet		nb-NO	
17e43953917efb0a49bd62ad49a19c9d2ea1d5fd586397a17c9f1ab52ef82d5eff5d58465c69477330db5defdf7ff6017b3038d820a742a602b07c013072ec67	common_voice_nb-NO_43538733.mp3	50a3ca6d827f4eec5c6861ac38808c0319973b88940c93f8afa8782abc3e7bde	Det er vanlig å bruke egg i pannekakerøren.		4	0	thirties	male_masculine	Østlandet		nb-NO	
17e43953917efb0a49bd62ad49a19c9d2ea1d5fd586397a17c9f1ab52ef82d5eff5d58465c69477330db5defdf7ff6017b3038d820a742a602b07c013072ec67	common_voice_nb-NO_43538734.mp3	020a5d9cd395e92637382b274527d10a062fc2449e7a6cb2aa01e9d23b8ca578	Det er vondt å tenke på at han ikke lenger skal besøke skolen.		4	0	thirties	male_masculine	Østlandet		nb-NO	
17e43953917efb0a49bd62ad49a19c9d2ea1d5fd586397a17c9f1ab52ef82d5eff5d58465c69477330db5defdf7ff6017b3038d820a742a602b07c013072ec67	common_voice_nb-NO_43538735.mp3	32ff98fb2e4344384cde63b7a89e18519639ceb4492d15367e8ba0396eabb00c	Maputo		4	0	thirties	male_masculine	Østlandet		nb-NO	
17e43953917efb0a49bd62ad49a19c9d2ea1d5fd586397a17c9f1ab52ef82d5eff5d58465c69477330db5defdf7ff6017b3038d820a742a602b07c013072ec67	common_voice_nb-NO_43538736.mp3	4fb4bc326b44bdbb0e79452b17658e54647fbfe73b09748adbb1df6955f9eccd	Det var så mange andre ting vi kunne snakket om.		4	0	thirties	male_masculine	Østlandet		nb-NO	
17e43953917efb0a49bd62ad49a19c9d2ea1d5fd586397a17c9f1ab52ef82d5eff5d58465c69477330db5defdf7ff6017b3038d820a742a602b07c013072ec67	common_voice_nb-NO_43538737.mp3	48d2c1eb78754e6ec8db24d2600aaf9654e3ea169c13bf08fbb7d160dea71449	Babyer vet ikke hvordan man lager mat.		4	0	thirties	male_masculine	Østlandet		nb-NO	
17e43953917efb0a49bd62ad49a19c9d2ea1d5fd586397a17c9f1ab52ef82d5eff5d58465c69477330db5defdf7ff6017b3038d820a742a602b07c013072ec67	common_voice_nb-NO_43538738.mp3	007ade84618b8d761bd9038ac646b758fc17f79ff37b840f1af87712e7877b86	Det er profesjonelle folk jeg jobber sammen med, sier han.	general	4	0	thirties	male_masculine	Østlandet		nb-NO	
17e43953917efb0a49bd62ad49a19c9d2ea1d5fd586397a17c9f1ab52ef82d5eff5d58465c69477330db5defdf7ff6017b3038d820a742a602b07c013072ec67	common_voice_nb-NO_43538739.mp3	339f224b4b679a2ffd42eda21ac6d017c9248201edcae2b63a9420f597d9a424	fem en tre sju femti sju hundre og førtitre		4	0	thirties	male_masculine	Østlandet		nb-NO	
17e43953917efb0a49bd62ad49a19c9d2ea1d5fd586397a17c9f1ab52ef82d5eff5d58465c69477330db5defdf7ff6017b3038d820a742a602b07c013072ec67	common_voice_nb-NO_43538740.mp3	05c5ea208c53d5c1f2cd3a141bc64cec4f8b9a7ea7cffc035b058f59fd74fbea	seks sju fem seks åttiseks to hundre og førtito		4	0	thirties	male_masculine	Østlandet		nb-NO	
17e43953917efb0a49bd62ad49a19c9d2ea1d5fd586397a17c9f1ab52ef82d5eff5d58465c69477330db5defdf7ff6017b3038d820a742a602b07c013072ec67	common_voice_nb-NO_43538741.mp3	39e7a97c5c88670421120de5d203487c50239f39bb982529fe57bd8da64ee895	Planer og dokumenter		4	0	thirties	male_masculine	Østlandet		nb-NO	
17e43953917efb0a49bd62ad49a19c9d2ea1d5fd586397a17c9f1ab52ef82d5eff5d58465c69477330db5defdf7ff6017b3038d820a742a602b07c013072ec67	common_voice_nb-NO_43538742.mp3	4d9c6a8ecd29a30197d30f11af66afbd5d31b434c02152fd0419806381e4d47e	syttito tusen ni hundre og femtiåtte		4	0	thirties	male_masculine	Østlandet		nb-NO	
17e43953917efb0a49bd62ad49a19c9d2ea1d5fd586397a17c9f1ab52ef82d5eff5d58465c69477330db5defdf7ff6017b3038d820a742a602b07c013072ec67	common_voice_nb-NO_43538743.mp3	3acb2ed903e4ac307cd4ef9e37babfc762c0a82b4989299ec90d4d7428f0dead	øyeblikket		4	0	thirties	male_masculine	Østlandet		nb-NO	
17e43953917efb0a49bd62ad49a19c9d2ea1d5fd586397a17c9f1ab52ef82d5eff5d58465c69477330db5defdf7ff6017b3038d820a742a602b07c013072ec67	common_voice_nb-NO_43538744.mp3	462fbad4105f9d906327361016b462de5c0abebf96f2611779bd311091277a4f	e-post		4	0	thirties	male_masculine	Østlandet		nb-NO	
17e43953917efb0a49bd62ad49a19c9d2ea1d5fd586397a17c9f1ab52ef82d5eff5d58465c69477330db5defdf7ff6017b3038d820a742a602b07c013072ec67	common_voice_nb-NO_43538745.mp3	4cc89d7478620d0ac79e217abb820642f1cd951dbc500159e6f26842ec74bd4c	Jeg har ikke vært i Oslo og spist sushi.		4	0	thirties	male_masculine	Østlandet		nb-NO	
17e43953917efb0a49bd62ad49a19c9d2ea1d5fd586397a17c9f1ab52ef82d5eff5d58465c69477330db5defdf7ff6017b3038d820a742a602b07c013072ec67	common_voice_nb-NO_43538746.mp3	48441d621aa62881270513a930b9a2bf4ec718c7135adb51c6a0e864f603943d	Blodsbånd, hjemsted, kultur og slektskap kan lett brukes til å skape sterke sanselige symboler.		4	0	thirties	male_masculine	Østlandet		nb-NO	
17e43953917efb0a49bd62ad49a19c9d2ea1d5fd586397a17c9f1ab52ef82d5eff5d58465c69477330db5defdf7ff6017b3038d820a742a602b07c013072ec67	common_voice_nb-NO_43538747.mp3	18bdaca677b630ddae03e789b3c414c5a7b1f9670020012acdd9f01e9fdc362d	Hun er veldig hyggelig å møte og spennende å lytte til.		4	0	thirties	male_masculine	Østlandet		nb-NO	
17e43953917efb0a49bd62ad49a19c9d2ea1d5fd586397a17c9f1ab52ef82d5eff5d58465c69477330db5defdf7ff6017b3038d820a742a602b07c013072ec67	common_voice_nb-NO_43538748.mp3	3309c9e82f4b848d05c2e8ab91a49d09e08cfe79ed8174ce07b2820b83f56073	Skriv noe som er gøy for andre å lese.		4	0	thirties	male_masculine	Østlandet		nb-NO	
17e43953917efb0a49bd62ad49a19c9d2ea1d5fd586397a17c9f1ab52ef82d5eff5d58465c69477330db5defdf7ff6017b3038d820a742a602b07c013072ec67	common_voice_nb-NO_43538749.mp3	3cdd0f36b64791913b2b85bcfaaefe0c0a174d59e262f077efd961d58b1e09aa	førtiåtte tusen ett hundre og trettito		4	0	thirties	male_masculine	Østlandet		nb-NO	
17e43953917efb0a49bd62ad49a19c9d2ea1d5fd586397a17c9f1ab52ef82d5eff5d58465c69477330db5defdf7ff6017b3038d820a742a602b07c013072ec67	common_voice_nb-NO_43538750.mp3	340859ab2238f64c88a4dee7d7de925dbd369e97516186009de8ac9131742b16	uke		4	0	thirties	male_masculine	Østlandet		nb-NO	
17e43953917efb0a49bd62ad49a19c9d2ea1d5fd586397a17c9f1ab52ef82d5eff5d58465c69477330db5defdf7ff6017b3038d820a742a602b07c013072ec67	common_voice_nb-NO_43538751.mp3	43683f75b9440c1016ceca73db44c2f86e93d4c68cc26ed07c68fe76b8134957	mora mi får sterke medisiner		4	0	thirties	male_masculine	Østlandet		nb-NO	
17e43953917efb0a49bd62ad49a19c9d2ea1d5fd586397a17c9f1ab52ef82d5eff5d58465c69477330db5defdf7ff6017b3038d820a742a602b07c013072ec67	common_voice_nb-NO_43538752.mp3	226914ee6aed65fc04f7f91edda6815026d7d8ed1fc667bd38355a9bb8d37558	kobolt		4	0	thirties	male_masculine	Østlandet		nb-NO	
17e43953917efb0a49bd62ad49a19c9d2ea1d5fd586397a17c9f1ab52ef82d5eff5d58465c69477330db5defdf7ff6017b3038d820a742a602b07c013072ec67	common_voice_nb-NO_43538753.mp3	2d345d6a6ba5cb449e2d144df502b37d944256a8e0d0fd3be8d8a74160965825	Plattformens støtte for just-in-time kompilering var et viktig salgsargument.		4	0	thirties	male_masculine	Østlandet		nb-NO	
17e43953917efb0a49bd62ad49a19c9d2ea1d5fd586397a17c9f1ab52ef82d5eff5d58465c69477330db5defdf7ff6017b3038d820a742a602b07c013072ec67	common_voice_nb-NO_43541500.mp3	5010b964ac8a5e0b060186dad549e43e044f43eac07996c7a103cf76025317ba	førtifire tusen åtte hundre og tretti		4	0	thirties	male_masculine	Østlandet		nb-NO	
17e43953917efb0a49bd62ad49a19c9d2ea1d5fd586397a17c9f1ab52ef82d5eff5d58465c69477330db5defdf7ff6017b3038d820a742a602b07c013072ec67	common_voice_nb-NO_43541501.mp3	3de171ce419c56816ffb71dec7fe6ca36dc0f9bbb9208889ecefc75e4332a870	Dette kommer også til uttrykk i moderne japansk kunst.		4	0	thirties	male_masculine	Østlandet		nb-NO	
17e43953917efb0a49bd62ad49a19c9d2ea1d5fd586397a17c9f1ab52ef82d5eff5d58465c69477330db5defdf7ff6017b3038d820a742a602b07c013072ec67	common_voice_nb-NO_43541502.mp3	4068485756226e0e6d050baadc38f3871cdea9906b9e14d5453b6d282c286d1a	Hvor ofte trenger jeg å ta tablettene?		4	0	thirties	male_masculine	Østlandet		nb-NO	
17e43953917efb0a49bd62ad49a19c9d2ea1d5fd586397a17c9f1ab52ef82d5eff5d58465c69477330db5defdf7ff6017b3038d820a742a602b07c013072ec67	common_voice_nb-NO_43541503.mp3	3e6ad6c30608823b80dda843e11ed9d0909e657f418044123db89f2a83f8d9cf	Jeg jobber med planleggingen	general,service_retail	4	0	thirties	male_masculine	Østlandet		nb-NO	
17e43953917efb0a49bd62ad49a19c9d2ea1d5fd586397a17c9f1ab52ef82d5eff5d58465c69477330db5defdf7ff6017b3038d820a742a602b07c013072ec67	common_voice_nb-NO_43541504.mp3	3b66c6722a189008c27f684af7c0a178c9b293d0e60f83262e988406d85caad9	Jeg definerer meg ikke lenger selv som en politisk forfatter.		4	0	thirties	male_masculine	Østlandet		nb-NO	
17e43953917efb0a49bd62ad49a19c9d2ea1d5fd586397a17c9f1ab52ef82d5eff5d58465c69477330db5defdf7ff6017b3038d820a742a602b07c013072ec67	common_voice_nb-NO_43541510.mp3	4e5b2e6ec57b32f91745249669c1ac72082d6a88da0a951959a10e82ce00e01f	Smør på flesk	general,language_fundamentals	4	0	thirties	male_masculine	Østlandet		nb-NO	
17e43953917efb0a49bd62ad49a19c9d2ea1d5fd586397a17c9f1ab52ef82d5eff5d58465c69477330db5defdf7ff6017b3038d820a742a602b07c013072ec67	common_voice_nb-NO_43541511.mp3	5336105eefcbf1b454568385d2be1d29883a7a9063af85f8cd04dc636804accb	Ingen statlig utryddelse eller sprøyting er aktuelt.		4	0	thirties	male_masculine	Østlandet		nb-NO	
17e43953917efb0a49bd62ad49a19c9d2ea1d5fd586397a17c9f1ab52ef82d5eff5d58465c69477330db5defdf7ff6017b3038d820a742a602b07c013072ec67	common_voice_nb-NO_43541512.mp3	08d32f2107b0990a6c89bd24a4acb4572d8f29328707bd0d56f81e725b10986f	Det ble en samtale litt om politikk, men mest om mennesker.		4	0	thirties	male_masculine	Østlandet		nb-NO	
17e43953917efb0a49bd62ad49a19c9d2ea1d5fd586397a17c9f1ab52ef82d5eff5d58465c69477330db5defdf7ff6017b3038d820a742a602b07c013072ec67	common_voice_nb-NO_43541513.mp3	225d9f4e7aa70606c96512d38a186e3c6ee742e038b3899b79a48f5bd121f5af	Det kunne vi nok ikke ha levd med.	general	4	0	thirties	male_masculine	Østlandet		nb-NO	
17e43953917efb0a49bd62ad49a19c9d2ea1d5fd586397a17c9f1ab52ef82d5eff5d58465c69477330db5defdf7ff6017b3038d820a742a602b07c013072ec67	common_voice_nb-NO_43541514.mp3	2c8f6839a50cc983a4e371f74507f2c11f95f47ef19350da09dc47557377c4d2	Hauglandshella		4	0	thirties	male_masculine	Østlandet		nb-NO	
17e43953917efb0a49bd62ad49a19c9d2ea1d5fd586397a17c9f1ab52ef82d5eff5d58465c69477330db5defdf7ff6017b3038d820a742a602b07c013072ec67	common_voice_nb-NO_43541515.mp3	4961ce77375aa44bdf0a999b2a9bb18800719827c86f5a7dcb5cd8bfa885a86d	Frank Nielsen		4	0	thirties	male_masculine	Østlandet		nb-NO	
17e43953917efb0a49bd62ad49a19c9d2ea1d5fd586397a17c9f1ab52ef82d5eff5d58465c69477330db5defdf7ff6017b3038d820a742a602b07c013072ec67	common_voice_nb-NO_43541516.mp3	43a08807a445d9960c16579b86fe2d0c0d60ec66fc01a447bea10bd0860d2d1c	to hundre og femtitre		4	0	thirties	male_masculine	Østlandet		nb-NO	
17e43953917efb0a49bd62ad49a19c9d2ea1d5fd586397a17c9f1ab52ef82d5eff5d58465c69477330db5defdf7ff6017b3038d820a742a602b07c013072ec67	common_voice_nb-NO_43541517.mp3	48e39fb6eb91c17ab50efd7b9fe9cae0ce3d380fae89cab86a96f373a1b27220	atten tusen seks hundre og tjueen		4	0	thirties	male_masculine	Østlandet		nb-NO	
17e43953917efb0a49bd62ad49a19c9d2ea1d5fd586397a17c9f1ab52ef82d5eff5d58465c69477330db5defdf7ff6017b3038d820a742a602b07c013072ec67	common_voice_nb-NO_43541518.mp3	4a7b04d09ca4a93108136a89a37d902205320033002376f9c4b3853e6fb5db8b	Kan setninger være veldig korte?		4	0	thirties	male_masculine	Østlandet		nb-NO	
17e43953917efb0a49bd62ad49a19c9d2ea1d5fd586397a17c9f1ab52ef82d5eff5d58465c69477330db5defdf7ff6017b3038d820a742a602b07c013072ec67	common_voice_nb-NO_43541519.mp3	3b9805453d282289bff322b01fe2545d038a248130a4e8188d1d9ba07d7c2280	fjorten tusen ni hundre og nittini		4	0	thirties	male_masculine	Østlandet		nb-NO	
17e43953917efb0a49bd62ad49a19c9d2ea1d5fd586397a17c9f1ab52ef82d5eff5d58465c69477330db5defdf7ff6017b3038d820a742a602b07c013072ec67	common_voice_nb-NO_43541523.mp3	36d9f274c641a33c4f9f07359f6fc312409ce8f4388a75d7c5064ce42d99f139	åtte sju fem sju åttito to hundre og førtifire		4	0	thirties	male_masculine	Østlandet		nb-NO	
17e43953917efb0a49bd62ad49a19c9d2ea1d5fd586397a17c9f1ab52ef82d5eff5d58465c69477330db5defdf7ff6017b3038d820a742a602b07c013072ec67	common_voice_nb-NO_43541524.mp3	367587ed9c44360128b92a2a779c9fa8918541f67d386ddc64a6bf36f893016d	Det er viktig at skriften er pen.		4	0	thirties	male_masculine	Østlandet		nb-NO	
17e43953917efb0a49bd62ad49a19c9d2ea1d5fd586397a17c9f1ab52ef82d5eff5d58465c69477330db5defdf7ff6017b3038d820a742a602b07c013072ec67	common_voice_nb-NO_43541525.mp3	398a4fe866644cc1fbf8daf681ed56050df10a116236f2a518b7f5df9fd51a79	underholdning		4	0	thirties	male_masculine	Østlandet		nb-NO	
17e43953917efb0a49bd62ad49a19c9d2ea1d5fd586397a17c9f1ab52ef82d5eff5d58465c69477330db5defdf7ff6017b3038d820a742a602b07c013072ec67	common_voice_nb-NO_43541527.mp3	4d04a56c4dd7dda6bca6b7b930586a8809f0a3044f35928f18a62c52eb3abc43	Hvor mange barn har du?		4	0	thirties	male_masculine	Østlandet		nb-NO	
17e43953917efb0a49bd62ad49a19c9d2ea1d5fd586397a17c9f1ab52ef82d5eff5d58465c69477330db5defdf7ff6017b3038d820a742a602b07c013072ec67	common_voice_nb-NO_43541528.mp3	3a724e14503a35fb41a3f8354f9f8e2983ffbe8e32eb0224bd9cbef44d5066b3	Ronald Abrahamsen		4	0	thirties	male_masculine	Østlandet		nb-NO	
17e43953917efb0a49bd62ad49a19c9d2ea1d5fd586397a17c9f1ab52ef82d5eff5d58465c69477330db5defdf7ff6017b3038d820a742a602b07c013072ec67	common_voice_nb-NO_43541530.mp3	3d146095d0b7baabe08c65830d598927d0d217c639c6c2578b08b7bbd2faf95c	seks en sju fem førtifem seks hundre og atten		4	0	thirties	male_masculine	Østlandet		nb-NO	
17e43953917efb0a49bd62ad49a19c9d2ea1d5fd586397a17c9f1ab52ef82d5eff5d58465c69477330db5defdf7ff6017b3038d820a742a602b07c013072ec67	common_voice_nb-NO_43541531.mp3	428629f4fdbf162ecb29b6b4e6b34bc5eec8c5806eae32bda5d564cdb263672b	En marinejeger kan vi bruke		4	0	thirties	male_masculine	Østlandet		nb-NO	
17e43953917efb0a49bd62ad49a19c9d2ea1d5fd586397a17c9f1ab52ef82d5eff5d58465c69477330db5defdf7ff6017b3038d820a742a602b07c013072ec67	common_voice_nb-NO_43541532.mp3	4cea4ba78d3c5b3cf8e283b8086bea396dadd79000abedf94eb785b6194828ec	Koketid varierer etter type og tykkelse.		4	0	thirties	male_masculine	Østlandet		nb-NO	
17e43953917efb0a49bd62ad49a19c9d2ea1d5fd586397a17c9f1ab52ef82d5eff5d58465c69477330db5defdf7ff6017b3038d820a742a602b07c013072ec67	common_voice_nb-NO_43541533.mp3	431f3208a1ab3e64f01ae25ea754aa2000f6099a33b2427747890c1e2efb7c3a	Markedet kan ikke løse problemer som global fordeling og sykehuskø.		4	0	thirties	male_masculine	Østlandet		nb-NO	
17e43953917efb0a49bd62ad49a19c9d2ea1d5fd586397a17c9f1ab52ef82d5eff5d58465c69477330db5defdf7ff6017b3038d820a742a602b07c013072ec67	common_voice_nb-NO_43541534.mp3	2ce7a5605f9f9e16d19643a50974d4828fe9ae5b91593e452d7ef30a44646399	tre fire to fem sekstien fire hundre og tre		4	0	thirties	male_masculine	Østlandet		nb-NO	
17e43953917efb0a49bd62ad49a19c9d2ea1d5fd586397a17c9f1ab52ef82d5eff5d58465c69477330db5defdf7ff6017b3038d820a742a602b07c013072ec67	common_voice_nb-NO_43541535.mp3	17445841bf7dd57f9aa3168b6ee0c4e4de506eac609b8004b302dbee2e7bd0f9	Jeg stoler ikke på legen min når han sier at jeg er syk.		4	0	thirties	male_masculine	Østlandet		nb-NO	
17e43953917efb0a49bd62ad49a19c9d2ea1d5fd586397a17c9f1ab52ef82d5eff5d58465c69477330db5defdf7ff6017b3038d820a742a602b07c013072ec67	common_voice_nb-NO_43541536.mp3	49a6b8f82b8dcac4daa758e100ffa4d59e1a4cea0d679c2e1775fd5c1161e6aa	Sykkelen må vedlikeholdes en gang i blant		4	0	thirties	male_masculine	Østlandet		nb-NO	
17e43953917efb0a49bd62ad49a19c9d2ea1d5fd586397a17c9f1ab52ef82d5eff5d58465c69477330db5defdf7ff6017b3038d820a742a602b07c013072ec67	common_voice_nb-NO_43541537.mp3	1efa9eddd253991a3ee3d381cc1b48231924b8c8f4b0aaa0a9b770e31a27afbe	Jeg bekrefter at jeg er meg selv.		4	0	thirties	male_masculine	Østlandet		nb-NO	
17e43953917efb0a49bd62ad49a19c9d2ea1d5fd586397a17c9f1ab52ef82d5eff5d58465c69477330db5defdf7ff6017b3038d820a742a602b07c013072ec67	common_voice_nb-NO_43541538.mp3	53b1dba8d0d23657978d25ac8e67eefaa0b716931544ae2c3a888b40c7230dff	Denne syke mannen bodde alene i en gammel, falleferdig rønne.		4	0	thirties	male_masculine	Østlandet		nb-NO	
17e43953917efb0a49bd62ad49a19c9d2ea1d5fd586397a17c9f1ab52ef82d5eff5d58465c69477330db5defdf7ff6017b3038d820a742a602b07c013072ec67	common_voice_nb-NO_43541539.mp3	4ff8cfe10747303a7b9a8c3734a01962a42d5d4eedbd80c452b05911c9ef2775	detaljer		4	0	thirties	male_masculine	Østlandet		nb-NO	
17e43953917efb0a49bd62ad49a19c9d2ea1d5fd586397a17c9f1ab52ef82d5eff5d58465c69477330db5defdf7ff6017b3038d820a742a602b07c013072ec67	common_voice_nb-NO_43541540.mp3	3a908f7109f1391dfdae695bd594d7dc023f3d786c2a941400f32b9415ee5e17	salte		4	0	thirties	male_masculine	Østlandet		nb-NO	
17e43953917efb0a49bd62ad49a19c9d2ea1d5fd586397a17c9f1ab52ef82d5eff5d58465c69477330db5defdf7ff6017b3038d820a742a602b07c013072ec67	common_voice_nb-NO_43541541.mp3	481ca5e9488b64234bbf91740a622115a69de2f943a9f1ef60044c79bba2b3e0	Bonden kan så, men ikkje sette akset på		4	0	thirties	male_masculine	Østlandet		nb-NO	
17e43953917efb0a49bd62ad49a19c9d2ea1d5fd586397a17c9f1ab52ef82d5eff5d58465c69477330db5defdf7ff6017b3038d820a742a602b07c013072ec67	common_voice_nb-NO_43541542.mp3	2d12c32b46545bc6b62756f0cd886d5359790fe9abacea36947ec467a2cb60b7	utsagn		4	0	thirties	male_masculine	Østlandet		nb-NO	
17e43953917efb0a49bd62ad49a19c9d2ea1d5fd586397a17c9f1ab52ef82d5eff5d58465c69477330db5defdf7ff6017b3038d820a742a602b07c013072ec67	common_voice_nb-NO_43541543.mp3	2a63b0a87be061f078697adf5b42d92a59ed7659febd48724df92b46277da290	Hun beklaget at de var sen.	general	4	0	thirties	male_masculine	Østlandet		nb-NO	
17e43953917efb0a49bd62ad49a19c9d2ea1d5fd586397a17c9f1ab52ef82d5eff5d58465c69477330db5defdf7ff6017b3038d820a742a602b07c013072ec67	common_voice_nb-NO_43541544.mp3	46454111da131db29b23bdcfde0dba9c8a788a994b7a14d463f39f8032e76cdb	I kontrollrommet sitter foruten teknikker også dagens vaktsjef.		4	0	thirties	male_masculine	Østlandet		nb-NO	
17e43953917efb0a49bd62ad49a19c9d2ea1d5fd586397a17c9f1ab52ef82d5eff5d58465c69477330db5defdf7ff6017b3038d820a742a602b07c013072ec67	common_voice_nb-NO_43541545.mp3	3887ca71c779dd1e38cd4c4504d6fff18450907e346ab2dc7f8e166d6ab457e4	Vi kunne fått til en mellomting, dette forslaget er for ekstremt.		4	0	thirties	male_masculine	Østlandet		nb-NO	
17e43953917efb0a49bd62ad49a19c9d2ea1d5fd586397a17c9f1ab52ef82d5eff5d58465c69477330db5defdf7ff6017b3038d820a742a602b07c013072ec67	common_voice_nb-NO_43541546.mp3	5215495eaccb411b1d128b7e5963afbd1b1de8d9105b9faa8f96a83557dc6d6d	Lukt på matrestene før du spiser dem.		4	0	thirties	male_masculine	Østlandet		nb-NO	
17e43953917efb0a49bd62ad49a19c9d2ea1d5fd586397a17c9f1ab52ef82d5eff5d58465c69477330db5defdf7ff6017b3038d820a742a602b07c013072ec67	common_voice_nb-NO_43543474.mp3	540198ae8940214bba9c29990f26fa0d0179816a15105f9caa8cdd211e15d89a	syttini tusen to hundre og sekstitre		4	0	thirties	male_masculine	Østlandet		nb-NO	
17e43953917efb0a49bd62ad49a19c9d2ea1d5fd586397a17c9f1ab52ef82d5eff5d58465c69477330db5defdf7ff6017b3038d820a742a602b07c013072ec67	common_voice_nb-NO_43543475.mp3	4de9a1be68e9c0d2ff0a788ebb4b5cf5b2c97bea0a28a81d637ea05676381d71	Akkurat det tviler jeg sterkt på.		4	0	thirties	male_masculine	Østlandet		nb-NO	
17e43953917efb0a49bd62ad49a19c9d2ea1d5fd586397a17c9f1ab52ef82d5eff5d58465c69477330db5defdf7ff6017b3038d820a742a602b07c013072ec67	common_voice_nb-NO_43543476.mp3	36b73e6b995dcd698e6fc2ef302a27018048f066d4757620c8d11ae19a17b3b9	Og Pilatus sa til jødene: «Her er kongen deres!» «Bort med ham!» ropte de.		4	0	thirties	male_masculine	Østlandet		nb-NO	
17e43953917efb0a49bd62ad49a19c9d2ea1d5fd586397a17c9f1ab52ef82d5eff5d58465c69477330db5defdf7ff6017b3038d820a742a602b07c013072ec67	common_voice_nb-NO_43543477.mp3	4ba3303dc8e474591f8dbee2d17367a8a32c848bfc0a2765d9968b5fed33b460	Hvilken bilmodell er dette?		4	0	thirties	male_masculine	Østlandet		nb-NO	
17e43953917efb0a49bd62ad49a19c9d2ea1d5fd586397a17c9f1ab52ef82d5eff5d58465c69477330db5defdf7ff6017b3038d820a742a602b07c013072ec67	common_voice_nb-NO_43543478.mp3	24ce8441d365c7285ae14478aa8b6d2db076467cd7b6e60c2f44c763107cffa5	Dette er samme regler som gjelder for elsykler.	general	4	0	thirties	male_masculine	Østlandet		nb-NO	
17e43953917efb0a49bd62ad49a19c9d2ea1d5fd586397a17c9f1ab52ef82d5eff5d58465c69477330db5defdf7ff6017b3038d820a742a602b07c013072ec67	common_voice_nb-NO_43543479.mp3	4a1b5d710304452fb47d4352d797d56d989abf8cb78c520658f6f1a7a6259428	De fleste radioprogrammer er direktesendt.		4	0	thirties	male_masculine	Østlandet		nb-NO	
17e43953917efb0a49bd62ad49a19c9d2ea1d5fd586397a17c9f1ab52ef82d5eff5d58465c69477330db5defdf7ff6017b3038d820a742a602b07c013072ec67	common_voice_nb-NO_43543480.mp3	4b93babbbad5f69ac4da2d405752d9ca78a5d722e47a359f010d7365ea1e9695	I nyere tid har elever over hele verden måtte velge skoleuniformen over klesskapet.		4	0	thirties	male_masculine	Østlandet		nb-NO	
17e43953917efb0a49bd62ad49a19c9d2ea1d5fd586397a17c9f1ab52ef82d5eff5d58465c69477330db5defdf7ff6017b3038d820a742a602b07c013072ec67	common_voice_nb-NO_43543481.mp3	3e8169924f81f4ac1382c0b579da24e368ee2ead19c3a2d472c400bdbf4e6b57	Norske ordtak		4	0	thirties	male_masculine	Østlandet		nb-NO	
17e43953917efb0a49bd62ad49a19c9d2ea1d5fd586397a17c9f1ab52ef82d5eff5d58465c69477330db5defdf7ff6017b3038d820a742a602b07c013072ec67	common_voice_nb-NO_43543482.mp3	492fe0698dadaa886cd7f521f9dc09c2172374b7e44e0b44eb68a11cc750c2a3	bestemmelser		4	0	thirties	male_masculine	Østlandet		nb-NO	
17e43953917efb0a49bd62ad49a19c9d2ea1d5fd586397a17c9f1ab52ef82d5eff5d58465c69477330db5defdf7ff6017b3038d820a742a602b07c013072ec67	common_voice_nb-NO_43543483.mp3	4024ae3e1a7b046855f94b349840cfed718fa17a474f1fd3ebd2dffcf06e977b	sekstien tusen fire hundre og syttisju		4	0	thirties	male_masculine	Østlandet		nb-NO	
17e43953917efb0a49bd62ad49a19c9d2ea1d5fd586397a17c9f1ab52ef82d5eff5d58465c69477330db5defdf7ff6017b3038d820a742a602b07c013072ec67	common_voice_nb-NO_43543484.mp3	51643861654643bb7a11f39dd2eb866024541f7731a45d7de1661776e0d3f4eb	spor		4	0	thirties	male_masculine	Østlandet		nb-NO	
17e43953917efb0a49bd62ad49a19c9d2ea1d5fd586397a17c9f1ab52ef82d5eff5d58465c69477330db5defdf7ff6017b3038d820a742a602b07c013072ec67	common_voice_nb-NO_43543485.mp3	54f09f068a7ea6480ab2cc51cd5a71a38c9a71479ed6fa179b992ed5c14bb801	Svortevik		4	0	thirties	male_masculine	Østlandet		nb-NO	
17e43953917efb0a49bd62ad49a19c9d2ea1d5fd586397a17c9f1ab52ef82d5eff5d58465c69477330db5defdf7ff6017b3038d820a742a602b07c013072ec67	common_voice_nb-NO_43543486.mp3	4e1738793b10abfff474700310fa8c5a0a0bbca113babefe65a3b206f8e6d9a8	Hvordan var helgen din?		4	0	thirties	male_masculine	Østlandet		nb-NO	
17e43953917efb0a49bd62ad49a19c9d2ea1d5fd586397a17c9f1ab52ef82d5eff5d58465c69477330db5defdf7ff6017b3038d820a742a602b07c013072ec67	common_voice_nb-NO_43543487.mp3	327630df9f8ea98ead7fd2ad7ed1fffe3cf0cc67dd3c07d68f5b769989c965b9	serie		4	0	thirties	male_masculine	Østlandet		nb-NO	
17e43953917efb0a49bd62ad49a19c9d2ea1d5fd586397a17c9f1ab52ef82d5eff5d58465c69477330db5defdf7ff6017b3038d820a742a602b07c013072ec67	common_voice_nb-NO_43543489.mp3	507627099720adc3edec8ece64b9181f4f3b1ca60a61d1fae3eaae351f811d0c	to tusen ett hundre og to		4	0	thirties	male_masculine	Østlandet		nb-NO	
17e43953917efb0a49bd62ad49a19c9d2ea1d5fd586397a17c9f1ab52ef82d5eff5d58465c69477330db5defdf7ff6017b3038d820a742a602b07c013072ec67	common_voice_nb-NO_43543491.mp3	47d439726598a31f2e5eb4dc9a87b8e98b717e8cfda7ab8d810e01a0224a92b9	Det finnes mange flere drikkeflasker i verden enn spiseflasker.		4	0	thirties	male_masculine	Østlandet		nb-NO	
17e43953917efb0a49bd62ad49a19c9d2ea1d5fd586397a17c9f1ab52ef82d5eff5d58465c69477330db5defdf7ff6017b3038d820a742a602b07c013072ec67	common_voice_nb-NO_43543492.mp3	36f61837718b9c186066ef3783fb7561e3902105be629fd390c513348773cfe9	Ingvar Amundsen		4	0	thirties	male_masculine	Østlandet		nb-NO	
17e43953917efb0a49bd62ad49a19c9d2ea1d5fd586397a17c9f1ab52ef82d5eff5d58465c69477330db5defdf7ff6017b3038d820a742a602b07c013072ec67	common_voice_nb-NO_43543494.mp3	37e0d578791d4bba3a416b60950921a4d55c38704e32a8ed9ab28b07aa7712a4	dronning		4	0	thirties	male_masculine	Østlandet		nb-NO	
17e43953917efb0a49bd62ad49a19c9d2ea1d5fd586397a17c9f1ab52ef82d5eff5d58465c69477330db5defdf7ff6017b3038d820a742a602b07c013072ec67	common_voice_nb-NO_43543495.mp3	235a50e059b8d448be6626221f9f9abed10e66e4f77227c5d1ea3085053cf36d	Det angir bare hvor ansvaret for den faglige virksomheten må ligge.		4	0	thirties	male_masculine	Østlandet		nb-NO	
17e43953917efb0a49bd62ad49a19c9d2ea1d5fd586397a17c9f1ab52ef82d5eff5d58465c69477330db5defdf7ff6017b3038d820a742a602b07c013072ec67	common_voice_nb-NO_43543496.mp3	0b9503c47b2f62927c8c8fe0973c51712ba395550fd9230723f791c1a15068ae	Fra nå av blir dagene lysere.		4	0	thirties	male_masculine	Østlandet		nb-NO	
17e43953917efb0a49bd62ad49a19c9d2ea1d5fd586397a17c9f1ab52ef82d5eff5d58465c69477330db5defdf7ff6017b3038d820a742a602b07c013072ec67	common_voice_nb-NO_43543497.mp3	339c55408cbae4a25141b27c3a4b21cad1fc41dc3550f8691540ecba342febb2	Den er tørrfrest litt i gryten med olivenolje, før den er kokt i hvitvin.		4	0	thirties	male_masculine	Østlandet		nb-NO	
17e43953917efb0a49bd62ad49a19c9d2ea1d5fd586397a17c9f1ab52ef82d5eff5d58465c69477330db5defdf7ff6017b3038d820a742a602b07c013072ec67	common_voice_nb-NO_43543498.mp3	2e47fd9b62498ac88a628eafbdd1aca77b914a307aea5d68b6b8625467d2f14e	Snart kommer nyinnspillinger av hele fire av mesterens klassikere.		4	0	thirties	male_masculine	Østlandet		nb-NO	
17e43953917efb0a49bd62ad49a19c9d2ea1d5fd586397a17c9f1ab52ef82d5eff5d58465c69477330db5defdf7ff6017b3038d820a742a602b07c013072ec67	common_voice_nb-NO_43543499.mp3	4762c92405e4670f96e1e04e844a719fb85ea22f1ecd7e9562d5c5a6a714e204	Slik kan du få mest mulig ut av studietiden		4	0	thirties	male_masculine	Østlandet		nb-NO	
17e43953917efb0a49bd62ad49a19c9d2ea1d5fd586397a17c9f1ab52ef82d5eff5d58465c69477330db5defdf7ff6017b3038d820a742a602b07c013072ec67	common_voice_nb-NO_43543500.mp3	278c9eaec44cce46874a494c88560d781bf2fd361bdecb15fb8c137422d3770a	Som inntil videre må klare seg på egen hånd.		4	0	thirties	male_masculine	Østlandet		nb-NO	
17e43953917efb0a49bd62ad49a19c9d2ea1d5fd586397a17c9f1ab52ef82d5eff5d58465c69477330db5defdf7ff6017b3038d820a742a602b07c013072ec67	common_voice_nb-NO_43543501.mp3	487e204ed945651df9d5f34416cfc5f8750692b6e29bee29de86aae15977147e	Lykke til i morgen.		2	0	thirties	male_masculine	Østlandet		nb-NO	
17e43953917efb0a49bd62ad49a19c9d2ea1d5fd586397a17c9f1ab52ef82d5eff5d58465c69477330db5defdf7ff6017b3038d820a742a602b07c013072ec67	common_voice_nb-NO_43543502.mp3	471c5a917771457ac95aac9d4181a05370438e42c0c7357066bb27798a5ea1ad	seks en tre to nittiåtte fire hundre og førtien		4	0	thirties	male_masculine	Østlandet		nb-NO	
17e43953917efb0a49bd62ad49a19c9d2ea1d5fd586397a17c9f1ab52ef82d5eff5d58465c69477330db5defdf7ff6017b3038d820a742a602b07c013072ec67	common_voice_nb-NO_43543503.mp3	4bc6a88ff4ec4d7fc75c930b133e525a3b7dc068e98fd9eeab59b9b27565bb62	Morgenstund har gull i munn!	general	4	0	thirties	male_masculine	Østlandet		nb-NO	
17e43953917efb0a49bd62ad49a19c9d2ea1d5fd586397a17c9f1ab52ef82d5eff5d58465c69477330db5defdf7ff6017b3038d820a742a602b07c013072ec67	common_voice_nb-NO_43543506.mp3	40d99efc364103abfb5eaced20c053e3fef43e60d9108df66378740585172b47	Egersund		4	0	thirties	male_masculine	Østlandet		nb-NO	
17e43953917efb0a49bd62ad49a19c9d2ea1d5fd586397a17c9f1ab52ef82d5eff5d58465c69477330db5defdf7ff6017b3038d820a742a602b07c013072ec67	common_voice_nb-NO_43543507.mp3	4cf4ede6078dd7097b6a63aac5d0e696895ca45fde9a4c145b591567b1a8e3bc	Han mangler noe vesentlig i livet sitt.		4	0	thirties	male_masculine	Østlandet		nb-NO	
17e43953917efb0a49bd62ad49a19c9d2ea1d5fd586397a17c9f1ab52ef82d5eff5d58465c69477330db5defdf7ff6017b3038d820a742a602b07c013072ec67	common_voice_nb-NO_43543508.mp3	4d38755ab7f7b70ec5774d7f3ae42715f645f996430d9a86f35b92fd1d7a8644	trettifire tusen fire hundre og åttifire		4	0	thirties	male_masculine	Østlandet		nb-NO	
17e43953917efb0a49bd62ad49a19c9d2ea1d5fd586397a17c9f1ab52ef82d5eff5d58465c69477330db5defdf7ff6017b3038d820a742a602b07c013072ec67	common_voice_nb-NO_43543509.mp3	5402ed46b101370d5c10a91e224e36ea608d465d1a4ff6724d3373f9bf1b5bd5	Mange samlet seg for å vise respekt.	general,nature_environment,news_current_affairs	4	0	thirties	male_masculine	Østlandet		nb-NO	
17e43953917efb0a49bd62ad49a19c9d2ea1d5fd586397a17c9f1ab52ef82d5eff5d58465c69477330db5defdf7ff6017b3038d820a742a602b07c013072ec67	common_voice_nb-NO_43543510.mp3	26df4a45d044ad426df13e28fe1037db428f62f2b89c755864d0d370a1966e7b	Dette blant annet av hensyn til sauebesetningene og reinsdyrene i området.		4	0	thirties	male_masculine	Østlandet		nb-NO	
17e43953917efb0a49bd62ad49a19c9d2ea1d5fd586397a17c9f1ab52ef82d5eff5d58465c69477330db5defdf7ff6017b3038d820a742a602b07c013072ec67	common_voice_nb-NO_43543511.mp3	4ce0abc98a26cfbe560fd5428e8aede9881162c770ad9f34163d4e25ef0bed6c	Altfor nært er lite kjært		4	0	thirties	male_masculine	Østlandet		nb-NO	
17e43953917efb0a49bd62ad49a19c9d2ea1d5fd586397a17c9f1ab52ef82d5eff5d58465c69477330db5defdf7ff6017b3038d820a742a602b07c013072ec67	common_voice_nb-NO_43543512.mp3	100d2f7de3c9b042c3cc057d3dc42d1826ce186319a63df02c09a6d5ce065139	Er det raskere å skrive med tastatur eller penn?		4	0	thirties	male_masculine	Østlandet		nb-NO	
17e43953917efb0a49bd62ad49a19c9d2ea1d5fd586397a17c9f1ab52ef82d5eff5d58465c69477330db5defdf7ff6017b3038d820a742a602b07c013072ec67	common_voice_nb-NO_43543513.mp3	01f4836c75b27ae84dc2efbe4575c1229595b2b9a61e7b6fe33dfcf437242763	Han gikk en tur til Åndalsnes, hvor han kom fra.		4	0	thirties	male_masculine	Østlandet		nb-NO	
17e43953917efb0a49bd62ad49a19c9d2ea1d5fd586397a17c9f1ab52ef82d5eff5d58465c69477330db5defdf7ff6017b3038d820a742a602b07c013072ec67	common_voice_nb-NO_43543514.mp3	1efba8807c07d1878180036a66330dce03c27022555c22c3a32600d8e0a2259a	kvantitet		4	0	thirties	male_masculine	Østlandet		nb-NO	
17e43953917efb0a49bd62ad49a19c9d2ea1d5fd586397a17c9f1ab52ef82d5eff5d58465c69477330db5defdf7ff6017b3038d820a742a602b07c013072ec67	common_voice_nb-NO_43543515.mp3	56bbc0075d017db8ea2ef663ddf0154f1ef1321641f1429cfb347082ca9cdfdc	tolv tusen og sytten		4	0	thirties	male_masculine	Østlandet		nb-NO	
17e43953917efb0a49bd62ad49a19c9d2ea1d5fd586397a17c9f1ab52ef82d5eff5d58465c69477330db5defdf7ff6017b3038d820a742a602b07c013072ec67	common_voice_nb-NO_43543516.mp3	480c1f04deaa41a0913668f8caf85705f0236a1c4f1a4b2bb44b19139d0975fe	Erlend Solli		4	0	thirties	male_masculine	Østlandet		nb-NO	
17e43953917efb0a49bd62ad49a19c9d2ea1d5fd586397a17c9f1ab52ef82d5eff5d58465c69477330db5defdf7ff6017b3038d820a742a602b07c013072ec67	common_voice_nb-NO_43543517.mp3	5494d588c20874f32af09d8e8393325d4eee2b20e1794029ba2051ef42db620b	Noen er flinke til å mekke biler, andre sandsliper surfebrett eller jobber på restaurant.		4	0	thirties	male_masculine	Østlandet		nb-NO	
17e43953917efb0a49bd62ad49a19c9d2ea1d5fd586397a17c9f1ab52ef82d5eff5d58465c69477330db5defdf7ff6017b3038d820a742a602b07c013072ec67	common_voice_nb-NO_43543518.mp3	367468c021eeee010141e9099ce0ade3cbf518aad0c5c7b9e8b296349f7a4836	For denne enestående innsatsen vil han vel aldri bli fulltakket.		4	0	thirties	male_masculine	Østlandet		nb-NO	
17e43953917efb0a49bd62ad49a19c9d2ea1d5fd586397a17c9f1ab52ef82d5eff5d58465c69477330db5defdf7ff6017b3038d820a742a602b07c013072ec67	common_voice_nb-NO_43543519.mp3	22ca53e0dc4ff16eb52df7a37cf8908c0f8e28bf9c15dff5bc984b49dc009280	Ulykken skyldes flere faktorer og omstendigheter.	general	4	0	thirties	male_masculine	Østlandet		nb-NO	
17e43953917efb0a49bd62ad49a19c9d2ea1d5fd586397a17c9f1ab52ef82d5eff5d58465c69477330db5defdf7ff6017b3038d820a742a602b07c013072ec67	common_voice_nb-NO_43543520.mp3	233a79f20d697749182a9e38d08e9c9ec0a7a153391256b2a0eeee02f1210337	Han ble funnet av et redningshelikopter klokka seks fredag morgen.	general	4	0	thirties	male_masculine	Østlandet		nb-NO	
17e43953917efb0a49bd62ad49a19c9d2ea1d5fd586397a17c9f1ab52ef82d5eff5d58465c69477330db5defdf7ff6017b3038d820a742a602b07c013072ec67	common_voice_nb-NO_43543521.mp3	3bbf1422bd09a84d6a0a1513830ac38ce60351cffc9b28edbd5a87f62dee56ba	Her kan de stikke innom for å hente sko eller få en håndsrekning.		4	0	thirties	male_masculine	Østlandet		nb-NO	
17e43953917efb0a49bd62ad49a19c9d2ea1d5fd586397a17c9f1ab52ef82d5eff5d58465c69477330db5defdf7ff6017b3038d820a742a602b07c013072ec67	common_voice_nb-NO_43543522.mp3	191d60fd671627c3a5c917ec91e9b6b356c88430f04444a94bca83825d590db8	Reduserte avlinger fører også til økt importbehov.	general	4	0	thirties	male_masculine	Østlandet		nb-NO	
17e43953917efb0a49bd62ad49a19c9d2ea1d5fd586397a17c9f1ab52ef82d5eff5d58465c69477330db5defdf7ff6017b3038d820a742a602b07c013072ec67	common_voice_nb-NO_43543523.mp3	46819cae9486003cc9171fb0b1afdf6aebc697fbe51e31bf0df0ce61050f025a	Er du jente, du?		4	0	thirties	male_masculine	Østlandet		nb-NO	
17e43953917efb0a49bd62ad49a19c9d2ea1d5fd586397a17c9f1ab52ef82d5eff5d58465c69477330db5defdf7ff6017b3038d820a742a602b07c013072ec67	common_voice_nb-NO_43543524.mp3	585acf078a9d2fba37d34c85bd14d1e7f63ffad01760c69c2baaeee119b705c9	Der han har skapt en lang, lang rekke levedyktige prosjekter.		4	0	thirties	male_masculine	Østlandet		nb-NO	
17e43953917efb0a49bd62ad49a19c9d2ea1d5fd586397a17c9f1ab52ef82d5eff5d58465c69477330db5defdf7ff6017b3038d820a742a602b07c013072ec67	common_voice_nb-NO_43543525.mp3	46bdd81eee47651257f4b2da8b409ea0f6e523ded6ba8d5a761ab98bc3ac791a	Såvel politiske som eksistensielle spørsmål illustreres, uten at enkle forklaringsmodeller blir fremstilt som svar.		4	0	thirties	male_masculine	Østlandet		nb-NO	
17e43953917efb0a49bd62ad49a19c9d2ea1d5fd586397a17c9f1ab52ef82d5eff5d58465c69477330db5defdf7ff6017b3038d820a742a602b07c013072ec67	common_voice_nb-NO_43543526.mp3	245720505a16e116358a8b12aab9bbfb4394f3bfe0cb61a191d3f51b9c1f11f2	Mandler og rosiner er en god kombinasjon		4	0	thirties	male_masculine	Østlandet		nb-NO	
17e43953917efb0a49bd62ad49a19c9d2ea1d5fd586397a17c9f1ab52ef82d5eff5d58465c69477330db5defdf7ff6017b3038d820a742a602b07c013072ec67	common_voice_nb-NO_43543527.mp3	337f64abc93d3e3b70501a5af0a4791c05aec4e0b78141a364b2431da4a857f6	Ingen hadde utelukket muligheten for ytterligere oppblomstring av pandemien.		4	0	thirties	male_masculine	Østlandet		nb-NO	
17e43953917efb0a49bd62ad49a19c9d2ea1d5fd586397a17c9f1ab52ef82d5eff5d58465c69477330db5defdf7ff6017b3038d820a742a602b07c013072ec67	common_voice_nb-NO_43543528.mp3	392225abf4945a1ddb91d0266bc1ed388c7b5503c1fcd906fdac976a98793f04	Hva i...?		4	0	thirties	male_masculine	Østlandet		nb-NO	
17e43953917efb0a49bd62ad49a19c9d2ea1d5fd586397a17c9f1ab52ef82d5eff5d58465c69477330db5defdf7ff6017b3038d820a742a602b07c013072ec67	common_voice_nb-NO_43543529.mp3	483685b7191dcebc4b52bebeabf71dbb070ba57cfbe6fa127857bef2deb7410f	B L O M B E R G		4	0	thirties	male_masculine	Østlandet		nb-NO	
17e43953917efb0a49bd62ad49a19c9d2ea1d5fd586397a17c9f1ab52ef82d5eff5d58465c69477330db5defdf7ff6017b3038d820a742a602b07c013072ec67	common_voice_nb-NO_43543531.mp3	498ab75abf0822842d336f175b94cf6b7c98dcd4e41058180ee5a9d08b522e3d	Det var hverken fritt eller fredelig på lørdagens arrangement.		4	0	thirties	male_masculine	Østlandet		nb-NO	
17e43953917efb0a49bd62ad49a19c9d2ea1d5fd586397a17c9f1ab52ef82d5eff5d58465c69477330db5defdf7ff6017b3038d820a742a602b07c013072ec67	common_voice_nb-NO_43543537.mp3	395ff6d7f6618132a82972c98fa5916dde63e48bba0fe9a8902ead298613ef7b	Be om pris, og om at en representant stiller opp ved overleveringen av leiligheten.		4	0	thirties	male_masculine	Østlandet		nb-NO	
17e43953917efb0a49bd62ad49a19c9d2ea1d5fd586397a17c9f1ab52ef82d5eff5d58465c69477330db5defdf7ff6017b3038d820a742a602b07c013072ec67	common_voice_nb-NO_43543539.mp3	578386f05f94d48929b5dfe2faa89edb848de2a862d1ce260094201cde52674a	På skolen var jeg kverulanten i klassen.		4	0	thirties	male_masculine	Østlandet		nb-NO	
17e43953917efb0a49bd62ad49a19c9d2ea1d5fd586397a17c9f1ab52ef82d5eff5d58465c69477330db5defdf7ff6017b3038d820a742a602b07c013072ec67	common_voice_nb-NO_43543540.mp3	249f4f81166cc71e7a9f0d1b31a0890e06a336ee6a24d863efda96fff5b2499e	Er det virkelig slik at parkering er for Budt?		4	0	thirties	male_masculine	Østlandet		nb-NO	
17e43953917efb0a49bd62ad49a19c9d2ea1d5fd586397a17c9f1ab52ef82d5eff5d58465c69477330db5defdf7ff6017b3038d820a742a602b07c013072ec67	common_voice_nb-NO_43543541.mp3	300d51f857c431ba9db6f085abe1d8dc73eafce1244962ebd44e05e8d03437ab	Fisk til eget forbruk er noe annet, likeså fisk som selges på torvet.		2	0	thirties	male_masculine	Østlandet		nb-NO	
17e43953917efb0a49bd62ad49a19c9d2ea1d5fd586397a17c9f1ab52ef82d5eff5d58465c69477330db5defdf7ff6017b3038d820a742a602b07c013072ec67	common_voice_nb-NO_43543548.mp3	4b7a5eae90a7b274c8f648efeffab5d02e2fbaef8cd42f9dba93217a495a7b49	Noen setninger er veldig korte.		2	0	thirties	male_masculine	Østlandet		nb-NO	
17e43953917efb0a49bd62ad49a19c9d2ea1d5fd586397a17c9f1ab52ef82d5eff5d58465c69477330db5defdf7ff6017b3038d820a742a602b07c013072ec67	common_voice_nb-NO_43543549.mp3	311812ffc2b06ebd58a865e6543f450d35421de70dd9787f93a3bedbdcc65ae0	Du har veldig kort hår.		4	0	thirties	male_masculine	Østlandet		nb-NO	
17e43953917efb0a49bd62ad49a19c9d2ea1d5fd586397a17c9f1ab52ef82d5eff5d58465c69477330db5defdf7ff6017b3038d820a742a602b07c013072ec67	common_voice_nb-NO_43543550.mp3	52402d03c57553f0e3e2f5f93f046804f84134dec1e8cfb809f16d55e5188ca1	Den amerikanske regjering fryktet mulige aksjoner fra miljøverngrupper, skriver avisen.		2	0	thirties	male_masculine	Østlandet		nb-NO	
17e43953917efb0a49bd62ad49a19c9d2ea1d5fd586397a17c9f1ab52ef82d5eff5d58465c69477330db5defdf7ff6017b3038d820a742a602b07c013072ec67	common_voice_nb-NO_43543551.mp3	533206042e7ecea9f779eb5e1f80653a0e77aa9771103a77f04fb95db3e8d9f9	Ikke saklighet, men dyktige lobbyister har skaffet de gunstige vilkårene.		2	0	thirties	male_masculine	Østlandet		nb-NO	
17e43953917efb0a49bd62ad49a19c9d2ea1d5fd586397a17c9f1ab52ef82d5eff5d58465c69477330db5defdf7ff6017b3038d820a742a602b07c013072ec67	common_voice_nb-NO_43543556.mp3	35084110b347e5d1cd407214a0e58d371cf2f072c0dbd96092decebda1082f8a	Hvordan har du det?		4	0	thirties	male_masculine	Østlandet		nb-NO	
17e43953917efb0a49bd62ad49a19c9d2ea1d5fd586397a17c9f1ab52ef82d5eff5d58465c69477330db5defdf7ff6017b3038d820a742a602b07c013072ec67	common_voice_nb-NO_43543558.mp3	53cf029e322dc0df2eed618c133385e0502ae51951792fc49246236f996e7706	Men lærerne drømmer om å slippe flere utspill og endringer.		4	0	thirties	male_masculine	Østlandet		nb-NO	
17e43953917efb0a49bd62ad49a19c9d2ea1d5fd586397a17c9f1ab52ef82d5eff5d58465c69477330db5defdf7ff6017b3038d820a742a602b07c013072ec67	common_voice_nb-NO_43543559.mp3	11b23d76c92f8ad45bb1c8ac3f0eefc0fea9e2ba4bceaed67e6222224f2c4e73	H E N D E N		4	0	thirties	male_masculine	Østlandet		nb-NO	
17e43953917efb0a49bd62ad49a19c9d2ea1d5fd586397a17c9f1ab52ef82d5eff5d58465c69477330db5defdf7ff6017b3038d820a742a602b07c013072ec67	common_voice_nb-NO_43543560.mp3	446c42dfaf9f8d5c8b62d34dc4e900f78a715cfef597aa38f49e816dd6b18e3a	Det er uaktuelt å gi fra seg ordningen.		4	0	thirties	male_masculine	Østlandet		nb-NO	
17e43953917efb0a49bd62ad49a19c9d2ea1d5fd586397a17c9f1ab52ef82d5eff5d58465c69477330db5defdf7ff6017b3038d820a742a602b07c013072ec67	common_voice_nb-NO_43543561.mp3	53b764c4529c9017ced3df113f882f9ead49c836715438edb93ad430e14f25d0	Fleinvær		4	0	thirties	male_masculine	Østlandet		nb-NO	
17e43953917efb0a49bd62ad49a19c9d2ea1d5fd586397a17c9f1ab52ef82d5eff5d58465c69477330db5defdf7ff6017b3038d820a742a602b07c013072ec67	common_voice_nb-NO_43543562.mp3	236e00e875a95c6f31bc3c16521c3f67e7f701364dcf2d826a157ebb221f77ed	Lavangen		4	0	thirties	male_masculine	Østlandet		nb-NO	
17e43953917efb0a49bd62ad49a19c9d2ea1d5fd586397a17c9f1ab52ef82d5eff5d58465c69477330db5defdf7ff6017b3038d820a742a602b07c013072ec67	common_voice_nb-NO_43543563.mp3	0a22994e30cd16b4c8433703b3d78469d09a2f162a9be1c6a5643acc3001c142	lekekamerater		4	0	thirties	male_masculine	Østlandet		nb-NO	
17e43953917efb0a49bd62ad49a19c9d2ea1d5fd586397a17c9f1ab52ef82d5eff5d58465c69477330db5defdf7ff6017b3038d820a742a602b07c013072ec67	common_voice_nb-NO_43543564.mp3	2765c2ea73e90f594c34f86a3738656edeee67ea4ba76fd3ed3c7209a7e8be00	Normalt blir det gjennomført to fylkesturer hvert år.	general	4	0	thirties	male_masculine	Østlandet		nb-NO	
17e43953917efb0a49bd62ad49a19c9d2ea1d5fd586397a17c9f1ab52ef82d5eff5d58465c69477330db5defdf7ff6017b3038d820a742a602b07c013072ec67	common_voice_nb-NO_43543565.mp3	4f379bbc079b5f502e7dc5f48cc2ca610c82657cc5d1477cb3cd6d56b7f32464	Den er ikke mulig å stoppe, men vi ønsker å dempe toppen.		4	0	thirties	male_masculine	Østlandet		nb-NO	
17e43953917efb0a49bd62ad49a19c9d2ea1d5fd586397a17c9f1ab52ef82d5eff5d58465c69477330db5defdf7ff6017b3038d820a742a602b07c013072ec67	common_voice_nb-NO_43543566.mp3	509643cb1e48663f6759a9b4035d652c644b36857a587ca13f6ced6b0c2f8293	Turistinformasjon får du ved henvendelse til turoperatøren eller i hotellresepsjonen.		4	0	thirties	male_masculine	Østlandet		nb-NO	
17e43953917efb0a49bd62ad49a19c9d2ea1d5fd586397a17c9f1ab52ef82d5eff5d58465c69477330db5defdf7ff6017b3038d820a742a602b07c013072ec67	common_voice_nb-NO_43543577.mp3	3b2d9505d5847a4737b1ad5e8c4ff25ebd20b6f5fdb810b350402e79c4cb0d70	januar		4	0	thirties	male_masculine	Østlandet		nb-NO	
17e43953917efb0a49bd62ad49a19c9d2ea1d5fd586397a17c9f1ab52ef82d5eff5d58465c69477330db5defdf7ff6017b3038d820a742a602b07c013072ec67	common_voice_nb-NO_43543578.mp3	57efcf0a3ae78acc2eb488fd9341ad72f4e0016540819d3b3529cd41a8b7879c	Kronprinsen inspirerte kraft og mot hos en annen stat.	history_law_government	2	0	thirties	male_masculine	Østlandet		nb-NO	
17e43953917efb0a49bd62ad49a19c9d2ea1d5fd586397a17c9f1ab52ef82d5eff5d58465c69477330db5defdf7ff6017b3038d820a742a602b07c013072ec67	common_voice_nb-NO_43543579.mp3	225e9fbf5dfb070475cf530014b79ad5c8df15dc3dd2ac0d09346ea3e87754bb	Det innebærer at gynekologstillinger fjernes ved fødestuene.	general	4	2	thirties	male_masculine	Østlandet		nb-NO	
17e43953917efb0a49bd62ad49a19c9d2ea1d5fd586397a17c9f1ab52ef82d5eff5d58465c69477330db5defdf7ff6017b3038d820a742a602b07c013072ec67	common_voice_nb-NO_43543580.mp3	4e662a9e09b0c3556fded392c2f68af1ea8d0efa840ca7de9b65fea9f22cda96	Myndighetene satte ned avgiftene på frukt og grønt.	general,agriculture_food	4	0	thirties	male_masculine	Østlandet		nb-NO	
17e43953917efb0a49bd62ad49a19c9d2ea1d5fd586397a17c9f1ab52ef82d5eff5d58465c69477330db5defdf7ff6017b3038d820a742a602b07c013072ec67	common_voice_nb-NO_43543581.mp3	4b6efe5799476604aac6ee3255a466013f2aff129bc8b344c28a1f4264553be4	I dag arbeider han for den nye driftslederen et visst antall timer i året.		4	0	thirties	male_masculine	Østlandet		nb-NO	
17e43953917efb0a49bd62ad49a19c9d2ea1d5fd586397a17c9f1ab52ef82d5eff5d58465c69477330db5defdf7ff6017b3038d820a742a602b07c013072ec67	common_voice_nb-NO_43543582.mp3	553919d684921cabe5c9f23cef4a0346c955ec2505078c5e19c016b38c7ad513	Forholdene burde heller legges bedre til rette for dem som vil gå hjemme.		6	0	thirties	male_masculine	Østlandet		nb-NO	
17e43953917efb0a49bd62ad49a19c9d2ea1d5fd586397a17c9f1ab52ef82d5eff5d58465c69477330db5defdf7ff6017b3038d820a742a602b07c013072ec67	common_voice_nb-NO_43543583.mp3	549527324716b784a38c034ab884c2849ccfb542b2d98bd088dd36fbabbe1706	Har du besøkt noen av de høyeste fjellene i Norge?	nature_environment	4	0	thirties	male_masculine	Østlandet		nb-NO	
17e43953917efb0a49bd62ad49a19c9d2ea1d5fd586397a17c9f1ab52ef82d5eff5d58465c69477330db5defdf7ff6017b3038d820a742a602b07c013072ec67	common_voice_nb-NO_43543584.mp3	5126234d01f16284076fd3d797d0138667d0a1925aebccd1575d93ea7fff0924	høyre		4	0	thirties	male_masculine	Østlandet		nb-NO	
17e43953917efb0a49bd62ad49a19c9d2ea1d5fd586397a17c9f1ab52ef82d5eff5d58465c69477330db5defdf7ff6017b3038d820a742a602b07c013072ec67	common_voice_nb-NO_43543585.mp3	4ea24629ba6558f353e246aa53998117c6f4d997ff43db0c6705cb6577d79088	Fordelen med jernbanen var at den kortet ned reisetiden betraktelig.		2	0	thirties	male_masculine	Østlandet		nb-NO	
17e43953917efb0a49bd62ad49a19c9d2ea1d5fd586397a17c9f1ab52ef82d5eff5d58465c69477330db5defdf7ff6017b3038d820a742a602b07c013072ec67	common_voice_nb-NO_43543586.mp3	5a0585f72bbc1eeadb5c17a3a52f63c2b34fe8e78e92652acfb5a43c553adbcc	Kosmetisk kirurgi er i ferd med å bli stuerent også her på berget.		4	0	thirties	male_masculine	Østlandet		nb-NO	
17e43953917efb0a49bd62ad49a19c9d2ea1d5fd586397a17c9f1ab52ef82d5eff5d58465c69477330db5defdf7ff6017b3038d820a742a602b07c013072ec67	common_voice_nb-NO_43543587.mp3	28eae1526e5f3390ee67c82d8302613b2a6eacceac96e713a697df30885d4eeb	åtte seks sju sju syttini tre hundre og nittisju		4	0	thirties	male_masculine	Østlandet		nb-NO	
17e43953917efb0a49bd62ad49a19c9d2ea1d5fd586397a17c9f1ab52ef82d5eff5d58465c69477330db5defdf7ff6017b3038d820a742a602b07c013072ec67	common_voice_nb-NO_43543588.mp3	15c8ab74afe5759dd2d17b788765f7187c8d011cb7452f7c4af4e7e3953db8da	Forrige kuttrunde fant sted så sent som i januar.	general	4	0	thirties	male_masculine	Østlandet		nb-NO	
17e43953917efb0a49bd62ad49a19c9d2ea1d5fd586397a17c9f1ab52ef82d5eff5d58465c69477330db5defdf7ff6017b3038d820a742a602b07c013072ec67	common_voice_nb-NO_43543589.mp3	22e7a7e10fba27a9aa68cadc049d9255472191e26c92c29b2190c8aba2fb04ab	Det ser ikke ut til at informasjonen mot dop når frem.		2	0	thirties	male_masculine	Østlandet		nb-NO	
17e43953917efb0a49bd62ad49a19c9d2ea1d5fd586397a17c9f1ab52ef82d5eff5d58465c69477330db5defdf7ff6017b3038d820a742a602b07c013072ec67	common_voice_nb-NO_43543590.mp3	4fc8cab04927708de2436a5b55cfeaaa31a39c5ca3f5bb3988af89124366abdc	M I K A L S E N		4	0	thirties	male_masculine	Østlandet		nb-NO	
17e43953917efb0a49bd62ad49a19c9d2ea1d5fd586397a17c9f1ab52ef82d5eff5d58465c69477330db5defdf7ff6017b3038d820a742a602b07c013072ec67	common_voice_nb-NO_43543591.mp3	2b98d7eeadc1a0fa8a80dc329138591e721721c7680e92a4d59f5ae086cfbd7a	Selen sov fredfullt.		4	0	thirties	male_masculine	Østlandet		nb-NO	
17e43953917efb0a49bd62ad49a19c9d2ea1d5fd586397a17c9f1ab52ef82d5eff5d58465c69477330db5defdf7ff6017b3038d820a742a602b07c013072ec67	common_voice_nb-NO_43543592.mp3	165551b708c5477830ca985614d2dfa3a00974538891056d940650b79ecf0618	For mange kan belastningen bli stor.	general	4	0	thirties	male_masculine	Østlandet		nb-NO	
17e43953917efb0a49bd62ad49a19c9d2ea1d5fd586397a17c9f1ab52ef82d5eff5d58465c69477330db5defdf7ff6017b3038d820a742a602b07c013072ec67	common_voice_nb-NO_43543593.mp3	11dc67eacded9192605f2bdd4ae2aece804491f0e270df6921ae4bd455a97091	Unyttet beitemark er en ressurs som landbruket bør utnytte.		4	0	thirties	male_masculine	Østlandet		nb-NO	
17e43953917efb0a49bd62ad49a19c9d2ea1d5fd586397a17c9f1ab52ef82d5eff5d58465c69477330db5defdf7ff6017b3038d820a742a602b07c013072ec67	common_voice_nb-NO_43543594.mp3	4797d4ee2581ba0ac127dcfa36533823709fc9c6ee652b434434a0c0eb2e37a6	Kan ting ordnes på stedet, er det best, sier han.		4	0	thirties	male_masculine	Østlandet		nb-NO	
17e43953917efb0a49bd62ad49a19c9d2ea1d5fd586397a17c9f1ab52ef82d5eff5d58465c69477330db5defdf7ff6017b3038d820a742a602b07c013072ec67	common_voice_nb-NO_43543595.mp3	512bef13e7ed1e5d368d432271412bd4e55c009daa0fd54ef618a4e1889bd3c8	Det kom en stor hingst galopperende langs stranden		4	0	thirties	male_masculine	Østlandet		nb-NO	
17e43953917efb0a49bd62ad49a19c9d2ea1d5fd586397a17c9f1ab52ef82d5eff5d58465c69477330db5defdf7ff6017b3038d820a742a602b07c013072ec67	common_voice_nb-NO_43543596.mp3	4e40942a44e5f35a4ee4b23847bd17541d6cd60e6e33302d1c7e876ffd8308b7	tilføyet		4	0	thirties	male_masculine	Østlandet		nb-NO	
17e43953917efb0a49bd62ad49a19c9d2ea1d5fd586397a17c9f1ab52ef82d5eff5d58465c69477330db5defdf7ff6017b3038d820a742a602b07c013072ec67	common_voice_nb-NO_43543597.mp3	5278a12b99d5d2cce5dd5a39771428f11725d70ac229f5eefd13aa04990f02ed	Avisene rapporterer daglig om politikk og kultur.	media_entertainment	4	0	thirties	male_masculine	Østlandet		nb-NO	
17e43953917efb0a49bd62ad49a19c9d2ea1d5fd586397a17c9f1ab52ef82d5eff5d58465c69477330db5defdf7ff6017b3038d820a742a602b07c013072ec67	common_voice_nb-NO_43543598.mp3	4dd2534f5a161e1c738c3722747d930b98275157d7ce7ab2241a7d1b3c54efb0	Vi tok farvel med en fremragende borger.	general,nature_environment,news_current_affairs	4	0	thirties	male_masculine	Østlandet		nb-NO	
17e43953917efb0a49bd62ad49a19c9d2ea1d5fd586397a17c9f1ab52ef82d5eff5d58465c69477330db5defdf7ff6017b3038d820a742a602b07c013072ec67	common_voice_nb-NO_43543599.mp3	4286b32f08bb1bf2c748ffad18d29ccb0fa058abff0035104a0474d8b4b98000	Bekymring for ungdommens fysiske eller psykiske helse		4	0	thirties	male_masculine	Østlandet		nb-NO	
17e43953917efb0a49bd62ad49a19c9d2ea1d5fd586397a17c9f1ab52ef82d5eff5d58465c69477330db5defdf7ff6017b3038d820a742a602b07c013072ec67	common_voice_nb-NO_43543600.mp3	35c89e65fae74fcb1838ab83168e2a3650376be93933a7296473aa8c5149d762	Bøkene hennes er oversatt til flere europeiske språk.		4	0	thirties	male_masculine	Østlandet		nb-NO	
17e43953917efb0a49bd62ad49a19c9d2ea1d5fd586397a17c9f1ab52ef82d5eff5d58465c69477330db5defdf7ff6017b3038d820a742a602b07c013072ec67	common_voice_nb-NO_43543602.mp3	570db8546f6b63e4b5423942ae6baa488393843135c9721e383695a486e19c66	Han har anklaget meg for maktsyke og hardhet og jeg vet ikke hva.		4	0	thirties	male_masculine	Østlandet		nb-NO	
17e43953917efb0a49bd62ad49a19c9d2ea1d5fd586397a17c9f1ab52ef82d5eff5d58465c69477330db5defdf7ff6017b3038d820a742a602b07c013072ec67	common_voice_nb-NO_43543603.mp3	49ea5dae2cc5d150a0db5e19a5ce8e0e515fee7e5c19e51614f60310f65283a5	Vi har spesielle åpningstider i høytider.	service_retail	4	0	thirties	male_masculine	Østlandet		nb-NO	
17e43953917efb0a49bd62ad49a19c9d2ea1d5fd586397a17c9f1ab52ef82d5eff5d58465c69477330db5defdf7ff6017b3038d820a742a602b07c013072ec67	common_voice_nb-NO_43543604.mp3	34d3c52bcfd50a5b3986b1edd1a8745bdd1eada587c5289b965196df2bb6ade7	en seks seks sju åttitre åtte hundre og tjueen		4	0	thirties	male_masculine	Østlandet		nb-NO	
17e43953917efb0a49bd62ad49a19c9d2ea1d5fd586397a17c9f1ab52ef82d5eff5d58465c69477330db5defdf7ff6017b3038d820a742a602b07c013072ec67	common_voice_nb-NO_43543605.mp3	3c85d3987c9ed0395c9985cebb49d8d1324b4fd427ea96373bceb636b77a70e9	sving		4	0	thirties	male_masculine	Østlandet		nb-NO	
17e43953917efb0a49bd62ad49a19c9d2ea1d5fd586397a17c9f1ab52ef82d5eff5d58465c69477330db5defdf7ff6017b3038d820a742a602b07c013072ec67	common_voice_nb-NO_43543606.mp3	0aa0702c2901b7211e438ead0f7d0c4bb45893941ee9c18ba7d51fe131c36735	Dermed blir varmen sperret inne.	general	2	0	thirties	male_masculine	Østlandet		nb-NO	
17e43953917efb0a49bd62ad49a19c9d2ea1d5fd586397a17c9f1ab52ef82d5eff5d58465c69477330db5defdf7ff6017b3038d820a742a602b07c013072ec67	common_voice_nb-NO_43543607.mp3	4ff4a8303d0d8f4990c823b90c96137a910c7036d428344aa8c7b63804aa1b5b	Vi har spesialtilbud på denne ukens produkter.	service_retail	4	0	thirties	male_masculine	Østlandet		nb-NO	
17e43953917efb0a49bd62ad49a19c9d2ea1d5fd586397a17c9f1ab52ef82d5eff5d58465c69477330db5defdf7ff6017b3038d820a742a602b07c013072ec67	common_voice_nb-NO_43543608.mp3	4fcc7a262db8f956f8ee52f3aabc6a5f2f56aa4961cd0ced616154375aa37506	Den typiske nordlige barbar er altså stor, sterk, grovbygd, blond og blåøyd.		4	0	thirties	male_masculine	Østlandet		nb-NO	
17e43953917efb0a49bd62ad49a19c9d2ea1d5fd586397a17c9f1ab52ef82d5eff5d58465c69477330db5defdf7ff6017b3038d820a742a602b07c013072ec67	common_voice_nb-NO_43543609.mp3	3749a1f2e862a69f0633696a6f248538dd5e0b941f139fcff476cbe609896823	Blir jo fort noen tusen ekstra når man har dame		2	0	thirties	male_masculine	Østlandet		nb-NO	
17e43953917efb0a49bd62ad49a19c9d2ea1d5fd586397a17c9f1ab52ef82d5eff5d58465c69477330db5defdf7ff6017b3038d820a742a602b07c013072ec67	common_voice_nb-NO_43543610.mp3	585a0dcd281eb64544d76c6c1c9a1dcb5e5dbe57f52e702dfd425a89145aa067	kontor		4	0	thirties	male_masculine	Østlandet		nb-NO	
17e43953917efb0a49bd62ad49a19c9d2ea1d5fd586397a17c9f1ab52ef82d5eff5d58465c69477330db5defdf7ff6017b3038d820a742a602b07c013072ec67	common_voice_nb-NO_43543611.mp3	569f327c02c7ea24e647d1f58349ac787751e1efdbbce115fc6ce7e6c56e0d00	Togene var stappfulle fra første avgang.		4	0	thirties	male_masculine	Østlandet		nb-NO	
17e43953917efb0a49bd62ad49a19c9d2ea1d5fd586397a17c9f1ab52ef82d5eff5d58465c69477330db5defdf7ff6017b3038d820a742a602b07c013072ec67	common_voice_nb-NO_43543612.mp3	471625e2243c2d62318e0ea5d24578ee2b3ec8d1e72876a493bdb6859b167d9a	Kan du veien, har du vært der før?		2	0	thirties	male_masculine	Østlandet		nb-NO	
17e43953917efb0a49bd62ad49a19c9d2ea1d5fd586397a17c9f1ab52ef82d5eff5d58465c69477330db5defdf7ff6017b3038d820a742a602b07c013072ec67	common_voice_nb-NO_43543613.mp3	45f079a3a0fb333053773c684849ee9cef6abc2ca3b38b8fff1869485ab82852	skildret		4	0	thirties	male_masculine	Østlandet		nb-NO	
17e43953917efb0a49bd62ad49a19c9d2ea1d5fd586397a17c9f1ab52ef82d5eff5d58465c69477330db5defdf7ff6017b3038d820a742a602b07c013072ec67	common_voice_nb-NO_43543614.mp3	5be4e943a89563c2dfa330c096a075e6c3ea455c28f65ff2d40ac8fb15ddc6af	Vi har nylig oppdatert vårt sortiment.	service_retail	2	0	thirties	male_masculine	Østlandet		nb-NO	
17e43953917efb0a49bd62ad49a19c9d2ea1d5fd586397a17c9f1ab52ef82d5eff5d58465c69477330db5defdf7ff6017b3038d820a742a602b07c013072ec67	common_voice_nb-NO_43543615.mp3	4519d753d2406d94f1c0809214c011fe4367bbf4016cafaf0bc119e5d0927168	I likhet med fylkesmannsstillingene bør også ansettelse av biskoper derfor skje etter utlysing.		2	0	thirties	male_masculine	Østlandet		nb-NO	
17e43953917efb0a49bd62ad49a19c9d2ea1d5fd586397a17c9f1ab52ef82d5eff5d58465c69477330db5defdf7ff6017b3038d820a742a602b07c013072ec67	common_voice_nb-NO_43543616.mp3	2f746d05c6d9a66545f72c6e8f7e10019294965f0e7a144d8b458bf768d2b50f	Vi forsøkte å få til et kompromiss, men det ble umulig.		4	0	thirties	male_masculine	Østlandet		nb-NO	
17e43953917efb0a49bd62ad49a19c9d2ea1d5fd586397a17c9f1ab52ef82d5eff5d58465c69477330db5defdf7ff6017b3038d820a742a602b07c013072ec67	common_voice_nb-NO_43543617.mp3	069c6a267e26d036b66d72935b93506e039644d55313a78f13c3b3787adc1634	Partene ser likt på utfordringene i markedet.	general	2	0	thirties	male_masculine	Østlandet		nb-NO	
17e43953917efb0a49bd62ad49a19c9d2ea1d5fd586397a17c9f1ab52ef82d5eff5d58465c69477330db5defdf7ff6017b3038d820a742a602b07c013072ec67	common_voice_nb-NO_43543618.mp3	47e84e30e4c5831fdec1e1ccb71f0418cbbb5c7b79466bb75018c1664de68b18	Oslo		2	0	thirties	male_masculine	Østlandet		nb-NO	
17e43953917efb0a49bd62ad49a19c9d2ea1d5fd586397a17c9f1ab52ef82d5eff5d58465c69477330db5defdf7ff6017b3038d820a742a602b07c013072ec67	common_voice_nb-NO_43543619.mp3	1fa535fafd6459e6dfa79f261d29bbb91027fd6f327923a7859f4e8c7ba66541	Jobb etter skoletid har han ikke tid til.		2	0	thirties	male_masculine	Østlandet		nb-NO	
17e43953917efb0a49bd62ad49a19c9d2ea1d5fd586397a17c9f1ab52ef82d5eff5d58465c69477330db5defdf7ff6017b3038d820a742a602b07c013072ec67	common_voice_nb-NO_43543620.mp3	5731d8bbf89adb45b0694e381558ce8152f31c6b254bcdb57a59cb8fb2a4022d	Husk å gjøre det du skulle i dag.		4	0	thirties	male_masculine	Østlandet		nb-NO	
17e43953917efb0a49bd62ad49a19c9d2ea1d5fd586397a17c9f1ab52ef82d5eff5d58465c69477330db5defdf7ff6017b3038d820a742a602b07c013072ec67	common_voice_nb-NO_43543621.mp3	49627473a1eb685daeea2b4b3a2d616c0036c68e9b44a9709a0ef23f64ad9e10	åtte fire åtte to tjuetre ni hundre og førtifire		4	0	thirties	male_masculine	Østlandet		nb-NO	
17e43953917efb0a49bd62ad49a19c9d2ea1d5fd586397a17c9f1ab52ef82d5eff5d58465c69477330db5defdf7ff6017b3038d820a742a602b07c013072ec67	common_voice_nb-NO_43543622.mp3	383fac2d0a4644058dd9ac765339dc630e180349b725cec78b3b3285d21755bc	Benedicte Torgersen		4	0	thirties	male_masculine	Østlandet		nb-NO	
17e43953917efb0a49bd62ad49a19c9d2ea1d5fd586397a17c9f1ab52ef82d5eff5d58465c69477330db5defdf7ff6017b3038d820a742a602b07c013072ec67	common_voice_nb-NO_43543623.mp3	435cdbb1ff1328ed9199ab316a62b7b7dd5339a1297e379e7ef7544294ee7fbe	svar		4	0	thirties	male_masculine	Østlandet		nb-NO	
17e43953917efb0a49bd62ad49a19c9d2ea1d5fd586397a17c9f1ab52ef82d5eff5d58465c69477330db5defdf7ff6017b3038d820a742a602b07c013072ec67	common_voice_nb-NO_43543624.mp3	4807f1d4e012cc7d1a3a1cc72eb9a32a5867c8a0cf9b23de7f7f58accdc4c05d	to sju to to femtisju sju hundre og ni		4	0	thirties	male_masculine	Østlandet		nb-NO	
17e43953917efb0a49bd62ad49a19c9d2ea1d5fd586397a17c9f1ab52ef82d5eff5d58465c69477330db5defdf7ff6017b3038d820a742a602b07c013072ec67	common_voice_nb-NO_43543625.mp3	566339f5cbc41c538495419ae331fa997e6743fdf9a0232efe30bc65c437e521	Øyenbrynene sa alt.		4	0	thirties	male_masculine	Østlandet		nb-NO	
17e43953917efb0a49bd62ad49a19c9d2ea1d5fd586397a17c9f1ab52ef82d5eff5d58465c69477330db5defdf7ff6017b3038d820a742a602b07c013072ec67	common_voice_nb-NO_43543626.mp3	151c814b52aedc52e83e950e00f4e96aa801d6fc7b521aab2046148dc420a0b5	Kronprinsen er sønnen til kongen og dronningen.		4	0	thirties	male_masculine	Østlandet		nb-NO	
17e43953917efb0a49bd62ad49a19c9d2ea1d5fd586397a17c9f1ab52ef82d5eff5d58465c69477330db5defdf7ff6017b3038d820a742a602b07c013072ec67	common_voice_nb-NO_43543627.mp3	5b443cb3492597c5f9e9bd716584429084da00dda0fa4537b5050d9d9257a63c	sju seks fem tre sekstifire fire hundre og femten		4	0	thirties	male_masculine	Østlandet		nb-NO	
17e43953917efb0a49bd62ad49a19c9d2ea1d5fd586397a17c9f1ab52ef82d5eff5d58465c69477330db5defdf7ff6017b3038d820a742a602b07c013072ec67	common_voice_nb-NO_43543628.mp3	5ad223300492273c14ec94cc68defadb01645082670bf287e08c6252dc817f73	Det er to ulike tilskuddsordninger for idrettslag		4	0	thirties	male_masculine	Østlandet		nb-NO	
17e43953917efb0a49bd62ad49a19c9d2ea1d5fd586397a17c9f1ab52ef82d5eff5d58465c69477330db5defdf7ff6017b3038d820a742a602b07c013072ec67	common_voice_nb-NO_43543629.mp3	1a6e03e36988f7a84c422dd4538efb0f2691258fee8aca0cf47cc9e72a27f291	Dette dreier seg om både kapasitet og kompetanse.	general	4	0	thirties	male_masculine	Østlandet		nb-NO	
17e43953917efb0a49bd62ad49a19c9d2ea1d5fd586397a17c9f1ab52ef82d5eff5d58465c69477330db5defdf7ff6017b3038d820a742a602b07c013072ec67	common_voice_nb-NO_43543630.mp3	430621b9838b57284e0d8269df6f7e90249e34059f7328f5ef16f4c35e8162ca	Hvor fort kan du løpe til bussen?		4	0	thirties	male_masculine	Østlandet		nb-NO	
17e43953917efb0a49bd62ad49a19c9d2ea1d5fd586397a17c9f1ab52ef82d5eff5d58465c69477330db5defdf7ff6017b3038d820a742a602b07c013072ec67	common_voice_nb-NO_43543631.mp3	1fdeb35bc3730ac1197a29e40643058767b031b58df614c83a7c9fae1c169d14	Resten er friske og tilgjengelige, sa han.	general	4	0	thirties	male_masculine	Østlandet		nb-NO	
17e43953917efb0a49bd62ad49a19c9d2ea1d5fd586397a17c9f1ab52ef82d5eff5d58465c69477330db5defdf7ff6017b3038d820a742a602b07c013072ec67	common_voice_nb-NO_43543632.mp3	3fd4ea3a68a61d34b51c0ea18f919f9237628199a27fe4af4376d4ac9eb50aa9	Det er mye finere å gå på tur i skogen.		2	0	thirties	male_masculine	Østlandet		nb-NO	
17e43953917efb0a49bd62ad49a19c9d2ea1d5fd586397a17c9f1ab52ef82d5eff5d58465c69477330db5defdf7ff6017b3038d820a742a602b07c013072ec67	common_voice_nb-NO_43543633.mp3	5c4dccdf993329fe6a2c2742c830165185c0ffcdf2fc2eaae843c7dbe9141819	Sammen hersket de over alt som svømte.		2	0	thirties	male_masculine	Østlandet		nb-NO	
17e43953917efb0a49bd62ad49a19c9d2ea1d5fd586397a17c9f1ab52ef82d5eff5d58465c69477330db5defdf7ff6017b3038d820a742a602b07c013072ec67	common_voice_nb-NO_43543634.mp3	3f3e1ae9b28c7738ca596e87169dbb18e0ce2c8e2c9593b5b906a05f846dcc31	Først og fremst	general,language_fundamentals	4	2	thirties	male_masculine	Østlandet		nb-NO	
17e43953917efb0a49bd62ad49a19c9d2ea1d5fd586397a17c9f1ab52ef82d5eff5d58465c69477330db5defdf7ff6017b3038d820a742a602b07c013072ec67	common_voice_nb-NO_43543635.mp3	5ad7c0b9029dbebeb46d4a32021ea761f77a4746e81ee2adcf2b18b4f9490cf8	Sonja Lindstad		4	0	thirties	male_masculine	Østlandet		nb-NO	
17e43953917efb0a49bd62ad49a19c9d2ea1d5fd586397a17c9f1ab52ef82d5eff5d58465c69477330db5defdf7ff6017b3038d820a742a602b07c013072ec67	common_voice_nb-NO_43543636.mp3	186b556841bc571b3b736a5dc428d499926abca223e401ebbe6a9dff0fa76089	Spesialutstyr til sylting og lagring selger bra.	general	4	0	thirties	male_masculine	Østlandet		nb-NO	
17e43953917efb0a49bd62ad49a19c9d2ea1d5fd586397a17c9f1ab52ef82d5eff5d58465c69477330db5defdf7ff6017b3038d820a742a602b07c013072ec67	common_voice_nb-NO_43543637.mp3	5ccb72cb8519b1a1b8159e0fe1d7ee38afe549b95efb14634c8dc839449dc55e	Regnet har vasket vinterstøvet bort og setter byen på hodet.		4	0	thirties	male_masculine	Østlandet		nb-NO	
17e43953917efb0a49bd62ad49a19c9d2ea1d5fd586397a17c9f1ab52ef82d5eff5d58465c69477330db5defdf7ff6017b3038d820a742a602b07c013072ec67	common_voice_nb-NO_43543638.mp3	40d223df71ea2247535ebb4c6ad8e2a8f3df2be933b24f19a534f3d17cdaee5b	Helle		4	0	thirties	male_masculine	Østlandet		nb-NO	
17e43953917efb0a49bd62ad49a19c9d2ea1d5fd586397a17c9f1ab52ef82d5eff5d58465c69477330db5defdf7ff6017b3038d820a742a602b07c013072ec67	common_voice_nb-NO_43543639.mp3	5823b680f022cefd09c29d07e908e96416deb0d88016b02f50336c729f8f932d	førtitre tusen seks hundre og trettisju		4	0	thirties	male_masculine	Østlandet		nb-NO	
17e43953917efb0a49bd62ad49a19c9d2ea1d5fd586397a17c9f1ab52ef82d5eff5d58465c69477330db5defdf7ff6017b3038d820a742a602b07c013072ec67	common_voice_nb-NO_43543640.mp3	58743075aa7283a698c49b03f6b224e333ed5688c2df8ebb408fa07dbf339e46	utlignet		4	2	thirties	male_masculine	Østlandet		nb-NO	
17e43953917efb0a49bd62ad49a19c9d2ea1d5fd586397a17c9f1ab52ef82d5eff5d58465c69477330db5defdf7ff6017b3038d820a742a602b07c013072ec67	common_voice_nb-NO_43543641.mp3	29b452b446ea1a65f1817f124c1268c08f294cbafb4b6e87c0074f3be587a750	Det vant de faktisk noe på.		4	0	thirties	male_masculine	Østlandet		nb-NO	
17e43953917efb0a49bd62ad49a19c9d2ea1d5fd586397a17c9f1ab52ef82d5eff5d58465c69477330db5defdf7ff6017b3038d820a742a602b07c013072ec67	common_voice_nb-NO_43543642.mp3	39e0d8c9d8a92a618deb0e0f95fe8a714ddf65203ab9f30b9748d5ad34525a84	Det som er hyggelig, er at folk i stadig økende grad kjøper norske kvalitetsski.		4	0	thirties	male_masculine	Østlandet		nb-NO	
17e43953917efb0a49bd62ad49a19c9d2ea1d5fd586397a17c9f1ab52ef82d5eff5d58465c69477330db5defdf7ff6017b3038d820a742a602b07c013072ec67	common_voice_nb-NO_43543643.mp3	1816a52f25cbf3097803de62b3dcfd6565b7d9840e0c3c0125c40626fd3ec9b4	I tillegg er ytterligere to savnet.	general	4	0	thirties	male_masculine	Østlandet		nb-NO	
17e43953917efb0a49bd62ad49a19c9d2ea1d5fd586397a17c9f1ab52ef82d5eff5d58465c69477330db5defdf7ff6017b3038d820a742a602b07c013072ec67	common_voice_nb-NO_43543644.mp3	0a7117f29ed92739c6453b2b452b8ba9ff564f8b50c1171bf69560f3f4496914	Du skal hjelpe bygda du bor i.	general	4	0	thirties	male_masculine	Østlandet		nb-NO	
17e43953917efb0a49bd62ad49a19c9d2ea1d5fd586397a17c9f1ab52ef82d5eff5d58465c69477330db5defdf7ff6017b3038d820a742a602b07c013072ec67	common_voice_nb-NO_43543645.mp3	58392def33243c67c89ba021390a1849f3c8177a5c1b2b7456ec2e62574a1133	Jeg trenger en forsker, ikke en utfrika dumskalle		4	0	thirties	male_masculine	Østlandet		nb-NO	
17e43953917efb0a49bd62ad49a19c9d2ea1d5fd586397a17c9f1ab52ef82d5eff5d58465c69477330db5defdf7ff6017b3038d820a742a602b07c013072ec67	common_voice_nb-NO_43543646.mp3	311e0054623d36b679cd7d47eb32745ebb0515ad766fdbebc215d7c358afec89	Danserne er oppført som medskapere av forestillingen.		2	0	thirties	male_masculine	Østlandet		nb-NO	
17e43953917efb0a49bd62ad49a19c9d2ea1d5fd586397a17c9f1ab52ef82d5eff5d58465c69477330db5defdf7ff6017b3038d820a742a602b07c013072ec67	common_voice_nb-NO_43543647.mp3	18cab88cded82a942a6d9726aa6b65456ac3c72d6a10a87ad0f12c81c88991d5	Dermed gikk unionen inn for et kompromiss.	general	4	0	thirties	male_masculine	Østlandet		nb-NO	
17e43953917efb0a49bd62ad49a19c9d2ea1d5fd586397a17c9f1ab52ef82d5eff5d58465c69477330db5defdf7ff6017b3038d820a742a602b07c013072ec67	common_voice_nb-NO_43543648.mp3	56ec95f44a0da5ea56727fd62b8e3053e472f14bbf9810592cc7abe2bed7ed6c	Din bror representerte en betydelig investering		4	0	thirties	male_masculine	Østlandet		nb-NO	
17e43953917efb0a49bd62ad49a19c9d2ea1d5fd586397a17c9f1ab52ef82d5eff5d58465c69477330db5defdf7ff6017b3038d820a742a602b07c013072ec67	common_voice_nb-NO_43543649.mp3	5b36f543cdbafaf67566c07d54d73e4b8371b91f2be4747c3a25a42f8e67eb67	Butikken vår har et vennlig og hjelpsomt personale.	service_retail	2	0	thirties	male_masculine	Østlandet		nb-NO	
17e43953917efb0a49bd62ad49a19c9d2ea1d5fd586397a17c9f1ab52ef82d5eff5d58465c69477330db5defdf7ff6017b3038d820a742a602b07c013072ec67	common_voice_nb-NO_43543650.mp3	46fb6907d4ebc6ad1c72800df4fb8554ddaf2a78bb1ed533e05642daf2f8058f	Barna skal lære seg å mestre båtliv.		4	0	thirties	male_masculine	Østlandet		nb-NO	
17e43953917efb0a49bd62ad49a19c9d2ea1d5fd586397a17c9f1ab52ef82d5eff5d58465c69477330db5defdf7ff6017b3038d820a742a602b07c013072ec67	common_voice_nb-NO_43543651.mp3	5aace504df4f5d580d84ecbc9d3ecc36311c1e6272bec0c6e104e35b033819dc	Det er mange jentekokker, men det er bare gutta som viser seg frem.		4	2	thirties	male_masculine	Østlandet		nb-NO	
17e43953917efb0a49bd62ad49a19c9d2ea1d5fd586397a17c9f1ab52ef82d5eff5d58465c69477330db5defdf7ff6017b3038d820a742a602b07c013072ec67	common_voice_nb-NO_43543652.mp3	59837cc41c7e18e7f6d682a4aa0f3405e5d3bfc9c4baecfb5042f654ad87e385	Den har ingen fredsrelevante funksjoner, selv om behovet for det er der.		4	0	thirties	male_masculine	Østlandet		nb-NO	
17e43953917efb0a49bd62ad49a19c9d2ea1d5fd586397a17c9f1ab52ef82d5eff5d58465c69477330db5defdf7ff6017b3038d820a742a602b07c013072ec67	common_voice_nb-NO_43543653.mp3	4a0fb4baaccb81dd944258cc72d1e8b0931dd313dc5547746fc2fbb7103ad4a1	seks seks tre fire syttini seks hundre og sytten		4	0	thirties	male_masculine	Østlandet		nb-NO	
17e43953917efb0a49bd62ad49a19c9d2ea1d5fd586397a17c9f1ab52ef82d5eff5d58465c69477330db5defdf7ff6017b3038d820a742a602b07c013072ec67	common_voice_nb-NO_43543654.mp3	47087b5c2d3622c58091d233de6111988c96b43df4ec6a7ae4cc08ede4cab0b8	Han er nå pensjonert, men fortsatt aktiv i sin sønns firma.		4	0	thirties	male_masculine	Østlandet		nb-NO	
17e43953917efb0a49bd62ad49a19c9d2ea1d5fd586397a17c9f1ab52ef82d5eff5d58465c69477330db5defdf7ff6017b3038d820a742a602b07c013072ec67	common_voice_nb-NO_43543655.mp3	23420faeaaa06a9216cabc8223bf2985ec4a9467b3ef097295b2222d79c790f9	Nå mener hun det er på høy tid at arkivene åpnes.	general	4	0	thirties	male_masculine	Østlandet		nb-NO	
17e43953917efb0a49bd62ad49a19c9d2ea1d5fd586397a17c9f1ab52ef82d5eff5d58465c69477330db5defdf7ff6017b3038d820a742a602b07c013072ec67	common_voice_nb-NO_43543656.mp3	49990fba28a3bbecec193df6eb873d4ec4c1ee879a1e85dd14d38ac9c57ab91c	Gimse		4	0	thirties	male_masculine	Østlandet		nb-NO	
17e43953917efb0a49bd62ad49a19c9d2ea1d5fd586397a17c9f1ab52ef82d5eff5d58465c69477330db5defdf7ff6017b3038d820a742a602b07c013072ec67	common_voice_nb-NO_43543657.mp3	51ab8077e70fbbf2ed397682982167b1cb5dccc8320103eec1de1f7e9d5f58f0	Du kan også handle på nettet hos oss.	service_retail	4	0	thirties	male_masculine	Østlandet		nb-NO	
17e43953917efb0a49bd62ad49a19c9d2ea1d5fd586397a17c9f1ab52ef82d5eff5d58465c69477330db5defdf7ff6017b3038d820a742a602b07c013072ec67	common_voice_nb-NO_43543658.mp3	5a0891a45a154903fc7c0e7fc877d83c7645e8f3b0a7d4ca98be23e49acb55c7	fire åtte to sju sekstifem ni hundre og tjueseks		2	0	thirties	male_masculine	Østlandet		nb-NO	
17e43953917efb0a49bd62ad49a19c9d2ea1d5fd586397a17c9f1ab52ef82d5eff5d58465c69477330db5defdf7ff6017b3038d820a742a602b07c013072ec67	common_voice_nb-NO_43543659.mp3	1d2b72359fad5c7f31b112793613bb333404c072b13d224089493571e60bd565	Barn ble fjernet fra sine foreldre uten at lovlig vedtak var fattet.		4	0	thirties	male_masculine	Østlandet		nb-NO	
17e43953917efb0a49bd62ad49a19c9d2ea1d5fd586397a17c9f1ab52ef82d5eff5d58465c69477330db5defdf7ff6017b3038d820a742a602b07c013072ec67	common_voice_nb-NO_43543660.mp3	4cdc835ef40f9b7a609e1295d726443e5ada09b87a97838938e85b953253cb96	P E T E R		4	0	thirties	male_masculine	Østlandet		nb-NO	
17e43953917efb0a49bd62ad49a19c9d2ea1d5fd586397a17c9f1ab52ef82d5eff5d58465c69477330db5defdf7ff6017b3038d820a742a602b07c013072ec67	common_voice_nb-NO_43543661.mp3	56e24b25ffe190e9c57eb52e958479f223eb2486271c0cf4ed35b97e923e724b	Har du iPhone eller android telefon?		2	0	thirties	male_masculine	Østlandet		nb-NO	
17e43953917efb0a49bd62ad49a19c9d2ea1d5fd586397a17c9f1ab52ef82d5eff5d58465c69477330db5defdf7ff6017b3038d820a742a602b07c013072ec67	common_voice_nb-NO_43543662.mp3	41d08a70dab6474afe47254ed204db70ccb6fcefc6df1dd62470d778823691fc	Storslåtte isbreer strakk seg mot horisonten.	general,nature_environment,news_current_affairs	4	0	thirties	male_masculine	Østlandet		nb-NO	
17e43953917efb0a49bd62ad49a19c9d2ea1d5fd586397a17c9f1ab52ef82d5eff5d58465c69477330db5defdf7ff6017b3038d820a742a602b07c013072ec67	common_voice_nb-NO_43543663.mp3	4730e499edd964e1ef67aa9f90521c6b207b9618da1b0ae0fdbda06a24acc19b	Edderkoppene tar over kjelleren min!		4	0	thirties	male_masculine	Østlandet		nb-NO	
17e43953917efb0a49bd62ad49a19c9d2ea1d5fd586397a17c9f1ab52ef82d5eff5d58465c69477330db5defdf7ff6017b3038d820a742a602b07c013072ec67	common_voice_nb-NO_43543664.mp3	3fb2cf492ff062fd0c2fc62a1eaf1d575633f3adeadce7935f7dafce89d5dbc5	Kan du kjøpe et par kniver på butikken?		4	0	thirties	male_masculine	Østlandet		nb-NO	
17e43953917efb0a49bd62ad49a19c9d2ea1d5fd586397a17c9f1ab52ef82d5eff5d58465c69477330db5defdf7ff6017b3038d820a742a602b07c013072ec67	common_voice_nb-NO_43543665.mp3	5d9ab6df66fc7243988bb20c01b7c1ca6b792df3566243dc3025f731db7deabd	Han slipper nemlig å måtte være ute i kuldegradene hvis han skal møte venner.		4	0	thirties	male_masculine	Østlandet		nb-NO	
17e43953917efb0a49bd62ad49a19c9d2ea1d5fd586397a17c9f1ab52ef82d5eff5d58465c69477330db5defdf7ff6017b3038d820a742a602b07c013072ec67	common_voice_nb-NO_43543666.mp3	30edf0adc5b38b873ca7ea6d7e155d6824cc04553e40f065c15dddafa5ccb3f5	To ganger tidligere har han fått trekk for overtid.		4	0	thirties	male_masculine	Østlandet		nb-NO	
17e43953917efb0a49bd62ad49a19c9d2ea1d5fd586397a17c9f1ab52ef82d5eff5d58465c69477330db5defdf7ff6017b3038d820a742a602b07c013072ec67	common_voice_nb-NO_43543667.mp3	43adce3fa643b847ae563decfe1121adb9f27fb7c5788a40a77ceb518f62eb21	presiserer		4	0	thirties	male_masculine	Østlandet		nb-NO	
17e43953917efb0a49bd62ad49a19c9d2ea1d5fd586397a17c9f1ab52ef82d5eff5d58465c69477330db5defdf7ff6017b3038d820a742a602b07c013072ec67	common_voice_nb-NO_43543668.mp3	4a77ac32b107e8f78ee5888e4ecfa5c156c84331a4e745fc6b7f48879f39d307	Vi har åpningstilbud på alle nye produkter.	service_retail	4	0	thirties	male_masculine	Østlandet		nb-NO	
17e43953917efb0a49bd62ad49a19c9d2ea1d5fd586397a17c9f1ab52ef82d5eff5d58465c69477330db5defdf7ff6017b3038d820a742a602b07c013072ec67	common_voice_nb-NO_43543669.mp3	1f5cbea86b2ac94e8fd367bdd2d5c887d6d5a466ae7ea5ec6ad2442a41715e08	Så skal inntil åtte stillinger til kuttes.	general	4	0	thirties	male_masculine	Østlandet		nb-NO	
17e43953917efb0a49bd62ad49a19c9d2ea1d5fd586397a17c9f1ab52ef82d5eff5d58465c69477330db5defdf7ff6017b3038d820a742a602b07c013072ec67	common_voice_nb-NO_43543670.mp3	59fc15f994fe85f03845fbd51b8ea0ea8ced326c5b3d0377817cdecb9f73f664	Lysbildeserien er ment til bruk for foredragsvirksomhet, blant annet i skolen.		4	0	thirties	male_masculine	Østlandet		nb-NO	
17e43953917efb0a49bd62ad49a19c9d2ea1d5fd586397a17c9f1ab52ef82d5eff5d58465c69477330db5defdf7ff6017b3038d820a742a602b07c013072ec67	common_voice_nb-NO_43543671.mp3	42d9009d3480f6d2dc429f49135114581c19885d2ef338253e518cb116b0eab3	fem fem fire en sekstitre fem hundre og nittiseks		4	0	thirties	male_masculine	Østlandet		nb-NO	
17e43953917efb0a49bd62ad49a19c9d2ea1d5fd586397a17c9f1ab52ef82d5eff5d58465c69477330db5defdf7ff6017b3038d820a742a602b07c013072ec67	common_voice_nb-NO_43543672.mp3	59248d583dbc0c89c23a8c3a849b04f2e22b859501c4473cc65eaf228287d127	Markedskreftenes utnyttelse av vold som salgsfremmende virkemiddel kan med fordel diskuteres.		4	0	thirties	male_masculine	Østlandet		nb-NO	
17e43953917efb0a49bd62ad49a19c9d2ea1d5fd586397a17c9f1ab52ef82d5eff5d58465c69477330db5defdf7ff6017b3038d820a742a602b07c013072ec67	common_voice_nb-NO_43543673.mp3	578cf505f9bd9ebc6e6ae0a129388a31e6515bb4575d067f947e544e4db6ffb4	Vi streber etter å gi deg rask service.	service_retail	4	0	thirties	male_masculine	Østlandet		nb-NO	
17e43953917efb0a49bd62ad49a19c9d2ea1d5fd586397a17c9f1ab52ef82d5eff5d58465c69477330db5defdf7ff6017b3038d820a742a602b07c013072ec67	common_voice_nb-NO_43543674.mp3	54c4770caeedd2ed912d7ceb9e2b2c6ad8b479fe37203df31f45b5679b3ed954	element		4	0	thirties	male_masculine	Østlandet		nb-NO	
17e43953917efb0a49bd62ad49a19c9d2ea1d5fd586397a17c9f1ab52ef82d5eff5d58465c69477330db5defdf7ff6017b3038d820a742a602b07c013072ec67	common_voice_nb-NO_43543675.mp3	55a98af8e94609e31e921a9fb9bfd8c6e12f4233fb50244fd0dd7efa1a4b4b23	Han mener mange elever har godt av å se mannlige rollemodeller på skolen.		4	0	thirties	male_masculine	Østlandet		nb-NO	
17e43953917efb0a49bd62ad49a19c9d2ea1d5fd586397a17c9f1ab52ef82d5eff5d58465c69477330db5defdf7ff6017b3038d820a742a602b07c013072ec67	common_voice_nb-NO_43543676.mp3	1bec7eeffa748b3c15e1d07db95ee9e70f4fa26ccb1a2655ef441e904af62c3c	Målet er å skape statlige forvaltningsmiljøer i distriktene.	general	4	0	thirties	male_masculine	Østlandet		nb-NO	
17e43953917efb0a49bd62ad49a19c9d2ea1d5fd586397a17c9f1ab52ef82d5eff5d58465c69477330db5defdf7ff6017b3038d820a742a602b07c013072ec67	common_voice_nb-NO_43543677.mp3	5dc69c48cc45ea666e490b36848eb1c5548a0c9223f4853fda538345d72f8814	Kan du hjelpe meg med mobilen min?		4	0	thirties	male_masculine	Østlandet		nb-NO	
17e43953917efb0a49bd62ad49a19c9d2ea1d5fd586397a17c9f1ab52ef82d5eff5d58465c69477330db5defdf7ff6017b3038d820a742a602b07c013072ec67	common_voice_nb-NO_43543678.mp3	4e0e868084378569f724379e51674c8c7c0848c79564d9197bfd3c987d91b845	tre to åtte tre nittiåtte to hundre og nitti		4	0	thirties	male_masculine	Østlandet		nb-NO	
17e43953917efb0a49bd62ad49a19c9d2ea1d5fd586397a17c9f1ab52ef82d5eff5d58465c69477330db5defdf7ff6017b3038d820a742a602b07c013072ec67	common_voice_nb-NO_43543679.mp3	4037384cd52d090e1fe7e232c790c9c8aa9ff245b74741381488fb2812f1a266	Hva heter du?		4	0	thirties	male_masculine	Østlandet		nb-NO	
17e43953917efb0a49bd62ad49a19c9d2ea1d5fd586397a17c9f1ab52ef82d5eff5d58465c69477330db5defdf7ff6017b3038d820a742a602b07c013072ec67	common_voice_nb-NO_43543680.mp3	61584272fc161169e259ecf62d0b7c931ea03407ac9aecb45370ca93b4f7ce6f	Nærmeste bensinstasjon var nesten åtti mil unna.		4	0	thirties	male_masculine	Østlandet		nb-NO	
17e43953917efb0a49bd62ad49a19c9d2ea1d5fd586397a17c9f1ab52ef82d5eff5d58465c69477330db5defdf7ff6017b3038d820a742a602b07c013072ec67	common_voice_nb-NO_43543681.mp3	31e03e1e259c3ebfcd810481f9b052090f48a40fd4dd880f6ecbcce99fa52d99	fire sju to sju femtien seks hundre		4	0	thirties	male_masculine	Østlandet		nb-NO	
17e43953917efb0a49bd62ad49a19c9d2ea1d5fd586397a17c9f1ab52ef82d5eff5d58465c69477330db5defdf7ff6017b3038d820a742a602b07c013072ec67	common_voice_nb-NO_43543682.mp3	4dcdb03b73b9da5275ac555581fb54db009ef244fa10054fcf88295f4048bbdf	Ja, jeg vet hvem du er		4	0	thirties	male_masculine	Østlandet		nb-NO	
17e43953917efb0a49bd62ad49a19c9d2ea1d5fd586397a17c9f1ab52ef82d5eff5d58465c69477330db5defdf7ff6017b3038d820a742a602b07c013072ec67	common_voice_nb-NO_43543683.mp3	24df189932a09e4e124bed5b38cb15b95d2457f4d5e60b157bc9a0530a1d1279	Nå har partene satt seg ned ved forhandlingsbordet igjen.		4	0	thirties	male_masculine	Østlandet		nb-NO	
17e43953917efb0a49bd62ad49a19c9d2ea1d5fd586397a17c9f1ab52ef82d5eff5d58465c69477330db5defdf7ff6017b3038d820a742a602b07c013072ec67	common_voice_nb-NO_43543684.mp3	48f9bce6ffc0122eec86cdd5e7b269873e49f2f25be2928efc895b64aebbe16d	Derfor gjør vi nå justeringer.		4	0	thirties	male_masculine	Østlandet		nb-NO	
17e43953917efb0a49bd62ad49a19c9d2ea1d5fd586397a17c9f1ab52ef82d5eff5d58465c69477330db5defdf7ff6017b3038d820a742a602b07c013072ec67	common_voice_nb-NO_43543685.mp3	57ff3cc1ec1135910d0fa861f41bc5e3e0351d879b5c54fddb711f73a93afbc0	en seks tre seks nittito tre hundre og sekstiåtte		4	0	thirties	male_masculine	Østlandet		nb-NO	
17e43953917efb0a49bd62ad49a19c9d2ea1d5fd586397a17c9f1ab52ef82d5eff5d58465c69477330db5defdf7ff6017b3038d820a742a602b07c013072ec67	common_voice_nb-NO_43543686.mp3	218081cd6fa32ed384001a284cb8f7617a6570eb398006c5bd97e20b8a312690	Vi slo opp	general,language_fundamentals	2	0	thirties	male_masculine	Østlandet		nb-NO	
17e43953917efb0a49bd62ad49a19c9d2ea1d5fd586397a17c9f1ab52ef82d5eff5d58465c69477330db5defdf7ff6017b3038d820a742a602b07c013072ec67	common_voice_nb-NO_43543687.mp3	50c726ff244efba5304ab5c43e92053a2503863e81b359db1b36214b27163172	folk		4	0	thirties	male_masculine	Østlandet		nb-NO	
17e43953917efb0a49bd62ad49a19c9d2ea1d5fd586397a17c9f1ab52ef82d5eff5d58465c69477330db5defdf7ff6017b3038d820a742a602b07c013072ec67	common_voice_nb-NO_43543688.mp3	1996fac9829404fd011e5df3f66e29d79563406d83153005a46316a8394b497d	to to en en syttiseks ni hundre og sekstisju		4	0	thirties	male_masculine	Østlandet		nb-NO	
17e43953917efb0a49bd62ad49a19c9d2ea1d5fd586397a17c9f1ab52ef82d5eff5d58465c69477330db5defdf7ff6017b3038d820a742a602b07c013072ec67	common_voice_nb-NO_43543689.mp3	5ee3c6e5f81c21939b3978c837a59112359241445baa8834ddacccb156eeef4c	servering		4	0	thirties	male_masculine	Østlandet		nb-NO	
17e43953917efb0a49bd62ad49a19c9d2ea1d5fd586397a17c9f1ab52ef82d5eff5d58465c69477330db5defdf7ff6017b3038d820a742a602b07c013072ec67	common_voice_nb-NO_43543690.mp3	3fb1646dd608913f662b7e1e090db052a80dfa516c303b8d879487bfe7b7946b	Er det et problem at jeg fikset bilmotoren selv?		4	0	thirties	male_masculine	Østlandet		nb-NO	
17e43953917efb0a49bd62ad49a19c9d2ea1d5fd586397a17c9f1ab52ef82d5eff5d58465c69477330db5defdf7ff6017b3038d820a742a602b07c013072ec67	common_voice_nb-NO_43543691.mp3	4adab4059f272eddd9f6aaf6759b403592862e55f002e04038e54a874dffcc72	Du skal få oppleve en stor glede.		4	0	thirties	male_masculine	Østlandet		nb-NO	
17e43953917efb0a49bd62ad49a19c9d2ea1d5fd586397a17c9f1ab52ef82d5eff5d58465c69477330db5defdf7ff6017b3038d820a742a602b07c013072ec67	common_voice_nb-NO_43543692.mp3	5836c4983b92b25ed46c665e88924c5070db06925b62288458612987e7117ba7	For en viss avgift til driften er butikkeiere og private lovet beskyttelse.		4	0	thirties	male_masculine	Østlandet		nb-NO	
17e43953917efb0a49bd62ad49a19c9d2ea1d5fd586397a17c9f1ab52ef82d5eff5d58465c69477330db5defdf7ff6017b3038d820a742a602b07c013072ec67	common_voice_nb-NO_43543693.mp3	442fc64abfa718d38d474de2e8a63bb522ec3f13d1f821888236d93aa9d4e89c	fem åtte fem sju syttisju fem hundre og syttito		4	0	thirties	male_masculine	Østlandet		nb-NO	
17e43953917efb0a49bd62ad49a19c9d2ea1d5fd586397a17c9f1ab52ef82d5eff5d58465c69477330db5defdf7ff6017b3038d820a742a602b07c013072ec67	common_voice_nb-NO_43543694.mp3	5d174114c9e8fad115b7270a56fb5a313d22b0f980bc99f4776263d09001e309	sju fem åtte en sekstisju åtte hundre og elleve		4	0	thirties	male_masculine	Østlandet		nb-NO	
17e43953917efb0a49bd62ad49a19c9d2ea1d5fd586397a17c9f1ab52ef82d5eff5d58465c69477330db5defdf7ff6017b3038d820a742a602b07c013072ec67	common_voice_nb-NO_43543695.mp3	605a042f8e4a2c9d112ed5193fa2b9fc7bb748495154419ee1ef486e1f7dbfbc	resirkuler		4	0	thirties	male_masculine	Østlandet		nb-NO	
17e43953917efb0a49bd62ad49a19c9d2ea1d5fd586397a17c9f1ab52ef82d5eff5d58465c69477330db5defdf7ff6017b3038d820a742a602b07c013072ec67	common_voice_nb-NO_43543696.mp3	4e0a1787dd4fdc0ce0f3672608556a96cb57a1f3f9e354b6cc7a879eeee60c4a	Du kunne gjøre noe nyttig		4	0	thirties	male_masculine	Østlandet		nb-NO	
17e43953917efb0a49bd62ad49a19c9d2ea1d5fd586397a17c9f1ab52ef82d5eff5d58465c69477330db5defdf7ff6017b3038d820a742a602b07c013072ec67	common_voice_nb-NO_43543697.mp3	6142819e0ffc66086f51524a39ef4a0610374b1888182cc9ff7c5eb1f38c17f1	Reklame rettet mot egen kundemasse har til hensikt å øke merkelojaliteten blant dem.		4	0	thirties	male_masculine	Østlandet		nb-NO	
17e43953917efb0a49bd62ad49a19c9d2ea1d5fd586397a17c9f1ab52ef82d5eff5d58465c69477330db5defdf7ff6017b3038d820a742a602b07c013072ec67	common_voice_nb-NO_43543698.mp3	21eea93b8504edbd997ccb444154e7dcd963ed5ada1b27f6c6fcb83215580256	Fristen er midnatt dagen etter.	general	4	0	thirties	male_masculine	Østlandet		nb-NO	
17e43953917efb0a49bd62ad49a19c9d2ea1d5fd586397a17c9f1ab52ef82d5eff5d58465c69477330db5defdf7ff6017b3038d820a742a602b07c013072ec67	common_voice_nb-NO_43543700.mp3	5be3d8b1fecefc1de22c7816862c05b0ce545a4318d886d1cc702f43e3910ffe	Prøv om noen kan klare å huske alle tingene.		4	0	thirties	male_masculine	Østlandet		nb-NO	
17e43953917efb0a49bd62ad49a19c9d2ea1d5fd586397a17c9f1ab52ef82d5eff5d58465c69477330db5defdf7ff6017b3038d820a742a602b07c013072ec67	common_voice_nb-NO_43543701.mp3	4de64875db3e364e1660969d11d66d53747e8e2e73006bfb553bb9708fe71710	Kronprinsen har både en sønn og en datter.		4	0	thirties	male_masculine	Østlandet		nb-NO	
17e43953917efb0a49bd62ad49a19c9d2ea1d5fd586397a17c9f1ab52ef82d5eff5d58465c69477330db5defdf7ff6017b3038d820a742a602b07c013072ec67	common_voice_nb-NO_43543702.mp3	6001af3473a865d4cb74ca846427d7c62643b2827d4c1838a44654d754c38768	Spe med fløte og krydre med nykvernet svart pepper.		4	0	thirties	male_masculine	Østlandet		nb-NO	
17e43953917efb0a49bd62ad49a19c9d2ea1d5fd586397a17c9f1ab52ef82d5eff5d58465c69477330db5defdf7ff6017b3038d820a742a602b07c013072ec67	common_voice_nb-NO_43543703.mp3	2719fb4e462928851e7b2cc24ce4b990d880ef13315d1c60f039df45b7faccf5	Nybygget er en del av prosessen for å gjenreise øya.	general	2	0	thirties	male_masculine	Østlandet		nb-NO	
17e43953917efb0a49bd62ad49a19c9d2ea1d5fd586397a17c9f1ab52ef82d5eff5d58465c69477330db5defdf7ff6017b3038d820a742a602b07c013072ec67	common_voice_nb-NO_43543704.mp3	4f77bde1362bf5513513e733505404e3dc7c695b2424d6c2074aa4785fb6e7f8	en to fem sju syttiåtte fire hundre og åttiseks		4	0	thirties	male_masculine	Østlandet		nb-NO	
17e43953917efb0a49bd62ad49a19c9d2ea1d5fd586397a17c9f1ab52ef82d5eff5d58465c69477330db5defdf7ff6017b3038d820a742a602b07c013072ec67	common_voice_nb-NO_43543705.mp3	2f871251269b100e142f0660a72ff4c06bfca41df0a836557845c48419050647	Havnetrafikken vokser uten at man får anledning til å legge forholdene til rette.		2	0	thirties	male_masculine	Østlandet		nb-NO	
17e43953917efb0a49bd62ad49a19c9d2ea1d5fd586397a17c9f1ab52ef82d5eff5d58465c69477330db5defdf7ff6017b3038d820a742a602b07c013072ec67	common_voice_nb-NO_43543706.mp3	43e3ae01208e5fd5bc0fbb10728dc2254bf2d2f1a79ba3046eb6e818b4236181	Selvsagt må salg av krøtter registreres.		4	0	thirties	male_masculine	Østlandet		nb-NO	
17e43953917efb0a49bd62ad49a19c9d2ea1d5fd586397a17c9f1ab52ef82d5eff5d58465c69477330db5defdf7ff6017b3038d820a742a602b07c013072ec67	common_voice_nb-NO_43543707.mp3	574b3d2fa0897d044e73b15a976345b8bc714c668d2c323047d9f39f9aadd7ed	Det er ikke alltid lett å snakke til en datamaskin.		4	0	thirties	male_masculine	Østlandet		nb-NO	
17e43953917efb0a49bd62ad49a19c9d2ea1d5fd586397a17c9f1ab52ef82d5eff5d58465c69477330db5defdf7ff6017b3038d820a742a602b07c013072ec67	common_voice_nb-NO_43543708.mp3	4c5de0ad0e68611284416c937f49b3e2f9dc31df731e557b7528bc39e2b84c02	Spikkestad		4	0	thirties	male_masculine	Østlandet		nb-NO	
17e43953917efb0a49bd62ad49a19c9d2ea1d5fd586397a17c9f1ab52ef82d5eff5d58465c69477330db5defdf7ff6017b3038d820a742a602b07c013072ec67	common_voice_nb-NO_43543709.mp3	166c5392d87c76fe813d2dba0232b857dc41adf24f262dfbee6496277b741db7	Både grunnskoler og videregående skoler ble undersøkt.	general	4	0	thirties	male_masculine	Østlandet		nb-NO	
17e43953917efb0a49bd62ad49a19c9d2ea1d5fd586397a17c9f1ab52ef82d5eff5d58465c69477330db5defdf7ff6017b3038d820a742a602b07c013072ec67	common_voice_nb-NO_43543710.mp3	44b4b9164389927f3b26d0266b4e4b108e5787945fe506e2ae12791cce0bddb5	På vei hjem så jeg tre forskjellige rosa biler.		4	0	thirties	male_masculine	Østlandet		nb-NO	
17e43953917efb0a49bd62ad49a19c9d2ea1d5fd586397a17c9f1ab52ef82d5eff5d58465c69477330db5defdf7ff6017b3038d820a742a602b07c013072ec67	common_voice_nb-NO_43543711.mp3	5c452ac73e1e2f18a35dafada792b0b86e0852ba4b55ba584acb33a9df8129cb	Han vil hevne sin bror og hjelpe hans kone økonomisk.		2	0	thirties	male_masculine	Østlandet		nb-NO	
17e43953917efb0a49bd62ad49a19c9d2ea1d5fd586397a17c9f1ab52ef82d5eff5d58465c69477330db5defdf7ff6017b3038d820a742a602b07c013072ec67	common_voice_nb-NO_43543713.mp3	57eaba2e0e1108c34b0a2a237af63f7a73b06c6a56c1dda33143a72353b754fe	side		4	0	thirties	male_masculine	Østlandet		nb-NO	
17e43953917efb0a49bd62ad49a19c9d2ea1d5fd586397a17c9f1ab52ef82d5eff5d58465c69477330db5defdf7ff6017b3038d820a742a602b07c013072ec67	common_voice_nb-NO_43543714.mp3	45d415799c7cc82dd137967dde70be4b43a460879feca95cfbb43d15c824cd83	Av de ti rikeste nordmenn, er syv skipsredere.		4	0	thirties	male_masculine	Østlandet		nb-NO	
17e43953917efb0a49bd62ad49a19c9d2ea1d5fd586397a17c9f1ab52ef82d5eff5d58465c69477330db5defdf7ff6017b3038d820a742a602b07c013072ec67	common_voice_nb-NO_43543715.mp3	4c96aaadd358ff6715eb0b34215d82838f64aea74bb8239a27a4326e586d871d	nittiseks tusen fem hundre og elleve		4	0	thirties	male_masculine	Østlandet		nb-NO	
17e43953917efb0a49bd62ad49a19c9d2ea1d5fd586397a17c9f1ab52ef82d5eff5d58465c69477330db5defdf7ff6017b3038d820a742a602b07c013072ec67	common_voice_nb-NO_43543716.mp3	58d950ed37ce48e90e8fc1b3baf96e004915b6c3b7bac3ddac746e846dadb6c8	Hvite biler er de peneste.		4	0	thirties	male_masculine	Østlandet		nb-NO	
17e43953917efb0a49bd62ad49a19c9d2ea1d5fd586397a17c9f1ab52ef82d5eff5d58465c69477330db5defdf7ff6017b3038d820a742a602b07c013072ec67	common_voice_nb-NO_43543717.mp3	44a7b08d837d222be150b2fdf63058f5afd841940db9a229c634844b60fca632	Du har fått en aktiveringsmail	general,service_retail	4	0	thirties	male_masculine	Østlandet		nb-NO	
17e43953917efb0a49bd62ad49a19c9d2ea1d5fd586397a17c9f1ab52ef82d5eff5d58465c69477330db5defdf7ff6017b3038d820a742a602b07c013072ec67	common_voice_nb-NO_43543718.mp3	635881d8b0a5a7e9f298b343282f77cb0bf609f211fe2667236c5abc605d8057	nittini tusen fem hundre og seksti		2	0	thirties	male_masculine	Østlandet		nb-NO	
17e43953917efb0a49bd62ad49a19c9d2ea1d5fd586397a17c9f1ab52ef82d5eff5d58465c69477330db5defdf7ff6017b3038d820a742a602b07c013072ec67	common_voice_nb-NO_43543719.mp3	0dfb19d8f531cd4dce1724958eacbe881da840b1acbf74ab5a24de350df77514	Svart røyk og flammer steg til værs under brannen.	general	4	0	thirties	male_masculine	Østlandet		nb-NO	
17e43953917efb0a49bd62ad49a19c9d2ea1d5fd586397a17c9f1ab52ef82d5eff5d58465c69477330db5defdf7ff6017b3038d820a742a602b07c013072ec67	common_voice_nb-NO_43543721.mp3	4baae6bb7766d7715ca3eebc89fcbabde23e6d42ae0098f8c6318cc8a0bc8a9f	Brødre, – det er denne Jesus som kan gi tilgivelse for syndene deres.		4	0	thirties	male_masculine	Østlandet		nb-NO	
17e43953917efb0a49bd62ad49a19c9d2ea1d5fd586397a17c9f1ab52ef82d5eff5d58465c69477330db5defdf7ff6017b3038d820a742a602b07c013072ec67	common_voice_nb-NO_43543722.mp3	3e74d52b7a17dbdd67acb9ba335599023c916f292069eea8f66e740106606516	Besøk oss		4	0	thirties	male_masculine	Østlandet		nb-NO	
17e43953917efb0a49bd62ad49a19c9d2ea1d5fd586397a17c9f1ab52ef82d5eff5d58465c69477330db5defdf7ff6017b3038d820a742a602b07c013072ec67	common_voice_nb-NO_43543723.mp3	32e96e6c56082413e9f5e2588617b10a88ca1f3256d794613a54f14a283b5e8f	Det ukrainske folket kjemper for livet og for friheten.		4	0	thirties	male_masculine	Østlandet		nb-NO	
17e43953917efb0a49bd62ad49a19c9d2ea1d5fd586397a17c9f1ab52ef82d5eff5d58465c69477330db5defdf7ff6017b3038d820a742a602b07c013072ec67	common_voice_nb-NO_43543724.mp3	42862498c3d4d9b31ed91dd125f6ebc17d951b98f018442fdf8b134dfef36eae	At det skulle skje nå, var det ingen som hadde forutsett.		4	0	thirties	male_masculine	Østlandet		nb-NO	
17e43953917efb0a49bd62ad49a19c9d2ea1d5fd586397a17c9f1ab52ef82d5eff5d58465c69477330db5defdf7ff6017b3038d820a742a602b07c013072ec67	common_voice_nb-NO_43543725.mp3	627fa02a1acdf6ff4950a8f13d7f729bf31470b2629da8ed4d3cc4e2ceab6530	Du kan lese mer om kongefamilien i Se og Hør.		4	0	thirties	male_masculine	Østlandet		nb-NO	
17e43953917efb0a49bd62ad49a19c9d2ea1d5fd586397a17c9f1ab52ef82d5eff5d58465c69477330db5defdf7ff6017b3038d820a742a602b07c013072ec67	common_voice_nb-NO_43543726.mp3	540dd9815883c11c1fccc18cdd705d8ddbc4f01bf79c9ef3bfb4d4a6399af756	Bare på grunn av noe rusk i lommeboka		4	0	thirties	male_masculine	Østlandet		nb-NO	
17e43953917efb0a49bd62ad49a19c9d2ea1d5fd586397a17c9f1ab52ef82d5eff5d58465c69477330db5defdf7ff6017b3038d820a742a602b07c013072ec67	common_voice_nb-NO_43543727.mp3	1981e7ca929bdef099266999dfc236168101ff100c7941b8cfaf9fa15ec38f16	Et slikt uvær ville vært mer normalt i januar.	general	4	0	thirties	male_masculine	Østlandet		nb-NO	
17e43953917efb0a49bd62ad49a19c9d2ea1d5fd586397a17c9f1ab52ef82d5eff5d58465c69477330db5defdf7ff6017b3038d820a742a602b07c013072ec67	common_voice_nb-NO_43543728.mp3	58c773b6a21fc66e8274563db8fc98998b917664a64a07d9280dcf9829178030	syttini tusen ett hundre og femtitre		4	0	thirties	male_masculine	Østlandet		nb-NO	
17e43953917efb0a49bd62ad49a19c9d2ea1d5fd586397a17c9f1ab52ef82d5eff5d58465c69477330db5defdf7ff6017b3038d820a742a602b07c013072ec67	common_voice_nb-NO_43543729.mp3	5f59160579de11023b74252abf4519cbf26bf0b854daa93b7a2412bc7381f253	Den forteller deg hvilket kort som ble kjøpt på Capital One-nettstedet		4	0	thirties	male_masculine	Østlandet		nb-NO	
17e43953917efb0a49bd62ad49a19c9d2ea1d5fd586397a17c9f1ab52ef82d5eff5d58465c69477330db5defdf7ff6017b3038d820a742a602b07c013072ec67	common_voice_nb-NO_43543730.mp3	3d0f6c95a9152e83e6098e0250293be5549b2dab73a60e2028376077e0c304fb	Forbruker ikke mer enn vi tjener.		2	0	thirties	male_masculine	Østlandet		nb-NO	
17e43953917efb0a49bd62ad49a19c9d2ea1d5fd586397a17c9f1ab52ef82d5eff5d58465c69477330db5defdf7ff6017b3038d820a742a602b07c013072ec67	common_voice_nb-NO_43543731.mp3	2d0ee5ee39335c6a292908d1337bdc9debd97f418b62048fe6a76e0390ffd38c	Det er ikke hver dag vi møter noen fra Færøyene		4	0	thirties	male_masculine	Østlandet		nb-NO	
17e43953917efb0a49bd62ad49a19c9d2ea1d5fd586397a17c9f1ab52ef82d5eff5d58465c69477330db5defdf7ff6017b3038d820a742a602b07c013072ec67	common_voice_nb-NO_43543732.mp3	465b1e2ffafe474490a82671e7c2b293a910f0f3d1a1989a3dbc20466583584a	Stenene var skjult under snø og is.	general,nature_environment,news_current_affairs	4	0	thirties	male_masculine	Østlandet		nb-NO	
17e43953917efb0a49bd62ad49a19c9d2ea1d5fd586397a17c9f1ab52ef82d5eff5d58465c69477330db5defdf7ff6017b3038d820a742a602b07c013072ec67	common_voice_nb-NO_43543733.mp3	49246ef52c812141695ad87fe56e1c8d9f10fd4ff889649f06b369de6b545172	Da er det ikke rom for konkurranse eller mobbing basert på klærstil.		4	2	thirties	male_masculine	Østlandet		nb-NO	
17e43953917efb0a49bd62ad49a19c9d2ea1d5fd586397a17c9f1ab52ef82d5eff5d58465c69477330db5defdf7ff6017b3038d820a742a602b07c013072ec67	common_voice_nb-NO_43543734.mp3	20d074efa6f3c5f601b0fa015496d1e594160eeddf5fbb000d6f03619e5902ce	Årsaken er veldig lite vann i vannmagasinene.	general	2	0	thirties	male_masculine	Østlandet		nb-NO	
17e43953917efb0a49bd62ad49a19c9d2ea1d5fd586397a17c9f1ab52ef82d5eff5d58465c69477330db5defdf7ff6017b3038d820a742a602b07c013072ec67	common_voice_nb-NO_43543735.mp3	621e7d1b731084ecb343d3bcf98837233191252e24745cb1a256678adbf33e54	Jeg jobber i barnehage.		4	0	thirties	male_masculine	Østlandet		nb-NO	
17e43953917efb0a49bd62ad49a19c9d2ea1d5fd586397a17c9f1ab52ef82d5eff5d58465c69477330db5defdf7ff6017b3038d820a742a602b07c013072ec67	common_voice_nb-NO_43543736.mp3	5b57e469e14b8f2fae9d35fdfa134130f91c11ab47b00a97d0d2963b0badfc54	lav		4	0	thirties	male_masculine	Østlandet		nb-NO	
17e43953917efb0a49bd62ad49a19c9d2ea1d5fd586397a17c9f1ab52ef82d5eff5d58465c69477330db5defdf7ff6017b3038d820a742a602b07c013072ec67	common_voice_nb-NO_43543737.mp3	5421cd592ffc610aaa0b869dc64ef97af0c9f4249262c5592892d0c79c6643a5	Streamingplattformer tilbyr serier fra hele verden.	media_entertainment	4	0	thirties	male_masculine	Østlandet		nb-NO	
17e43953917efb0a49bd62ad49a19c9d2ea1d5fd586397a17c9f1ab52ef82d5eff5d58465c69477330db5defdf7ff6017b3038d820a742a602b07c013072ec67	common_voice_nb-NO_43543738.mp3	41d2b38bbf81819acdd751e20714837c2fb1faf2329894f504437904de176456	Nå ønsker vestlandslegen debatt og forbedringer.		4	0	thirties	male_masculine	Østlandet		nb-NO	
17e43953917efb0a49bd62ad49a19c9d2ea1d5fd586397a17c9f1ab52ef82d5eff5d58465c69477330db5defdf7ff6017b3038d820a742a602b07c013072ec67	common_voice_nb-NO_43543739.mp3	2bb9dfe035c228c9220ad1e491b48d20270a1fa1d0bc9c07e55997bc67596fc4	førti tusen og sekstini		4	0	thirties	male_masculine	Østlandet		nb-NO	
17e43953917efb0a49bd62ad49a19c9d2ea1d5fd586397a17c9f1ab52ef82d5eff5d58465c69477330db5defdf7ff6017b3038d820a742a602b07c013072ec67	common_voice_nb-NO_43543740.mp3	6397290a0d16b1b16895d901939b11e39f1f43c025e37b4ad7de4b993472abcc	Smaker det egentlig bedre med hjemmelaget mat?		4	0	thirties	male_masculine	Østlandet		nb-NO	
17e43953917efb0a49bd62ad49a19c9d2ea1d5fd586397a17c9f1ab52ef82d5eff5d58465c69477330db5defdf7ff6017b3038d820a742a602b07c013072ec67	common_voice_nb-NO_43543741.mp3	3a72d6303a6b249ad6c6709ed67c7346c707d7cfc2a4a0c2bea37d0efc67fd22	Kjæresten min er god i sjakk.		4	0	thirties	male_masculine	Østlandet		nb-NO	
17e43953917efb0a49bd62ad49a19c9d2ea1d5fd586397a17c9f1ab52ef82d5eff5d58465c69477330db5defdf7ff6017b3038d820a742a602b07c013072ec67	common_voice_nb-NO_43543742.mp3	5136836983d306d6847a2661e8340b8b945a30b1f428a1efd38410fdb067db31	Derimot kan jeg vanskelig se at den er særlig billig.		4	0	thirties	male_masculine	Østlandet		nb-NO	
17e43953917efb0a49bd62ad49a19c9d2ea1d5fd586397a17c9f1ab52ef82d5eff5d58465c69477330db5defdf7ff6017b3038d820a742a602b07c013072ec67	common_voice_nb-NO_43543744.mp3	394e858dfe2e9ba418829e8002c82dfdaa7b06df2cb3a9777efebccfac6140d9	Han fikk i seg litt mat.		2	0	thirties	male_masculine	Østlandet		nb-NO	
17e43953917efb0a49bd62ad49a19c9d2ea1d5fd586397a17c9f1ab52ef82d5eff5d58465c69477330db5defdf7ff6017b3038d820a742a602b07c013072ec67	common_voice_nb-NO_43543745.mp3	53c1ad912aea44c63faa4ad4df8d02dae0621fd08b447879f07392c0def82d78	Ikke prøv å påstå noe annet.		4	0	thirties	male_masculine	Østlandet		nb-NO	
17e43953917efb0a49bd62ad49a19c9d2ea1d5fd586397a17c9f1ab52ef82d5eff5d58465c69477330db5defdf7ff6017b3038d820a742a602b07c013072ec67	common_voice_nb-NO_43543746.mp3	5b24512836a82722f6fbd6e4e58a68b1ddbcea521611c8d38d8647b103ecac69	For å få riktig svar, må man stille det rette spørsmålet.		4	0	thirties	male_masculine	Østlandet		nb-NO	
17e43953917efb0a49bd62ad49a19c9d2ea1d5fd586397a17c9f1ab52ef82d5eff5d58465c69477330db5defdf7ff6017b3038d820a742a602b07c013072ec67	common_voice_nb-NO_43543747.mp3	646c9ee6231dd8739d8b5a002a25a5489ecc22bbdc4245981afa80a62b9b8b1d	Øyevippene hans var fabelaktige.		4	0	thirties	male_masculine	Østlandet		nb-NO	
17e43953917efb0a49bd62ad49a19c9d2ea1d5fd586397a17c9f1ab52ef82d5eff5d58465c69477330db5defdf7ff6017b3038d820a742a602b07c013072ec67	common_voice_nb-NO_43543748.mp3	64349d6e6659f1ea8027f1234169ab08558d42a208f5e503d137f2c7e564450d	Det kan gå mot et knallhardt sammenstøt.		4	0	thirties	male_masculine	Østlandet		nb-NO	
17e43953917efb0a49bd62ad49a19c9d2ea1d5fd586397a17c9f1ab52ef82d5eff5d58465c69477330db5defdf7ff6017b3038d820a742a602b07c013072ec67	common_voice_nb-NO_43543750.mp3	367d1c4007e2517bccb12ee24e3aeaa6170cbcd1d43583d047fcbbee029facdc	Du er i ferd med å laste ned		4	0	thirties	male_masculine	Østlandet		nb-NO	
17e43953917efb0a49bd62ad49a19c9d2ea1d5fd586397a17c9f1ab52ef82d5eff5d58465c69477330db5defdf7ff6017b3038d820a742a602b07c013072ec67	common_voice_nb-NO_43543751.mp3	4f0bea6c452bc8fdde47b2d8612ca199df0f3673f08bff7762868779a81ba267	sekstitre tusen og åttito		4	0	thirties	male_masculine	Østlandet		nb-NO	
17e43953917efb0a49bd62ad49a19c9d2ea1d5fd586397a17c9f1ab52ef82d5eff5d58465c69477330db5defdf7ff6017b3038d820a742a602b07c013072ec67	common_voice_nb-NO_43543752.mp3	20be744ab644d9ad3569002f9a75742284fe82ba5699cfbaa4ac17193476a3e1	Det har vært demonstrasjoner mot det nye vindkraftverket.	general	4	0	thirties	male_masculine	Østlandet		nb-NO	
17e43953917efb0a49bd62ad49a19c9d2ea1d5fd586397a17c9f1ab52ef82d5eff5d58465c69477330db5defdf7ff6017b3038d820a742a602b07c013072ec67	common_voice_nb-NO_43543754.mp3	5837f7e62ebfbe16355097c0fef438ce71ec868e297ef7ce14e5b4db228a76ce	Vidar Eggen		2	0	thirties	male_masculine	Østlandet		nb-NO	
17e43953917efb0a49bd62ad49a19c9d2ea1d5fd586397a17c9f1ab52ef82d5eff5d58465c69477330db5defdf7ff6017b3038d820a742a602b07c013072ec67	common_voice_nb-NO_43543755.mp3	2d3b1772ca62febac33ad181e690a7ce47ae4e5f936b52d7984c05f4a8121245	Guttene er tre ganger så ofte senmodne som jenter.		4	0	thirties	male_masculine	Østlandet		nb-NO	
17e43953917efb0a49bd62ad49a19c9d2ea1d5fd586397a17c9f1ab52ef82d5eff5d58465c69477330db5defdf7ff6017b3038d820a742a602b07c013072ec67	common_voice_nb-NO_43543756.mp3	0c6b3db92452fd385fda84db50bc239da9ac17c86c3c78c618afedac044e4a15	forsvarsevne		4	0	thirties	male_masculine	Østlandet		nb-NO	
17e43953917efb0a49bd62ad49a19c9d2ea1d5fd586397a17c9f1ab52ef82d5eff5d58465c69477330db5defdf7ff6017b3038d820a742a602b07c013072ec67	common_voice_nb-NO_43543757.mp3	6379fca932f14f98a069a33bc382b8c03bf9d3b0e18c78a5a89be19f7eb64f3f	Asgeir Marthinsen		4	0	thirties	male_masculine	Østlandet		nb-NO	
17e43953917efb0a49bd62ad49a19c9d2ea1d5fd586397a17c9f1ab52ef82d5eff5d58465c69477330db5defdf7ff6017b3038d820a742a602b07c013072ec67	common_voice_nb-NO_43543758.mp3	6282710c0e96f4c126417c49211fcb0a6d07ce767157dfaa7b4ce3d415eb4084	seks tusen og åttifem		4	0	thirties	male_masculine	Østlandet		nb-NO	
17e43953917efb0a49bd62ad49a19c9d2ea1d5fd586397a17c9f1ab52ef82d5eff5d58465c69477330db5defdf7ff6017b3038d820a742a602b07c013072ec67	common_voice_nb-NO_43543759.mp3	145937c14373be4d23311161f17dbade9eb87a2adb7ab09f474b4ee50d86cfd5	Oljefondet har vært en god investering for Norge.		4	0	thirties	male_masculine	Østlandet		nb-NO	
17e43953917efb0a49bd62ad49a19c9d2ea1d5fd586397a17c9f1ab52ef82d5eff5d58465c69477330db5defdf7ff6017b3038d820a742a602b07c013072ec67	common_voice_nb-NO_43544890.mp3	5bfd52c5a2f16c70cc376223f7cc81c9b0515380d43847f9d62e7e318a34c92b	Raymond Vollan		4	0	thirties	male_masculine	Østlandet		nb-NO	
17e43953917efb0a49bd62ad49a19c9d2ea1d5fd586397a17c9f1ab52ef82d5eff5d58465c69477330db5defdf7ff6017b3038d820a742a602b07c013072ec67	common_voice_nb-NO_43544892.mp3	292b5ca4d0127059a5fe96670062160625c150311c1d3d1d44d71b60ddd662f7	Jeg gleder meg til påskesol og sjokolade på fjellet	nature_environment	4	2	thirties	male_masculine	Østlandet		nb-NO	
17e43953917efb0a49bd62ad49a19c9d2ea1d5fd586397a17c9f1ab52ef82d5eff5d58465c69477330db5defdf7ff6017b3038d820a742a602b07c013072ec67	common_voice_nb-NO_43544893.mp3	3be42f40939bc7d3969b3accb27ac6aac2320ef269e28e45a095d21c3698af2c	Politikerne har vedtatt at omorganiseringen ikke skal koste noe.		4	0	thirties	male_masculine	Østlandet		nb-NO	
17e43953917efb0a49bd62ad49a19c9d2ea1d5fd586397a17c9f1ab52ef82d5eff5d58465c69477330db5defdf7ff6017b3038d820a742a602b07c013072ec67	common_voice_nb-NO_43544894.mp3	4f4a486bf59f2627f33661673b47678042f32e823ffbf9d03757d52c9c6a8d1a	Annbjørg Bruun		4	0	thirties	male_masculine	Østlandet		nb-NO	
17e43953917efb0a49bd62ad49a19c9d2ea1d5fd586397a17c9f1ab52ef82d5eff5d58465c69477330db5defdf7ff6017b3038d820a742a602b07c013072ec67	common_voice_nb-NO_43544895.mp3	3812075e0ad1e88d59619475f9248717bb85d1b7b4d9cb7b6593493b8a9e284a	fire sju fem en femtiseks to hundre og femtiseks		4	0	thirties	male_masculine	Østlandet		nb-NO	
17e43953917efb0a49bd62ad49a19c9d2ea1d5fd586397a17c9f1ab52ef82d5eff5d58465c69477330db5defdf7ff6017b3038d820a742a602b07c013072ec67	common_voice_nb-NO_43544896.mp3	537a585f2cb6bfa1b060a4ffb75ba3afed9198abbaf6b592768f507e59e2f90c	Han ramla så lang han var.	general	4	0	thirties	male_masculine	Østlandet		nb-NO	
17e43953917efb0a49bd62ad49a19c9d2ea1d5fd586397a17c9f1ab52ef82d5eff5d58465c69477330db5defdf7ff6017b3038d820a742a602b07c013072ec67	common_voice_nb-NO_43544897.mp3	6653f8ff2da52f961ef924ed08aa9fce5b2f0a8604951eea1b6a539abf1e876d	Vi har en kundeservice som alltid er tilgjengelig.	service_retail	4	0	thirties	male_masculine	Østlandet		nb-NO	
17e43953917efb0a49bd62ad49a19c9d2ea1d5fd586397a17c9f1ab52ef82d5eff5d58465c69477330db5defdf7ff6017b3038d820a742a602b07c013072ec67	common_voice_nb-NO_43544898.mp3	622b285653467337cfc7248a2e603bf5c083617b39e27e2a4dfc630f7a7e80ad	rettferdighetens		2	0	thirties	male_masculine	Østlandet		nb-NO	
17e43953917efb0a49bd62ad49a19c9d2ea1d5fd586397a17c9f1ab52ef82d5eff5d58465c69477330db5defdf7ff6017b3038d820a742a602b07c013072ec67	common_voice_nb-NO_43544899.mp3	62b0a485e2227e977d88ad1a8df3874c191186eb91bd206a3ff8a84320cb4bc7	Det grønnbrune stikkeriet til noen svære berberisbusker skjulte inngangsdøra delvis.		4	2	thirties	male_masculine	Østlandet		nb-NO	
17e43953917efb0a49bd62ad49a19c9d2ea1d5fd586397a17c9f1ab52ef82d5eff5d58465c69477330db5defdf7ff6017b3038d820a742a602b07c013072ec67	common_voice_nb-NO_43544900.mp3	682713fc8ee9d79474a002a24ff4d576ec60ff93f0f9a071add00d9195189159	lekeplass		4	0	thirties	male_masculine	Østlandet		nb-NO	
17e43953917efb0a49bd62ad49a19c9d2ea1d5fd586397a17c9f1ab52ef82d5eff5d58465c69477330db5defdf7ff6017b3038d820a742a602b07c013072ec67	common_voice_nb-NO_43544901.mp3	5d81c6471e509c54beeefcee20269f3527156ec5d2a22e0bef244c866b41a9d8	I løpet av kurset lærte mannen å forbedre sine forventninger til hunden.		4	0	thirties	male_masculine	Østlandet		nb-NO	
17e43953917efb0a49bd62ad49a19c9d2ea1d5fd586397a17c9f1ab52ef82d5eff5d58465c69477330db5defdf7ff6017b3038d820a742a602b07c013072ec67	common_voice_nb-NO_43544902.mp3	4e16e7e61db64b3c356c417b48187e68ec93d4451c7482a34b4eed8c32926cff	åttiåtte tusen fire hundre og sekstisju		4	0	thirties	male_masculine	Østlandet		nb-NO	
17e43953917efb0a49bd62ad49a19c9d2ea1d5fd586397a17c9f1ab52ef82d5eff5d58465c69477330db5defdf7ff6017b3038d820a742a602b07c013072ec67	common_voice_nb-NO_43544903.mp3	2bd1469c2139d8949c61de80c206e1dec47057e9381e13dea74ef02ba4b132b8	Vi setter pris på dine tilbakemeldinger.	service_retail	4	0	thirties	male_masculine	Østlandet		nb-NO	
17e43953917efb0a49bd62ad49a19c9d2ea1d5fd586397a17c9f1ab52ef82d5eff5d58465c69477330db5defdf7ff6017b3038d820a742a602b07c013072ec67	common_voice_nb-NO_43544904.mp3	55cc5fb4a3f9a76af7c2b6e40dea3ef19f0dc1ce05ad5605578d76714a40e612	Som veileder var hun grundig, inspirerende og alltid villig tilgjengelig.		4	0	thirties	male_masculine	Østlandet		nb-NO	
17e43953917efb0a49bd62ad49a19c9d2ea1d5fd586397a17c9f1ab52ef82d5eff5d58465c69477330db5defdf7ff6017b3038d820a742a602b07c013072ec67	common_voice_nb-NO_43544905.mp3	6687c6eeb7863413edb43aa0620a4740124d6996c6f104ceedd5e4b482502fd7	S T A N G E		4	0	thirties	male_masculine	Østlandet		nb-NO	
17e43953917efb0a49bd62ad49a19c9d2ea1d5fd586397a17c9f1ab52ef82d5eff5d58465c69477330db5defdf7ff6017b3038d820a742a602b07c013072ec67	common_voice_nb-NO_43544906.mp3	5ca2dfdaf8589d3798a859b153089d9b2cb8f65c9fdff69ace47907f3e618d5a	Da treet datt over veien, skjønte jeg at det var deg jeg måtte ringe.		4	0	thirties	male_masculine	Østlandet		nb-NO	
17e43953917efb0a49bd62ad49a19c9d2ea1d5fd586397a17c9f1ab52ef82d5eff5d58465c69477330db5defdf7ff6017b3038d820a742a602b07c013072ec67	common_voice_nb-NO_43544907.mp3	18980f339883b81bc2a184d816c5d55b0ab733cc95c487a3a672c7deeef906e0	Løst omslag med sprekker i ryggen.		2	0	thirties	male_masculine	Østlandet		nb-NO	
17e43953917efb0a49bd62ad49a19c9d2ea1d5fd586397a17c9f1ab52ef82d5eff5d58465c69477330db5defdf7ff6017b3038d820a742a602b07c013072ec67	common_voice_nb-NO_43544908.mp3	657434915fc41a4cdd93af2e000980b2613bd23a272dc6065bd085c8704a2f1e	Av helsemessige årsaker advares enkelte grupper mot slanking uten legekontroll.		4	0	thirties	male_masculine	Østlandet		nb-NO	
17e43953917efb0a49bd62ad49a19c9d2ea1d5fd586397a17c9f1ab52ef82d5eff5d58465c69477330db5defdf7ff6017b3038d820a742a602b07c013072ec67	common_voice_nb-NO_43544909.mp3	28e255a7acdd4979bbd3a436fbde6e3c79aa46f128f8e909b18a052c91316ed7	Kontinuerlig innsats - ikke styrke eller intelligens - er nøkkelen til å frigjøre potensialet vårt.		4	0	thirties	male_masculine	Østlandet		nb-NO	
17e43953917efb0a49bd62ad49a19c9d2ea1d5fd586397a17c9f1ab52ef82d5eff5d58465c69477330db5defdf7ff6017b3038d820a742a602b07c013072ec67	common_voice_nb-NO_43544910.mp3	543c1c1f22846b3f1e2d259c719c5f38135f2ee3017e151f8101a611f0753756	Kjerringøy		4	0	thirties	male_masculine	Østlandet		nb-NO	
17e43953917efb0a49bd62ad49a19c9d2ea1d5fd586397a17c9f1ab52ef82d5eff5d58465c69477330db5defdf7ff6017b3038d820a742a602b07c013072ec67	common_voice_nb-NO_43544911.mp3	1a4d714d4dca2560402b48d76b178953b7daa88ae2287b7f6ddadc36a6dec657	Datoformatet er den fjerde endringen.	general	4	0	thirties	male_masculine	Østlandet		nb-NO	
17e43953917efb0a49bd62ad49a19c9d2ea1d5fd586397a17c9f1ab52ef82d5eff5d58465c69477330db5defdf7ff6017b3038d820a742a602b07c013072ec67	common_voice_nb-NO_43544912.mp3	13bab9d60bc2cdab6eee422e5d8de5c4ce91c34fdbb1b3f47d90f5f0ea7dfc70	førtien tusen og førti		4	0	thirties	male_masculine	Østlandet		nb-NO	
17e43953917efb0a49bd62ad49a19c9d2ea1d5fd586397a17c9f1ab52ef82d5eff5d58465c69477330db5defdf7ff6017b3038d820a742a602b07c013072ec67	common_voice_nb-NO_43544913.mp3	543b2b912f01c774b8856675b7bdf9d812b7689a4dd758ee33b2ef1fa0786df7	sju fire fire to fjorten seks hundre og nittiseks		4	0	thirties	male_masculine	Østlandet		nb-NO	
17e43953917efb0a49bd62ad49a19c9d2ea1d5fd586397a17c9f1ab52ef82d5eff5d58465c69477330db5defdf7ff6017b3038d820a742a602b07c013072ec67	common_voice_nb-NO_43544914.mp3	477c57150b9243e11a2c5d9657762ff6856a70f056dd9f63d256a1284aebfa8e	I mange tilfeller har nok ikke journalisten samme fagbakgrunn som forskeren.		4	0	thirties	male_masculine	Østlandet		nb-NO	
17e43953917efb0a49bd62ad49a19c9d2ea1d5fd586397a17c9f1ab52ef82d5eff5d58465c69477330db5defdf7ff6017b3038d820a742a602b07c013072ec67	common_voice_nb-NO_43544918.mp3	22d18e6e3d310c9b603ada9989fd9effd3ce2244ff4c4da060e223f9a6536ea8	Jeg bytter ofte ut ost med majones på pizzaen.		4	0	thirties	male_masculine	Østlandet		nb-NO	
17e43953917efb0a49bd62ad49a19c9d2ea1d5fd586397a17c9f1ab52ef82d5eff5d58465c69477330db5defdf7ff6017b3038d820a742a602b07c013072ec67	common_voice_nb-NO_43544922.mp3	59d9bb22497f93a9b7c8528e45c04451122c20622900a2befd730a0a3da90f96	Alle de store bilprodusentene arbeider med brenselceller.		4	0	thirties	male_masculine	Østlandet		nb-NO	
17e43953917efb0a49bd62ad49a19c9d2ea1d5fd586397a17c9f1ab52ef82d5eff5d58465c69477330db5defdf7ff6017b3038d820a742a602b07c013072ec67	common_voice_nb-NO_43544923.mp3	61f278aa3abb3b6014c13cc2c318a4e3f8ab6f97c265d917509f4bb0f2584031	Vi planlegger også mottak der fiskerne kan levere sine fangster.		4	0	thirties	male_masculine	Østlandet		nb-NO	
17e43953917efb0a49bd62ad49a19c9d2ea1d5fd586397a17c9f1ab52ef82d5eff5d58465c69477330db5defdf7ff6017b3038d820a742a602b07c013072ec67	common_voice_nb-NO_43544924.mp3	4e45919cf6904032c6dffc1c6a83c1533a0497bd9527aa65809c55abf0647c44	tretten tusen seks hundre og femtini		4	0	thirties	male_masculine	Østlandet		nb-NO	
17e43953917efb0a49bd62ad49a19c9d2ea1d5fd586397a17c9f1ab52ef82d5eff5d58465c69477330db5defdf7ff6017b3038d820a742a602b07c013072ec67	common_voice_nb-NO_43544925.mp3	2ee1ecffbe46d42a8ff88274b78b912ef289fd4f2e4073728baedfa1231fde8c	Informasjon om valgte prosjekt.	general,service_retail	4	0	thirties	male_masculine	Østlandet		nb-NO	
17e43953917efb0a49bd62ad49a19c9d2ea1d5fd586397a17c9f1ab52ef82d5eff5d58465c69477330db5defdf7ff6017b3038d820a742a602b07c013072ec67	common_voice_nb-NO_43544926.mp3	5c57c2ab9ee7a65b21c45a175da157c91a7ce87ec9e2b175938a0b8591c6e337	Denne har endret seg litt over tid.	news_current_affairs	4	0	thirties	male_masculine	Østlandet		nb-NO	
17e43953917efb0a49bd62ad49a19c9d2ea1d5fd586397a17c9f1ab52ef82d5eff5d58465c69477330db5defdf7ff6017b3038d820a742a602b07c013072ec67	common_voice_nb-NO_43544927.mp3	0a42ec65ab7b74a234521315671aba83bcdddfc4be16ef431fa2d8aa293cbc2f	kall tilbake		4	0	thirties	male_masculine	Østlandet		nb-NO	
17e43953917efb0a49bd62ad49a19c9d2ea1d5fd586397a17c9f1ab52ef82d5eff5d58465c69477330db5defdf7ff6017b3038d820a742a602b07c013072ec67	common_voice_nb-NO_43544928.mp3	5da05cb064b3400ba6f3f40169a69c5b07f674c141e4993e79daae0fe3310ebd	Disse tallene er høyere enn siste måling.		4	0	thirties	male_masculine	Østlandet		nb-NO	
17e43953917efb0a49bd62ad49a19c9d2ea1d5fd586397a17c9f1ab52ef82d5eff5d58465c69477330db5defdf7ff6017b3038d820a742a602b07c013072ec67	common_voice_nb-NO_43544929.mp3	02c7aa47280597eac2dfb8cae85aee21e2711775fedc1215bdf9eacd053fc2b7	seksten tusen og syttini		4	0	thirties	male_masculine	Østlandet		nb-NO	
17e43953917efb0a49bd62ad49a19c9d2ea1d5fd586397a17c9f1ab52ef82d5eff5d58465c69477330db5defdf7ff6017b3038d820a742a602b07c013072ec67	common_voice_nb-NO_43544930.mp3	68ac6788e383fdc65c692f914005d89a1d8c0d48e025593a5597e781dcf2318c	Du kunne utgjøre en forskjell		4	0	thirties	male_masculine	Østlandet		nb-NO	
17e43953917efb0a49bd62ad49a19c9d2ea1d5fd586397a17c9f1ab52ef82d5eff5d58465c69477330db5defdf7ff6017b3038d820a742a602b07c013072ec67	common_voice_nb-NO_43544931.mp3	5b73c687d4d607b55f9672263c1a07beb9a4f09d6694d0d2a024962d21f37dd6	zoom ut		4	0	thirties	male_masculine	Østlandet		nb-NO	
17e43953917efb0a49bd62ad49a19c9d2ea1d5fd586397a17c9f1ab52ef82d5eff5d58465c69477330db5defdf7ff6017b3038d820a742a602b07c013072ec67	common_voice_nb-NO_43544932.mp3	17fd4d5dd3cb1579e4adde5d2d2cf45999a23e0ea62a2dc45d2421eb717968cc	Han kom bort fra turkameraten sin onsdag kveld.	general	2	0	thirties	male_masculine	Østlandet		nb-NO	
17e43953917efb0a49bd62ad49a19c9d2ea1d5fd586397a17c9f1ab52ef82d5eff5d58465c69477330db5defdf7ff6017b3038d820a742a602b07c013072ec67	common_voice_nb-NO_43544933.mp3	6389acc58856539bcd66b75bc627064ce5f19f38bb6903591c7e82b63c09aeed	Elise Grønning		2	0	thirties	male_masculine	Østlandet		nb-NO	
